"Fecha","Último","Apertura","Máximo","Mínimo","Vol.","% var."
"30.06.2025","2.560,000","2.605,000","2.700,000","2.495,000","881,71K","-3,03%"
"27.06.2025","2.640,000","2.660,000","2.670,000","2.600,000","335,17K","-0,94%"
"26.06.2025","2.665,000","2.670,000","2.745,000","2.645,000","349,75K","0,38%"
"25.06.2025","2.655,000","2.650,000","2.695,000","2.625,000","395,91K","-2,57%"
"24.06.2025","2.725,000","2.530,000","2.750,000","2.505,000","2,02M","9,88%"
"23.06.2025","2.480,000","2.515,000","2.515,000","2.415,000","1,27M","-3,13%"
"19.06.2025","2.560,000","2.550,000","2.585,000","2.530,000","200,61K","0,20%"
"18.06.2025","2.555,000","2.605,000","2.650,000","2.550,000","1,44M","-1,92%"
"17.06.2025","2.605,000","2.670,000","2.725,000","2.585,000","1,51M","-3,70%"
"13.06.2025","2.705,000","2.820,000","2.835,000","2.670,000","1,46M","-5,42%"
"12.06.2025","2.860,000","2.845,000","2.910,000","2.805,000","2,10M","0,53%"
"11.06.2025","2.845,000","2.945,000","2.975,000","2.835,000","2,52M","-4,85%"
"10.06.2025","2.990,000","2.870,000","3.055,000","2.870,000","1,54M","4,91%"
"09.06.2025","2.850,000","2.900,000","2.905,000","2.830,000","977,91K","-2,40%"
"06.06.2025","2.920,000","2.800,000","2.970,000","2.790,000","1,16M","2,82%"
"05.06.2025","2.840,000","2.830,000","2.885,000","2.785,000","914,26K","0,35%"
"04.06.2025","2.830,000","3.020,000","3.020,000","2.810,000","2,32M","-6,91%"
"03.06.2025","3.040,000","3.070,000","3.125,000","2.995,000","683,18K","-0,16%"
"02.06.2025","3.045,000","3.200,000","3.200,000","3.025,000","575,46K","-2,87%"
"30.05.2025","3.135,000","3.165,000","3.190,000","3.100,000","1,19M","-1,10%"
"29.05.2025","3.170,000","3.300,000","3.300,000","3.160,000","2,06M","-5,23%"
"28.05.2025","3.345,000","3.310,000","3.435,000","3.150,000","3,17M","-3,74%"
"27.05.2025","3.475,000","3.700,000","3.700,000","3.445,000","2,54M","-5,70%"
"26.05.2025","3.685,000","3.660,000","3.800,000","3.660,000","308,51K","0,68%"
"23.05.2025","3.660,000","3.700,000","3.700,000","3.575,000","835,00K","-1,48%"
"22.05.2025","3.715,000","3.670,000","3.820,000","3.660,000","1,09M","1,23%"
"21.05.2025","3.670,000","3.870,000","3.885,000","3.630,000","1,27M","-4,55%"
"20.05.2025","3.845,000","3.800,000","3.905,000","3.750,000","764,21K","1,45%"
"19.05.2025","3.790,000","3.670,000","3.895,000","3.670,000","899,25K","5,87%"
"16.05.2025","3.580,000","3.555,000","3.590,000","3.460,000","590,83K","1,70%"
"15.05.2025","3.520,000","3.510,000","3.595,000","3.400,000","336,77K","-2,22%"
"14.05.2025","3.600,000","3.600,000","3.660,000","3.490,000","588,53K","-0,69%"
"13.05.2025","3.625,000","3.690,000","3.705,000","3.495,000","717,89K","0,97%"
"12.05.2025","3.590,000","3.480,000","3.635,000","3.385,000","598,46K","6,37%"
"09.05.2025","3.375,000","3.480,000","3.480,000","3.310,000","275,81K","1,50%"
"08.05.2025","3.325,000","3.360,000","3.370,000","3.200,000","327,30K","-0,45%"
"07.05.2025","3.340,000","3.550,000","3.550,000","3.310,000","352,82K","-4,02%"
"06.05.2025","3.480,000","3.370,000","3.540,000","3.340,000","486,93K","4,66%"
"05.05.2025","3.325,000","3.500,000","3.550,000","3.255,000","617,84K","-5,41%"
"30.04.2025","3.515,000","3.590,000","3.620,000","3.440,000","209,72K","-2,90%"
"29.04.2025","3.620,000","3.720,000","3.750,000","3.600,000","600,45K","-0,35%"
"28.04.2025","3.632,830","3.731,015","3.809,563","3.549,373","306,47K","-2,25%"
"25.04.2025","3.716,287","3.721,196","3.794,835","3.691,741","804,26K","0,66%"
"24.04.2025","3.691,741","3.731,015","3.956,839","3.677,013","736,34K","-1,18%"
"23.04.2025","3.735,924","3.662,286","3.868,473","3.632,830","942,83K","3,26%"
"22.04.2025","3.618,103","3.357,913","3.632,830","3.357,913","569,40K","5,95%"
"21.04.2025","3.415,000","3.535,000","3.570,000","3.325,000","621,05K","-3,39%"
"16.04.2025","3.535,000","3.710,000","3.745,000","3.490,000","573,14K","-4,20%"
"15.04.2025","3.690,000","3.900,000","3.945,000","3.650,000","1,79M","-4,65%"
"14.04.2025","3.870,000","3.995,000","4.000,000","3.590,000","2,08M","10,41%"
"11.04.2025","3.505,000","3.300,000","3.700,000","3.300,000","2,30M","9,19%"
"10.04.2025","3.210,000","3.350,000","3.350,000","3.015,000","1,36M","-5,03%"
"09.04.2025","3.380,000","2.960,000","3.450,000","2.775,000","1,95M","14,77%"
"08.04.2025","2.945,000","3.065,000","3.155,000","2.910,000","2,41M","2,79%"
"07.04.2025","2.865,000","2.850,000","3.040,000","2.800,000","864,53K","-2,72%"
"04.04.2025","2.945,000","3.135,000","3.135,000","2.820,000","2,57M","-10,62%"
"03.04.2025","3.295,000","3.340,000","3.360,000","3.265,000","202,42K","-4,08%"
"01.04.2025","3.435,000","3.450,000","3.530,000","3.400,000","903,41K","0,00%"
"31.03.2025","3.435,000","3.470,000","3.490,000","3.380,000","579,74K","-3,38%"
"28.03.2025","3.555,000","3.640,000","3.640,000","3.480,000","559,14K","-2,60%"
"27.03.2025","3.650,000","3.935,000","3.955,000","3.635,000","1,09M","-4,07%"
"26.03.2025","3.805,000","3.955,000","4.010,000","3.730,000","1,07M","-2,81%"
"25.03.2025","3.915,000","3.735,000","3.965,000","3.715,000","743,54K","4,82%"
"21.03.2025","3.735,000","3.590,000","3.760,000","3.500,000","631,45K","6,11%"
"20.03.2025","3.520,000","3.560,000","3.600,000","3.495,000","411,51K","-1,40%"
"19.03.2025","3.570,000","3.420,000","3.590,000","3.420,000","537,50K","6,25%"
"18.03.2025","3.360,000","3.400,000","3.420,000","3.310,000","471,44K","-2,61%"
"17.03.2025","3.450,000","3.520,000","3.540,000","3.425,000","703,53K","-1,85%"
"14.03.2025","3.515,000","3.295,000","3.530,000","3.295,000","951,86K","8,66%"
"13.03.2025","3.235,000","3.305,000","3.355,000","3.220,000","507,88K","-4,29%"
"12.03.2025","3.380,000","3.115,000","3.400,000","3.110,000","1,08M","8,51%"
"11.03.2025","3.115,000","3.110,000","3.185,000","2.995,000","957,27K","0,16%"
"10.03.2025","3.110,000","3.280,000","3.300,000","3.055,000","508,07K","-7,03%"
"07.03.2025","3.345,000","3.405,000","3.430,000","3.190,000","511,77K","-1,33%"
"06.03.2025","3.390,000","3.480,000","3.515,000","3.330,000","560,71K","-2,31%"
"05.03.2025","3.470,000","3.250,000","3.485,000","3.185,000","476,40K","7,93%"
"28.02.2025","3.215,000","3.175,000","3.300,000","3.040,000","787,78K","1,10%"
"27.02.2025","3.180,000","3.320,000","3.500,000","3.120,000","676,78K","-4,22%"
"26.02.2025","3.320,000","3.280,000","3.455,000","3.230,000","449,93K","0,91%"
"25.02.2025","3.290,000","3.345,000","3.495,000","3.205,000","508,20K","-3,80%"
"24.02.2025","3.420,000","3.435,000","3.530,000","3.310,000","356,67K","-0,44%"
"21.02.2025","3.435,000","3.605,000","3.660,000","3.405,000","567,18K","-3,51%"
"20.02.2025","3.560,000","3.530,000","3.615,000","3.420,000","683,18K","0,00%"
"19.02.2025","3.560,000","3.550,000","3.635,000","3.450,000","599,77K","0,56%"
"18.02.2025","3.540,000","3.250,000","3.550,000","3.250,000","968,83K","8,09%"
"17.02.2025","3.275,000","3.450,000","3.500,000","3.200,000","829,34K","-6,96%"
"14.02.2025","3.520,000","3.500,000","3.535,000","3.420,000","561,93K","1,59%"
"13.02.2025","3.465,000","3.400,000","3.490,000","3.370,000","450,70K","2,82%"
"12.02.2025","3.370,000","3.350,000","3.480,000","3.170,000","993,41K","0,15%"
"11.02.2025","3.365,000","3.640,000","3.640,000","3.300,000","1,29M","-6,66%"
"10.02.2025","3.605,000","3.700,000","3.875,000","3.595,000","683,74K","-1,77%"
"07.02.2025","3.670,000","3.880,000","3.960,000","3.630,000","718,29K","-5,29%"
"06.02.2025","3.875,000","3.800,000","3.945,000","3.740,000","393,94K","2,92%"
"05.02.2025","3.765,000","3.845,000","3.915,000","3.750,000","398,90K","-2,21%"
"04.02.2025","3.850,000","3.790,000","3.910,000","3.750,000","410,78K","2,39%"
"03.02.2025","3.760,000","3.840,000","3.840,000","3.700,000","792,52K","-5,05%"
"31.01.2025","3.960,000","4.105,000","4.110,000","3.890,000","631,95K","-1,61%"
"30.01.2025","4.025,000","4.040,000","4.120,000","3.950,000","863,92K","1,00%"
"29.01.2025","3.985,000","3.750,000","4.010,000","3.740,000","1,15M","5,70%"
"28.01.2025","3.770,000","3.735,000","3.900,000","3.655,000","952,48K","1,75%"
"27.01.2025","3.705,000","3.920,000","3.930,000","3.655,000","1,51M","-6,08%"
"24.01.2025","3.945,000","4.095,000","4.115,000","3.700,000","931,44K","-3,66%"
"23.01.2025","4.095,000","4.290,000","4.290,000","4.075,000","490,57K","-3,65%"
"22.01.2025","4.250,000","4.200,000","4.255,000","4.120,000","743,86K","1,92%"
"21.01.2025","4.170,000","4.110,000","4.200,000","3.995,000","897,82K","1,46%"
"20.01.2025","4.110,000","4.010,000","4.145,000","4.010,000","333,88K","2,75%"
"17.01.2025","4.000,000","4.280,000","4.330,000","3.980,000","1,46M","-6,54%"
"16.01.2025","4.280,000","4.490,000","4.490,000","4.220,000","1,37M","-3,60%"
"15.01.2025","4.440,000","4.650,000","4.740,000","4.390,000","1,21M","-2,74%"
"14.01.2025","4.565,000","4.350,000","4.630,000","4.335,000","1,40M","5,18%"
"13.01.2025","4.340,000","4.640,000","4.850,000","4.190,000","1,75M","-6,47%"
"10.01.2025","4.640,000","4.560,000","4.740,000","4.400,000","1,46M","0,87%"
"09.01.2025","4.600,000","4.460,000","4.900,000","4.450,000","1,25M","3,84%"
"08.01.2025","4.430,000","4.360,000","4.560,000","4.265,000","1,35M","2,19%"
"07.01.2025","4.335,000","4.300,000","4.575,000","4.200,000","1,84M","1,17%"
"06.01.2025","4.285,000","4.110,000","4.320,000","4.110,000","1,19M","7,13%"
"03.01.2025","4.000,000","3.990,000","4.050,000","3.800,000","1,19M","2,17%"
"02.01.2025","3.915,000","3.635,000","3.950,000","3.580,000","961,75K","9,51%"
"31.12.2024","3.575,000","3.675,000","3.705,000","3.535,000","819,92K","0,00%"
"30.12.2024","3.575,000","3.675,000","3.705,000","3.535,000","819,92K","-2,85%"
"27.12.2024","3.680,000","3.775,000","3.795,000","3.610,000","935,55K","-2,26%"
"26.12.2024","3.765,000","3.700,000","3.780,000","3.645,000","615,61K","1,76%"
"24.12.2024","3.700,000","3.660,000","3.735,000","3.610,000","356,16K","1,79%"
"23.12.2024","3.635,000","3.700,000","3.745,000","3.480,000","849,55K","0,14%"
"20.12.2024","3.630,000","3.330,000","3.680,000","3.150,000","1,39M","6,45%"
"19.12.2024","3.410,000","3.480,000","3.650,000","3.375,000","1,19M","-2,15%"
"18.12.2024","3.485,000","3.665,000","3.750,000","3.470,000","894,30K","-2,24%"
"17.12.2024","3.565,000","3.440,000","3.700,000","3.400,000","1,66M","3,63%"
"16.12.2024","3.440,000","2.990,000","3.460,000","2.975,000","2,13M","18,83%"
"13.12.2024","2.895,000","2.825,000","2.915,000","2.805,000","815,67K","3,02%"
"12.12.2024","2.810,000","2.820,000","2.885,000","2.775,000","693,91K","2,37%"
"11.12.2024","2.745,000","2.645,000","2.755,000","2.550,000","546,20K","5,17%"
"10.12.2024","2.610,000","2.690,000","2.750,000","2.570,000","407,33K","-2,79%"
"09.12.2024","2.685,000","2.655,000","2.730,000","2.590,000","406,43K","0,94%"
"06.12.2024","2.660,000","2.725,000","2.745,000","2.605,000","563,17K","-0,19%"
"05.12.2024","2.665,000","2.645,000","2.745,000","2.565,000","881,07K","2,90%"
"04.12.2024","2.590,000","2.745,000","2.745,000","2.580,000","694,28K","-4,60%"
"03.12.2024","2.715,000","2.740,000","2.760,000","2.640,000","551,80K","-0,91%"
"02.12.2024","2.740,000","2.685,000","2.755,000","2.610,000","1,11M","2,05%"
"29.11.2024","2.685,000","2.550,000","2.700,000","2.490,000","695,14K","6,34%"
"28.11.2024","2.525,000","2.550,000","2.550,000","2.400,000","277,30K","0,20%"
"27.11.2024","2.520,000","2.605,000","2.615,000","2.490,000","678,05K","-2,51%"
"26.11.2024","2.585,000","2.390,000","2.595,000","2.340,000","1,34M","6,82%"
"25.11.2024","2.420,000","2.400,000","2.450,000","2.315,000","829,73K","1,47%"
"22.11.2024","2.385,000","2.430,000","2.450,000","2.270,000","1,62M","-1,24%"
"21.11.2024","2.415,000","2.550,000","2.600,000","2.390,000","837,04K","-4,55%"
"20.11.2024","2.530,000","2.535,000","2.550,000","2.420,000","948,21K","2,02%"
"19.11.2024","2.480,000","2.510,000","2.615,000","2.450,000","1,07M","3,77%"
"15.11.2024","2.390,000","2.360,000","2.475,000","2.340,000","1,36M","-0,83%"
"14.11.2024","2.410,000","2.315,000","2.420,000","2.305,000","1,02M","4,10%"
"13.11.2024","2.315,000","2.300,000","2.340,000","2.270,000","545,33K","0,43%"
"12.11.2024","2.305,000","2.310,000","2.340,000","2.200,000","764,77K","1,54%"
"11.11.2024","2.270,000","2.245,000","2.295,000","2.165,000","731,85K","1,11%"
"08.11.2024","2.245,000","2.255,000","2.315,000","2.140,000","596,82K","-0,44%"
"07.11.2024","2.255,000","2.250,000","2.330,000","2.230,000","918,68K","1,35%"
"06.11.2024","2.225,000","2.100,000","2.290,000","2.100,000","1,11M","5,95%"
"05.11.2024","2.100,000","2.100,000","2.160,000","2.025,000","793,07K","-1,18%"
"04.11.2024","2.125,000","2.095,000","2.165,000","2.050,000","566,79K","1,43%"
"01.11.2024","2.095,000","2.120,000","2.185,000","2.085,000","710,55K","-1,18%"
"31.10.2024","2.120,000","2.060,000","2.140,000","2.015,000","827,58K","3,16%"
"30.10.2024","2.055,000","2.095,000","2.140,000","2.050,000","540,80K","-1,91%"
"29.10.2024","2.095,000","2.080,000","2.165,000","2.080,000","1,02M","1,70%"
"28.10.2024","2.060,000","2.080,000","2.140,000","2.050,000","1,19M","0,73%"
"25.10.2024","2.045,000","2.005,000","2.080,000","2.000,000","737,06K","2,00%"
"24.10.2024","2.005,000","1.890,000","2.010,000","1.880,000","721,59K","7,80%"
"23.10.2024","1.860,000","1.895,000","1.895,000","1.830,000","582,26K","-2,11%"
"22.10.2024","1.900,000","1.965,000","1.970,000","1.880,000","262,48K","-2,06%"
"21.10.2024","1.940,000","1.905,000","1.955,000","1.880,000","409,05K","1,84%"
"18.10.2024","1.905,000","1.860,000","1.915,000","1.830,000","604,81K","2,42%"
"17.10.2024","1.860,000","1.870,000","1.900,000","1.835,000","815,52K","1,92%"
"16.10.2024","1.825,000","1.885,000","1.925,000","1.820,000","1,67M","-2,93%"
"15.10.2024","1.880,000","1.810,000","1.890,000","1.790,000","1,33M","3,30%"
"14.10.2024","1.820,000","1.890,000","1.895,000","1.790,000","1,20M","-2,15%"
"10.10.2024","1.860,000","1.820,000","1.880,000","1.790,000","677,88K","2,20%"
"09.10.2024","1.820,000","1.785,000","1.850,000","1.750,000","785,26K","2,54%"
"08.10.2024","1.775,000","1.735,000","1.785,000","1.735,000","534,67K","2,90%"
"07.10.2024","1.725,000","1.795,000","1.795,000","1.710,000","1,22M","-4,70%"
"04.10.2024","1.810,000","1.830,000","1.840,000","1.800,000","442,78K","-1,09%"
"03.10.2024","1.830,000","1.790,000","1.840,000","1.765,000","629,82K","2,52%"
"02.10.2024","1.785,000","1.785,000","1.790,000","1.745,000","492,46K","-1,11%"
"01.10.2024","1.805,000","1.780,000","1.835,000","1.730,000","1,09M","1,40%"
"30.09.2024","1.780,000","1.835,000","1.835,000","1.735,000","1,96M","-2,47%"
"27.09.2024","1.825,000","1.820,000","1.860,000","1.800,000","689,31K","0,55%"
"26.09.2024","1.815,000","1.885,000","1.890,000","1.795,000","1,09M","-2,68%"
"25.09.2024","1.865,000","1.945,000","1.950,000","1.845,000","990,01K","-3,87%"
"24.09.2024","1.940,000","2.030,000","2.030,000","1.905,000","699,67K","-3,96%"
"23.09.2024","2.020,000","2.050,000","2.050,000","1.970,000","349,78K","-0,74%"
"20.09.2024","2.035,000","2.020,000","2.100,000","1.990,000","566,40K","-0,97%"
"19.09.2024","2.055,000","2.070,000","2.100,000","2.030,000","498,38K","1,48%"
"18.09.2024","2.025,000","2.065,000","2.100,000","2.010,000","479,41K","-0,98%"
"17.09.2024","2.045,000","2.050,000","2.085,000","2.000,000","481,45K","0,00%"
"16.09.2024","2.045,000","2.115,000","2.180,000","2.030,000","910,42K","-1,68%"
"13.09.2024","2.080,000","2.080,000","2.095,000","2.030,000","572,38K","1,22%"
"12.09.2024","2.055,000","1.950,000","2.065,000","1.950,000","1,15M","5,93%"
"11.09.2024","1.940,000","1.895,000","2.000,000","1.865,000","490,74K","2,65%"
"10.09.2024","1.890,000","1.900,000","1.900,000","1.790,000","742,18K","-1,82%"
"09.09.2024","1.925,000","1.940,000","1.980,000","1.910,000","586,37K","1,32%"
"06.09.2024","1.900,000","1.970,000","1.975,000","1.865,000","497,52K","-3,31%"
"05.09.2024","1.965,000","2.015,000","2.045,000","1.930,000","803,18K","-2,24%"
"04.09.2024","2.010,000","1.950,000","2.020,000","1.925,000","1,24M","4,96%"
"03.09.2024","1.915,000","1.910,000","2.005,000","1.865,000","1,06M","0,00%"
"02.09.2024","1.915,000","1.895,000","1.930,000","1.885,000","449,67K","1,59%"
"30.08.2024","1.885,000","1.970,000","2.000,000","1.885,000","1,69M","0,27%"
"29.08.2024","1.880,000","1.855,000","1.885,000","1.835,000","1,23M","3,58%"
"28.08.2024","1.815,000","1.805,000","1.825,000","1.775,000","333,43K","0,00%"
"27.08.2024","1.815,000","1.780,000","1.820,000","1.780,000","260,14K","2,54%"
"26.08.2024","1.770,000","1.805,000","1.815,000","1.740,000","343,14K","-0,84%"
"23.08.2024","1.785,000","1.790,000","1.810,000","1.755,000","231,29K","2,59%"
"22.08.2024","1.740,000","1.810,000","1.820,000","1.735,000","376,95K","-4,92%"
"21.08.2024","1.830,000","1.865,000","1.865,000","1.810,000","415,11K","-3,43%"
"20.08.2024","1.895,000","1.900,000","1.920,000","1.820,000","1,19M","0,26%"
"19.08.2024","1.890,000","1.845,000","1.900,000","1.835,000","1,47M","2,44%"
"16.08.2024","1.845,000","1.895,000","1.910,000","1.830,000","577,93K","-1,60%"
"15.08.2024","1.875,000","1.850,000","1.910,000","1.840,000","1,07M","4,75%"
"14.08.2024","1.790,000","1.780,000","1.870,000","1.780,000","676,59K","-0,28%"
"13.08.2024","1.795,000","1.790,000","1.805,000","1.765,000","430,46K","1,13%"
"12.08.2024","1.775,000","1.770,000","1.790,000","1.750,000","496,28K","0,57%"
"09.08.2024","1.765,000","1.710,000","1.775,000","1.680,000","913,82K","3,52%"
"08.08.2024","1.705,000","1.570,000","1.705,000","1.570,000","2,09M","14,05%"
"07.08.2024","1.495,000","1.560,000","1.585,000","1.480,000","252,48K","-1,97%"
"06.08.2024","1.525,000","1.455,000","1.545,000","1.455,000","333,00K","4,81%"
"05.08.2024","1.455,000","1.385,000","1.490,000","1.385,000","964,46K","-3,00%"
"02.08.2024","1.500,000","1.490,000","1.520,000","1.480,000","780,66K","-5,96%"
"01.08.2024","1.595,000","1.610,000","1.610,000","1.560,000","233,84K","-0,93%"
"31.07.2024","1.610,000","1.515,000","1.630,000","1.505,000","362,91K","8,05%"
"30.07.2024","1.490,000","1.540,000","1.560,000","1.470,000","263,91K","-3,87%"
"29.07.2024","1.550,000","1.615,000","1.630,000","1.530,000","156,45K","-3,73%"
"26.07.2024","1.610,000","1.620,000","1.660,000","1.605,000","165,72K","-0,62%"
"25.07.2024","1.620,000","1.645,000","1.670,000","1.600,000","273,75K","-1,82%"
"24.07.2024","1.650,000","1.745,000","1.745,000","1.645,000","279,74K","-4,90%"
"23.07.2024","1.735,000","1.660,000","1.740,000","1.655,000","479,92K","6,77%"
"22.07.2024","1.625,000","1.630,000","1.665,000","1.615,000","284,17K","0,62%"
"19.07.2024","1.615,000","1.580,000","1.665,000","1.580,000","636,99K","3,86%"
"18.07.2024","1.555,000","1.580,000","1.615,000","1.540,000","220,13K","-1,27%"
"17.07.2024","1.575,000","1.590,000","1.590,000","1.530,000","422,40K","-2,78%"
"16.07.2024","1.620,000","1.575,000","1.625,000","1.495,000","1,03M","2,86%"
"15.07.2024","1.575,000","1.780,000","1.785,000","1.565,000","1,16M","-12,74%"
"12.07.2024","1.805,000","1.815,000","1.820,000","1.785,000","220,45K","-0,28%"
"11.07.2024","1.810,000","1.800,000","1.850,000","1.795,000","463,62K","0,28%"
"10.07.2024","1.805,000","1.770,000","1.850,000","1.765,000","416,14K","2,34%"
"08.07.2024","1.763,750","1.753,000","1.785,000","1.730,150","255,56K","0,50%"
"05.07.2024","1.755,000","1.750,000","1.795,000","1.735,250","381,66K","-0,51%"
"04.07.2024","1.764,000","1.753,000","1.770,000","1.717,000","153,47K","0,77%"
"03.07.2024","1.750,550","1.778,000","1.803,000","1.696,050","915,59K","-1,38%"
"02.07.2024","1.775,000","1.774,000","1.790,000","1.739,000","688,36K","2,60%"
"01.07.2024","1.730,000","1.800,000","1.826,900","1.712,000","1,58M","-6,69%"
"28.06.2024","1.854,000","1.863,000","1.880,000","1.698,000","546,68K","-0,11%"
"27.06.2024","1.856,000","1.750,000","1.859,950","1.750,000","414,10K","4,68%"
"26.06.2024","1.773,000","1.785,000","1.812,000","1.750,000","479,43K","-0,67%"
"25.06.2024","1.785,000","1.745,550","1.810,800","1.745,000","531,96K","0,19%"
"24.06.2024","1.781,550","1.755,050","1.781,550","1.710,050","684,03K","-1,76%"
"19.06.2024","1.813,500","1.789,500","1.839,300","1.752,500","222,68K","1,45%"
"18.06.2024","1.787,500","1.825,000","1.825,000","1.763,000","549,31K","-1,89%"
"14.06.2024","1.822,000","1.854,500","1.854,500","1.800,000","648,59K","-1,72%"
"13.06.2024","1.853,800","1.851,000","1.900,000","1.750,000","2,27M","7,72%"
"12.06.2024","1.721,000","1.655,000","1.777,000","1.635,000","1,18M","3,86%"
"11.06.2024","1.657,000","1.720,000","1.720,000","1.633,000","589,82K","-2,64%"
"10.06.2024","1.701,950","1.652,500","1.710,000","1.611,000","1,23M","2,84%"
"07.06.2024","1.655,000","1.605,000","1.734,000","1.600,000","779,57K","2,80%"
"06.06.2024","1.610,000","1.660,350","1.680,050","1.605,000","922,56K","-4,51%"
"05.06.2024","1.686,000","1.650,000","1.719,750","1.600,000","726,43K","-0,59%"
"04.06.2024","1.696,000","1.750,000","1.769,250","1.653,100","1,24M","-6,71%"
"03.06.2024","1.818,000","1.818,000","1.850,000","1.783,750","487,44K","-0,10%"
"31.05.2024","1.819,900","1.900,000","1.904,800","1.750,000","834,48K","-0,88%"
"30.05.2024","1.836,000","1.725,000","1.840,000","1.725,000","1,26M","10,87%"
"29.05.2024","1.656,000","1.700,000","1.700,000","1.570,000","372,38K","0,36%"
"28.05.2024","1.650,000","1.699,000","1.699,000","1.616,000","809,62K","-1,73%"
"27.05.2024","1.679,000","1.635,000","1.680,000","1.635,000","309,34K","3,01%"
"24.05.2024","1.630,000","1.624,000","1.665,000","1.597,800","1,15M","0,43%"
"23.05.2024","1.623,000","1.725,000","1.730,000","1.610,000","819,89K","-5,31%"
"22.05.2024","1.714,000","1.790,000","1.797,000","1.690,000","908,55K","-4,25%"
"21.05.2024","1.790,000","1.730,000","1.795,400","1.730,000","846,30K","3,47%"
"20.05.2024","1.730,000","1.645,000","1.739,100","1.629,000","560,48K","5,17%"
"17.05.2024","1.645,000","1.690,000","1.727,850","1.640,000","1,25M","-2,66%"
"16.05.2024","1.690,000","1.694,000","1.704,350","1.650,000","837,46K","-0,24%"
"15.05.2024","1.694,000","1.650,000","1.725,450","1.650,000","898,45K","4,25%"
"14.05.2024","1.624,950","1.550,000","1.626,900","1.470,000","618,51K","6,13%"
"13.05.2024","1.531,150","1.565,000","1.565,000","1.472,150","609,59K","-0,90%"
"10.05.2024","1.545,000","1.560,000","1.620,250","1.531,000","748,43K","-1,97%"
"09.05.2024","1.576,000","1.549,000","1.577,450","1.509,000","703,93K","-0,13%"
"08.05.2024","1.578,000","1.578,000","1.660,000","1.563,150","726,63K","-1,13%"
"07.05.2024","1.596,000","1.659,500","1.659,500","1.568,000","1,30M","-5,00%"
"06.05.2024","1.680,000","1.600,000","1.750,000","1.552,200","1,70M","9,16%"
"03.05.2024","1.539,000","1.476,000","1.560,000","1.461,050","1,13M","4,62%"
"02.05.2024","1.471,000","1.422,000","1.490,000","1.366,300","1,04M","5,45%"
"30.04.2024","1.395,000","1.410,000","1.474,500","1.384,000","1,21M","0,72%"
"29.04.2024","1.385,000","1.314,000","1.388,000","1.300,600","786,06K","5,40%"
"26.04.2024","1.314,000","1.250,000","1.315,000","1.243,000","409,37K","5,54%"
"25.04.2024","1.245,000","1.177,000","1.251,150","1.177,000","296,01K","6,00%"
"24.04.2024","1.174,504","1.241,949","1.241,949","1.156,198","1,19M","-6,95%"
"23.04.2024","1.262,182","1.278,562","1.310,839","1.223,642","801,27K","0,38%"
"22.04.2024","1.257,365","1.155,234","1.270,372","1.155,234","694,50K","11,49%"
"19.04.2024","1.127,823","1.089,716","1.141,697","1.089,716","409,62K","1,79%"
"18.04.2024","1.108,023","1.098,388","1.132,110","1.076,275","687,90K","1,77%"
"17.04.2024","1.088,753","1.122,475","1.122,475","1.061,052","295,58K","-1,91%"
"16.04.2024","1.109,950","1.082,538","1.143,046","1.080,756","277,49K","0,09%"
"15.04.2024","1.108,986","1.173,541","1.188,282","1.091,595","397,65K","-6,12%"
"12.04.2024","1.181,249","1.223,642","1.223,642","1.170,650","430,64K","-3,18%"
"11.04.2024","1.220,029","1.185,584","1.223,642","1.141,745","305,20K","3,11%"
"10.04.2024","1.183,176","1.204,373","1.248,356","1.164,146","241,90K","-3,15%"
"09.04.2024","1.221,715","1.248,693","1.271,817","1.192,955","426,90K","-0,78%"
"08.04.2024","1.231,350","1.225,569","1.246,766","1.194,978","325,98K","1,12%"
"05.04.2024","1.217,765","1.174,022","1.226,533","1.167,952","347,12K","4,02%"
"04.04.2024","1.170,650","1.249,657","1.252,547","1.165,833","516,19K","-2,10%"
"03.04.2024","1.195,701","1.194,738","1.216,850","1.132,110","460,01K","-2,59%"
"27.03.2024","1.227,496","1.198,592","1.229,038","1.183,176","241,43K","2,33%"
"26.03.2024","1.199,555","1.257,365","1.269,890","1.189,920","413,52K","-4,74%"
"25.03.2024","1.259,292","1.259,292","1.300,722","1.233,277","405,38K","0,38%"
"22.03.2024","1.254,474","1.262,182","1.319,992","1.234,241","731,42K","-0,53%"
"21.03.2024","1.261,219","1.205,336","1.262,182","1.149,357","532,91K","5,14%"
"20.03.2024","1.199,555","1.156,198","1.204,373","1.149,453","577,00K","4,36%"
"19.03.2024","1.149,453","1.132,110","1.213,044","1.108,264","868,69K","1,53%"
"18.03.2024","1.132,110","1.105,132","1.132,110","1.059,848","781,24K","2,35%"
"15.03.2024","1.106,096","1.002,038","1.108,023","979,877","1,08M","9,86%"
"14.03.2024","1.006,855","1.043,517","1.063,750","992,403","839,38K","-4,30%"
"13.03.2024","1.052,140","929,776","1.064,665","929,776","908,34K","13,16%"
"12.03.2024","929,776","867,245","970,339","867,245","2,46M","7,22%"
"11.03.2024","867,148","941,338","941,338","858,477","422,68K","-8,56%"
"08.03.2024","948,371","934,593","958,681","897,980","699,60K","1,47%"
"07.03.2024","934,593","902,798","953,815","867,148","464,44K","4,22%"
"06.03.2024","896,776","868,208","919,177","867,148","645,82K","5,29%"
"05.03.2024","851,732","894,126","932,136","843,639","360,50K","-4,69%"
"04.03.2024","893,644","918,310","965,377","893,404","442,02K","-1,33%"
"01.03.2024","905,688","934,593","963,498","881,601","396,06K","0,43%"
"29.02.2024","901,834","837,280","914,360","825,718","863,72K","7,35%"
"28.02.2024","840,122","882,709","901,304","828,608","316,65K","-4,66%"
"27.02.2024","881,215","915,323","949,046","878,903","298,16K","-4,53%"
"26.02.2024","923,031","955,886","982,768","916,383","299,56K","-3,52%"
"23.02.2024","956,754","933,630","958,825","884,588","510,81K","5,08%"
"22.02.2024","910,506","913,396","944,228","903,906","903,91K","0,40%"
"21.02.2024","906,892","953,863","971,688","900,148","222,83K","-3,58%"
"20.02.2024","940,519","934,593","968,315","907,615","461,24K","0,22%"
"19.02.2024","938,447","920,141","944,228","889,309","186,04K","1,78%"
"16.02.2024","922,068","926,885","944,180","873,893","255,10K","-0,73%"
"15.02.2024","928,812","943,746","958,681","906,652","175,89K","-0,67%"
"14.02.2024","935,075","945,192","973,133","905,014","145,61K","-0,97%"
"09.02.2024","944,228","929,776","972,218","917,250","1,11M","3,05%"
"08.02.2024","916,287","1.006,374","1.006,855","910,120","708,56K","-7,49%"
"07.02.2024","990,476","1.040,578","1.063,894","982,768","724,24K","-9,95%"
"06.02.2024","1.099,977","1.156,198","1.194,738","1.084,465","463,51K","-4,06%"
"05.02.2024","1.146,563","1.197,628","1.242,045","1.088,801","733,44K","-4,03%"
"02.02.2024","1.194,738","1.149,453","1.209,190","1.128,401","571,28K","5,94%"
"01.02.2024","1.127,774","1.088,030","1.134,952","1.055,030","529,51K","3,49%"
"31.01.2024","1.089,716","1.093,570","1.114,767","1.040,578","545,44K","-0,35%"
"30.01.2024","1.093,570","1.086,826","1.107,975","1.040,578","265,67K","2,16%"
"29.01.2024","1.070,446","1.069,483","1.079,118","1.014,563","541,07K","-1,51%"
"26.01.2024","1.086,826","1.136,928","1.156,198","1.069,483","879,33K","-4,08%"
"25.01.2024","1.133,074","1.085,380","1.156,198","1.058,403","725,70K","4,63%"
"24.01.2024","1.082,972","1.042,505","1.098,677","1.030,943","413,06K","3,98%"
"23.01.2024","1.041,541","1.088,753","1.132,110","1.010,950","700,40K","-3,22%"
"22.01.2024","1.076,227","1.003,001","1.093,522","1.003,001","481,56K","7,51%"
"19.01.2024","1.001,074","963,498","1.011,673","958,681","565,51K","5,16%"
"18.01.2024","951,936","915,323","953,863","902,316","861,99K","5,78%"
"17.01.2024","899,907","820,900","905,688","820,900","778,40K","9,88%"
"16.01.2024","818,973","780,433","823,791","776,098","315,04K","3,17%"
"15.01.2024","793,826","809,338","817,046","775,616","127,33K","-1,75%"
"12.01.2024","807,989","809,338","817,046","786,214","350,86K","1,04%"
"11.01.2024","799,703","828,608","864,258","791,032","478,40K","-3,49%"
"10.01.2024","828,608","811,265","833,281","775,616","859,52K","2,99%"
"09.01.2024","804,521","866,185","866,185","794,067","571,85K","-4,02%"
"08.01.2024","838,243","761,163","838,243","745,266","976,45K","9,99%"
"05.01.2024","762,127","738,521","762,127","724,550","550,82K","2,93%"
"04.01.2024","740,448","749,698","759,236","723,442","920,76K","-1,22%"
"03.01.2024","749,601","724,069","758,273","724,069","679,02K","0,39%"
"02.01.2024","746,711","753,455","765,981","722,624","136,06K","-0,90%"
"29.12.2023","753,455","783,324","789,105","739,966","416,71K","-3,81%"
"28.12.2023","783,324","753,455","787,900","722,624","326,47K","3,57%"
"27.12.2023","756,346","780,915","814,059","741,556","337,44K","-3,09%"
"26.12.2023","780,433","828,608","874,856","758,562","542,16K","-2,99%"
"22.12.2023","804,521","839,207","865,221","793,730","754,92K","-3,69%"
"21.12.2023","835,305","776,579","876,783","771,762","1,24M","11,48%"
"20.12.2023","749,312","684,084","767,908","663,898","755,84K","9,53%"
"19.12.2023","684,132","703,354","727,441","683,457","572,67K","-1,72%"
"18.12.2023","696,127","717,806","720,167","679,266","234,91K","-3,15%"
"15.12.2023","718,770","766,944","775,616","700,704","212,66K","-6,40%"
"14.12.2023","767,908","782,360","818,973","749,650","343,85K","-2,21%"
"13.12.2023","785,251","736,112","785,251","722,672","484,67K","7,03%"
"12.12.2023","733,704","756,346","818,973","732,258","689,44K","-3,12%"
"11.12.2023","757,309","721,756","765,499","706,292","305,29K","6,07%"
"07.12.2023","713,952","631,091","721,756","625,310","1,05M","12,99%"
"06.12.2023","631,862","611,821","655,179","597,369","354,76K","0,81%"
"05.12.2023","626,755","589,661","628,201","579,062","263,66K","6,46%"
"04.12.2023","588,697","607,004","624,828","560,274","186,38K","-5,86%"
"01.12.2023","625,310","582,916","625,310","561,719","285,49K","7,54%"
"30.11.2023","581,471","580,026","594,478","550,157","149,90K","1,43%"
"29.11.2023","573,281","558,829","583,976","533,344","318,76K","3,12%"
"28.11.2023","555,938","578,099","637,354","513,063","1,28M","-5,87%"
"27.11.2023","590,624","578,099","655,179","569,427","1,73M","1,83%"
"24.11.2023","580,026","481,749","592,551","481,749","1,01M","20,40%"
"23.11.2023","481,749","462,383","481,749","462,383","226,27K","6,38%"
"22.11.2023","452,844","432,129","523,517","416,809","628,57K","0,00%"
"21.11.2023","452,844","409,968","452,844","395,034","1,01M","25,33%"
"17.11.2023","361,312","327,589","361,312","303,502","973,37K","13,64%"
"16.11.2023","317,954","317,954","334,816","308,319","373,56K","-1,20%"
"15.11.2023","321,808","324,602","332,407","317,954","127,73K","-0,86%"
"14.11.2023","324,602","316,027","331,443","313,137","202,34K","1,78%"
"13.11.2023","318,918","322,772","329,516","314,100","387,81K","-1,49%"
"10.11.2023","323,735","316,991","333,370","316,027","547,24K","2,13%"
"09.11.2023","316,991","310,246","325,662","308,319","79,94K","1,54%"
"08.11.2023","312,173","329,516","345,414","311,210","331,42K","-3,86%"
"07.11.2023","324,699","337,224","344,402","324,699","96,84K","-5,34%"
"03.11.2023","343,005","342,524","351,677","327,252","308,92K","4,67%"
"02.11.2023","327,686","337,224","342,042","325,662","282,88K","1,49%"
"01.11.2023","322,868","292,807","335,779","292,807","486,52K","11,33%"
"31.10.2023","290,013","295,312","308,319","282,449","591,08K","-3,53%"
"30.10.2023","300,611","336,454","341,945","287,122","901,69K","-13,33%"
"27.10.2023","346,859","362,757","366,129","336,261","350,97K","-4,26%"
"26.10.2023","362,275","375,764","386,363","349,750","539,44K","-2,83%"
"25.10.2023","372,826","345,896","373,837","327,589","716,61K","7,79%"
"24.10.2023","345,896","395,034","401,779","334,816","168,52K","-8,95%"
"23.10.2023","379,907","395,034","409,487","346,859","1,20M","-4,53%"
"20.10.2023","397,925","366,129","401,779","356,494","595,17K","11,92%"
"19.10.2023","355,531","394,071","394,071","354,567","683,56K","-9,89%"
"18.10.2023","394,552","384,436","397,925","375,764","1,41M","3,54%"
"17.10.2023","381,063","368,056","404,669","368,056","390,64K","5,19%"
"12.10.2023","362,275","357,361","368,056","337,224","436,46K","1,08%"
"11.10.2023","358,421","366,081","366,129","337,224","406,97K","1,31%"
"10.10.2023","353,796","346,859","363,239","344,113","729,80K","2,86%"
"09.10.2023","343,969","356,494","358,421","342,620","280,44K","-1,92%"
"06.10.2023","350,713","352,640","356,494","339,151","359,83K","-0,55%"
"05.10.2023","352,640","342,042","354,567","339,633","293,81K","3,98%"
"04.10.2023","339,151","329,516","343,005","321,519","519,56K","2,92%"
"03.10.2023","329,516","339,151","339,633","321,471","488,27K","-2,01%"
"02.10.2023","336,261","349,750","354,567","333,129","464,84K","-2,74%"
"29.09.2023","345,751","357,458","362,612","338,670","411,69K","-2,22%"
"28.09.2023","353,604","335,297","359,240","335,297","333,46K","5,46%"
"27.09.2023","335,297","335,297","345,799","332,214","819,73K","1,75%"
"26.09.2023","329,516","335,249","345,366","326,626","891,73K","-0,87%"
"25.09.2023","332,407","346,859","346,859","332,407","532,78K","-3,06%"
"22.09.2023","342,909","341,753","352,110","341,175","332,15K","-1,51%"
"21.09.2023","348,160","349,027","353,122","337,224","680,31K","0,10%"
"20.09.2023","347,823","359,867","369,694","345,992","611,88K","-3,73%"
"19.09.2023","361,312","371,910","374,801","346,859","328,70K","-2,85%"
"18.09.2023","371,910","371,910","375,764","357,940","233,06K","-0,13%"
"15.09.2023","372,392","385,351","385,351","361,312","179,95K","-1,53%"
"14.09.2023","378,173","366,129","384,436","361,408","178,51K","3,29%"
"13.09.2023","366,129","361,312","376,439","356,494","570,76K","2,56%"
"12.09.2023","356,976","351,677","367,864","347,823","773,73K","1,90%"
"11.09.2023","350,328","373,837","379,907","343,246","1,29M","-4,82%"
"08.09.2023","368,056","385,447","399,033","363,769","963,72K","-3,54%"
"07.09.2023","381,545","405,199","414,304","377,691","795,63K","-9,01%"
"06.09.2023","419,314","422,976","426,830","403,706","159,33K","0,05%"
"05.09.2023","419,122","439,692","440,319","418,158","109,46K","-4,80%"
"04.09.2023","440,270","441,282","451,881","431,165","72,43K","-0,23%"
"01.09.2023","441,282","471,921","481,171","438,392","507,32K","-4,98%"
"31.08.2023","464,406","481,219","481,219","458,721","600,53K","-3,31%"
"30.08.2023","480,304","508,727","508,727","474,426","703,96K","-5,59%"
"29.08.2023","508,727","489,457","511,858","484,639","527,84K","4,45%"
"28.08.2023","487,048","442,583","496,201","442,583","406,69K","11,10%"
"25.08.2023","438,392","431,743","439,355","416,713","498,87K","4,84%"
"24.08.2023","418,158","415,268","424,421","406,114","328,58K","2,12%"
"23.08.2023","409,487","391,662","414,160","384,195","244,58K","5,03%"
"22.08.2023","389,879","395,950","400,719","383,569","261,76K","-0,85%"
"18.08.2023","393,204","392,144","396,913","382,701","260,21K","1,02%"
"17.08.2023","389,253","385,207","397,443","380,582","203,70K","0,87%"
"16.08.2023","385,881","385,399","393,107","375,282","887,65K","2,69%"
"15.08.2023","375,764","358,421","380,582","356,494","250,12K","4,84%"
"14.08.2023","358,421","363,239","382,027","332,310","569,59K","-1,06%"
"11.08.2023","362,275","369,983","369,983","349,750","1,02M","1,62%"
"10.08.2023","356,494","351,677","364,202","348,786","474,33K","2,78%"
"09.08.2023","346,859","359,626","359,626","341,175","454,03K","-1,03%"
"08.08.2023","350,472","336,261","358,084","336,261","377,37K","3,93%"
"07.08.2023","337,224","337,224","342,042","330,817","546,28K","-0,57%"
"04.08.2023","339,151","327,589","342,042","327,589","280,85K","2,03%"
"03.08.2023","332,407","318,436","339,729","318,436","250,66K","3,32%"
"02.08.2023","321,712","334,334","334,334","318,292","463,97K","-4,33%"
"01.08.2023","336,261","339,151","339,151","326,626","195,52K","-1,08%"
"31.07.2023","339,922","343,969","345,896","327,589","261,44K","-0,35%"
"28.07.2023","341,126","335,297","343,969","332,551","391,58K","2,62%"
"27.07.2023","332,407","346,859","348,786","322,772","695,50K","-5,48%"
"26.07.2023","351,677","356,446","356,446","341,560","160,78K","2,23%"
"25.07.2023","344,017","339,537","350,858","332,407","244,74K","2,60%"
"24.07.2023","335,297","352,640","355,531","335,297","330,57K","-1,97%"
"21.07.2023","342,042","327,589","345,848","324,554","565,60K","4,72%"
"20.07.2023","326,626","322,049","326,819","316,220","134,38K","1,66%"
"19.07.2023","321,278","328,553","332,840","313,137","242,65K","-1,93%"
"18.07.2023","327,589","330,962","334,093","323,254","257,94K","1,61%"
"17.07.2023","322,386","325,566","332,407","320,845","297,31K","1,66%"
"14.07.2023","317,135","322,916","323,302","310,246","186,16K","-2,86%"
"13.07.2023","326,481","300,226","327,830","300,226","716,32K","8,09%"
"12.07.2023","302,057","299,889","305,862","295,842","394,80K","1,26%"
"11.07.2023","298,299","294,782","300,852","289,242","180,57K","1,01%"
"10.07.2023","295,312","294,830","297,046","286,159","200,28K","-1,29%"
"07.07.2023","299,166","295,553","302,538","293,192","163,34K","1,80%"
"06.07.2023","293,867","309,283","309,620","292,470","492,35K","-8,55%"
"05.07.2023","321,327","315,738","322,290","312,125","444,43K","-2,49%"
"04.07.2023","329,516","325,662","334,767","323,735","154,68K","1,94%"
"03.07.2023","323,254","317,954","327,589","303,984","153,63K","2,60%"
"30.06.2023","315,064","311,210","315,064","300,611","295,71K","1,87%"
"29.06.2023","309,283","303,068","311,210","295,794","253,81K","3,38%"
"28.06.2023","299,166","303,502","316,991","297,721","252,98K","-0,48%"
"27.06.2023","300,611","305,092","312,944","293,867","377,89K","-3,70%"
"26.06.2023","312,173","310,246","317,954","297,239","1,26M","4,21%"
"23.06.2023","299,552","292,229","303,502","289,049","425,99K","2,61%"
"22.06.2023","291,940","308,994","313,137","291,603","638,38K","-8,04%"
"21.06.2023","317,473","298,684","321,230","296,565","685,39K","6,98%"
"16.06.2023","296,757","277,487","301,430","273,633","408,43K","6,96%"
"15.06.2023","277,439","259,133","278,017","258,699","372,91K","7,06%"
"14.06.2023","259,133","260,144","262,071","252,629","115,11K","-0,02%"
"13.06.2023","259,181","248,582","263,035","247,619","648,63K","4,26%"
"12.06.2023","248,582","252,436","253,930","242,801","180,47K","-0,77%"
"09.06.2023","250,509","250,509","256,290","245,692","280,98K","-0,10%"
"08.06.2023","250,750","246,655","259,615","243,331","166,81K","-0,67%"
"07.06.2023","252,436","251,473","262,023","246,704","735,50K","0,38%"
"06.06.2023","251,473","225,459","255,327","224,495","872,55K","13,78%"
"05.06.2023","221,026","216,787","221,605","210,091","168,28K","3,19%"
"02.06.2023","214,186","216,787","220,159","211,584","145,88K","-0,54%"
"01.06.2023","215,342","211,006","217,510","208,019","204,05K","4,00%"
"31.05.2023","207,056","204,262","210,043","199,926","176,03K","0,44%"
"30.05.2023","206,140","204,743","206,189","198,481","215,16K","0,68%"
"29.05.2023","204,743","206,189","209,079","203,057","88,44K","-0,70%"
"24.05.2023","206,189","208,067","208,067","200,408","241,59K","-0,93%"
"23.05.2023","208,116","207,152","216,787","202,335","302,15K","0,82%"
"22.05.2023","206,429","211,777","213,848","203,394","181,98K","-2,53%"
"19.05.2023","211,777","209,079","211,970","205,370","160,58K","1,10%"
"18.05.2023","209,464","209,079","211,006","201,371","89,83K","1,12%"
"17.05.2023","207,152","201,371","207,393","200,408","168,50K","2,48%"
"16.05.2023","202,142","211,006","213,897","198,481","309,62K","-4,16%"
"15.05.2023","210,910","210,043","211,006","203,298","118,75K","0,11%"
"12.05.2023","210,669","207,152","213,897","205,707","281,95K","2,41%"
"11.05.2023","205,707","201,371","208,260","197,662","131,90K","2,32%"
"10.05.2023","201,034","197,613","204,262","197,469","228,59K","1,81%"
"09.05.2023","197,469","202,335","202,335","192,314","249,42K","-0,44%"
"08.05.2023","198,336","186,919","198,529","186,919","400,83K","6,27%"
"05.05.2023","186,630","185,955","187,882","182,101","360,13K","5,27%"
"04.05.2023","177,284","183,065","185,184","176,320","183,05K","-3,06%"
"03.05.2023","182,872","188,268","190,773","179,500","185,52K","-2,67%"
"02.05.2023","187,882","192,700","192,700","179,500","327,35K","-4,04%"
"28.04.2023","195,783","192,700","197,517","188,123","172,56K","0,35%"
"27.04.2023","195,108","203,250","204,695","194,578","193,17K","-2,88%"
"26.04.2023","200,889","205,225","205,225","195,349","299,28K","-0,24%"
"25.04.2023","201,371","204,262","208,549","200,408","288,40K","-1,90%"
"24.04.2023","205,273","207,200","211,873","202,094","203,03K","0,23%"
"21.04.2023","204,792","201,371","211,970","200,408","545,94K","2,56%"
"20.04.2023","199,685","194,627","202,286","190,002","522,61K","2,85%"
"19.04.2023","194,145","205,225","205,225","193,133","311,33K","-5,40%"
"18.04.2023","205,225","210,043","214,764","200,408","418,24K","-2,07%"
"17.04.2023","209,561","208,501","212,933","200,889","134,14K","3,50%"
"14.04.2023","202,479","196,554","208,597","195,638","362,92K","3,01%"
"13.04.2023","196,554","193,133","198,818","190,050","336,61K","0,99%"
"12.04.2023","194,627","192,507","194,627","187,882","130,54K","3,11%"
"11.04.2023","188,749","185,955","191,736","183,065","226,76K","2,03%"
"10.04.2023","184,992","183,065","185,618","179,692","238,24K","2,67%"
"05.04.2023","180,174","182,101","186,196","173,911","102,37K","0,16%"
"04.04.2023","179,885","184,943","184,992","178,343","101,87K","-2,46%"
"03.04.2023","184,414","175,357","184,992","175,357","112,09K","4,02%"
"31.03.2023","177,284","184,510","185,955","174,393","230,46K","-2,65%"
"30.03.2023","182,101","180,174","183,546","177,910","175,10K","2,16%"
"29.03.2023","178,247","181,138","186,244","177,910","219,01K","0,27%"
"28.03.2023","177,765","175,357","181,138","171,984","79,91K","1,88%"
"27.03.2023","174,489","167,167","176,320","167,167","329,01K","4,38%"
"23.03.2023","167,167","172,466","174,345","163,361","309,52K","-1,42%"
"22.03.2023","169,576","180,078","180,078","169,094","348,21K","-5,63%"
"21.03.2023","179,692","172,466","181,089","172,466","166,34K","7,21%"
"20.03.2023","167,600","169,624","174,393","164,132","176,17K","-1,17%"
"17.03.2023","169,576","177,573","177,573","167,793","134,58K","-5,83%"
"16.03.2023","180,078","169,576","180,800","168,130","208,64K","6,19%"
"15.03.2023","169,576","179,933","179,933","166,974","440,87K","-7,73%"
"14.03.2023","183,787","191,832","198,818","181,089","175,13K","-3,90%"
"13.03.2023","191,254","195,590","197,517","189,905","279,44K","-3,17%"
"10.03.2023","197,517","206,189","208,356","196,554","317,21K","-2,61%"
"09.03.2023","202,816","210,524","213,656","202,816","89,96K","-3,55%"
"08.03.2023","210,283","208,790","211,391","202,335","187,55K","2,22%"
"07.03.2023","205,707","208,790","210,043","203,298","176,32K","-1,39%"
"06.03.2023","208,597","204,454","209,464","201,371","145,11K","1,40%"
"03.03.2023","205,707","194,627","205,707","194,627","361,49K","4,86%"
"02.03.2023","196,168","203,298","203,780","196,072","548,60K","-3,51%"
"01.03.2023","203,298","206,285","207,152","201,467","310,17K","-1,40%"
"28.02.2023","206,189","207,152","217,751","202,094","721,68K","-0,60%"
"27.02.2023","207,441","199,444","207,634","197,035","184,79K","4,01%"
"24.02.2023","199,444","201,371","202,335","194,627","308,01K","0,00%"
"23.02.2023","199,444","192,700","203,587","191,736","482,24K","3,76%"
"22.02.2023","192,218","197,517","198,481","191,206","248,57K","-1,72%"
"17.02.2023","195,590","208,116","208,838","193,181","319,43K","-6,45%"
"16.02.2023","209,079","203,298","213,897","197,854","423,05K","3,43%"
"15.02.2023","202,142","206,092","208,116","200,408","79,24K","-1,50%"
"14.02.2023","205,225","199,444","207,152","194,627","344,59K","3,80%"
"13.02.2023","197,710","188,123","200,215","185,040","414,89K","4,96%"
"10.02.2023","188,364","187,689","188,364","181,619","320,97K","2,22%"
"09.02.2023","184,269","184,992","189,809","182,005","85,35K","-1,67%"
"08.02.2023","187,400","183,065","190,243","182,101","128,81K","1,30%"
"07.02.2023","184,992","182,101","191,447","179,692","211,58K","0,79%"
"06.02.2023","183,546","181,619","184,992","177,669","485,92K","0,42%"
"03.02.2023","182,776","186,919","191,640","180,174","557,46K","-2,94%"
"02.02.2023","188,316","199,396","199,396","185,955","465,87K","-4,19%"
"01.02.2023","196,554","201,371","201,371","191,254","232,20K","-2,13%"
"31.01.2023","200,841","188,364","200,889","186,919","180,41K","4,22%"
"30.01.2023","192,700","193,663","195,590","187,882","225,13K","-1,43%"
"27.01.2023","195,494","201,371","202,816","192,796","215,44K","-1,74%"
"26.01.2023","198,962","202,335","206,189","197,517","365,68K","-1,10%"
"25.01.2023","201,178","190,484","202,335","184,992","547,57K","5,99%"
"24.01.2023","189,809","197,517","197,999","188,846","641,20K","-3,67%"
"23.01.2023","197,035","201,371","210,524","193,663","598,75K","-1,56%"
"20.01.2023","200,167","188,846","205,225","186,919","1,03M","7,64%"
"19.01.2023","185,955","192,651","192,651","169,576","1,87M","-2,97%"
"18.01.2023","191,640","224,495","235,816","188,123","1,36M","-13,50%"
"17.01.2023","221,556","207,152","221,605","200,938","803,26K","5,97%"
"16.01.2023","209,079","200,408","216,787","199,926","252,37K","4,58%"
"13.01.2023","199,926","190,773","201,805","187,159","613,69K","4,80%"
"12.01.2023","190,773","179,644","192,700","179,211","849,52K","6,48%"
"11.01.2023","179,162","163,795","180,174","163,795","766,89K","8,74%"
"10.01.2023","164,758","163,313","168,612","162,831","411,15K","0,44%"
"09.01.2023","164,036","160,904","168,130","160,422","405,52K","1,95%"
"06.01.2023","160,904","161,868","168,612","158,110","873,91K","0,30%"
"05.01.2023","160,422","148,379","160,904","146,933","1,25M","7,77%"
"04.01.2023","148,860","144,766","150,258","144,380","157,65K","1,88%"
"03.01.2023","146,114","153,196","153,196","143,850","385,13K","-4,02%"
"02.01.2023","152,233","152,233","153,196","145,006","127,74K","1,61%"
"30.12.2022","149,824","146,452","152,570","141,634","551,27K","2,30%"
"29.12.2022","146,452","148,379","151,028","141,731","637,20K","-0,59%"
"28.12.2022","147,319","145,970","153,822","138,744","448,30K","1,23%"
"27.12.2022","145,536","153,100","153,100","144,525","951,87K","-4,85%"
"26.12.2022","152,955","140,671","153,196","140,671","153,00K","6,54%"
"23.12.2022","143,561","136,094","143,561","134,890","620,89K","5,52%"
"22.12.2022","136,046","128,145","136,817","126,218","491,58K","6,32%"
"21.12.2022","127,953","117,788","128,868","117,547","562,07K","9,30%"
"20.12.2022","117,065","120,341","124,195","115,379","7,36K","-2,02%"
"19.12.2022","119,474","119,137","119,474","114,849","252,04K","4,03%"
"16.12.2022","114,849","114,175","117,980","113,741","73,65K","-0,50%"
"15.12.2022","115,427","117,499","118,510","114,464","92,06K","-1,76%"
"14.12.2022","117,499","118,896","118,896","113,693","268,11K","0,45%"
"13.12.2022","116,969","118,510","119,474","115,042","182,66K","-0,08%"
"12.12.2022","117,065","120,437","120,437","113,211","512,60K","-3,19%"
"07.12.2022","120,919","115,861","121,304","113,693","133,98K","4,54%"
"06.12.2022","115,668","114,656","116,391","113,211","118,61K","1,74%"
"05.12.2022","113,693","116,583","116,583","113,693","375,01K","-1,17%"
"02.12.2022","115,042","115,620","116,053","112,729","141,68K","-0,33%"
"01.12.2022","115,427","113,211","116,776","111,766","311,26K","2,39%"
"30.11.2022","112,729","110,321","113,211","108,394","239,83K","2,18%"
"29.11.2022","110,321","112,729","112,729","108,875","119,04K","-0,78%"
"28.11.2022","111,188","110,802","112,826","108,875","244,23K","0,35%"
"25.11.2022","110,802","109,839","112,729","106,226","152,30K","1,32%"
"24.11.2022","109,357","107,912","109,839","106,274","180,45K","1,98%"
"23.11.2022","107,237","107,334","108,875","105,021","292,59K","2,11%"
"22.11.2022","105,021","110,658","110,658","102,661","547,12K","-1,80%"
"18.11.2022","106,948","110,706","110,706","105,262","516,16K","-0,89%"
"17.11.2022","107,912","112,248","112,248","105,262","925,03K","-3,03%"
"16.11.2022","111,284","111,766","113,693","108,875","189,29K","-0,34%"
"15.11.2022","111,669","112,729","114,608","107,912","240,49K","0,39%"
"14.11.2022","111,236","112,007","112,681","108,875","382,24K","-0,64%"
"11.11.2022","111,958","109,839","112,248","108,394","207,14K","1,75%"
"10.11.2022","110,031","110,802","115,138","108,201","278,12K","-2,18%"
"09.11.2022","112,488","115,620","115,620","111,284","185,30K","-2,01%"
"08.11.2022","114,801","114,801","114,801","111,766","96,96K","-0,08%"
"07.11.2022","114,897","115,620","118,510","112,729","325,03K","-1,04%"
"04.11.2022","116,102","113,211","117,547","113,211","237,71K","1,77%"
"03.11.2022","114,078","112,729","116,583","112,585","268,26K","0,85%"
"02.11.2022","113,115","115,186","115,475","111,766","152,60K","-2,13%"
"01.11.2022","115,572","112,729","116,583","110,802","549,32K","1,87%"
"31.10.2022","113,452","109,598","113,693","108,249","258,47K","2,93%"
"28.10.2022","110,224","113,645","113,645","107,912","297,54K","-1,80%"
"27.10.2022","112,248","113,645","114,512","110,321","224,99K","-0,47%"
"26.10.2022","112,777","113,211","115,620","111,284","291,41K","0,47%"
"25.10.2022","112,248","109,357","113,211","108,634","189,53K","1,84%"
"24.10.2022","110,224","106,756","110,802","103,672","80,14K","3,25%"
"21.10.2022","106,756","105,985","107,671","104,347","127,25K","0,73%"
"20.10.2022","105,985","105,021","108,875","105,021","65,72K","0,87%"
"19.10.2022","105,069","109,839","109,839","103,672","72,88K","-2,72%"
"18.10.2022","108,008","107,912","110,224","106,177","58,35K","0,09%"
"17.10.2022","107,912","103,576","111,284","103,576","90,99K","0,00%"
"14.10.2022","107,912","109,646","110,658","105,985","178,78K","-1,58%"
"13.10.2022","109,646","102,613","110,802","102,613","166,89K","4,21%"
"12.10.2022","105,214","105,021","108,875","104,250","121,97K","0,18%"
"11.10.2022","105,021","109,839","109,839","103,383","184,40K","-6,84%"
"06.10.2022","112,729","114,175","116,583","109,068","87,52K","-1,27%"
"05.10.2022","114,175","113,693","115,620","112,007","73,00K","-1,46%"
"04.10.2022","115,861","111,766","118,510","110,802","218,22K","3,66%"
"03.10.2022","111,766","105,021","115,138","105,021","182,64K","9,90%"
"30.09.2022","101,697","101,215","104,058","101,215","77,45K","-1,08%"
"29.09.2022","102,805","102,131","104,925","101,215","252,16K","-1,66%"
"28.09.2022","104,540","103,865","105,551","101,842","148,50K","0,93%"
"27.09.2022","103,576","103,335","106,467","102,131","146,13K","-0,69%"
"26.09.2022","104,299","108,875","109,116","102,131","158,04K","-4,20%"
"23.09.2022","108,875","107,912","110,031","105,744","461,12K","-0,35%"
"22.09.2022","109,261","110,802","110,802","107,334","228,80K","-1,56%"
"21.09.2022","110,995","112,729","112,729","107,912","212,52K","0,17%"
"20.09.2022","110,802","110,802","112,729","105,599","95,94K","-0,78%"
"19.09.2022","111,669","109,116","114,656","107,430","187,73K","2,34%"
"16.09.2022","109,116","109,261","109,839","105,021","86,76K","-0,04%"
"15.09.2022","109,164","108,875","112,248","108,875","216,82K","0,22%"
"14.09.2022","108,923","105,021","109,839","104,154","95,70K","2,77%"
"13.09.2022","105,985","106,467","109,357","104,732","215,32K","-1,61%"
"12.09.2022","107,719","107,912","109,839","104,299","183,74K","0,36%"
"09.09.2022","107,334","106,852","107,864","104,058","162,02K","3,15%"
"08.09.2022","104,058","106,659","106,659","102,131","144,62K","0,94%"
"07.09.2022","103,094","99,240","105,985","99,240","779,00K","2,49%"
"06.09.2022","100,589","104,058","104,058","98,759","365,60K","-1,04%"
"05.09.2022","101,649","102,998","103,094","100,011","242,66K","-0,94%"
"01.09.2022","102,613","102,613","104,058","100,686","112,88K","-0,47%"
"31.08.2022","103,094","110,802","111,332","102,131","283,86K","-4,80%"
"30.08.2022","108,297","107,430","110,802","105,985","519,81K","-0,53%"
"29.08.2022","108,875","109,839","112,248","105,985","264,05K","0,71%"
"26.08.2022","108,104","109,839","112,729","106,129","158,02K","-1,58%"
"25.08.2022","109,839","110,947","113,693","106,177","225,78K","-0,87%"
"24.08.2022","110,802","107,912","110,947","105,985","401,00K","2,22%"
"23.08.2022","108,394","103,576","108,683","101,649","433,18K","5,83%"
"22.08.2022","102,420","99,240","103,046","98,518","77,80K","1,38%"
"19.08.2022","101,023","101,119","102,131","99,337","247,31K","-1,55%"
"18.08.2022","102,613","104,010","110,561","102,131","1,08M","-4,10%"
"17.08.2022","106,996","105,503","109,164","103,335","382,11K","1,05%"
"16.08.2022","105,888","105,021","105,937","101,167","590,03K","2,04%"
"12.08.2022","103,769","104,058","104,250","99,240","190,39K","2,57%"
"11.08.2022","101,167","104,058","104,058","101,167","245,37K","-1,69%"
"10.08.2022","102,902","100,686","104,058","97,795","843,34K","4,91%"
"09.08.2022","98,084","100,830","100,830","97,410","139,30K","-3,78%"
"08.08.2022","101,938","102,131","103,094","99,481","302,21K","0,52%"
"05.08.2022","101,408","97,313","103,383","95,386","731,00K","5,25%"
"04.08.2022","96,350","96,446","98,277","93,797","196,37K","-0,10%"
"03.08.2022","96,446","95,868","97,313","92,689","152,20K","1,68%"
"02.08.2022","94,856","93,459","96,205","89,605","297,86K","0,87%"
"01.08.2022","94,037","97,554","99,048","92,978","254,25K","-4,27%"
"29.07.2022","98,229","105,985","105,985","94,808","321,50K","-5,60%"
"28.07.2022","104,058","105,985","105,985","98,759","308,24K","1,89%"
"27.07.2022","102,131","95,386","105,792","93,267","452,51K","6,00%"
"26.07.2022","96,350","100,204","100,204","94,326","716,10K","-2,53%"
"25.07.2022","98,855","98,759","102,709","96,350","913,64K","2,60%"
"22.07.2022","96,350","84,788","96,735","83,343","1,65M","19,05%"
"21.07.2022","80,934","77,417","81,512","76,598","285,53K","5,00%"
"20.07.2022","77,080","78,477","78,525","75,153","164,91K","-0,44%"
"19.07.2022","77,417","76,983","78,043","75,586","69,44K","0,94%"
"18.07.2022","76,694","73,708","76,694","73,226","218,62K","4,46%"
"15.07.2022","73,419","71,588","73,659","71,588","90,02K","2,70%"
"14.07.2022","71,492","72,021","72,600","70,817","48,68K","-2,24%"
"13.07.2022","73,129","72,262","74,864","71,299","90,22K","-2,32%"
"12.07.2022","74,864","75,635","78,477","74,286","75,50K","-1,52%"
"11.07.2022","76,020","78,718","78,718","73,900","86,20K","-2,71%"
"08.07.2022","78,140","76,502","79,970","74,189","329,08K","2,27%"
"07.07.2022","76,405","73,900","77,080","73,900","375,31K","3,39%"
"06.07.2022","73,900","70,528","73,997","70,528","152,59K","3,23%"
"05.07.2022","71,588","68,408","74,671","68,408","306,14K","4,65%"
"04.07.2022","68,408","64,073","70,432","64,073","320,89K","-2,87%"
"01.07.2022","70,432","69,854","70,817","67,445","250,79K","1,18%"
"30.06.2022","69,613","67,830","70,432","66,000","386,42K","1,76%"
"29.06.2022","68,408","68,216","69,854","67,059","394,38K","0,71%"
"28.06.2022","67,927","65,518","68,216","65,518","259,09K","2,18%"
"27.06.2022","66,481","66,000","66,963","63,205","197,31K","3,22%"
"24.06.2022","64,410","63,157","65,470","63,157","191,28K","1,60%"
"23.06.2022","63,398","66,096","66,096","61,182","172,27K","-3,24%"
"22.06.2022","65,518","63,784","66,096","63,205","511,17K","3,03%"
"21.06.2022","63,591","65,518","66,289","63,205","544,19K","-3,65%"
"16.06.2022","66,000","68,119","68,119","65,132","461,33K","-3,25%"
"15.06.2022","68,216","67,445","68,986","67,445","196,69K","1,73%"
"14.06.2022","67,059","67,541","69,661","66,289","619,49K","-3,80%"
"13.06.2022","69,709","71,299","72,166","68,938","158,74K","-2,76%"
"10.06.2022","71,684","71,877","72,118","69,757","601,94K","-0,07%"
"09.06.2022","71,732","71,299","72,262","69,565","162,31K","0,61%"
"08.06.2022","71,299","71,492","72,262","70,913","139,92K","-0,27%"
"07.06.2022","71,492","70,913","72,359","70,913","266,66K","-0,54%"
"06.06.2022","71,877","73,033","73,033","70,913","107,26K","-1,58%"
"03.06.2022","73,033","73,997","74,141","72,262","19,74K","-0,26%"
"02.06.2022","73,226","72,262","74,671","71,058","99,65K","0,80%"
"01.06.2022","72,648","74,189","74,189","71,781","33,07K","-1,95%"
"31.05.2022","74,093","75,153","75,635","73,419","179,73K","-1,91%"
"30.05.2022","75,538","76,598","77,995","74,671","26,65K","-1,38%"
"27.05.2022","76,598","76,887","77,851","76,598","61,11K","-4,01%"
"26.05.2022","79,800","80,900","80,900","78,700","145,60K","1,27%"
"24.05.2022","78,800","80,750","80,750","78,000","80,95K","-2,23%"
"23.05.2022","80,600","75,100","81,350","75,000","268,27K","8,04%"
"20.05.2022","74,600","74,400","76,000","72,650","105,23K","3,18%"
"19.05.2022","72,300","77,000","77,000","72,300","244,00K","-6,71%"
"17.05.2022","77,500","75,700","81,000","75,500","225,02K","2,58%"
"16.05.2022","75,550","74,000","76,450","72,600","230,64K","4,93%"
"13.05.2022","72,000","69,300","73,400","69,300","102,77K","5,11%"
"12.05.2022","68,500","68,300","69,300","66,900","100,93K","0,29%"
"11.05.2022","68,300","69,100","69,500","67,050","157,60K","0,44%"
"10.05.2022","68,000","68,100","70,000","65,600","77,90K","0,00%"
"09.05.2022","68,000","69,000","72,300","67,100","83,93K","-4,23%"
"06.05.2022","71,000","70,100","72,000","70,000","190,49K","-0,70%"
"05.05.2022","71,500","74,900","74,900","70,500","111,25K","-2,52%"
"04.05.2022","73,350","75,950","75,950","73,350","373,25K","-3,04%"
"03.05.2022","75,650","74,000","76,700","74,000","59,86K","1,82%"
"02.05.2022","74,300","71,600","74,400","71,600","169,73K","1,78%"
"29.04.2022","73,000","75,000","75,700","72,000","61,45K","-2,67%"
"28.04.2022","75,000","74,100","75,700","73,050","97,32K","1,49%"
"27.04.2022","73,900","73,900","75,950","73,900","77,47K","0,20%"
"26.04.2022","73,750","76,050","76,050","73,600","141,86K","-2,83%"
"25.04.2022","75,900","74,300","75,900","72,400","190,80K","1,20%"
"22.04.2022","75,000","73,350","78,000","73,350","548,34K","2,46%"
"21.04.2022","73,200","72,850","74,100","72,000","281,75K","1,04%"
"20.04.2022","72,450","72,500","73,500","71,550","472,26K","0,00%"
"19.04.2022","72,450","72,000","73,800","72,000","242,49K","-0,75%"
"18.04.2022","73,000","72,150","74,000","71,200","143,99K","1,39%"
"13.04.2022","72,000","73,200","73,950","72,000","132,21K","-1,37%"
"12.04.2022","73,000","75,900","75,900","72,600","120,81K","-1,42%"
"11.04.2022","74,050","74,900","75,750","73,850","43,94K","-1,13%"
"08.04.2022","74,900","76,000","76,000","74,200","109,95K","-1,19%"
"07.04.2022","75,800","77,200","77,650","74,700","209,08K","-0,13%"
"06.04.2022","75,900","75,000","76,850","75,000","48,94K","-0,78%"
"05.04.2022","76,500","78,700","79,700","76,500","143,18K","-2,86%"
"04.04.2022","78,750","79,000","79,700","77,450","73,10K","-0,94%"
"01.04.2022","79,500","77,450","80,000","77,450","87,12K","1,47%"
"31.03.2022","78,350","80,000","80,000","77,700","79,06K","-0,19%"
"30.03.2022","78,500","76,700","79,100","75,200","191,94K","2,28%"
"29.03.2022","76,750","78,000","78,950","76,700","73,01K","-1,60%"
"28.03.2022","78,000","78,500","78,500","77,200","73,34K","-0,51%"
"25.03.2022","78,400","78,950","79,900","77,200","153,51K","1,88%"
"23.03.2022","76,950","77,000","78,950","75,950","174,54K","0,13%"
"22.03.2022","76,850","75,950","76,900","75,250","62,57K","1,18%"
"21.03.2022","75,950","78,000","78,000","74,250","273,50K","-0,07%"
"18.03.2022","76,000","77,400","78,000","75,400","161,41K","-0,26%"
"17.03.2022","76,200","75,000","77,000","75,000","82,96K","0,99%"
"16.03.2022","75,450","74,000","75,450","71,000","190,70K","3,36%"
"15.03.2022","73,000","73,000","74,450","72,200","59,97K","-0,41%"
"14.03.2022","73,300","76,850","77,050","72,300","176,53K","-4,74%"
"11.03.2022","76,950","79,100","81,150","75,900","150,22K","-2,59%"
"10.03.2022","79,000","76,000","79,200","76,000","346,75K","1,80%"
"09.03.2022","77,600","78,300","80,000","77,100","127,43K","-1,65%"
"08.03.2022","78,900","76,000","80,000","76,000","78,88K","1,74%"
"07.03.2022","77,550","78,000","80,700","77,000","151,19K","-0,89%"
"04.03.2022","78,250","82,750","83,000","77,550","130,04K","-5,50%"
"03.03.2022","82,800","83,300","83,600","78,000","346,99K","0,55%"
"02.03.2022","82,350","80,550","82,400","77,500","280,65K","2,17%"
"25.02.2022","80,600","80,900","82,400","78,350","263,96K","-0,37%"
"24.02.2022","80,900","83,400","83,400","78,000","284,16K","-4,37%"
"23.02.2022","84,600","84,800","84,800","81,150","234,04K","1,01%"
"22.02.2022","83,750","84,200","85,450","81,550","133,99K","-0,24%"
"21.02.2022","83,950","82,000","84,000","81,600","110,84K","2,38%"
"18.02.2022","82,000","82,500","84,000","80,000","106,05K","-0,73%"
"17.02.2022","82,600","84,000","85,500","81,100","182,63K","0,00%"
"16.02.2022","82,600","81,500","84,000","79,600","91,05K","2,04%"
"15.02.2022","80,950","80,600","82,150","79,500","22,01K","0,56%"
"14.02.2022","80,500","80,900","80,900","79,100","58,00K","-1,53%"
"11.02.2022","81,750","82,450","83,450","79,200","118,34K","0,93%"
"10.02.2022","81,000","80,400","81,250","79,100","102,81K","1,25%"
"09.02.2022","80,000","82,900","83,000","77,200","159,43K","-3,03%"
"08.02.2022","82,500","85,000","85,400","81,500","86,19K","-1,79%"
"07.02.2022","84,000","82,000","85,500","80,100","168,31K","2,19%"
"04.02.2022","82,200","81,600","82,900","80,900","76,53K","0,24%"
"03.02.2022","82,000","83,650","83,650","81,000","262,22K","-0,61%"
"02.02.2022","82,500","86,500","87,000","82,100","179,49K","-2,94%"
"01.02.2022","85,000","85,400","86,300","82,600","170,56K","-0,58%"
"31.01.2022","85,500","83,950","86,100","81,200","125,31K","2,03%"
"28.01.2022","83,800","84,000","87,000","81,000","618,45K","2,76%"
"27.01.2022","81,550","83,200","83,500","80,100","98,03K","-1,21%"
"26.01.2022","82,550","79,700","83,450","79,700","194,00K","0,92%"
"25.01.2022","81,800","74,000","81,800","73,000","154,21K","7,92%"
"24.01.2022","75,800","77,850","77,850","72,200","298,63K","-2,82%"
"21.01.2022","78,000","79,400","81,000","77,850","78,77K","-1,64%"
"20.01.2022","79,300","77,600","80,000","76,100","83,29K","2,19%"
"19.01.2022","77,600","78,500","79,800","77,000","238,66K","-1,15%"
"18.01.2022","78,500","80,700","81,600","78,100","137,60K","-2,00%"
"17.01.2022","80,100","81,000","81,000","79,000","35,40K","-0,56%"
"14.01.2022","80,550","81,900","82,200","80,250","31,66K","-2,25%"
"13.01.2022","82,400","81,400","82,700","81,000","206,32K","0,98%"
"12.01.2022","81,600","82,500","83,800","81,000","64,90K","-0,49%"
"11.01.2022","82,000","81,000","82,500","80,000","77,40K","0,00%"
"10.01.2022","82,000","82,750","82,800","80,100","59,99K","-1,09%"
"07.01.2022","82,900","81,100","83,000","80,000","81,72K","1,59%"
"06.01.2022","81,600","80,000","81,700","78,550","100,85K","0,12%"
"05.01.2022","81,500","82,000","82,800","80,000","47,43K","0,25%"
"04.01.2022","81,300","83,600","83,950","79,000","98,79K","-2,05%"
"03.01.2022","83,000","81,400","84,500","80,500","138,43K","1,84%"
"30.12.2021","81,500","81,950","82,700","79,600","214,77K","0,49%"
"29.12.2021","81,100","79,000","81,100","77,300","177,99K","3,38%"
"28.12.2021","78,450","82,200","82,900","77,800","190,06K","-3,15%"
"27.12.2021","81,000","82,100","82,100","80,000","49,73K","0,56%"
"23.12.2021","80,550","81,000","81,500","79,400","93,29K","0,56%"
"22.12.2021","80,100","80,100","81,000","78,150","99,96K","0,12%"
"21.12.2021","80,000","77,850","81,000","77,850","220,52K","3,09%"
"20.12.2021","77,600","77,400","78,900","75,500","194,06K","-0,51%"
"17.12.2021","78,000","80,000","80,450","77,350","428,23K","-1,76%"
"16.12.2021","79,400","80,550","80,550","78,250","356,13K","0,95%"
"15.12.2021","78,650","80,700","80,700","78,000","136,12K","-1,69%"
"14.12.2021","80,000","81,350","81,400","79,050","367,05K","-0,99%"
"13.12.2021","80,800","87,500","87,500","79,900","693,86K","-8,18%"
"10.12.2021","88,000","91,100","93,000","86,300","125,23K","-3,19%"
"09.12.2021","90,900","94,450","94,450","90,500","69,34K","-4,27%"
"07.12.2021","94,950","93,000","95,750","93,000","138,99K","2,10%"
"06.12.2021","93,000","91,000","93,450","88,500","92,72K","1,64%"
"03.12.2021","91,500","92,500","95,000","88,500","79,83K","-1,03%"
"02.12.2021","92,450","89,900","95,000","89,000","659,63K","3,18%"
"01.12.2021","89,600","84,100","89,700","84,100","358,36K","7,31%"
"30.11.2021","83,500","80,600","83,500","78,600","77,78K","3,21%"
"29.11.2021","80,900","82,100","83,200","78,000","152,50K","0,25%"
"26.11.2021","80,700","85,000","85,000","79,100","152,17K","-5,89%"
"25.11.2021","85,750","84,000","87,000","83,000","59,26K","1,00%"
"24.11.2021","84,900","84,500","86,900","80,500","89,36K","0,71%"
"23.11.2021","84,300","84,000","88,950","83,000","100,42K","-2,32%"
"19.11.2021","86,300","89,000","89,750","83,800","400,06K","-5,68%"
"18.11.2021","91,500","90,500","92,200","84,350","494,45K","1,89%"
"17.11.2021","89,800","91,900","95,000","86,500","201,41K","-2,39%"
"16.11.2021","92,000","96,500","96,500","91,100","464,21K","-4,17%"
"15.11.2021","96,000","98,500","101,300","92,350","114,62K","-0,98%"
"12.11.2021","96,950","99,000","99,950","94,000","242,25K","-2,07%"
"11.11.2021","99,000","101,500","102,000","97,800","357,43K","-2,46%"
"10.11.2021","101,500","100,000","101,500","98,000","639,49K","2,94%"
"09.11.2021","98,600","98,400","99,950","98,000","251,77K","0,10%"
"08.11.2021","98,500","95,000","98,850","94,600","285,59K","3,90%"
"05.11.2021","94,800","99,000","99,950","94,400","411,10K","-2,77%"
"04.11.2021","97,500","101,000","101,000","96,000","121,12K","-3,47%"
"03.11.2021","101,000","98,500","101,900","97,000","224,49K","3,06%"
"02.11.2021","98,000","94,950","99,000","92,500","263,35K","3,38%"
"01.11.2021","94,800","91,050","94,800","91,050","202,05K","4,18%"
"29.10.2021","91,000","94,800","94,800","88,200","272,99K","-4,01%"
"28.10.2021","94,800","95,150","97,700","93,700","225,06K","-0,32%"
"27.10.2021","95,100","99,000","99,900","95,000","244,91K","-4,23%"
"26.10.2021","99,300","101,400","102,400","98,150","201,74K","-1,88%"
"25.10.2021","101,200","101,000","102,400","99,000","195,01K","1,20%"
"22.10.2021","100,000","99,900","100,450","97,000","440,53K","0,00%"
"21.10.2021","100,000","99,150","100,600","96,500","399,06K","-0,50%"
"20.10.2021","100,500","95,000","101,600","94,000","967,43K","5,79%"
"19.10.2021","95,000","93,250","95,000","91,800","314,59K","1,77%"
"18.10.2021","93,350","93,500","93,950","92,000","478,32K","0,16%"
"15.10.2021","93,200","89,300","94,950","89,300","270,74K","1,86%"
"14.10.2021","91,500","89,000","95,000","87,600","314,00K","3,57%"
"13.10.2021","88,350","88,000","88,350","85,350","142,14K","0,40%"
"12.10.2021","88,000","87,300","89,900","86,500","115,06K","0,00%"
"07.10.2021","88,000","90,500","91,000","87,100","88,58K","-1,12%"
"06.10.2021","89,000","88,900","90,000","84,000","131,91K","-1,82%"
"05.10.2021","90,650","91,000","92,000","89,000","306,96K","0,72%"
"04.10.2021","90,000","88,650","90,500","83,750","538,50K","1,12%"
"01.10.2021","89,000","89,400","89,950","87,300","101,75K","0,56%"
"30.09.2021","88,500","88,000","89,500","87,950","391,12K","0,63%"
"29.09.2021","87,950","87,500","88,900","87,000","106,24K","1,56%"
"28.09.2021","86,600","86,900","86,900","83,600","104,57K","0,23%"
"27.09.2021","86,400","84,000","86,500","83,800","75,69K","3,16%"
"24.09.2021","83,750","83,100","84,550","82,000","155,21K","-0,89%"
"23.09.2021","84,500","85,100","86,450","83,500","206,14K","-0,18%"
"22.09.2021","84,650","81,400","85,000","81,300","491,66K","6,08%"
"21.09.2021","79,800","80,050","82,700","79,800","273,04K","-0,13%"
"20.09.2021","79,900","84,500","84,500","79,500","607,79K","-8,48%"
"17.09.2021","87,300","89,550","90,850","86,550","295,16K","-2,24%"
"16.09.2021","89,300","85,500","90,750","84,150","768,80K","1,36%"
"15.09.2021","88,100","91,500","92,650","85,500","833,76K","-3,50%"
"14.09.2021","91,300","94,400","95,800","89,250","687,17K","-3,28%"
"13.09.2021","94,400","100,500","104,000","93,000","2,11M","3,28%"
"10.09.2021","91,400","89,700","91,500","86,000","804,07K","1,90%"
"09.09.2021","89,700","93,000","95,500","89,500","922,94K","-3,55%"
"08.09.2021","93,000","92,950","93,000","88,150","892,87K","-1,33%"
"07.09.2021","94,250","89,000","95,000","89,000","1,08M","7,78%"
"06.09.2021","87,450","86,500","87,800","85,250","90,11K","1,10%"
"03.09.2021","86,500","84,000","87,000","83,250","593,61K","2,98%"
"02.09.2021","84,000","84,150","87,850","82,600","564,69K","-0,12%"
"01.09.2021","84,100","88,600","92,400","84,000","782,06K","-3,05%"
"31.08.2021","86,750","86,800","89,250","84,200","713,75K","-1,64%"
"30.08.2021","88,200","82,000","89,000","81,500","1,32M","10,94%"
"27.08.2021","79,500","80,550","81,750","78,450","966,26K","2,19%"
"26.08.2021","77,800","79,000","80,100","76,700","1,34M","-2,20%"
"25.08.2021","79,550","77,400","79,700","76,350","438,72K","2,91%"
"24.08.2021","77,300","75,000","77,750","75,000","580,00K","4,46%"
"23.08.2021","74,000","70,100","74,500","70,100","223,64K","3,86%"
"20.08.2021","71,250","70,700","72,000","70,000","100,88K","1,93%"
"19.08.2021","69,900","69,100","70,700","69,000","153,17K","-1,41%"
"18.08.2021","70,900","70,700","72,550","69,500","110,58K","-0,42%"
"17.08.2021","71,200","70,900","72,900","70,100","109,33K","-3,13%"
"13.08.2021","73,500","71,000","73,900","71,000","75,47K","-0,27%"
"12.08.2021","73,700","74,800","75,300","72,500","174,58K","-1,34%"
"11.08.2021","74,700","73,350","75,000","71,100","275,37K","2,47%"
"10.08.2021","72,900","69,500","73,000","69,000","464,77K","4,89%"
"09.08.2021","69,500","70,100","70,100","68,700","94,40K","0,07%"
"06.08.2021","69,450","69,500","70,400","68,350","58,55K","-0,07%"
"05.08.2021","69,500","69,100","70,000","68,350","126,38K","0,29%"
"04.08.2021","69,300","70,000","70,150","68,100","107,01K","-0,72%"
"03.08.2021","69,800","69,700","70,000","67,200","94,25K","2,20%"
"02.08.2021","68,300","71,000","71,000","68,000","161,88K","-0,65%"
"30.07.2021","68,750","71,000","71,750","68,650","162,83K","-2,96%"
"29.07.2021","70,850","70,500","71,200","69,350","166,42K","0,64%"
"28.07.2021","70,400","70,000","70,900","69,300","90,49K","1,37%"
"27.07.2021","69,450","70,000","70,100","69,000","55,62K","-0,57%"
"26.07.2021","69,850","69,900","72,000","69,000","124,83K","1,23%"
"23.07.2021","69,000","71,500","72,050","68,550","338,02K","-3,50%"
"22.07.2021","71,500","72,650","72,650","70,350","48,51K","-1,65%"
"21.07.2021","72,700","71,300","72,800","70,200","127,05K","5,06%"
"20.07.2021","69,200","68,150","69,800","68,150","139,59K","1,62%"
"19.07.2021","68,100","68,000","68,350","66,600","54,94K","-1,16%"
"16.07.2021","68,900","70,500","70,500","67,500","88,01K","-2,27%"
"15.07.2021","70,500","70,550","71,250","69,200","83,60K","-0,49%"
"14.07.2021","70,850","71,400","72,450","69,700","89,12K","-0,91%"
"13.07.2021","71,500","70,650","72,000","69,500","143,19K","1,42%"
"12.07.2021","70,500","66,500","70,700","66,500","190,06K","4,44%"
"08.07.2021","67,500","69,000","69,000","66,100","659,58K","-2,74%"
"07.07.2021","69,400","71,400","71,400","68,000","178,18K","-0,79%"
"06.07.2021","69,950","71,750","72,000","69,000","60,97K","-2,17%"
"05.07.2021","71,500","70,500","71,900","70,100","61,44K","1,63%"
"02.07.2021","70,350","68,000","71,000","67,250","180,90K","1,96%"
"01.07.2021","69,000","69,850","70,800","68,000","230,23K","-1,15%"
"30.06.2021","69,800","69,250","71,700","69,200","220,82K","-0,29%"
"29.06.2021","70,000","72,500","72,550","69,850","413,08K","-3,31%"
"28.06.2021","72,400","73,000","74,200","71,800","361,33K","-0,55%"
"25.06.2021","72,800","75,200","75,750","71,600","1,40M","-6,00%"
"24.06.2021","77,450","76,500","77,700","76,300","735,87K","3,96%"
"23.06.2021","74,500","78,300","79,000","74,300","505,62K","-3,25%"
"22.06.2021","77,000","74,800","78,500","72,000","1,18M","-1,28%"
"18.06.2021","78,000","74,500","78,300","74,100","812,73K","4,21%"
"17.06.2021","74,850","78,000","78,000","74,000","698,88K","-2,67%"
"16.06.2021","76,900","78,800","78,800","75,850","696,55K","0,85%"
"15.06.2021","76,250","76,350","77,500","73,350","1,49M","0,46%"
"14.06.2021","75,900","74,150","76,000","73,200","634,21K","3,05%"
"11.06.2021","73,650","74,000","74,000","71,000","536,91K","-0,47%"
"10.06.2021","74,000","76,800","79,500","73,800","852,62K","-2,63%"
"09.06.2021","76,000","73,500","77,500","72,900","1,36M","4,40%"
"08.06.2021","72,800","77,000","78,000","72,550","817,47K","-5,08%"
"07.06.2021","76,700","76,550","79,250","74,600","1,39M","2,40%"
"04.06.2021","74,900","71,000","76,000","70,700","971,75K","4,61%"
"03.06.2021","71,600","68,600","71,600","65,200","719,15K","4,22%"
"02.06.2021","68,700","66,200","69,650","65,700","857,43K","5,69%"
"01.06.2021","65,000","63,900","65,900","63,900","1,36M","3,50%"
"31.05.2021","62,800","63,050","63,100","61,700","200,61K","-0,48%"
"28.05.2021","63,100","61,500","63,200","61,500","685,54K","3,95%"
"27.05.2021","60,700","59,600","61,000","59,100","265,34K","2,10%"
"26.05.2021","59,450","59,000","59,700","57,000","165,03K","0,51%"
"21.05.2021","59,150","60,250","61,000","58,500","249,74K","-2,71%"
"20.05.2021","60,800","58,000","60,800","58,000","659,13K","3,93%"
"19.05.2021","58,500","59,450","59,450","57,500","468,09K","-1,68%"
"18.05.2021","59,500","58,700","60,000","57,950","1,10M","1,97%"
"17.05.2021","58,350","55,750","58,500","54,100","902,84K","4,01%"
"14.05.2021","56,100","55,000","56,300","54,700","1,22M","5,45%"
"13.05.2021","53,200","52,850","53,200","51,800","746,60K","3,30%"
"12.05.2021","51,500","53,000","53,500","51,000","321,73K","-2,09%"
"11.05.2021","52,600","52,800","54,600","52,300","556,70K","-3,84%"
"10.05.2021","54,700","56,300","56,700","54,000","626,54K","-0,45%"
"07.05.2021","54,950","54,000","55,000","52,500","1,19M","2,04%"
"06.05.2021","53,850","53,200","54,450","51,700","172,51K","1,32%"
"05.05.2021","53,150","52,600","54,400","52,000","161,75K","1,05%"
"04.05.2021","52,600","53,000","54,000","52,450","423,46K","-2,23%"
"03.05.2021","53,800","54,350","54,500","53,000","272,39K","-1,01%"
"30.04.2021","54,350","55,400","55,950","53,300","146,81K","-1,81%"
"29.04.2021","55,350","55,700","56,500","55,200","158,73K","-1,16%"
"28.04.2021","56,000","56,650","57,300","55,800","315,03K","-0,36%"
"27.04.2021","56,200","53,900","56,450","53,800","388,35K","4,66%"
"26.04.2021","53,700","52,900","53,850","52,750","229,91K","1,90%"
"23.04.2021","52,700","52,300","53,100","52,200","205,49K","1,54%"
"22.04.2021","51,900","51,150","52,500","51,150","166,61K","-1,52%"
"21.04.2021","52,700","51,300","52,800","50,500","207,89K","2,63%"
"20.04.2021","51,350","50,150","51,350","49,600","380,80K","2,39%"
"19.04.2021","50,150","51,250","51,500","49,700","168,13K","0,20%"
"16.04.2021","50,050","49,350","50,950","48,500","434,98K","1,93%"
"15.04.2021","49,100","49,500","51,000","48,950","304,57K","-1,01%"
"14.04.2021","49,600","50,450","51,950","49,350","231,20K","-1,59%"
"13.04.2021","50,400","52,200","52,200","49,900","311,35K","-3,08%"
"12.04.2021","52,000","52,500","54,500","50,000","433,24K","1,46%"
"09.04.2021","51,250","52,300","52,300","50,950","195,94K","-2,38%"
"08.04.2021","52,500","52,400","53,800","51,900","101,36K","0,19%"
"07.04.2021","52,400","53,300","53,300","52,000","187,98K","-1,50%"
"06.04.2021","53,200","52,000","53,250","52,000","119,38K","2,60%"
"05.04.2021","51,850","50,050","51,950","50,000","133,49K","3,70%"
"31.03.2021","50,000","51,100","51,300","49,700","281,85K","-1,96%"
"30.03.2021","51,000","50,000","51,200","49,500","143,73K","1,69%"
"29.03.2021","50,150","50,950","50,950","49,500","246,08K","-1,67%"
"26.03.2021","51,000","52,100","53,900","51,000","125,92K","-0,78%"
"25.03.2021","51,400","53,000","53,450","51,100","392,60K","-5,69%"
"23.03.2021","54,500","54,400","55,400","53,700","160,43K","-0,82%"
"22.03.2021","54,950","56,000","56,000","53,700","275,69K","-0,27%"
"19.03.2021","55,100","55,100","56,300","54,650","160,68K","0,73%"
"18.03.2021","54,700","58,000","58,050","54,100","305,82K","-4,45%"
"17.03.2021","57,250","58,000","58,000","56,900","197,45K","-1,80%"
"16.03.2021","58,300","58,900","60,200","57,500","657,63K","-1,19%"
"15.03.2021","59,000","57,050","59,200","57,050","457,79K","5,55%"
"12.03.2021","55,900","56,000","56,600","54,100","153,32K","0,00%"
"11.03.2021","55,900","57,000","57,000","55,050","136,54K","-0,36%"
"10.03.2021","56,100","54,000","56,500","53,600","327,76K","2,84%"
"09.03.2021","54,550","54,750","55,000","53,000","339,42K","1,02%"
"08.03.2021","54,000","55,350","55,350","52,000","352,19K","-1,10%"
"05.03.2021","54,600","55,000","55,500","53,050","222,09K","-0,18%"
"04.03.2021","54,700","54,800","56,000","51,900","1,07M","-1,62%"
"03.03.2021","55,600","57,900","57,900","54,700","213,95K","-3,30%"
"02.03.2021","57,500","58,800","58,800","56,850","224,07K","-1,37%"
"01.03.2021","58,300","57,000","59,200","56,000","356,69K","2,37%"
"26.02.2021","56,950","57,400","57,400","54,100","467,36K","0,35%"
"25.02.2021","56,750","59,450","59,450","55,000","1,31M","-1,82%"
"24.02.2021","57,800","56,100","58,800","55,800","635,98K","4,43%"
"23.02.2021","55,350","56,600","57,250","53,000","2,72M","-7,29%"
"22.02.2021","59,700","64,000","64,000","58,600","2,06M","-11,03%"
"19.02.2021","67,100","71,950","79,900","66,500","4,41M","-2,75%"
"18.02.2021","69,000","73,100","97,250","67,100","13,41M","10,05%"
"17.02.2021","62,700","59,650","65,000","57,500","948,86K","8,10%"
"12.02.2021","58,000","59,100","59,650","57,100","240,73K","-1,61%"
"11.02.2021","58,950","59,100","59,200","58,200","406,11K","1,29%"
"10.02.2021","58,200","60,000","60,000","57,550","403,14K","-2,10%"
"09.02.2021","59,450","59,300","59,600","58,000","576,11K","2,50%"
"08.02.2021","58,000","58,450","59,250","57,500","477,89K","1,05%"
"05.02.2021","57,400","56,000","57,800","55,900","289,90K","2,68%"
"04.02.2021","55,900","54,900","56,200","54,050","260,82K","1,91%"
"03.02.2021","54,850","54,900","55,250","54,000","146,68K","0,73%"
"02.02.2021","54,450","55,400","56,200","54,000","232,67K","-1,00%"
"01.02.2021","55,000","53,650","55,500","53,050","77,46K","2,61%"
"29.01.2021","53,600","56,200","56,200","53,400","81,18K","-3,42%"
"28.01.2021","55,500","56,100","57,200","55,000","140,97K","-1,60%"
"27.01.2021","56,400","55,200","56,500","51,500","339,18K","2,55%"
"26.01.2021","55,000","53,900","56,000","53,850","237,12K","2,42%"
"25.01.2021","53,700","56,000","56,800","53,700","192,38K","-3,94%"
"22.01.2021","55,900","54,150","56,000","52,950","396,51K","1,73%"
"21.01.2021","54,950","56,800","57,000","54,450","266,86K","-3,43%"
"20.01.2021","56,900","56,500","57,600","55,100","266,31K","0,26%"
"19.01.2021","56,750","56,800","57,950","56,000","205,33K","-0,44%"
"18.01.2021","57,000","57,600","57,600","56,500","53,24K","-1,04%"
"15.01.2021","57,600","57,300","58,000","56,550","217,14K","0,52%"
"14.01.2021","57,300","58,100","58,750","56,100","155,12K","-1,04%"
"13.01.2021","57,900","57,300","58,900","57,000","105,28K","0,96%"
"12.01.2021","57,350","58,000","59,000","57,000","256,18K","-0,26%"
"11.01.2021","57,500","60,000","60,000","56,950","178,83K","-3,60%"
"08.01.2021","59,650","60,950","60,950","59,100","211,36K","-0,91%"
"07.01.2021","60,200","60,450","61,250","59,050","246,65K","-0,50%"
"06.01.2021","60,500","60,500","61,450","60,000","329,42K","0,08%"
"05.01.2021","60,450","62,000","62,000","59,600","269,91K","-1,71%"
"04.01.2021","61,500","63,000","63,000","58,100","359,98K","-2,23%"
"30.12.2020","62,900","60,200","63,450","60,200","898,76K","3,97%"
"29.12.2020","60,500","58,700","61,900","57,500","528,70K","2,80%"
"28.12.2020","58,850","59,900","60,000","57,550","327,48K","-1,92%"
"23.12.2020","60,000","57,500","60,250","56,500","397,12K","6,19%"
"22.12.2020","56,500","55,000","57,950","54,500","504,73K","1,80%"
"21.12.2020","55,500","57,000","57,000","53,500","289,59K","-2,63%"
"18.12.2020","57,000","60,150","60,950","57,000","303,33K","-5,39%"
"17.12.2020","60,250","60,600","61,000","59,000","437,16K","0,42%"
"16.12.2020","60,000","60,500","61,000","57,000","332,79K","0,00%"
"15.12.2020","60,000","59,400","60,950","59,000","170,11K","0,00%"
"14.12.2020","60,000","60,950","61,200","59,000","228,61K","-2,28%"
"11.12.2020","61,400","58,050","61,400","58,050","160,32K","5,50%"
"10.12.2020","58,200","56,800","59,900","56,000","149,07K","2,11%"
"09.12.2020","57,000","59,700","59,700","56,950","186,93K","-4,52%"
"04.12.2020","59,700","60,500","61,500","59,500","339,26K","-2,13%"
"03.12.2020","61,000","63,000","63,200","60,500","157,33K","-2,56%"
"02.12.2020","62,600","60,300","62,800","58,900","642,09K","3,90%"
"01.12.2020","60,250","60,000","61,600","58,600","352,56K","0,42%"
"30.11.2020","60,000","62,700","63,000","59,600","248,17K","-4,15%"
"27.11.2020","62,600","61,900","62,950","60,000","456,70K","2,62%"
"26.11.2020","61,000","60,000","61,400","59,500","104,69K","0,16%"
"25.11.2020","60,900","61,000","61,200","58,950","183,54K","1,33%"
"24.11.2020","60,100","58,950","61,000","58,000","423,67K","3,09%"
"20.11.2020","58,300","57,500","60,250","56,950","277,95K","0,52%"
"19.11.2020","58,000","58,200","60,000","57,100","300,33K","-0,85%"
"18.11.2020","58,500","61,100","61,500","58,000","299,35K","-4,72%"
"17.11.2020","61,400","60,000","61,700","58,900","451,77K","1,82%"
"16.11.2020","60,300","61,000","62,500","59,100","234,11K","1,01%"
"13.11.2020","59,700","59,500","60,300","58,000","366,89K","2,58%"
"12.11.2020","58,200","61,950","61,950","58,100","284,58K","-6,13%"
"11.11.2020","62,000","65,000","65,200","61,500","368,58K","-3,50%"
"10.11.2020","64,250","60,000","64,700","58,800","786,95K","7,62%"
"09.11.2020","59,700","59,000","60,300","58,750","898,03K","3,92%"
"06.11.2020","57,450","58,000","59,500","56,700","132,30K","-1,46%"
"05.11.2020","58,300","57,000","58,800","56,000","552,58K","4,11%"
"04.11.2020","56,000","58,000","58,900","53,000","356,27K","-2,44%"
"03.11.2020","57,400","57,950","60,550","56,500","367,75K","0,35%"
"02.11.2020","57,200","52,000","57,750","52,000","392,84K","10,64%"
"30.10.2020","51,700","53,000","55,000","51,500","627,63K","-3,54%"
"29.10.2020","53,600","50,000","53,600","49,700","248,78K","7,20%"
"28.10.2020","50,000","51,000","52,300","48,900","413,50K","-3,38%"
"27.10.2020","51,750","57,400","57,400","51,500","259,61K","-6,08%"
"26.10.2020","55,100","59,300","59,600","54,100","308,14K","-6,29%"
"23.10.2020","58,800","59,800","59,800","56,500","398,91K","-1,18%"
"22.10.2020","59,500","57,550","59,550","56,000","599,63K","3,48%"
"21.10.2020","57,500","56,500","58,800","55,550","398,98K","1,77%"
"20.10.2020","56,500","58,650","58,900","55,000","314,57K","-1,14%"
"19.10.2020","57,150","55,300","58,050","55,300","831,08K","3,35%"
"16.10.2020","55,300","52,200","56,000","52,200","588,23K","4,93%"
"14.10.2020","52,700","51,500","52,700","50,400","564,14K","4,46%"
"13.10.2020","50,450","51,000","51,200","49,900","409,84K","-1,75%"
"09.10.2020","51,350","51,750","51,750","50,850","222,90K","-0,29%"
"08.10.2020","51,500","50,050","51,550","50,050","319,42K","2,18%"
"07.10.2020","50,400","50,150","51,450","49,500","275,32K","1,20%"
"06.10.2020","49,800","53,250","54,200","49,650","1,18M","-2,35%"
"05.10.2020","51,000","54,600","54,600","51,000","420,74K","-5,82%"
"02.10.2020","54,150","53,700","54,900","53,000","214,27K","-0,46%"
"01.10.2020","54,400","52,300","54,700","51,500","255,76K","5,63%"
"30.09.2020","51,500","52,900","53,950","51,100","427,24K","-1,72%"
"29.09.2020","52,400","50,500","52,450","49,800","191,37K","2,85%"
"28.09.2020","50,950","53,000","53,500","50,900","243,02K","-2,21%"
"25.09.2020","52,100","51,800","53,900","50,500","348,56K","-1,61%"
"24.09.2020","52,950","50,000","54,000","49,700","608,85K","6,75%"
"23.09.2020","49,600","52,500","52,500","49,100","661,65K","-3,60%"
"22.09.2020","51,450","53,950","54,300","50,300","450,94K","-4,01%"
"21.09.2020","53,600","52,200","53,900","50,500","509,17K","-2,37%"
"18.09.2020","54,900","52,900","56,700","52,150","955,46K","3,39%"
"17.09.2020","53,100","57,500","57,500","52,800","635,64K","-8,29%"
"16.09.2020","57,900","59,950","60,000","57,100","546,47K","-5,85%"
"15.09.2020","61,500","61,500","64,300","57,900","452,14K","-1,91%"
"14.09.2020","62,700","65,950","66,400","61,950","290,20K","-4,57%"
"11.09.2020","65,700","68,350","68,400","65,100","385,53K","-3,95%"
"10.09.2020","68,400","66,600","68,750","66,000","512,03K","3,32%"
"09.09.2020","66,200","64,500","66,400","64,000","304,92K","2,64%"
"08.09.2020","64,500","63,500","65,700","62,000","173,66K","-0,77%"
"07.09.2020","65,000","64,650","65,450","62,600","151,41K","2,44%"
"04.09.2020","63,450","64,300","64,400","61,050","200,52K","-1,48%"
"03.09.2020","64,400","65,500","66,000","63,900","165,25K","-0,16%"
"02.09.2020","64,500","66,500","66,500","63,900","337,28K","-3,73%"
"01.09.2020","67,000","69,200","69,800","66,800","355,79K","-3,11%"
"31.08.2020","69,150","67,750","69,300","65,700","425,31K","2,44%"
"28.08.2020","67,500","61,000","68,600","60,150","566,27K","12,22%"
"27.08.2020","60,150","62,700","63,900","60,050","399,82K","-5,28%"
"26.08.2020","63,500","68,000","68,000","62,700","339,83K","-4,44%"
"25.08.2020","66,450","65,000","67,000","63,900","367,99K","0,53%"
"24.08.2020","66,100","68,300","69,000","63,850","449,96K","-3,22%"
"21.08.2020","68,300","68,000","70,300","66,500","586,21K","1,94%"
"20.08.2020","67,000","66,300","67,000","64,400","289,53K","0,60%"
"19.08.2020","66,600","65,000","67,250","64,400","332,36K","2,78%"
"18.08.2020","64,800","66,000","66,500","62,000","326,31K","-3,57%"
"14.08.2020","67,200","71,300","71,300","67,000","370,12K","-4,95%"
"13.08.2020","70,700","69,500","71,500","69,500","340,31K","2,24%"
"12.08.2020","69,150","71,000","71,000","67,500","912,52K","-2,54%"
"11.08.2020","70,950","74,000","75,950","70,050","515,05K","-5,40%"
"10.08.2020","75,000","76,500","77,100","73,350","390,83K","0,07%"
"07.08.2020","74,950","73,000","75,500","72,050","585,37K","1,28%"
"06.08.2020","74,000","72,600","75,000","70,000","1,03M","1,51%"
"05.08.2020","72,900","75,700","78,900","71,150","864,17K","-3,83%"
"04.08.2020","75,800","84,000","86,500","73,350","2,62M","-4,65%"
"03.08.2020","79,500","69,500","81,000","68,500","2,02M","11,19%"
"31.07.2020","71,500","72,000","74,150","69,000","328,38K","2,14%"
"30.07.2020","70,000","68,000","72,050","66,000","822,19K","0,07%"
"29.07.2020","69,950","71,500","72,900","68,900","480,06K","-0,78%"
"28.07.2020","70,500","70,500","72,000","66,850","1,47M","0,00%"
"27.07.2020","70,500","67,600","71,000","67,600","719,68K","4,60%"
"24.07.2020","67,400","66,800","70,100","66,400","1,17M","0,67%"
"23.07.2020","66,950","65,200","71,500","64,200","2,14M","0,45%"
"22.07.2020","66,650","63,800","68,000","62,500","1,71M","4,96%"
"21.07.2020","63,500","61,400","64,350","60,250","959,03K","2,92%"
"20.07.2020","61,700","62,000","62,500","61,000","563,53K","-0,48%"
"17.07.2020","62,000","61,000","62,100","61,000","606,62K","2,48%"
"16.07.2020","60,500","60,300","60,700","58,500","712,76K","-0,25%"
"15.07.2020","60,650","58,550","61,000","57,750","995,19K","5,48%"
"14.07.2020","57,500","54,900","58,000","54,200","498,35K","6,38%"
"13.07.2020","54,050","56,000","58,350","54,000","878,00K","-1,73%"
"08.07.2020","55,000","56,000","57,300","54,100","588,97K","-1,43%"
"07.07.2020","55,800","55,000","58,000","53,000","1,05M","0,00%"
"06.07.2020","55,800","52,950","57,500","52,700","2,51M","12,73%"
"03.07.2020","49,500","49,900","50,950","48,700","214,78K","-0,40%"
"02.07.2020","49,700","51,650","53,500","48,000","259,18K","-1,58%"
"01.07.2020","50,500","49,000","50,950","48,000","254,21K","4,77%"
"30.06.2020","48,200","49,950","50,300","47,200","650,68K","-4,55%"
"29.06.2020","50,500","52,250","53,800","49,750","689,83K","-1,17%"
"26.06.2020","51,100","53,750","53,800","50,200","500,45K","-6,75%"
"25.06.2020","54,800","52,000","54,800","51,450","854,72K","10,26%"
"24.06.2020","49,700","50,600","52,000","49,200","314,14K","-2,07%"
"23.06.2020","50,750","51,850","53,000","50,000","679,55K","-0,39%"
"22.06.2020","50,950","53,000","53,000","48,000","452,29K","-0,88%"
"19.06.2020","51,400","49,850","52,350","48,600","1,76M","7,53%"
"18.06.2020","47,800","52,500","52,500","46,750","1,86M","-10,57%"
"17.06.2020","53,450","57,000","57,000","52,650","548,18K","-5,73%"
"16.06.2020","56,700","60,000","60,600","55,900","599,04K","-3,08%"
"12.06.2020","58,500","59,000","60,300","54,700","804,88K","2,63%"
"11.06.2020","57,000","62,500","62,500","55,400","1,11M","-9,31%"
"10.06.2020","62,850","63,000","66,100","59,500","906,78K","-0,79%"
"09.06.2020","63,350","64,500","66,000","62,000","1,06M","-5,94%"
"08.06.2020","67,350","63,000","69,000","63,000","1,36M","8,54%"
"05.06.2020","62,050","62,000","62,800","60,050","936,04K","3,76%"
"04.06.2020","59,800","60,550","61,500","58,500","1,00M","-1,16%"
"03.06.2020","60,500","56,000","61,900","56,000","1,24M","9,01%"
"02.06.2020","55,500","52,150","57,100","52,150","990,30K","7,77%"
"01.06.2020","51,500","50,000","52,200","49,500","768,64K","8,19%"
"29.05.2020","47,600","48,100","51,900","47,000","509,15K","-4,80%"
"28.05.2020","50,000","53,700","53,800","49,000","627,25K","-6,02%"
"27.05.2020","53,200","56,000","56,050","53,050","545,44K","-6,17%"
"26.05.2020","56,700","57,000","59,500","55,150","875,65K","0,35%"
"22.05.2020","56,500","53,600","57,200","52,300","1,03M","3,96%"
"21.05.2020","54,350","53,600","55,350","51,500","874,61K","2,74%"
"20.05.2020","52,900","50,150","53,400","49,000","485,70K","7,74%"
"19.05.2020","49,100","50,000","50,800","48,900","119,06K","-3,44%"
"18.05.2020","50,850","50,600","51,300","49,200","375,89K","3,78%"
"15.05.2020","49,000","50,000","51,600","47,250","911,42K","1,14%"
"14.05.2020","48,450","46,000","49,200","45,400","499,07K","3,09%"
"13.05.2020","47,000","47,500","48,900","45,000","560,18K","-4,86%"
"12.05.2020","49,400","49,100","53,850","48,900","1,55M","1,65%"
"11.05.2020","48,600","42,900","50,000","42,000","992,63K","10,45%"
"08.05.2020","44,000","44,600","45,250","42,600","1,37M","1,38%"
"07.05.2020","43,400","39,200","45,000","38,600","1,27M","12,73%"
"06.05.2020","38,500","36,800","39,750","36,300","511,02K","3,49%"
"05.05.2020","37,200","37,900","39,000","36,400","451,50K","0,95%"
"04.05.2020","36,850","36,900","37,000","34,750","324,93K","-1,21%"
"30.04.2020","37,300","38,600","39,250","36,500","250,48K","-3,12%"
"29.04.2020","38,500","38,800","40,000","37,000","730,77K","4,05%"
"28.04.2020","37,000","34,350","37,250","34,350","1,22M","12,12%"
"27.04.2020","33,000","33,400","33,400","31,300","662,68K","1,85%"
"24.04.2020","32,400","33,700","33,700","31,150","290,89K","-4,42%"
"23.04.2020","33,900","34,500","35,550","33,100","147,02K","-2,31%"
"22.04.2020","34,700","35,350","35,950","34,200","204,00K","-1,70%"
"21.04.2020","35,300","37,500","37,500","34,800","234,69K","-2,08%"
"20.04.2020","36,050","35,000","36,700","33,250","481,36K","6,03%"
"17.04.2020","34,000","35,250","36,000","33,500","330,79K","-3,41%"
"16.04.2020","35,200","35,900","37,000","33,000","768,00K","-2,63%"
"15.04.2020","36,150","33,750","36,950","32,000","1,17M","6,95%"
"14.04.2020","33,800","33,000","34,000","32,000","1,10M","7,99%"
"13.04.2020","31,300","30,200","32,000","28,900","304,09K","3,47%"
"08.04.2020","30,250","29,750","30,500","29,000","449,02K","5,58%"
"07.04.2020","28,650","30,900","31,000","28,350","741,14K","-3,54%"
"06.04.2020","29,700","32,100","32,100","29,200","692,21K","-2,62%"
"03.04.2020","30,500","29,900","30,500","29,200","473,01K","2,35%"
"02.04.2020","29,800","28,300","30,000","28,300","407,16K","1,19%"
"01.04.2020","29,450","27,950","29,450","26,850","1,01M","2,97%"
"30.03.2020","28,600","27,700","28,900","27,000","156,98K","2,14%"
"27.03.2020","28,000","29,000","29,000","27,900","252,04K","-9,39%"
"26.03.2020","30,900","32,150","33,850","29,500","496,91K","-0,80%"
"25.03.2020","31,150","30,000","31,800","28,850","903,66K","11,45%"
"20.03.2020","27,950","28,500","31,400","27,500","656,41K","0,36%"
"19.03.2020","27,850","25,200","27,850","25,200","610,11K","10,08%"
"18.03.2020","25,300","27,150","27,900","25,000","819,01K","-11,23%"
"17.03.2020","28,500","27,000","29,300","26,000","1,24M","5,56%"
"16.03.2020","27,000","26,800","30,000","25,400","1,08M","-10,00%"
"13.03.2020","30,000","29,900","30,750","27,000","1,63M","4,53%"
"12.03.2020","28,700","33,400","33,400","27,800","2,55M","-19,72%"
"11.03.2020","35,750","38,400","39,000","35,300","336,71K","-8,10%"
"10.03.2020","38,900","39,000","39,800","36,900","960,84K","6,43%"
"09.03.2020","36,550","39,000","39,600","36,100","774,31K","-15,78%"
"06.03.2020","43,400","44,900","44,900","43,200","265,78K","-4,93%"
"05.03.2020","45,650","46,000","46,000","44,700","194,43K","-1,51%"
"04.03.2020","46,350","45,850","46,500","45,050","265,92K","3,46%"
"03.03.2020","44,800","46,000","47,500","44,400","763,21K","-3,03%"
"02.03.2020","46,200","45,000","46,900","43,900","311,92K","2,67%"
"28.02.2020","45,000","45,000","45,000","43,050","227,15K","-0,66%"
"27.02.2020","45,300","46,400","46,400","43,000","624,46K","-2,79%"
"26.02.2020","46,600","47,400","47,550","45,650","689,78K","-6,71%"
"21.02.2020","49,950","50,050","51,500","48,300","262,67K","-0,20%"
"20.02.2020","50,050","47,800","50,650","47,800","438,57K","5,04%"
"19.02.2020","47,650","47,500","49,300","47,500","154,48K","0,32%"
"18.02.2020","47,500","48,750","48,850","46,700","231,79K","-3,65%"
"17.02.2020","49,300","48,950","49,800","48,000","84,26K","0,61%"
"14.02.2020","49,000","48,250","49,450","47,500","398,43K","2,08%"
"13.02.2020","48,000","50,000","50,000","47,000","549,69K","-5,14%"
"12.02.2020","50,600","50,500","51,600","49,550","142,80K","0,40%"
"11.02.2020","50,400","52,450","52,800","49,700","334,91K","-4,91%"
"10.02.2020","53,000","53,500","54,450","52,500","49,75K","-0,66%"
"07.02.2020","53,350","52,550","54,600","52,550","154,81K","-0,09%"
"06.02.2020","53,400","54,250","54,400","52,700","86,55K","-1,39%"
"05.02.2020","54,150","53,650","54,150","52,700","122,59K","0,84%"
"04.02.2020","53,700","53,500","56,050","49,000","662,56K","0,37%"
"03.02.2020","53,500","50,950","53,600","50,700","529,31K","6,57%"
"31.01.2020","50,200","51,000","51,800","49,250","245,26K","-1,38%"
"30.01.2020","50,900","51,100","51,500","49,250","493,55K","0,59%"
"29.01.2020","50,600","52,050","53,500","50,600","651,46K","-2,88%"
"28.01.2020","52,100","49,500","52,400","49,500","546,57K","5,25%"
"27.01.2020","49,500","50,450","50,450","48,000","751,50K","-3,32%"
"24.01.2020","51,200","52,800","53,100","50,000","1,25M","-2,85%"
"23.01.2020","52,700","53,850","53,850","52,050","430,08K","-2,32%"
"22.01.2020","53,950","52,950","54,050","51,500","845,97K","-0,09%"
"21.01.2020","54,000","55,650","56,000","52,750","520,94K","-3,05%"
"20.01.2020","55,700","54,400","56,200","54,250","247,65K","2,67%"
"17.01.2020","54,250","56,000","56,300","54,100","554,04K","-1,36%"
"16.01.2020","55,000","53,100","55,400","53,100","846,11K","3,77%"
"15.01.2020","53,000","55,450","56,500","52,600","698,94K","-4,59%"
"14.01.2020","55,550","57,300","57,300","54,300","585,60K","-4,06%"
"13.01.2020","57,900","59,500","60,650","57,000","743,71K","-3,42%"
"10.01.2020","59,950","58,000","60,450","56,950","757,46K","4,17%"
"09.01.2020","57,550","54,450","57,800","53,100","730,88K","6,28%"
"08.01.2020","54,150","54,400","55,250","53,000","375,85K","-0,46%"
"07.01.2020","54,400","56,800","58,000","53,700","547,98K","-4,14%"
"06.01.2020","56,750","54,400","56,750","53,500","277,16K","4,32%"
"03.01.2020","54,400","55,000","55,000","51,900","397,66K","-1,09%"
"02.01.2020","55,000","56,500","58,400","53,650","487,05K","-3,17%"
"30.12.2019","56,800","58,050","60,100","54,500","463,17K","-2,24%"
"27.12.2019","58,100","60,000","62,000","56,300","714,34K","-1,61%"
"26.12.2019","59,050","54,050","60,900","53,150","1,27M","13,23%"
"23.12.2019","52,150","48,500","52,800","46,300","1,40M","10,72%"
"20.12.2019","47,100","48,000","49,000","47,100","300,91K","-0,84%"
"19.12.2019","47,500","47,100","49,500","47,100","371,26K","1,28%"
"18.12.2019","46,900","46,500","49,200","46,150","605,25K","0,00%"
"17.12.2019","46,900","47,000","47,450","45,000","644,30K","0,00%"
"16.12.2019","46,900","45,900","48,000","45,900","738,01K","2,18%"
"13.12.2019","45,900","44,200","47,150","43,300","702,35K","5,03%"
"12.12.2019","43,700","43,100","43,700","42,200","236,91K","2,82%"
"11.12.2019","42,500","42,500","43,900","40,550","302,78K","1,67%"
"10.12.2019","41,800","45,400","45,400","41,800","442,32K","-7,93%"
"09.12.2019","45,400","44,750","46,700","44,100","660,26K","1,45%"
"06.12.2019","44,750","43,600","45,100","43,250","615,21K","3,11%"
"05.12.2019","43,400","43,300","43,450","41,600","689,06K","0,93%"
"04.12.2019","43,000","40,600","43,000","40,200","362,61K","7,50%"
"03.12.2019","40,000","40,950","41,500","39,450","318,25K","-2,20%"
"02.12.2019","40,900","42,550","43,250","40,250","209,64K","-4,44%"
"29.11.2019","42,800","43,600","43,600","42,150","146,17K","-1,83%"
"28.11.2019","43,600","43,050","43,600","42,300","151,27K","1,87%"
"27.11.2019","42,800","40,200","42,900","40,200","281,71K","8,35%"
"26.11.2019","39,500","41,300","42,000","39,000","251,68K","-4,36%"
"25.11.2019","41,300","41,500","43,050","41,200","102,10K","-0,24%"
"22.11.2019","41,400","41,150","43,200","40,600","274,39K","-1,31%"
"21.11.2019","41,950","42,900","43,500","41,600","100,79K","-0,12%"
"20.11.2019","42,000","40,200","43,000","40,200","415,00K","4,87%"
"19.11.2019","40,050","38,000","41,000","36,050","393,74K","5,12%"
"15.11.2019","38,100","37,400","39,900","35,550","746,03K","1,87%"
"14.11.2019","37,400","38,250","39,750","36,000","505,82K","-3,61%"
"13.11.2019","38,800","40,600","42,000","37,800","492,11K","-3,00%"
"12.11.2019","40,000","42,100","43,000","39,600","437,80K","-4,31%"
"11.11.2019","41,800","43,200","44,400","41,600","372,97K","-2,79%"
"08.11.2019","43,000","47,450","47,450","43,000","307,08K","-8,12%"
"07.11.2019","46,800","46,950","48,500","46,300","258,49K","-0,11%"
"06.11.2019","46,850","49,400","49,700","46,300","323,46K","-4,78%"
"05.11.2019","49,200","47,200","49,400","46,100","1,25M","5,24%"
"04.11.2019","46,750","43,600","47,250","43,600","1,15M","7,72%"
"01.11.2019","43,400","43,700","45,000","43,000","248,45K","1,40%"
"31.10.2019","42,800","42,900","44,000","41,800","360,22K","0,00%"
"30.10.2019","42,800","41,000","43,000","40,100","315,86K","5,16%"
"29.10.2019","40,700","42,000","43,700","40,550","231,07K","-3,78%"
"28.10.2019","42,300","45,000","48,850","41,000","832,73K","-4,30%"
"25.10.2019","44,200","43,600","46,300","43,000","1,14M","1,61%"
"24.10.2019","43,500","42,000","45,000","41,750","458,71K","2,35%"
"23.10.2019","42,500","43,000","43,900","41,050","849,10K","-1,16%"
"22.10.2019","43,000","43,000","44,050","43,000","758,37K","0,00%"
"21.10.2019","43,000","41,900","43,300","41,500","1,00M","1,30%"
"18.10.2019","42,450","43,000","43,600","42,000","644,94K","-0,82%"
"17.10.2019","42,800","42,000","43,700","41,300","317,41K","1,90%"
"16.10.2019","42,000","41,800","43,100","41,300","229,77K","1,69%"
"15.10.2019","41,300","43,000","43,800","41,300","248,79K","-3,95%"
"11.10.2019","43,000","44,100","44,950","42,850","877,10K","-2,38%"
"10.10.2019","44,050","40,800","44,150","40,800","682,35K","5,64%"
"09.10.2019","41,700","40,950","42,000","39,900","166,36K","2,46%"
"08.10.2019","40,700","42,400","42,450","40,700","276,44K","-4,01%"
"07.10.2019","42,400","42,300","44,650","42,300","1,26M","0,00%"
"04.10.2019","42,400","40,100","42,400","39,650","582,03K","5,21%"
"03.10.2019","40,300","41,550","41,950","39,850","193,40K","-3,12%"
"02.10.2019","41,600","41,450","42,450","40,000","343,92K","1,71%"
"01.10.2019","40,900","41,000","41,500","40,050","826,58K","-0,12%"
"30.09.2019","40,950","39,450","40,950","38,500","420,61K","2,38%"
"27.09.2019","40,000","39,550","40,600","38,200","1,51M","5,96%"
"26.09.2019","37,750","37,000","39,500","36,800","1,05M","2,58%"
"25.09.2019","36,800","36,100","37,400","35,500","904,07K","1,94%"
"24.09.2019","36,100","38,500","38,500","35,500","569,13K","-5,50%"
"23.09.2019","38,200","39,850","39,850","37,500","464,73K","-5,68%"
"20.09.2019","40,500","42,000","42,000","39,800","168,79K","-0,98%"
"19.09.2019","40,900","39,700","41,900","39,000","386,13K","0,37%"
"18.09.2019","40,750","40,850","40,850","39,350","428,43K","-0,61%"
"17.09.2019","41,000","40,750","41,200","39,600","659,24K","0,00%"
"16.09.2019","41,000","41,700","43,500","40,000","517,60K","-1,68%"
"13.09.2019","41,700","41,850","43,600","41,600","1,21M","0,24%"
"12.09.2019","41,600","41,950","43,000","40,550","932,01K","-2,69%"
"11.09.2019","42,750","40,600","42,900","40,600","502,01K","2,15%"
"10.09.2019","41,850","40,600","42,000","40,500","525,52K","2,07%"
"09.09.2019","41,000","41,700","44,000","38,250","643,01K","1,99%"
"06.09.2019","40,200","41,000","41,400","39,000","1,14M","4,55%"
"05.09.2019","38,450","35,050","38,550","34,800","1,37M","16,52%"
"04.09.2019","33,000","28,600","34,000","28,500","1,29M","14,98%"
"03.09.2019","28,700","32,300","32,300","27,200","646,43K","-10,17%"
"02.09.2019","31,950","29,900","32,200","29,850","315,94K","6,50%"
"30.08.2019","30,000","32,400","32,600","30,000","1,22M","-3,23%"
"29.08.2019","31,000","32,900","34,700","30,600","1,44M","-11,43%"
"28.08.2019","35,000","34,000","35,500","33,500","1,57M","7,20%"
"27.08.2019","32,650","35,100","35,750","32,100","3,27M","-10,55%"
"26.08.2019","36,500","37,450","37,800","35,350","572,76K","-1,48%"
"23.08.2019","37,050","39,500","39,550","36,600","1,13M","-5,84%"
"22.08.2019","39,350","39,500","40,500","39,300","983,72K","0,13%"
"21.08.2019","39,300","39,000","39,500","38,100","615,05K","4,24%"
"20.08.2019","37,700","40,000","40,950","37,100","2,99M","-15,57%"
"16.08.2019","44,650","49,100","52,000","44,600","1,61M","-2,51%"
"15.08.2019","45,800","42,700","46,850","41,500","2,35M","11,44%"
"14.08.2019","41,100","42,200","43,450","38,550","1,50M","-1,91%"
"13.08.2019","41,900","40,700","42,000","37,250","2,74M","8,83%"
"12.08.2019","38,500","48,000","48,000","35,000","3,71M","-44,64%"
"09.08.2019","69,550","64,800","70,300","64,800","1,79M","7,50%"
"08.08.2019","64,700","65,700","66,700","64,000","1,09M","-0,84%"
"07.08.2019","65,250","65,000","66,400","64,400","671,42K","-1,51%"
"06.08.2019","66,250","67,800","68,350","65,000","924,33K","-1,63%"
"05.08.2019","67,350","65,900","67,800","65,300","542,13K","0,07%"
"02.08.2019","67,300","64,500","67,500","63,200","875,66K","3,06%"
"01.08.2019","65,300","68,500","68,750","64,550","885,10K","-4,25%"
"31.07.2019","68,200","69,000","69,000","66,550","950,67K","0,96%"
"30.07.2019","67,550","67,000","68,300","66,500","397,13K","-0,66%"
"29.07.2019","68,000","66,100","69,450","64,850","1,05M","2,10%"
"26.07.2019","66,600","62,350","67,000","62,350","1,58M","7,42%"
"25.07.2019","62,000","61,600","63,000","60,200","566,08K","0,57%"
"24.07.2019","61,650","60,000","62,500","60,000","618,35K","1,90%"
"23.07.2019","60,500","61,200","62,000","59,000","2,03M","-0,82%"
"22.07.2019","61,000","61,650","62,800","60,800","1,17M","-5,28%"
"19.07.2019","64,400","67,000","67,200","63,900","1,37M","-3,30%"
"18.07.2019","66,600","68,800","69,550","65,150","1,51M","-3,20%"
"17.07.2019","68,800","68,000","70,700","68,000","954,18K","1,55%"
"16.07.2019","67,750","66,800","69,300","66,800","924,91K","1,42%"
"15.07.2019","66,800","68,900","69,400","66,400","981,39K","-3,40%"
"12.07.2019","69,150","70,450","70,950","69,100","1,05M","-1,21%"
"11.07.2019","70,000","71,950","72,850","69,750","1,45M","-1,82%"
"10.07.2019","71,300","72,000","72,600","70,300","1,95M","2,66%"
"05.07.2019","69,450","68,750","70,000","68,250","742,43K","-0,79%"
"04.07.2019","70,000","69,950","70,000","68,500","293,57K","0,72%"
"03.07.2019","69,500","69,550","69,950","67,900","910,23K","0,43%"
"02.07.2019","69,200","66,400","69,550","65,550","1,76M","3,90%"
"01.07.2019","66,600","68,000","69,550","66,150","1,01M","-0,97%"
"28.06.2019","67,250","64,450","67,500","64,000","972,80K","6,07%"
"27.06.2019","63,400","61,000","63,600","60,950","881,65K","3,76%"
"26.06.2019","61,100","63,000","64,200","60,500","1,04M","-2,55%"
"25.06.2019","62,700","63,150","63,500","62,000","1,75M","-0,71%"
"24.06.2019","63,150","62,400","63,350","61,650","1,33M","1,36%"
"21.06.2019","62,300","62,200","63,800","62,100","789,56K","2,47%"
"19.06.2019","60,800","64,800","65,500","60,500","745,72K","-5,30%"
"18.06.2019","64,200","65,600","66,900","64,200","623,97K","-1,98%"
"14.06.2019","65,500","67,000","67,150","64,800","1,48M","-2,53%"
"13.06.2019","67,200","65,950","69,300","64,000","1,20M","-1,32%"
"12.06.2019","68,100","68,200","71,500","67,000","2,90M","6,41%"
"11.06.2019","64,000","58,000","64,000","57,150","1,80M","13,68%"
"10.06.2019","56,300","54,350","56,600","54,350","903,36K","3,87%"
"07.06.2019","54,200","56,000","56,050","54,000","888,69K","-3,13%"
"06.06.2019","55,950","55,400","56,200","54,500","696,75K","-0,09%"
"05.06.2019","56,000","55,000","56,250","53,800","874,64K","2,94%"
"04.06.2019","54,400","51,500","54,450","50,150","645,56K","6,88%"
"03.06.2019","50,900","52,200","52,750","50,050","517,73K","-3,42%"
"31.05.2019","52,700","53,300","55,400","52,250","712,60K","-1,22%"
"30.05.2019","53,350","54,700","55,700","53,300","1,04M","-1,39%"
"29.05.2019","54,100","53,000","54,100","50,800","809,69K","1,41%"
"28.05.2019","53,350","53,400","54,800","52,850","1,42M","-0,56%"
"27.05.2019","53,650","53,100","53,900","52,350","228,02K","2,39%"
"24.05.2019","52,400","52,500","53,700","52,000","389,65K","0,29%"
"23.05.2019","52,250","53,100","53,950","51,600","256,18K","-1,23%"
"22.05.2019","52,900","55,000","55,000","52,900","442,70K","-3,82%"
"21.05.2019","55,000","51,500","55,350","51,000","1,14M","10,33%"
"20.05.2019","49,850","48,750","49,850","47,050","335,19K","2,36%"
"17.05.2019","48,700","50,800","50,800","48,650","425,56K","-4,42%"
"16.05.2019","50,950","51,000","51,400","50,000","609,07K","2,52%"
"15.05.2019","49,700","48,900","49,750","48,000","335,84K","5,19%"
"14.05.2019","47,250","47,950","48,700","46,500","577,50K","0,43%"
"13.05.2019","47,050","47,800","49,000","46,500","417,52K","-3,49%"
"10.05.2019","48,750","51,000","51,700","48,300","862,35K","-2,11%"
"09.05.2019","49,800","49,450","51,250","48,700","796,26K","-0,40%"
"08.05.2019","50,000","49,000","50,900","49,000","1,19M","2,25%"
"07.05.2019","48,900","50,500","50,500","48,550","1,30M","-5,69%"
"06.05.2019","51,850","50,650","52,750","49,800","847,87K","0,48%"
"03.05.2019","51,600","49,900","51,800","49,000","1,11M","7,50%"
"02.05.2019","48,000","47,000","48,250","46,050","1,41M","7,14%"
"30.04.2019","44,800","45,350","45,800","44,150","633,69K","-0,44%"
"29.04.2019","45,000","45,950","46,900","44,850","591,84K","-4,15%"
"26.04.2019","46,950","48,550","48,900","45,700","806,27K","-0,74%"
"25.04.2019","47,300","41,300","47,500","40,500","1,77M","6,05%"
"24.04.2019","44,600","47,000","47,000","44,000","1,05M","-6,79%"
"23.04.2019","47,850","48,150","50,200","47,850","696,09K","0,31%"
"22.04.2019","47,700","49,800","49,900","47,500","771,23K","-7,83%"
"17.04.2019","51,750","51,150","52,800","50,700","869,73K","1,07%"
"16.04.2019","51,200","52,950","53,000","51,000","388,88K","0,00%"
"15.04.2019","51,200","50,400","51,700","50,000","556,92K","1,59%"
"12.04.2019","50,400","51,650","52,100","49,700","1,04M","-1,95%"
"11.04.2019","51,400","51,000","51,550","49,500","1,26M","0,10%"
"10.04.2019","51,350","52,700","52,750","50,800","1,28M","-1,34%"
"09.04.2019","52,050","54,500","54,500","50,350","1,61M","-6,22%"
"08.04.2019","55,500","54,100","55,900","53,450","978,84K","5,51%"
"05.04.2019","52,600","50,900","53,950","50,900","855,53K","3,54%"
"04.04.2019","50,800","50,000","51,700","50,000","585,94K","2,42%"
"03.04.2019","49,600","53,000","53,000","49,200","689,00K","-5,43%"
"01.04.2019","52,450","53,000","56,000","52,400","547,15K","-1,04%"
"29.03.2019","53,000","54,500","55,000","52,750","1,06M","-0,93%"
"28.03.2019","53,500","54,000","54,500","52,550","550,31K","0,28%"
"27.03.2019","53,350","52,000","53,950","51,000","953,83K","0,09%"
"26.03.2019","53,300","56,400","57,300","53,200","1,35M","-4,14%"
"25.03.2019","55,600","56,100","57,500","55,000","1,45M","0,63%"
"22.03.2019","55,250","57,500","58,200","54,900","1,36M","-5,56%"
"21.03.2019","58,500","61,000","61,500","58,500","678,36K","-2,90%"
"20.03.2019","60,250","61,700","62,400","59,900","1,09M","-1,87%"
"19.03.2019","61,400","66,000","66,450","60,650","1,70M","-4,21%"
"18.03.2019","64,100","62,900","64,450","61,700","636,81K","5,08%"
"15.03.2019","61,000","61,000","62,600","60,100","1,33M","1,75%"
"14.03.2019","59,950","61,550","61,900","59,150","362,86K","-2,52%"
"13.03.2019","61,500","62,300","63,700","61,050","848,41K","-0,97%"
"12.03.2019","62,100","63,600","63,700","61,650","794,75K","-1,19%"
"11.03.2019","62,850","65,500","66,000","62,050","935,88K","-1,02%"
"08.03.2019","63,500","63,900","66,600","61,550","886,60K","-0,55%"
"07.03.2019","63,850","61,650","65,500","60,500","1,22M","3,82%"
"06.03.2019","61,500","67,000","67,000","61,300","1,36M","-8,55%"
"01.03.2019","67,250","71,000","71,750","65,500","2,61M","-2,75%"
"28.02.2019","69,150","73,000","73,000","68,700","1,08M","-5,27%"
"27.02.2019","73,000","77,000","77,000","72,050","860,09K","-4,20%"
"26.02.2019","76,200","75,000","76,200","73,800","482,65K","0,73%"
"25.02.2019","75,650","79,150","80,450","75,000","1,09M","-3,51%"
"22.02.2019","78,400","75,000","78,400","75,000","1,45M","5,38%"
"21.02.2019","74,400","77,500","77,700","74,300","1,25M","-4,00%"
"20.02.2019","77,500","80,000","81,950","76,000","2,60M","-0,64%"
"19.02.2019","78,000","81,500","81,700","77,600","995,32K","-4,29%"
"18.02.2019","81,500","81,000","81,500","80,000","198,43K","0,00%"
"15.02.2019","81,500","82,000","82,700","80,100","213,38K","-0,37%"
"14.02.2019","81,800","81,750","82,700","79,500","423,30K","0,37%"
"13.02.2019","81,500","84,000","84,900","81,000","337,07K","-2,98%"
"12.02.2019","84,000","81,700","84,550","81,700","469,78K","3,07%"
"11.02.2019","81,500","82,450","83,850","81,200","394,44K","-1,03%"
"08.02.2019","82,350","79,050","82,500","78,050","757,62K","3,72%"
"07.02.2019","79,400","81,000","81,000","77,100","1,34M","-1,85%"
"06.02.2019","80,900","85,000","85,000","80,000","1,02M","-4,26%"
"05.02.2019","84,500","84,950","85,800","82,100","1,26M","0,48%"
"04.02.2019","84,100","80,000","84,700","79,900","1,55M","5,39%"
"01.02.2019","79,800","77,900","80,000","76,350","935,01K","2,31%"
"31.01.2019","78,000","77,550","79,400","75,800","1,57M","1,43%"
"30.01.2019","76,900","74,500","77,500","74,500","1,04M","3,36%"
"29.01.2019","74,400","72,750","74,400","71,500","497,88K","2,20%"
"28.01.2019","72,800","69,550","72,800","67,400","733,42K","4,75%"
"25.01.2019","69,500","70,300","71,500","69,300","421,37K","-1,00%"
"24.01.2019","70,200","70,100","71,800","69,750","617,95K","-0,07%"
"23.01.2019","70,250","69,150","70,850","68,150","448,85K","2,70%"
"22.01.2019","68,400","72,000","72,000","67,850","949,64K","-6,11%"
"21.01.2019","72,850","71,500","73,000","71,000","117,97K","1,96%"
"18.01.2019","71,450","70,500","72,200","69,300","559,08K","2,36%"
"17.01.2019","69,800","69,500","70,200","68,000","451,15K","-0,07%"
"16.01.2019","69,850","70,000","71,900","69,600","464,04K","0,36%"
"15.01.2019","69,600","71,600","71,600","68,500","402,94K","-1,42%"
"14.01.2019","70,600","71,300","71,750","70,100","199,61K","-0,84%"
"11.01.2019","71,200","71,350","71,600","69,700","619,42K","-0,21%"
"10.01.2019","71,350","68,800","71,400","68,000","1,03M","4,01%"
"09.01.2019","68,600","65,800","70,000","65,800","880,37K","4,26%"
"08.01.2019","65,800","67,300","68,800","64,200","423,98K","-2,08%"
"07.01.2019","67,200","66,000","69,200","65,900","1,01M","1,36%"
"04.01.2019","66,300","64,000","67,350","63,700","538,91K","4,91%"
"03.01.2019","63,200","64,500","64,500","62,550","252,02K","-2,09%"
"02.01.2019","64,550","63,050","65,600","63,050","366,01K","2,46%"