"Fecha","Último","Apertura","Máximo","Mínimo","Vol.","% var."
"30.06.2025","1.994.824,50","2.041.077,75","2.062.865,50","1.969.598,38","","-2,27%"
"27.06.2025","2.041.077,75","2.040.048,00","2.057.786,50","2.027.352,38","","0,10%"
"26.06.2025","2.038.948,50","2.024.392,63","2.066.813,38","2.024.392,63","","0,72%"
"25.06.2025","2.024.392,63","2.064.904,00","2.064.904,00","2.019.684,63","","-1,95%"
"24.06.2025","2.064.589,50","1.977.115,88","2.074.376,63","1.977.115,88","","4,42%"
"23.06.2025","1.977.115,88","2.064.098,63","2.064.098,63","1.953.993,13","","-4,21%"
"19.06.2025","2.064.098,63","2.050.983,25","2.068.735,75","2.041.574,00","","0,64%"
"18.06.2025","2.050.983,25","2.072.440,25","2.087.596,25","2.047.045,00","","-1,04%"
"17.06.2025","2.072.440,25","2.127.156,25","2.127.156,25","2.058.978,63","","-2,57%"
"13.06.2025","2.127.156,25","2.187.671,00","2.193.360,00","2.103.951,50","","-2,77%"
"12.06.2025","2.187.671,00","2.171.272,50","2.212.832,75","2.171.272,50","","0,76%"
"11.06.2025","2.171.272,50","2.202.667,25","2.206.352,50","2.159.664,25","","-1,43%"
"10.06.2025","2.202.667,25","2.111.197,00","2.218.180,50","2.111.197,00","","4,33%"
"09.06.2025","2.111.197,00","2.156.778,50","2.156.778,50","2.109.184,25","","-2,11%"
"06.06.2025","2.156.778,50","2.124.156,00","2.176.386,00","2.102.591,00","","1,54%"
"05.06.2025","2.124.156,00","2.130.736,25","2.157.326,50","2.115.655,25","","-0,13%"
"04.06.2025","2.126.915,25","2.224.638,00","2.224.638,00","2.124.306,50","","-4,39%"
"03.06.2025","2.224.638,00","2.206.291,25","2.250.237,00","2.181.587,00","","0,83%"
"02.06.2025","2.206.291,25","2.278.991,50","2.283.472,75","2.202.360,00","","-3,19%"
"30.05.2025","2.278.991,50","2.306.995,00","2.314.949,25","2.269.200,00","","-1,26%"
"29.05.2025","2.308.055,75","2.344.329,50","2.345.531,25","2.296.662,75","","-1,55%"
"28.05.2025","2.344.329,50","2.355.098,25","2.368.473,00","2.266.195,75","","-0,46%"
"27.05.2025","2.355.098,25","2.370.800,00","2.381.051,50","2.343.522,75","","-0,66%"
"26.05.2025","2.370.800,00","2.345.902,25","2.384.067,25","2.345.902,25","","1,06%"
"23.05.2025","2.345.902,25","2.314.897,00","2.352.614,25","2.281.486,50","","1,34%"
"22.05.2025","2.314.897,00","2.319.548,50","2.358.258,00","2.308.351,50","","-0,20%"
"21.05.2025","2.319.548,50","2.378.464,00","2.400.650,00","2.310.191,00","","-2,48%"
"20.05.2025","2.378.464,00","2.369.505,25","2.399.812,00","2.346.820,50","","0,38%"
"19.05.2025","2.369.505,25","2.318.360,00","2.409.196,50","2.318.360,00","","2,21%"
"16.05.2025","2.318.360,00","2.298.473,00","2.321.689,25","2.279.256,00","","0,87%"
"15.05.2025","2.298.473,00","2.301.643,25","2.312.954,50","2.236.044,50","","-0,14%"
"14.05.2025","2.301.643,25","2.288.844,50","2.313.283,50","2.246.657,50","","0,71%"
"13.05.2025","2.285.483,25","2.230.394,75","2.292.720,75","2.214.326,00","","2,47%"
"12.05.2025","2.230.394,75","2.114.588,25","2.233.645,75","2.114.588,25","","5,49%"
"09.05.2025","2.114.385,50","2.064.360,50","2.140.598,50","2.063.754,50","","2,55%"
"08.05.2025","2.061.722,25","2.059.914,88","2.085.691,25","2.028.065,63","","0,09%"
"07.05.2025","2.059.914,88","2.129.994,50","2.132.278,50","2.055.401,50","","-3,29%"
"06.05.2025","2.129.994,50","2.059.931,63","2.134.997,00","2.059.931,63","","3,40%"
"05.05.2025","2.059.931,63","2.100.843,75","2.100.843,75","2.032.467,75","","-1,95%"
"30.04.2025","2.100.843,75","2.158.847,75","2.158.847,75","2.097.529,50","","-2,69%"
"29.04.2025","2.158.847,75","2.180.826,00","2.199.193,75","2.154.901,00","","-0,94%"
"28.04.2025","2.179.248,75","2.225.242,75","2.242.754,25","2.151.094,75","","-2,07%"
"25.04.2025","2.225.242,75","2.232.745,25","2.257.678,75","2.218.006,75","","-0,34%"
"24.04.2025","2.232.745,25","2.239.402,00","2.331.504,25","2.229.411,25","","-0,30%"
"23.04.2025","2.239.402,00","2.163.891,00","2.283.593,50","2.163.891,00","","3,49%"
"22.04.2025","2.163.891,00","2.045.707,38","2.168.086,25","2.045.707,38","","5,78%"
"21.04.2025","2.045.707,38","2.177.975,00","2.177.975,00","2.025.142,38","","-6,07%"
"16.04.2025","2.177.975,00","2.284.279,50","2.304.230,25","2.168.124,25","","-4,65%"
"15.04.2025","2.284.279,50","2.364.950,00","2.368.527,25","2.275.243,50","","-3,41%"
"14.04.2025","2.364.950,00","2.248.803,00","2.364.950,00","2.364.950,00","","5,16%"
"11.04.2025","2.248.803,00","2.111.490,25","2.279.363,00","2.111.490,25","","6,50%"
"10.04.2025","2.111.490,25","2.171.403,75","2.171.403,75","2.027.434,75","","-3,30%"
"09.04.2025","2.183.577,00","1.990.621,25","2.195.636,75","1.889.591,38","","9,69%"
"08.04.2025","1.990.621,25","2.025.967,25","2.129.441,00","1.978.887,13","","-1,74%"
"07.04.2025","2.025.967,25","2.107.816,00","2.132.317,25","2.016.504,75","","-3,88%"
"04.04.2025","2.107.816,00","2.275.658,75","2.275.658,75","2.032.460,13","","-7,38%"
"03.04.2025","2.275.658,75","2.356.530,75","2.356.530,75","2.267.109,50","","-3,43%"
"01.04.2025","2.356.530,75","2.338.760,75","2.389.697,00","2.332.453,75","","0,76%"
"31.03.2025","2.338.760,75","2.378.562,75","2.378.562,75","2.309.661,00","","-1,67%"
"28.03.2025","2.378.562,75","2.412.081,50","2.412.081,50","2.351.718,50","","-1,39%"
"27.03.2025","2.412.081,50","2.439.966,25","2.500.776,00","2.403.213,25","","-1,14%"
"26.03.2025","2.439.966,25","2.487.679,75","2.512.180,25","2.429.870,25","","-1,92%"
"25.03.2025","2.487.679,75","2.456.158,00","2.506.952,00","2.433.538,25","","2,22%"
"21.03.2025","2.433.538,25","2.361.583,00","2.435.857,75","2.353.465,75","","3,05%"
"20.03.2025","2.361.583,00","2.392.030,00","2.392.030,00","2.351.123,75","","-1,27%"
"19.03.2025","2.392.030,00","2.288.538,00","2.397.160,25","2.288.538,00","","4,52%"
"18.03.2025","2.288.538,00","2.346.305,50","2.346.305,50","2.270.953,50","","-2,46%"
"17.03.2025","2.346.305,50","2.335.574,75","2.374.727,50","2.330.971,00","","0,46%"
"14.03.2025","2.335.574,75","2.232.180,00","2.339.960,50","2.232.180,00","","4,63%"
"13.03.2025","2.232.180,00","2.272.936,75","2.285.402,50","2.226.945,50","","-1,79%"
"12.03.2025","2.272.936,75","2.159.499,75","2.287.574,50","2.159.499,75","","5,25%"
"11.03.2025","2.159.499,75","2.138.846,25","2.188.768,50","2.120.805,50","","0,97%"
"10.03.2025","2.138.846,25","2.262.289,25","2.262.289,25","2.105.937,00","","-5,46%"
"07.03.2025","2.262.289,25","2.270.181,25","2.305.675,25","2.192.900,75","","-0,35%"
"06.03.2025","2.270.181,25","2.290.050,00","2.327.823,00","2.253.707,00","","-0,87%"
"05.03.2025","2.290.050,00","2.205.800,50","2.295.600,50","2.184.495,50","","3,82%"
"28.02.2025","2.205.800,50","2.193.656,75","2.247.603,75","2.149.789,75","","0,55%"
"27.02.2025","2.193.656,75","2.275.036,75","2.312.079,75","2.180.986,75","","-3,58%"
"26.02.2025","2.275.036,75","2.282.898,75","2.320.068,00","2.266.840,50","","-0,34%"
"25.02.2025","2.282.898,75","2.348.398,50","2.363.828,50","2.252.324,25","","-2,79%"
"24.02.2025","2.348.398,50","2.364.529,50","2.408.913,00","2.317.817,25","","-0,68%"
"21.02.2025","2.364.529,50","2.410.221,00","2.457.126,50","2.361.563,25","","-1,90%"
"20.02.2025","2.410.221,00","2.401.579,75","2.414.498,25","2.357.637,50","","0,36%"
"19.02.2025","2.401.579,75","2.391.724,75","2.429.851,50","2.364.105,00","","0,41%"
"18.02.2025","2.391.724,75","2.254.188,75","2.406.999,50","2.254.188,75","","6,10%"
"17.02.2025","2.254.188,75","2.387.385,75","2.387.385,75","2.236.973,75","","-5,58%"
"14.02.2025","2.387.385,75","2.353.743,75","2.390.258,25","2.334.352,25","","1,43%"
"13.02.2025","2.353.743,75","2.285.846,50","2.366.143,25","2.285.846,50","","2,97%"
"12.02.2025","2.285.846,50","2.273.568,00","2.332.300,00","2.199.944,50","","0,54%"
"11.02.2025","2.273.568,00","2.391.367,50","2.405.362,00","2.254.926,75","","-4,93%"
"10.02.2025","2.391.367,50","2.416.381,75","2.462.059,00","2.386.597,50","","-1,04%"
"07.02.2025","2.416.381,75","2.503.483,50","2.541.171,00","2.396.452,50","","-3,48%"
"06.02.2025","2.503.483,50","2.477.714,00","2.527.850,00","2.476.905,25","","1,04%"
"05.02.2025","2.477.714,00","2.523.647,00","2.534.768,50","2.475.953,75","","-1,82%"
"04.02.2025","2.523.647,00","2.484.135,75","2.548.717,25","2.484.135,75","","1,59%"
"03.02.2025","2.484.135,75","2.564.659,00","2.564.659,00","2.448.946,25","","-3,14%"
"31.01.2025","2.564.659,00","2.599.328,50","2.622.881,50","2.554.535,25","","-1,33%"
"30.01.2025","2.599.328,50","2.545.355,50","2.619.895,25","2.545.355,50","","2,12%"
"29.01.2025","2.545.355,50","2.435.628,75","2.549.697,00","2.430.901,00","","4,51%"
"28.01.2025","2.435.628,75","2.439.098,75","2.487.845,50","2.374.518,25","","-0,14%"
"27.01.2025","2.439.098,75","2.566.082,25","2.566.082,25","2.422.949,25","","-4,95%"
"24.01.2025","2.566.082,25","2.625.050,00","2.631.626,00","2.464.333,75","","-2,25%"
"23.01.2025","2.625.050,00","2.680.945,75","2.683.816,25","2.622.048,50","","-2,08%"
"22.01.2025","2.680.945,75","2.619.719,25","2.685.340,00","2.617.583,25","","2,34%"
"21.01.2025","2.619.719,25","2.536.837,50","2.627.515,50","2.520.830,00","","3,27%"
"20.01.2025","2.536.837,50","2.510.886,00","2.567.112,50","2.510.886,00","","1,03%"
"17.01.2025","2.510.886,00","2.629.377,00","2.660.213,50","2.503.740,75","","-4,51%"
"16.01.2025","2.629.377,00","2.704.473,75","2.720.523,00","2.624.423,50","","-2,78%"
"15.01.2025","2.704.473,75","2.733.273,25","2.791.871,50","2.680.348,25","","-1,05%"
"14.01.2025","2.733.273,25","2.655.178,50","2.762.831,00","2.655.178,50","","2,94%"
"13.01.2025","2.655.178,50","2.805.139,75","2.818.819,50","2.652.408,00","","-5,35%"
"10.01.2025","2.805.139,75","2.829.730,50","2.839.301,75","2.737.261,25","","-0,87%"
"09.01.2025","2.829.730,50","2.782.477,00","2.843.736,25","2.782.477,00","","1,70%"
"08.01.2025","2.782.477,00","2.822.174,50","2.831.309,25","2.710.328,00","","-1,41%"
"07.01.2025","2.822.174,50","2.801.220,75","2.867.774,50","2.765.217,25","","0,75%"
"06.01.2025","2.801.220,75","2.728.911,00","2.828.294,00","2.728.911,00","","2,65%"
"03.01.2025","2.728.911,00","2.695.646,50","2.758.795,00","2.643.759,50","","1,23%"
"02.01.2025","2.695.646,50","2.533.634,75","2.700.930,25","2.533.634,75","","6,39%"
"30.12.2024","2.533.634,75","2.577.689,25","2.588.510,50","2.517.965,75","","-1,70%"
"27.12.2024","2.577.545,75","2.597.388,50","2.624.817,75","2.543.698,75","","-0,76%"
"26.12.2024","2.597.388,50","2.551.020,50","2.618.536,50","2.549.444,00","","1,82%"
"24.12.2024","2.551.020,50","2.501.153,00","2.554.800,50","2.501.153,00","","1,99%"
"23.12.2024","2.501.153,00","2.467.562,00","2.521.789,25","2.436.293,50","","1,36%"
"20.12.2024","2.467.562,00","2.419.894,25","2.472.777,75","2.347.467,75","","1,97%"
"19.12.2024","2.419.894,25","2.521.016,50","2.548.100,25","2.416.286,00","","-4,01%"
"18.12.2024","2.521.016,50","2.592.200,50","2.680.484,50","2.517.160,00","","-2,75%"
"17.12.2024","2.592.200,50","2.543.202,00","2.605.895,25","2.543.202,00","","1,93%"
"16.12.2024","2.543.202,00","2.370.661,75","2.548.715,50","2.370.661,75","","7,28%"
"13.12.2024","2.370.661,75","2.304.089,50","2.374.600,00","2.304.089,50","","2,89%"
"12.12.2024","2.304.089,50","2.291.149,25","2.331.767,25","2.291.149,25","","0,56%"
"11.12.2024","2.291.149,25","2.201.245,75","2.294.153,00","2.188.247,50","","4,08%"
"10.12.2024","2.201.245,75","2.228.858,75","2.247.915,25","2.184.804,50","","-1,24%"
"09.12.2024","2.228.858,75","2.202.444,25","2.264.665,50","2.197.905,75","","1,20%"
"06.12.2024","2.202.444,25","2.211.583,00","2.246.868,75","2.159.529,75","","-0,41%"
"05.12.2024","2.211.583,00","2.216.277,75","2.250.505,00","2.197.153,50","","-0,21%"
"04.12.2024","2.216.277,75","2.303.990,00","2.306.929,00","2.201.825,00","","-3,81%"
"03.12.2024","2.303.990,00","2.299.129,25","2.326.958,50","2.270.154,50","","0,37%"
"02.12.2024","2.295.431,50","2.258.295,00","2.297.352,25","2.256.069,25","","1,64%"
"29.11.2024","2.258.295,00","2.230.803,25","2.264.234,75","2.209.296,50","","1,23%"
"28.11.2024","2.230.803,25","2.205.245,00","2.233.581,25","2.205.245,00","","1,16%"
"27.11.2024","2.205.245,00","2.252.266,25","2.268.004,50","2.190.555,50","","-2,09%"
"26.11.2024","2.252.266,25","2.218.551,00","2.268.221,00","2.192.630,00","","1,52%"
"25.11.2024","2.218.551,00","2.211.988,00","2.268.988,75","2.167.661,75","","0,30%"
"22.11.2024","2.211.988,00","2.140.096,25","2.224.281,50","2.133.546,75","","3,36%"
"21.11.2024","2.140.096,25","2.145.971,75","2.186.534,00","2.123.361,75","","-0,27%"
"20.11.2024","2.145.971,75","2.124.412,50","2.152.823,50","2.110.435,00","","1,01%"
"19.11.2024","2.124.412,50","2.066.915,25","2.186.763,50","2.066.915,25","","2,78%"
"15.11.2024","2.066.915,25","2.087.646,63","2.137.920,50","2.059.778,25","","-0,99%"
"14.11.2024","2.087.646,63","2.042.917,25","2.094.439,50","2.042.917,25","","2,21%"
"13.11.2024","2.042.551,00","2.012.040,88","2.049.780,38","2.012.040,88","","1,52%"
"12.11.2024","2.012.040,88","1.987.845,88","2.017.031,00","1.958.182,25","","1,22%"
"11.11.2024","1.987.845,88","1.964.487,25","1.991.097,75","1.918.412,50","","1,19%"
"08.11.2024","1.964.487,25","2.015.557,75","2.056.045,38","1.928.413,63","","-2,53%"
"07.11.2024","2.015.557,75","1.976.613,00","2.030.329,38","1.976.613,00","","1,97%"
"06.11.2024","1.976.613,00","1.931.281,13","2.016.579,25","1.931.281,13","","2,35%"
"05.11.2024","1.931.281,13","1.921.115,50","1.942.612,13","1.905.726,00","","0,64%"
"04.11.2024","1.919.066,00","1.879.878,63","1.926.470,75","1.875.846,88","","2,08%"
"01.11.2024","1.879.878,63","1.851.671,63","1.908.128,75","1.851.671,63","","1,68%"
"31.10.2024","1.848.744,25","1.837.535,25","1.857.857,88","1.815.359,88","","0,61%"
"30.10.2024","1.837.535,25","1.845.639,25","1.870.921,50","1.825.750,25","","-0,44%"
"29.10.2024","1.845.639,25","1.851.913,75","1.883.422,25","1.844.115,75","","-0,34%"
"28.10.2024","1.851.913,75","1.872.784,63","1.902.987,13","1.845.462,88","","-1,11%"
"25.10.2024","1.872.784,63","1.849.994,75","1.894.257,50","1.849.994,75","","1,23%"
"24.10.2024","1.849.994,75","1.774.318,63","1.852.322,13","1.774.318,63","","4,27%"
"23.10.2024","1.774.318,63","1.807.539,25","1.810.057,38","1.759.558,88","","-1,84%"
"22.10.2024","1.807.539,25","1.820.705,38","1.835.510,63","1.804.592,88","","-0,72%"
"21.10.2024","1.820.705,38","1.823.329,75","1.831.959,38","1.812.432,50","","-0,14%"
"18.10.2024","1.823.329,75","1.812.992,00","1.826.156,00","1.783.757,25","","1,21%"
"17.10.2024","1.801.603,88","1.776.060,50","1.815.012,00","1.776.060,50","","1,44%"
"16.10.2024","1.776.060,50","1.816.250,50","1.834.670,00","1.773.177,50","","-2,21%"
"15.10.2024","1.816.250,50","1.795.129,88","1.818.700,25","1.787.570,50","","0,66%"
"14.10.2024","1.804.414,63","1.782.989,13","1.821.031,75","1.782.989,13","","1,20%"
"10.10.2024","1.782.989,13","1.770.178,38","1.807.035,88","1.768.967,13","","0,62%"
"09.10.2024","1.771.932,75","1.731.369,63","1.784.035,13","1.712.817,50","","2,34%"
"08.10.2024","1.731.369,63","1.714.593,63","1.737.430,88","1.714.593,63","","0,98%"
"07.10.2024","1.714.593,63","1.756.514,50","1.756.514,50","1.707.203,00","","-2,39%"
"04.10.2024","1.756.514,50","1.755.386,75","1.761.412,13","1.747.132,38","","0,09%"
"03.10.2024","1.754.992,38","1.732.469,63","1.756.900,00","1.722.573,13","","2,32%"
"02.10.2024","1.715.159,00","1.728.761,13","1.737.196,75","1.714.442,38","","-0,79%"
"01.10.2024","1.728.761,13","1.697.400,63","1.737.279,38","1.682.138,63","","1,85%"
"30.09.2024","1.697.400,63","1.729.032,63","1.729.560,00","1.677.592,25","","-1,76%"
"27.09.2024","1.727.776,50","1.715.670,63","1.747.197,75","1.715.670,63","","0,71%"
"26.09.2024","1.715.670,63","1.744.131,25","1.752.747,63","1.708.071,75","","-1,63%"
"25.09.2024","1.744.131,25","1.775.998,88","1.776.550,25","1.741.543,13","","-1,72%"
"24.09.2024","1.774.667,88","1.786.631,00","1.794.436,50","1.772.829,13","","-0,87%"
"23.09.2024","1.790.228,13","1.830.022,88","1.832.215,13","1.776.949,88","","-1,79%"
"20.09.2024","1.822.928,25","1.847.053,13","1.847.053,13","1.807.284,38","","-1,31%"
"19.09.2024","1.847.053,13","1.850.108,38","1.855.025,88","1.830.303,25","","1,76%"
"18.09.2024","1.815.098,88","1.825.113,38","1.831.887,88","1.781.677,25","","0,10%"
"17.09.2024","1.813.298,00","1.812.872,38","1.823.468,13","1.792.757,00","","0,02%"
"16.09.2024","1.812.872,38","1.849.744,38","1.853.013,00","1.812.035,38","","-0,27%"
"13.09.2024","1.817.734,00","1.809.260,88","1.819.579,88","1.794.557,25","","1,55%"
"12.09.2024","1.790.058,13","1.781.581,25","1.800.382,25","1.772.260,13","","1,47%"
"11.09.2024","1.764.128,50","1.715.184,88","1.788.539,00","1.715.184,88","","2,85%"
"10.09.2024","1.715.184,88","1.738.555,75","1.738.555,75","1.677.387,63","","-1,34%"
"09.09.2024","1.738.555,75","1.721.668,00","1.764.707,25","1.721.668,00","","0,98%"
"06.09.2024","1.721.668,00","1.765.465,00","1.769.364,25","1.701.665,50","","-2,48%"
"05.09.2024","1.765.465,00","1.796.920,13","1.830.229,13","1.752.457,38","","-1,75%"
"04.09.2024","1.796.920,13","1.764.866,38","1.800.901,88","1.760.707,50","","3,55%"
"03.09.2024","1.735.253,00","1.754.832,88","1.764.848,13","1.708.713,00","","-1,12%"
"02.09.2024","1.754.832,88","1.738.182,00","1.765.447,50","1.729.829,75","","2,17%"
"30.08.2024","1.717.564,50","1.660.144,00","1.745.637,63","1.660.144,00","","3,46%"
"29.08.2024","1.660.144,00","1.642.571,75","1.670.453,75","1.637.386,13","","2,63%"
"28.08.2024","1.617.544,38","1.616.134,13","1.624.172,63","1.599.828,38","","0,09%"
"27.08.2024","1.616.134,13","1.600.141,00","1.616.693,25","1.596.518,25","","1,45%"
"26.08.2024","1.593.002,50","1.623.494,00","1.627.370,88","1.580.597,63","","-0,87%"
"23.08.2024","1.606.967,38","1.605.246,38","1.608.947,25","1.591.057,25","","1,87%"
"22.08.2024","1.577.419,88","1.605.521,38","1.607.515,75","1.573.811,25","","-2,69%"
"21.08.2024","1.621.075,63","1.647.483,25","1.649.223,75","1.617.149,25","","-2,30%"
"20.08.2024","1.659.274,75","1.657.074,63","1.677.953,63","1.639.853,25","","0,13%"
"19.08.2024","1.657.074,63","1.649.329,38","1.673.328,00","1.638.080,50","","0,47%"
"16.08.2024","1.649.329,38","1.643.875,00","1.669.219,25","1.643.875,00","","0,33%"
"15.08.2024","1.643.875,00","1.607.310,13","1.647.584,63","1.607.310,13","","2,27%"
"14.08.2024","1.607.310,13","1.591.696,88","1.629.039,63","1.591.291,13","","0,98%"
"13.08.2024","1.591.696,88","1.596.002,13","1.598.494,25","1.579.874,63","","0,18%"
"12.08.2024","1.588.905,13","1.598.983,25","1.601.180,25","1.570.315,25","","0,32%"
"09.08.2024","1.583.894,88","1.543.228,00","1.588.835,75","1.537.934,75","","3,50%"
"08.08.2024","1.530.365,75","1.452.160,75","1.534.603,88","1.452.160,75","","5,39%"
"07.08.2024","1.452.160,75","1.457.571,00","1.492.292,50","1.442.673,25","","-0,37%"
"06.08.2024","1.457.571,00","1.420.523,00","1.470.161,38","1.420.523,00","","2,61%"
"05.08.2024","1.420.523,00","1.342.914,00","1.433.969,00","1.339.085,88","","-0,89%"
"02.08.2024","1.433.349,88","1.445.903,00","1.459.448,75","1.431.667,13","","-4,46%"
"01.08.2024","1.500.216,50","1.511.449,13","1.512.220,00","1.475.570,75","","1,24%"
"31.07.2024","1.481.853,50","1.442.604,88","1.481.853,50","1.427.332,88","","4,95%"
"30.07.2024","1.411.953,38","1.475.643,63","1.482.169,63","1.409.671,13","","-4,68%"
"29.07.2024","1.481.241,50","1.542.021,75","1.549.589,38","1.476.096,88","","-3,94%"
"26.07.2024","1.542.021,75","1.559.471,75","1.575.471,63","1.535.615,50","","0,24%"
"25.07.2024","1.538.280,00","1.582.112,88","1.583.521,75","1.538.280,00","","-2,77%"
"24.07.2024","1.582.112,88","1.635.674,13","1.642.097,88","1.579.181,38","","-3,27%"
"23.07.2024","1.635.674,13","1.599.617,38","1.640.606,38","1.596.156,50","","2,85%"
"22.07.2024","1.590.407,00","1.569.018,75","1.590.938,50","1.569.018,75","","1,36%"
"19.07.2024","1.569.018,75","1.540.104,50","1.573.083,25","1.540.104,50","","2,63%"
"18.07.2024","1.528.790,63","1.524.496,25","1.553.355,00","1.517.876,13","","0,28%"
"17.07.2024","1.524.496,25","1.530.834,38","1.532.765,63","1.495.416,75","","-0,12%"
"16.07.2024","1.526.268,13","1.504.984,00","1.533.699,50","1.418.420,88","","1,41%"
"15.07.2024","1.504.984,00","1.715.610,00","1.715.610,00","1.500.904,00","","-12,28%"
"12.07.2024","1.715.610,00","1.705.676,50","1.722.885,75","1.698.491,75","","0,58%"
"11.07.2024","1.705.676,50","1.690.009,00","1.723.014,50","1.687.754,75","","0,93%"
"10.07.2024","1.690.009,00","1.643.221,13","1.691.343,63","1.643.221,13","","2,85%"
"08.07.2024","1.643.221,13","1.629.029,50","1.649.664,50","1.624.889,13","","0,87%"
"05.07.2024","1.629.029,50","1.616.836,38","1.639.875,25","1.616.836,38","","1,01%"
"04.07.2024","1.612.744,63","1.603.517,00","1.618.206,63","1.603.517,00","","0,58%"
"03.07.2024","1.603.517,00","1.634.019,38","1.660.153,25","1.593.508,88","","-2,01%"
"02.07.2024","1.636.391,13","1.595.166,00","1.636.867,00","1.635.837,38","","2,61%"
"01.07.2024","1.594.732,88","1.611.295,13","1.611.295,13","1.579.478,50","","-1,03%"
"28.06.2024","1.611.295,13","1.635.667,38","1.640.488,38","1.605.606,88","","-1,49%"
"27.06.2024","1.635.667,38","1.574.472,25","1.637.737,50","1.570.707,38","","3,89%"
"26.06.2024","1.574.472,25","1.570.620,25","1.581.349,13","1.552.766,00","","0,25%"
"25.06.2024","1.570.620,25","1.570.382,38","1.583.947,38","1.559.850,50","","0,70%"
"24.06.2024","1.559.667,38","1.576.462,38","1.576.462,38","1.559.667,38","","-1,07%"
"19.06.2024","1.576.462,38","1.557.429,63","1.579.841,25","1.557.429,63","","1,22%"
"18.06.2024","1.557.429,63","1.582.372,00","1.583.671,13","1.548.909,63","","-1,58%"
"14.06.2024","1.582.372,00","1.605.208,38","1.610.891,00","1.568.645,75","","-1,42%"
"13.06.2024","1.605.208,38","1.568.096,38","1.640.625,75","1.548.160,75","","2,37%"
"12.06.2024","1.568.096,38","1.544.869,25","1.589.587,38","1.544.869,25","","1,50%"
"11.06.2024","1.544.869,25","1.576.628,38","1.578.561,00","1.538.297,13","","-2,01%"
"10.06.2024","1.576.628,38","1.519.209,13","1.577.750,63","1.512.482,88","","3,78%"
"07.06.2024","1.519.209,13","1.503.728,38","1.532.722,63","1.503.728,38","","1,03%"
"06.06.2024","1.503.728,38","1.570.749,75","1.570.749,75","1.499.905,13","","-4,27%"
"05.06.2024","1.570.749,75","1.581.164,38","1.593.231,38","1.521.512,75","","-0,66%"
"04.06.2024","1.581.164,38","1.659.247,63","1.659.247,63","1.573.279,75","","-4,71%"
"03.06.2024","1.659.247,63","1.651.417,38","1.665.774,38","1.639.149,13","","0,47%"
"31.05.2024","1.651.417,38","1.643.010,63","1.665.355,75","1.616.110,25","","0,51%"
"30.05.2024","1.643.010,63","1.567.731,50","1.644.118,00","1.567.731,50","","4,80%"
"29.05.2024","1.567.731,50","1.571.028,50","1.581.141,00","1.538.117,13","","-0,49%"
"28.05.2024","1.575.417,13","1.572.473,88","1.577.131,63","1.531.723,88","","3,59%"
"27.05.2024","1.520.808,88","1.520.808,88","1.520.808,88","1.520.808,88","","0,00%"
"24.05.2024","1.520.808,88","1.513.777,38","1.532.284,25","1.501.731,25","","0,46%"
"23.05.2024","1.513.777,38","1.562.849,38","1.569.356,50","1.509.600,00","","-3,14%"
"22.05.2024","1.562.849,38","1.581.107,13","1.584.054,50","1.544.860,00","","-1,15%"
"21.05.2024","1.581.107,13","1.535.511,50","1.582.365,13","1.531.536,75","","2,97%"
"20.05.2024","1.535.511,50","1.478.445,25","1.537.379,38","1.454.807,75","","4,21%"
"17.05.2024","1.473.463,25","1.481.343,25","1.488.953,88","1.461.044,88","","-0,53%"
"16.05.2024","1.481.343,25","1.477.795,88","1.486.517,00","1.455.291,38","","0,24%"
"15.05.2024","1.477.795,88","1.437.205,00","1.480.350,63","1.409.885,50","","4,82%"
"14.05.2024","1.409.885,50","1.376.939,25","1.416.954,38","1.365.383,50","","2,39%"
"13.05.2024","1.376.939,25","1.407.510,50","1.418.957,88","1.366.131,38","","-2,17%"
"10.05.2024","1.407.510,50","1.436.287,88","1.438.735,63","1.405.870,38","","-1,91%"
"09.05.2024","1.434.922,00","1.450.498,75","1.450.498,75","1.413.000,13","","-1,07%"
"08.05.2024","1.450.498,75","1.463.623,75","1.494.252,38","1.442.693,50","","-0,90%"
"07.05.2024","1.463.623,75","1.497.543,75","1.505.718,38","1.455.876,13","","-2,15%"
"06.05.2024","1.495.826,63","1.452.001,75","1.498.165,75","1.452.001,75","","3,02%"
"03.05.2024","1.452.001,75","1.369.674,00","1.453.774,00","1.369.674,00","","6,01%"
"02.05.2024","1.369.674,00","1.323.585,88","1.372.558,50","1.323.585,88","","3,48%"
"01.05.2024","1.323.585,88","1.308.068,75","1.360.232,00","1.308.068,75","","0,00%"
"30.04.2024","1.323.585,88","1.308.068,75","1.360.232,00","1.308.068,75","","1,19%"
"29.04.2024","1.308.068,75","1.279.459,13","1.321.919,00","1.279.459,13","","2,24%"
"26.04.2024","1.279.459,13","1.245.143,75","1.283.599,88","1.245.143,75","","2,76%"
"25.04.2024","1.245.143,75","1.203.570,50","1.246.725,25","1.201.167,75","","3,53%"
"24.04.2024","1.202.669,00","1.245.751,00","1.245.751,00","1.200.931,50","","-3,46%"
"23.04.2024","1.245.751,00","1.268.375,75","1.280.787,88","1.245.142,25","","-1,78%"
"22.04.2024","1.268.375,75","1.189.209,88","1.271.412,00","1.189.209,88","","6,66%"
"19.04.2024","1.189.209,88","1.172.829,50","1.204.229,38","1.172.829,50","","1,40%"
"18.04.2024","1.172.829,50","1.172.353,25","1.192.041,75","1.168.696,00","","0,04%"
"17.04.2024","1.172.353,25","1.203.237,75","1.214.662,25","1.167.717,13","","-2,57%"
"16.04.2024","1.203.237,75","1.197.527,13","1.219.841,13","1.168.961,00","","0,48%"
"15.04.2024","1.197.527,13","1.246.135,50","1.197.527,13","1.197.527,13","","-3,78%"
"12.04.2024","1.244.523,75","1.259.303,38","1.266.046,25","1.241.781,88","","-1,17%"
"11.04.2024","1.259.303,38","1.233.950,13","1.261.090,88","1.225.105,25","","2,05%"
"10.04.2024","1.233.950,13","1.253.210,13","1.253.238,50","1.225.207,50","","-1,54%"
"09.04.2024","1.253.210,13","1.229.638,13","1.264.173,63","1.222.449,00","","1,92%"
"08.04.2024","1.229.638,13","1.214.371,13","1.236.480,75","1.214.371,13","","1,26%"
"05.04.2024","1.214.371,13","1.183.127,25","1.216.261,25","1.183.127,25","","2,64%"
"04.04.2024","1.183.127,25","1.212.639,00","1.232.024,00","1.181.455,38","","-2,43%"
"03.04.2024","1.212.639,00","1.213.484,63","1.214.866,75","1.183.421,38","","-0,07%"
"27.03.2024","1.213.484,63","1.214.655,75","1.228.820,38","1.199.501,25","","-0,10%"
"26.03.2024","1.214.655,75","1.212.896,88","1.223.912,25","1.194.006,00","","0,15%"
"25.03.2024","1.212.896,88","1.227.404,25","1.256.077,00","1.211.163,13","","-1,18%"
"22.03.2024","1.227.404,25","1.225.494,13","1.235.464,25","1.211.347,50","","0,16%"
"21.03.2024","1.225.494,13","1.185.177,38","1.229.258,50","1.170.497,75","","3,40%"
"20.03.2024","1.185.177,38","1.129.936,88","1.186.499,25","1.129.936,88","","4,89%"
"19.03.2024","1.129.936,88","1.124.136,63","1.154.984,38","1.113.701,13","","0,52%"
"18.03.2024","1.124.136,63","1.068.973,63","1.127.043,00","1.066.663,50","","5,16%"
"15.03.2024","1.068.973,63","1.039.095,44","1.072.100,38","1.032.472,56","","2,88%"
"14.03.2024","1.039.095,44","1.050.710,88","1.054.748,25","1.027.901,38","","-1,11%"
"13.03.2024","1.050.710,88","1.026.837,06","1.081.197,50","1.026.837,06","","2,32%"
"12.03.2024","1.026.837,06","957.777,50","1.039.982,88","957.777,50","","7,21%"
"11.03.2024","957.777,50","1.002.335,81","1.003.281,38","955.099,06","","-4,45%"
"08.03.2024","1.002.335,81","994.808,38","1.010.420,38","985.482,13","","0,76%"
"07.03.2024","994.808,38","999.642,13","1.010.972,31","980.158,25","","-0,48%"
"06.03.2024","999.642,13","992.683,88","1.025.156,38","988.466,25","","0,70%"
"05.03.2024","992.683,88","1.047.614,44","1.052.675,88","991.162,88","","-5,24%"
"04.03.2024","1.047.614,44","1.054.959,00","1.109.769,75","1.044.712,19","","-0,70%"
"01.03.2024","1.054.959,00","1.014.711,94","1.057.903,13","1.014.711,94","","3,97%"
"29.02.2024","1.014.711,94","998.835,19","1.057.216,75","998.835,19","","1,59%"
"28.02.2024","998.835,19","1.034.335,00","1.037.947,00","997.493,44","","-3,43%"
"27.02.2024","1.034.335,00","1.080.444,25","1.092.733,13","1.032.701,63","","-4,27%"
"26.02.2024","1.080.444,25","1.105.610,25","1.114.861,88","1.076.517,63","","-2,28%"
"23.02.2024","1.105.610,25","1.076.030,00","1.106.727,75","1.049.336,50","","2,75%"
"22.02.2024","1.076.030,00","1.039.511,75","1.090.479,00","1.039.511,75","","3,51%"
"21.02.2024","1.039.511,75","1.059.715,50","1.065.419,88","1.038.923,94","","-1,91%"
"20.02.2024","1.059.715,50","1.072.261,00","1.086.809,38","1.051.848,63","","-1,17%"
"19.02.2024","1.072.261,00","1.065.368,63","1.089.536,13","1.055.702,88","","0,65%"
"16.02.2024","1.065.368,63","1.093.751,63","1.107.755,63","1.041.031,00","","-2,60%"
"15.02.2024","1.093.751,63","1.105.579,63","1.126.332,38","1.087.671,25","","-1,07%"
"14.02.2024","1.105.579,63","1.128.510,88","1.146.475,25","1.094.037,63","","-2,03%"
"12.02.2024","1.128.510,88","1.115.907,00","1.151.112,25","1.108.207,75","","0,00%"
"09.02.2024","1.128.510,88","1.115.907,00","1.151.112,25","1.108.207,75","","1,13%"
"08.02.2024","1.115.907,00","1.152.887,50","1.164.132,13","1.105.802,50","","-3,21%"
"07.02.2024","1.152.887,50","1.215.654,25","1.215.654,25","1.146.035,75","","-5,16%"
"06.02.2024","1.215.654,25","1.260.997,75","1.276.404,25","1.214.533,13","","-3,60%"
"05.02.2024","1.260.997,75","1.316.204,50","1.334.440,13","1.238.999,13","","-4,19%"
"02.02.2024","1.316.204,50","1.302.467,13","1.326.321,75","1.295.987,13","","1,05%"
"01.02.2024","1.302.467,13","1.260.562,63","1.303.418,13","1.251.032,38","","3,32%"
"31.01.2024","1.260.562,63","1.267.133,63","1.279.851,63","1.230.005,38","","-0,52%"
"30.01.2024","1.267.133,63","1.253.608,00","1.278.752,50","1.253.608,00","","1,08%"
"29.01.2024","1.253.608,00","1.253.619,63","1.258.862,25","1.214.027,13","","0,00%"
"26.01.2024","1.253.619,63","1.284.939,88","1.294.031,00","1.240.170,63","","-2,44%"
"25.01.2024","1.284.939,88","1.251.659,75","1.297.640,88","1.251.659,75","","2,66%"
"24.01.2024","1.251.659,75","1.206.468,50","1.254.453,75","1.206.468,50","","3,75%"
"23.01.2024","1.206.468,50","1.219.959,75","1.242.765,13","1.190.774,75","","-1,11%"
"22.01.2024","1.219.959,75","1.174.875,38","1.226.021,75","1.174.875,38","","3,84%"
"19.01.2024","1.174.875,38","1.133.637,75","1.177.512,00","1.133.637,75","","3,64%"
"18.01.2024","1.133.637,75","1.124.212,38","1.159.542,63","1.124.212,38","","0,84%"
"17.01.2024","1.124.212,38","1.057.769,50","1.125.296,13","1.057.769,50","","6,28%"
"16.01.2024","1.057.769,50","1.038.358,25","1.067.339,38","1.029.319,38","","1,87%"
"15.01.2024","1.038.358,25","1.033.122,75","1.044.896,56","1.031.711,13","","0,51%"
"12.01.2024","1.033.122,75","1.043.924,00","1.060.576,75","1.019.806,19","","-1,03%"
"11.01.2024","1.043.924,00","1.070.425,25","1.098.378,63","1.042.314,50","","-2,48%"
"10.01.2024","1.070.425,25","1.060.581,13","1.074.204,25","1.047.231,56","","0,93%"
"09.01.2024","1.060.581,13","1.105.339,63","1.125.924,13","1.058.868,88","","-4,01%"
"08.01.2024","1.104.913,25","1.055.381,13","1.106.233,25","1.051.492,75","","4,69%"
"05.01.2024","1.055.381,13","1.004.789,75","1.062.908,00","1.002.825,56","","5,04%"
"04.01.2024","1.004.789,75","972.411,69","1.006.276,44","972.411,69","","3,33%"
"03.01.2024","972.411,69","930.419,69","974.069,75","924.086,19","","4,51%"
"02.01.2024","930.419,69","929.704,19","938.301,88","915.346,94","","0,08%"
"29.12.2023","929.704,19","904.067,19","931.409,00","899.693,06","","2,84%"
"28.12.2023","904.067,19","872.981,06","912.720,75","872.981,06","","3,56%"
"27.12.2023","872.972,19","913.125,06","921.367,94","864.521,69","","-4,40%"
"26.12.2023","913.125,06","948.473,75","959.124,94","907.539,88","","-3,73%"
"25.12.2023","948.473,75","943.719,00","954.958,50","927.420,19","","0,00%"
"22.12.2023","948.473,75","943.719,00","954.958,50","927.420,19","","0,59%"
"21.12.2023","942.904,13","919.910,94","970.603,50","911.669,44","","2,50%"
"20.12.2023","919.910,94","914.460,81","936.240,63","914.460,81","","0,60%"
"19.12.2023","914.460,81","921.876,88","939.260,81","913.601,06","","-0,80%"
"18.12.2023","921.876,88","925.657,94","942.503,06","902.034,44","","-0,41%"
"15.12.2023","925.657,94","989.696,00","994.545,94","921.388,81","","-6,47%"
"14.12.2023","989.696,00","1.003.483,69","1.027.984,19","987.232,69","","-1,37%"
"13.12.2023","1.003.483,69","1.010.021,88","1.084.545,00","972.810,56","","-0,65%"
"12.12.2023","1.010.021,88","976.823,06","1.020.221,13","971.246,13","","3,40%"
"11.12.2023","976.823,06","941.829,88","981.684,25","932.699,88","","3,72%"
"07.12.2023","941.829,88","894.726,75","945.551,44","890.261,69","","5,29%"
"06.12.2023","894.502,31","885.270,38","912.016,75","859.520,50","","1,04%"
"05.12.2023","885.270,38","845.384,31","891.522,63","844.284,25","","4,72%"
"04.12.2023","845.384,31","870.169,19","878.281,63","820.912,31","","-2,85%"
"01.12.2023","870.169,19","822.336,94","872.667,44","812.163,50","","6,98%"
"30.11.2023","813.393,94","790.376,63","815.103,50","766.620,25","","2,91%"
"29.11.2023","790.376,63","773.419,75","803.868,56","772.251,00","","2,19%"
"28.11.2023","773.419,75","843.665,19","864.053,38","772.402,94","","-8,33%"
"27.11.2023","843.665,19","917.599,31","936.059,13","834.674,63","","-8,06%"
"24.11.2023","917.599,31","878.971,25","922.893,44","877.265,50","","4,39%"
"23.11.2023","878.971,25","838.616,63","885.857,69","831.176,25","","4,81%"
"22.11.2023","838.616,63","792.443,19","881.281,75","792.443,19","","5,83%"
"21.11.2023","792.443,19","645.079,56","808.207,19","645.079,56","","22,84%"
"17.11.2023","645.079,56","602.278,19","646.063,13","601.290,50","","7,11%"
"16.11.2023","602.278,19","629.361,50","633.942,38","601.051,00","","-4,30%"
"15.11.2023","629.361,50","634.516,25","645.309,13","625.934,19","","-0,81%"
"14.11.2023","634.516,25","636.964,25","650.400,75","628.940,44","","-0,38%"
"13.11.2023","636.964,25","660.274,69","673.460,44","632.323,44","","-3,53%"
"10.11.2023","660.274,69","623.995,56","664.652,81","623.995,56","","5,81%"
"09.11.2023","623.995,56","584.969,69","628.272,75","578.411,75","","6,67%"
"08.11.2023","584.969,69","611.365,25","621.791,63","584.969,69","","-4,29%"
"07.11.2023","611.207,44","637.284,13","639.424,88","610.400,63","","-4,09%"
"06.11.2023","637.284,13","654.094,88","671.101,19","630.296,19","","0,00%"
"03.11.2023","637.284,13","654.094,88","671.101,19","630.296,19","","-2,57%"
"02.11.2023","654.094,88","616.255,38","655.337,19","616.255,38","","6,14%"
"01.11.2023","616.255,38","579.150,00","620.553,88","579.150,00","","6,41%"
"31.10.2023","579.150,00","591.691,81","603.748,94","568.623,75","","-2,12%"
"30.10.2023","591.691,81","655.565,19","663.876,50","590.102,25","","-9,74%"
"27.10.2023","655.565,19","673.102,75","680.625,75","650.348,75","","-2,61%"
"26.10.2023","673.102,75","686.455,06","708.609,06","666.425,69","","-1,91%"
"25.10.2023","686.238,19","654.136,44","688.435,19","629.895,88","","4,91%"
"24.10.2023","654.136,44","701.205,19","734.134,94","637.483,25","","-6,71%"
"23.10.2023","701.205,19","800.804,75","800.804,75","699.479,81","","-12,44%"
"20.10.2023","800.804,75","764.079,44","809.199,25","764.079,44","","4,81%"
"19.10.2023","764.079,44","798.907,31","798.907,31","750.718,06","","-4,36%"
"18.10.2023","798.907,31","823.683,06","834.791,38","786.925,88","","-3,01%"
"17.10.2023","823.683,06","760.673,75","825.669,06","760.673,75","","8,28%"
"12.10.2023","760.673,75","716.543,69","768.067,69","708.781,38","","6,16%"
"11.10.2023","716.543,69","697.882,50","718.981,31","661.338,75","","2,68%"
"10.10.2023","697.833,69","649.732,81","716.690,81","649.718,81","","7,59%"
"09.10.2023","648.630,75","628.917,75","656.249,38","628.917,75","","3,13%"
"06.10.2023","628.917,75","613.071,63","637.029,75","613.071,63","","2,58%"
"05.10.2023","613.071,63","593.739,88","616.011,88","593.739,88","","3,26%"
"04.10.2023","593.739,88","561.427,00","594.748,44","557.095,31","","5,76%"
"03.10.2023","561.427,00","556.828,00","566.521,44","550.260,25","","0,83%"
"02.10.2023","556.828,00","562.568,50","566.430,06","556.059,50","","-1,02%"
"29.09.2023","562.568,50","581.685,50","590.523,94","560.941,19","","-3,25%"
"28.09.2023","581.468,94","557.023,44","582.633,31","557.023,44","","4,39%"
"27.09.2023","557.023,44","543.252,13","565.446,94","543.252,13","","2,53%"
"26.09.2023","543.252,13","548.544,75","558.702,56","542.781,56","","-0,96%"
"25.09.2023","548.544,75","553.392,19","557.495,63","543.839,19","","-0,88%"
"22.09.2023","553.392,19","553.754,81","565.016,56","552.649,69","","-0,07%"
"21.09.2023","553.754,81","562.032,63","565.511,19","546.885,44","","-1,47%"
"20.09.2023","562.032,63","576.676,13","583.318,69","559.701,31","","-2,54%"
"19.09.2023","576.676,13","585.204,44","587.217,25","568.962,00","","-1,46%"
"18.09.2023","585.204,44","567.513,44","586.456,94","567.513,44","","3,12%"
"15.09.2023","567.513,44","571.753,31","576.880,44","556.019,81","","-0,74%"
"14.09.2023","571.753,31","553.410,13","573.117,94","553.410,13","","3,31%"
"13.09.2023","553.410,13","538.084,50","555.404,06","536.113,13","","2,85%"
"12.09.2023","538.084,50","514.119,91","539.661,06","512.978,69","","4,67%"
"11.09.2023","514.073,78","532.550,38","541.898,88","508.068,22","","-3,47%"
"08.09.2023","532.550,38","548.015,13","565.736,75","527.353,56","","-2,82%"
"07.09.2023","548.015,13","584.655,06","584.655,06","546.941,88","","-6,16%"
"06.09.2023","583.982,63","598.133,38","607.515,44","583.982,63","","-2,37%"
"05.09.2023","598.133,38","633.243,31","633.243,31","597.354,38","","-5,54%"
"04.09.2023","633.243,31","634.999,25","641.501,19","632.175,19","","-0,24%"
"01.09.2023","634.791,69","653.602,88","664.108,75","633.694,25","","-2,88%"
"31.08.2023","653.602,88","675.841,00","678.565,63","646.899,31","","-3,29%"
"30.08.2023","675.841,00","683.587,69","689.924,00","667.208,69","","-1,13%"
"29.08.2023","683.587,69","665.523,94","690.781,69","665.523,94","","2,71%"
"28.08.2023","665.523,94","631.166,06","666.557,94","631.166,06","","5,44%"
"25.08.2023","631.166,06","613.509,06","631.379,63","612.387,13","","2,88%"
"24.08.2023","613.509,06","615.499,31","623.585,38","609.118,38","","-0,32%"
"23.08.2023","615.499,31","593.946,94","616.246,13","591.542,88","","3,63%"
"22.08.2023","593.946,94","584.293,19","594.873,50","575.440,19","","1,65%"
"18.08.2023","584.293,19","582.323,00","585.252,88","567.070,63","","0,34%"
"17.08.2023","582.323,00","563.124,69","583.387,94","563.124,69","","3,41%"
"16.08.2023","563.124,69","527.243,19","566.158,25","527.243,19","","6,81%"
"15.08.2023","527.243,19","496.114,56","528.172,31","496.114,56","","6,27%"
"14.08.2023","496.114,56","480.298,66","513.204,25","463.471,06","","3,30%"
"11.08.2023","480.252,63","470.380,50","480.914,59","470.380,50","","2,10%"
"10.08.2023","470.380,50","461.280,81","472.596,91","461.280,81","","1,97%"
"09.08.2023","461.280,81","466.194,19","475.259,16","460.334,56","","-1,05%"
"08.08.2023","466.194,19","452.400,88","474.376,22","452.400,88","","3,05%"
"07.08.2023","452.400,88","451.570,59","455.410,81","450.050,81","","0,18%"
"04.08.2023","451.570,59","442.186,88","458.361,38","442.186,88","","2,28%"
"03.08.2023","441.515,66","445.226,22","452.929,91","439.694,66","","-0,83%"
"02.08.2023","445.226,22","453.231,47","453.231,47","438.925,13","","-1,72%"
"01.08.2023","453.024,38","457.137,78","459.532,16","449.927,63","","-0,90%"
"31.07.2023","457.137,78","457.787,75","462.476,63","454.982,75","","-0,14%"
"28.07.2023","457.787,75","450.210,59","460.997,09","450.210,59","","1,68%"
"27.07.2023","450.210,59","471.102,84","471.102,84","450.001,50","","-4,43%"
"26.07.2023","471.102,84","471.449,38","475.188,03","467.785,34","","-0,07%"
"25.07.2023","471.449,38","466.662,94","472.430,59","463.543,53","","1,03%"
"24.07.2023","466.662,94","472.973,56","479.111,97","466.044,94","","-1,33%"
"21.07.2023","472.973,56","459.108,00","473.705,81","459.108,00","","3,02%"
"20.07.2023","459.108,00","453.206,91","459.608,28","450.594,91","","1,30%"
"19.07.2023","453.206,91","456.880,69","459.944,16","447.947,06","","-0,80%"
"18.07.2023","456.880,69","456.842,78","464.668,25","456.091,88","","0,01%"
"17.07.2023","456.842,78","443.303,59","461.556,28","443.303,59","","3,05%"
"14.07.2023","443.303,59","451.345,56","452.014,47","439.578,22","","-1,74%"
"13.07.2023","451.138,56","431.551,13","452.626,19","431.551,13","","4,54%"
"12.07.2023","431.551,13","422.811,31","435.403,09","422.811,31","","2,08%"
"11.07.2023","422.765,38","420.772,56","423.278,19","416.948,41","","0,47%"
"10.07.2023","420.772,56","423.580,44","424.942,88","418.499,38","","-0,66%"
"07.07.2023","423.580,44","417.548,69","426.426,75","417.548,69","","1,44%"
"06.07.2023","417.548,69","437.402,00","437.402,00","414.100,56","","-4,39%"
"05.07.2023","436.732,59","441.468,94","441.468,94","430.792,09","","-1,07%"
"04.07.2023","441.468,94","436.619,00","443.475,81","436.619,00","","1,11%"
"03.07.2023","436.619,00","426.280,97","437.473,72","423.344,69","","2,43%"
"30.06.2023","426.280,97","416.949,88","428.680,47","413.947,34","","2,36%"
"29.06.2023","416.466,84","409.622,75","418.050,41","409.352,84","","1,67%"
"28.06.2023","409.622,75","416.375,88","426.958,41","408.772,91","","-1,62%"
"27.06.2023","416.375,88","432.406,16","434.029,44","415.092,13","","-3,71%"
"26.06.2023","432.406,16","420.736,69","442.749,41","420.736,69","","2,77%"
"23.06.2023","420.736,69","415.186,38","425.927,16","413.828,94","","1,34%"
"22.06.2023","415.186,38","429.908,59","429.908,59","414.887,41","","-3,42%"
"21.06.2023","429.908,59","409.416,50","430.470,63","409.416,50","","5,01%"
"16.06.2023","409.416,50","391.831,38","411.034,09","391.831,38","","4,49%"
"15.06.2023","391.831,38","378.695,38","392.305,63","378.695,38","","3,47%"
"14.06.2023","378.695,38","381.896,13","384.602,00","376.324,78","","-0,84%"
"13.06.2023","381.896,13","381.718,50","385.762,91","378.664,75","","0,06%"
"12.06.2023","381.672,47","381.763,88","384.559,03","376.882,81","","-0,02%"
"09.06.2023","381.763,88","380.907,47","387.605,38","377.803,84","","0,22%"
"08.06.2023","380.907,47","381.077,97","388.954,38","375.304,19","","0,13%"
"07.06.2023","380.430,91","380.757,44","388.548,78","380.238,25","","-0,09%"
"06.06.2023","380.757,44","360.825,63","380.977,41","360.825,63","","5,52%"
"05.06.2023","360.825,63","352.936,84","362.027,28","352.936,84","","2,24%"
"02.06.2023","352.936,84","353.373,63","358.155,63","352.728,69","","-0,12%"
"01.06.2023","353.373,63","342.078,47","353.940,03","342.078,47","","3,30%"
"31.05.2023","342.078,47","343.391,88","343.670,81","338.676,13","","-0,38%"
"30.05.2023","343.391,88","346.369,00","346.369,00","338.925,63","","-0,86%"
"29.05.2023","346.369,00","341.669,31","346.987,22","339.939,22","","1,38%"
"24.05.2023","341.669,31","340.831,47","342.079,47","336.045,81","","0,26%"
"23.05.2023","340.785,50","338.978,88","349.024,53","338.673,31","","0,53%"
"22.05.2023","338.978,88","338.677,63","340.959,38","335.631,88","","0,09%"
"19.05.2023","338.677,63","331.210,63","339.352,50","331.210,63","","2,25%"
"18.05.2023","331.210,63","327.788,63","331.922,56","322.922,25","","1,04%"
"17.05.2023","327.788,63","318.791,97","330.437,00","318.791,97","","2,82%"
"16.05.2023","318.791,97","320.582,84","324.614,97","318.216,47","","-0,56%"
"15.05.2023","320.582,84","321.529,56","321.529,56","312.917,03","","-0,29%"
"12.05.2023","321.529,56","313.281,44","322.280,81","313.281,44","","2,63%"
"11.05.2023","313.281,44","310.497,16","317.007,22","307.721,50","","0,90%"
"10.05.2023","310.497,16","307.773,28","311.293,31","304.568,75","","0,89%"
"09.05.2023","307.773,28","304.395,94","310.950,53","304.395,94","","1,11%"
"08.05.2023","304.395,94","297.145,88","305.235,03","297.145,88","","2,44%"
"05.05.2023","297.140,13","283.553,00","298.383,50","283.553,00","","5,46%"
"04.05.2023","281.752,50","289.394,19","291.375,38","281.361,28","","-2,17%"
"03.05.2023","288.007,91","295.630,97","296.329,28","287.570,41","","-2,58%"
"02.05.2023","295.630,97","297.960,00","298.388,22","288.650,47","","-0,78%"
"28.04.2023","297.960,00","296.808,88","298.249,94","290.808,50","","0,39%"
"27.04.2023","296.808,88","304.796,97","307.057,03","295.681,06","","-2,62%"
"26.04.2023","304.796,97","303.058,38","305.651,28","292.743,41","","0,57%"
"25.04.2023","303.058,38","299.421,75","306.299,59","297.595,19","","1,21%"
"24.04.2023","299.421,75","290.890,53","300.455,81","290.394,53","","2,93%"
"21.04.2023","290.890,53","281.827,47","291.518,53","281.827,47","","3,22%"
"20.04.2023","281.827,47","275.405,88","282.649,66","274.833,38","","2,33%"
"19.04.2023","275.405,88","284.298,66","284.298,66","274.292,03","","-3,13%"
"18.04.2023","284.298,66","281.295,25","288.718,19","281.295,25","","1,07%"
"17.04.2023","281.295,25","275.993,44","281.492,72","274.724,75","","2,02%"
"14.04.2023","275.717,41","270.610,88","276.242,63","270.610,88","","1,99%"
"13.04.2023","270.328,97","266.850,03","271.485,38","266.783,28","","1,30%"
"12.04.2023","266.850,03","259.963,41","267.456,88","259.963,41","","2,65%"
"11.04.2023","259.963,41","256.747,73","262.194,59","256.747,73","","1,25%"
"10.04.2023","256.747,73","256.747,73","258.985,69","252.848,72","","1,54%"
"05.04.2023","252.848,72","248.918,58","253.467,59","247.592,59","","0,54%"
"04.04.2023","251.488,30","254.696,91","255.384,23","249.844,44","","-1,26%"
"03.04.2023","254.696,91","245.716,17","255.141,03","245.716,17","","3,65%"
"31.03.2023","245.716,17","251.639,06","255.436,95","243.889,81","","-2,35%"
"30.03.2023","251.639,06","249.104,09","253.322,02","248.221,42","","1,02%"
"29.03.2023","249.104,09","242.385,97","249.758,94","242.385,97","","2,77%"
"28.03.2023","242.385,97","233.739,39","242.863,77","233.317,23","","3,70%"
"27.03.2023","233.739,39","233.739,39","234.119,13","219.276,73","","6,60%"
"23.03.2023","219.276,73","224.914,58","227.827,70","217.885,47","","-2,51%"
"22.03.2023","224.914,58","228.790,23","228.790,23","223.741,41","","-1,69%"
"21.03.2023","228.790,23","221.059,08","229.064,98","221.059,08","","3,50%"
"20.03.2023","221.059,08","221.740,27","225.376,70","220.249,31","","-0,31%"
"17.03.2023","221.740,27","223.388,23","223.388,23","217.289,88","","-0,74%"
"16.03.2023","223.388,23","209.824,20","223.545,95","209.824,20","","6,46%"
"15.03.2023","209.824,20","220.447,05","220.447,05","207.676,44","","-4,82%"
"14.03.2023","220.447,05","225.227,52","233.549,98","219.601,27","","-2,12%"
"13.03.2023","225.227,52","236.419,44","236.419,44","224.777,48","","-4,73%"
"10.03.2023","236.419,44","247.553,84","249.746,16","234.926,88","","-4,50%"
"09.03.2023","247.553,84","250.911,80","255.343,02","247.372,59","","-1,34%"
"08.03.2023","250.911,80","246.501,02","251.457,52","245.989,70","","1,79%"
"07.03.2023","246.501,02","253.018,56","255.287,16","245.073,80","","-2,58%"
"06.03.2023","253.018,56","245.865,17","253.411,38","244.284,98","","2,91%"
"03.03.2023","245.865,17","242.748,91","247.329,98","242.748,91","","1,28%"
"02.03.2023","242.748,91","249.580,45","249.911,77","242.321,66","","-2,74%"
"01.03.2023","249.580,45","247.459,28","249.743,20","246.578,70","","0,86%"
"28.02.2023","247.459,28","250.465,59","253.343,55","245.923,45","","-1,20%"
"27.02.2023","250.465,59","248.324,69","252.208,19","248.240,36","","0,86%"
"24.02.2023","248.324,69","248.006,34","249.881,31","244.223,81","","0,13%"
"23.02.2023","248.006,34","244.719,09","250.301,23","244.719,09","","1,34%"
"22.02.2023","244.719,09","248.979,38","249.587,16","242.777,83","","-1,71%"
"17.02.2023","248.979,38","257.247,16","258.458,13","245.039,98","","-3,21%"
"16.02.2023","257.247,16","254.969,81","260.113,09","254.089,56","","0,89%"
"15.02.2023","254.969,81","258.463,48","260.346,73","252.535,70","","-1,35%"
"14.02.2023","258.463,48","257.625,80","262.802,16","257.625,80","","0,33%"
"13.02.2023","257.625,80","249.897,50","258.715,56","248.177,06","","3,09%"
"10.02.2023","249.897,50","248.238,59","251.364,70","247.835,03","","0,67%"
"09.02.2023","248.238,59","250.125,38","253.035,83","246.771,86","","-0,75%"
"08.02.2023","250.125,38","246.804,16","250.285,16","244.721,95","","1,35%"
"07.02.2023","246.804,16","243.607,59","249.678,16","243.607,59","","1,31%"
"06.02.2023","243.607,59","239.369,95","243.946,13","235.721,70","","1,77%"
"03.02.2023","239.369,95","248.854,58","250.508,14","239.103,25","","-3,81%"
"02.02.2023","248.854,58","251.062,13","255.323,31","247.525,52","","-0,88%"
"01.02.2023","251.062,13","253.548,48","255.762,25","246.754,61","","-0,98%"
"31.01.2023","253.548,48","245.875,13","255.699,13","245.875,13","","3,12%"
"30.01.2023","245.875,13","254.295,44","254.871,22","245.864,22","","-3,31%"
"27.01.2023","254.295,44","261.498,77","263.353,44","254.125,06","","-2,75%"
"26.01.2023","261.498,77","260.073,56","264.348,97","259.353,94","","0,55%"
"25.01.2023","260.073,56","252.107,86","260.361,73","248.491,44","","3,16%"
"24.01.2023","252.107,86","250.362,25","253.342,75","247.265,92","","0,70%"
"23.01.2023","250.362,25","247.679,98","256.039,77","247.679,98","","1,08%"
"20.01.2023","247.679,98","235.179,73","248.271,39","235.179,73","","5,32%"
"19.01.2023","235.179,73","235.372,41","236.258,69","222.558,47","","-0,08%"
"18.01.2023","235.372,41","260.750,05","267.244,19","234.239,89","","-9,73%"
"17.01.2023","260.750,05","250.556,03","261.258,86","250.505,02","","4,07%"
"16.01.2023","250.556,03","242.154,50","252.338,44","242.154,50","","3,47%"
"13.01.2023","242.154,50","234.153,70","243.787,84","232.159,59","","3,42%"
"12.01.2023","234.153,70","224.627,52","234.946,81","223.341,81","","4,24%"
"11.01.2023","224.627,52","215.810,98","226.029,27","215.810,98","","4,09%"
"10.01.2023","215.810,98","215.724,70","218.596,44","213.887,61","","0,04%"
"09.01.2023","215.724,70","213.794,25","218.067,41","213.794,25","","0,90%"
"06.01.2023","213.794,25","209.646,02","216.279,73","209.646,02","","1,98%"
"05.01.2023","209.646,02","201.379,75","210.051,91","201.379,75","","4,27%"
"04.01.2023","201.060,59","198.360,48","201.438,63","197.183,02","","1,36%"
"03.01.2023","198.360,48","207.054,34","207.054,34","197.685,30","","-4,20%"
"02.01.2023","207.054,34","202.085,13","208.209,17","202.085,13","","2,46%"
"30.12.2022","202.085,13","199.360,66","203.027,66","194.821,09","","1,37%"
"29.12.2022","199.360,66","202.563,75","205.953,38","198.641,94","","-1,58%"
"28.12.2022","202.560,20","195.733,98","203.641,34","195.733,98","","3,59%"
"27.12.2022","195.542,77","192.477,36","196.173,14","191.263,56","","1,59%"
"26.12.2022","192.477,36","187.784,05","192.594,59","187.060,44","","2,50%"
"23.12.2022","187.784,05","182.459,80","188.360,14","182.459,80","","2,92%"
"22.12.2022","182.459,80","180.094,09","182.614,45","179.795,34","","1,45%"
"21.12.2022","179.851,91","172.338,91","180.652,44","172.338,91","","4,36%"
"20.12.2022","172.335,84","168.965,77","172.591,00","168.965,77","","1,99%"
"19.12.2022","168.965,77","165.109,56","169.402,48","165.024,80","","2,34%"
"16.12.2022","165.109,56","164.733,20","166.216,27","164.106,27","","0,23%"
"15.12.2022","164.733,20","164.216,69","165.329,19","163.525,83","","0,31%"
"14.12.2022","164.216,69","165.500,38","167.895,61","162.735,66","","-0,78%"
"13.12.2022","165.500,38","166.466,47","169.810,94","165.489,70","","-0,58%"
"12.12.2022","166.466,47","171.177,89","171.177,89","164.929,44","","-2,75%"
"07.12.2022","171.177,89","168.090,06","171.432,61","168.090,06","","1,84%"
"06.12.2022","168.090,06","164.467,28","168.536,94","164.467,28","","2,20%"
"05.12.2022","164.467,28","169.697,45","171.247,19","164.337,20","","-3,08%"
"02.12.2022","169.691,73","170.664,06","171.462,77","169.346,84","","-0,53%"
"01.12.2022","170.604,27","168.525,30","171.189,16","166.692,84","","1,23%"
"30.11.2022","168.525,30","168.194,56","170.311,41","166.678,63","","0,20%"
"29.11.2022","168.194,56","164.277,80","168.527,41","164.277,80","","2,38%"
"28.11.2022","164.277,80","163.716,94","164.502,88","161.507,81","","0,34%"
"25.11.2022","163.716,94","160.936,42","164.001,13","160.632,63","","1,73%"
"24.11.2022","160.936,42","158.563,48","161.328,59","158.563,48","","1,50%"
"23.11.2022","158.563,48","158.169,27","159.411,92","157.826,94","","0,25%"
"22.11.2022","158.169,27","157.253,59","158.533,83","155.822,23","","0,58%"
"18.11.2022","157.253,59","155.259,27","157.803,13","154.536,44","","1,28%"
"17.11.2022","155.259,27","154.108,77","155.731,39","152.825,13","","0,75%"
"16.11.2022","154.108,77","155.158,95","156.505,27","153.296,66","","-0,68%"
"15.11.2022","155.158,95","152.685,42","157.059,97","152.685,42","","1,62%"
"14.11.2022","152.685,42","150.413,34","153.872,39","148.517,41","","1,51%"
"11.11.2022","150.413,34","144.879,06","150.608,41","144.879,06","","3,82%"
"10.11.2022","144.879,06","143.091,48","147.722,77","143.091,48","","1,25%"
"09.11.2022","143.091,48","148.059,80","148.182,28","142.796,56","","-3,27%"
"08.11.2022","147.924,03","147.829,64","150.161,19","145.978,56","","0,06%"
"07.11.2022","147.829,64","151.491,70","153.569,63","147.648,00","","-2,27%"
"04.11.2022","151.263,25","150.451,02","152.899,69","150.405,23","","0,54%"
"03.11.2022","150.451,02","149.315,06","151.577,70","147.989,89","","0,76%"
"02.11.2022","149.309,36","153.002,14","153.102,03","149.259,42","","-2,41%"
"01.11.2022","153.002,14","149.938,31","154.031,50","149.938,31","","2,04%"
"31.10.2022","149.938,31","147.867,52","150.238,84","147.645,02","","1,42%"
"28.10.2022","147.845,41","148.147,13","148.426,44","145.936,13","","-0,18%"
"27.10.2022","148.109,61","145.028,47","148.808,67","144.916,97","","2,12%"
"26.10.2022","145.028,47","143.962,91","145.802,77","143.962,91","","0,74%"
"25.10.2022","143.959,36","139.733,39","144.060,78","139.710,55","","3,02%"
"24.10.2022","139.733,39","138.944,80","140.421,42","136.188,58","","0,57%"
"21.10.2022","138.944,80","136.138,78","139.218,97","136.138,78","","2,06%"
"20.10.2022","136.138,78","136.484,20","139.712,72","135.631,72","","-0,25%"
"19.10.2022","136.484,20","137.542,20","138.156,34","136.155,95","","-0,77%"
"18.10.2022","137.542,20","138.953,48","139.750,53","136.685,13","","-1,02%"
"17.10.2022","138.953,48","137.290,73","140.431,64","137.290,73","","1,21%"
"14.10.2022","137.290,73","140.763,77","140.763,77","136.909,70","","-2,47%"
"13.10.2022","140.763,77","136.396,44","140.970,06","135.791,30","","3,20%"
"12.10.2022","136.396,44","136.982,38","137.331,94","135.657,66","","-0,43%"
"11.10.2022","136.982,38","144.645,33","144.645,33","136.712,88","","-5,30%"
"06.10.2022","144.645,33","146.722,88","147.256,70","144.518,89","","-1,42%"
"05.10.2022","146.722,88","144.926,66","148.056,33","143.549,97","","1,24%"
"04.10.2022","144.926,66","145.068,69","147.619,30","144.399,06","","-0,09%"
"03.10.2022","145.062,98","139.137,20","145.271,28","139.137,20","","4,28%"
"30.09.2022","139.115,09","138.041,98","140.154,36","137.832,23","","0,80%"
"29.09.2022","138.004,48","138.023,36","138.628,89","134.864,61","","-0,01%"
"28.09.2022","138.023,36","135.472,73","138.402,02","135.472,73","","1,88%"
"27.09.2022","135.472,73","138.148,27","140.167,27","134.814,89","","-1,94%"
"26.09.2022","138.148,27","142.931,73","143.803,55","136.991,16","","-3,35%"
"23.09.2022","142.931,73","149.480,84","149.480,84","142.610,00","","-4,38%"
"22.09.2022","149.480,84","146.980,13","149.766,02","146.578,31","","1,70%"
"21.09.2022","146.980,13","147.929,75","148.433,03","145.631,73","","-0,64%"
"20.09.2022","147.929,75","150.262,08","150.953,86","147.227,70","","-1,55%"
"19.09.2022","150.262,08","145.741,81","150.971,41","145.296,84","","3,10%"
"16.09.2022","145.741,81","144.765,55","146.790,77","143.422,95","","0,67%"
"15.09.2022","144.765,55","146.750,05","148.452,17","143.894,27","","-1,35%"
"14.09.2022","146.750,05","142.941,59","146.990,06","142.941,59","","2,66%"
"13.09.2022","142.941,59","144.714,11","145.873,56","142.768,23","","-1,22%"
"12.09.2022","144.714,11","144.642,19","147.135,34","144.269,28","","0,05%"
"09.09.2022","144.642,19","141.509,31","144.848,36","141.509,31","","2,21%"
"08.09.2022","141.509,31","141.189,48","144.110,63","140.530,31","","0,36%"
"07.09.2022","141.001,53","137.309,27","141.870,75","136.326,30","","2,69%"
"06.09.2022","137.309,27","138.268,03","138.701,11","136.595,48","","-0,69%"
"05.09.2022","138.268,03","136.369,09","139.989,19","136.369,09","","1,44%"
"01.09.2022","136.302,13","136.240,97","137.706,94","134.328,98","","0,04%"
"31.08.2022","136.240,97","141.133,59","142.206,16","136.050,73","","-3,47%"
"30.08.2022","141.133,59","143.805,16","143.805,16","140.446,80","","-1,86%"
"29.08.2022","143.805,16","141.459,95","145.859,42","140.996,20","","1,66%"
"26.08.2022","141.459,95","142.777,63","143.246,84","138.832,80","","-0,92%"
"25.08.2022","142.777,63","140.246,05","143.037,52","139.342,69","","1,81%"
"24.08.2022","140.246,05","136.997,69","140.800,06","136.290,95","","2,37%"
"23.08.2022","136.997,69","132.252,56","137.322,61","132.252,56","","3,59%"
"22.08.2022","132.252,56","131.009,08","132.419,77","129.648,85","","0,95%"
"19.08.2022","131.009,08","131.490,91","131.490,91","128.619,82","","-0,37%"
"18.08.2022","131.490,91","125.962,94","131.584,88","125.962,94","","4,39%"
"17.08.2022","125.962,94","124.787,34","126.151,06","124.106,22","","0,94%"
"16.08.2022","124.787,34","125.979,57","127.589,79","123.681,83","","-0,95%"
"12.08.2022","125.979,57","123.333,93","126.263,46","123.333,93","","2,15%"
"11.08.2022","123.333,93","122.129,90","124.616,97","122.129,90","","0,99%"
"10.08.2022","122.129,90","121.920,79","123.108,25","121.243,26","","0,17%"
"09.08.2022","121.920,79","123.953,36","123.953,36","121.707,72","","-1,64%"
"08.08.2022","123.953,36","121.003,89","124.194,48","121.003,89","","2,44%"
"05.08.2022","121.003,89","120.437,18","122.564,53","120.437,18","","0,47%"
"04.08.2022","120.437,18","120.389,93","121.699,30","119.097,40","","0,04%"
"03.08.2022","120.389,93","118.691,20","120.658,11","118.114,42","","1,43%"
"02.08.2022","118.691,20","117.592,51","120.092,17","117.144,50","","0,94%"
"01.08.2022","117.586,78","122.551,36","122.870,90","117.255,14","","-4,03%"
"29.07.2022","122.528,27","127.592,57","130.078,83","122.223,13","","-3,82%"
"28.07.2022","127.400,00","126.361,98","130.650,78","124.416,80","","0,82%"
"27.07.2022","126.361,98","120.038,38","126.670,33","118.813,91","","5,27%"
"26.07.2022","120.038,38","119.508,31","121.436,69","118.521,36","","0,44%"
"25.07.2022","119.508,31","113.851,41","119.805,83","113.851,41","","4,97%"
"22.07.2022","113.851,41","112.017,03","114.070,16","111.070,23","","1,64%"
"21.07.2022","112.017,03","106.949,06","113.408,54","106.333,99","","4,74%"
"20.07.2022","106.949,06","107.185,43","107.648,06","106.016,87","","-0,22%"
"19.07.2022","107.185,43","105.441,24","107.547,08","105.441,24","","1,65%"
"18.07.2022","105.441,24","104.222,92","106.523,39","104.222,92","","1,17%"
"15.07.2022","104.222,92","100.518,41","104.351,34","100.430,45","","3,69%"
"14.07.2022","100.518,41","102.270,96","102.270,96","100.026,97","","-1,71%"
"13.07.2022","102.270,96","103.209,83","103.369,45","101.955,15","","-0,91%"
"12.07.2022","103.209,83","104.431,92","104.445,42","101.790,59","","-1,17%"
"11.07.2022","104.431,92","105.851,67","105.851,67","101.922,03","","-1,34%"
"08.07.2022","105.850,01","102.591,51","106.469,99","101.143,99","","3,51%"
"07.07.2022","102.265,41","95.075,87","102.585,79","95.075,87","","7,56%"
"06.07.2022","95.075,87","92.689,47","95.199,72","90.918,51","","2,57%"
"05.07.2022","92.689,47","89.134,49","92.950,40","89.066,26","","3,99%"
"04.07.2022","89.128,79","90.249,12","90.249,12","87.005,58","","-1,02%"
"01.07.2022","90.050,78","88.449,89","90.276,51","87.760,97","","1,81%"
"30.06.2022","88.449,89","88.130,75","89.244,56","85.765,30","","0,36%"
"29.06.2022","88.130,75","88.194,70","88.544,18","86.567,35","","-0,07%"
"28.06.2022","88.194,70","85.712,27","88.349,61","85.712,27","","2,90%"
"27.06.2022","85.712,27","82.605,64","85.785,12","82.374,26","","3,76%"
"24.06.2022","82.605,64","83.170,06","84.061,25","82.295,51","","-0,68%"
"23.06.2022","83.170,06","85.662,48","85.662,48","81.977,46","","-2,91%"
"22.06.2022","85.662,48","86.545,90","86.624,76","85.412,04","","-1,02%"
"21.06.2022","86.545,90","87.060,90","87.503,88","86.392,26","","-0,59%"
"16.06.2022","87.060,90","88.465,55","88.465,55","86.564,63","","-1,59%"
"15.06.2022","88.465,55","87.400,00","88.789,13","87.400,00","","1,22%"
"14.06.2022","87.400,00","87.937,89","88.976,39","86.632,60","","-0,61%"
"13.06.2022","87.937,89","89.143,04","89.143,04","86.617,30","","-1,35%"
"10.06.2022","89.141,39","88.869,78","89.171,71","87.329,87","","0,31%"
"09.06.2022","88.869,78","89.982,30","89.982,30","88.282,21","","-1,20%"
"08.06.2022","89.946,88","90.938,11","91.218,84","89.843,60","","-1,09%"
"07.06.2022","90.938,11","90.385,84","91.063,79","90.141,45","","0,65%"
"06.06.2022","90.351,73","91.775,17","92.579,51","90.035,26","","-1,55%"
"03.06.2022","91.775,17","91.678,62","92.025,59","91.343,54","","0,35%"
"02.06.2022","91.452,04","91.369,58","92.141,32","90.732,23","","0,09%"
"01.06.2022","91.369,58","92.288,03","92.489,39","90.607,70","","-1,00%"
"31.05.2022","92.288,03","93.236,24","93.552,08","91.792,33","","-1,02%"
"30.05.2022","93.236,24","93.683,29","94.207,30","93.120,33","","-0,48%"
"27.05.2022","93.683,29","93.710,99","94.319,11","93.518,95","","-0,03%"
"26.05.2022","93.710,99","91.271,67","93.776,47","91.271,67","","2,67%"
"24.05.2022","91.271,67","90.344,05","91.447,90","89.835,74","","1,03%"
"23.05.2022","90.344,05","88.118,96","90.525,42","87.698,05","","2,53%"
"20.05.2022","88.118,96","88.634,32","89.799,93","87.330,94","","-0,58%"
"19.05.2022","88.634,32","90.803,43","90.803,43","88.634,32","","-2,39%"
"17.05.2022","90.803,43","89.964,80","91.857,03","89.964,80","","0,93%"
"16.05.2022","89.964,80","88.795,76","90.385,92","88.500,97","","1,32%"
"13.05.2022","88.795,76","85.532,83","88.974,53","85.532,83","","3,83%"
"12.05.2022","85.520,83","85.762,84","86.786,67","84.285,57","","-0,28%"
"11.05.2022","85.762,84","83.676,75","85.884,39","83.676,75","","2,49%"
"10.05.2022","83.676,75","82.243,55","83.839,19","81.962,83","","1,74%"
"09.05.2022","82.243,55","86.544,82","86.544,82","82.166,92","","-4,93%"
"06.05.2022","86.507,22","86.434,10","87.178,82","85.155,52","","0,08%"
"05.05.2022","86.434,10","89.909,37","89.909,37","86.229,26","","-3,32%"
"04.05.2022","89.401,35","89.634,64","89.638,18","88.415,69","","-0,21%"
"03.05.2022","89.585,33","87.608,13","89.751,28","87.515,70","","2,26%"
"02.05.2022","87.608,13","88.250,97","88.250,97","86.661,63","","-0,73%"
"29.04.2022","88.250,97","90.354,23","91.371,15","88.176,23","","-2,33%"
"28.04.2022","90.354,23","90.033,25","91.019,08","89.337,51","","0,36%"
"27.04.2022","90.033,25","89.574,68","90.913,66","89.363,49","","0,51%"
"26.04.2022","89.574,68","91.154,73","91.154,73","89.213,99","","-1,73%"
"25.04.2022","91.154,43","91.792,35","91.792,35","88.790,18","","-0,61%"
"22.04.2022","91.717,07","91.656,75","92.688,46","91.414,05","","0,24%"
"21.04.2022","91.496,13","92.559,34","93.140,99","91.263,00","","-1,15%"
"20.04.2022","92.559,34","92.038,35","92.741,65","91.120,42","","0,57%"
"19.04.2022","92.038,35","91.239,22","92.151,51","90.939,16","","0,88%"
"18.04.2022","91.239,22","91.041,37","92.777,82","90.977,07","","0,22%"
"13.04.2022","91.041,37","90.345,86","91.115,97","89.982,76","","0,77%"
"12.04.2022","90.345,86","90.629,89","91.426,12","89.924,45","","-0,31%"
"11.04.2022","90.629,89","92.091,47","92.245,72","90.487,64","","-1,59%"
"08.04.2022","92.091,47","91.558,17","92.488,57","91.558,17","","0,58%"
"07.04.2022","91.558,17","90.973,03","91.686,69","89.848,35","","0,64%"
"06.04.2022","90.973,03","91.814,30","91.814,30","89.921,83","","-0,92%"
"05.04.2022","91.814,30","93.218,66","94.374,34","91.811,62","","-1,51%"
"04.04.2022","93.218,66","92.390,98","93.480,43","92.390,98","","0,90%"
"01.04.2022","92.390,98","90.979,02","92.571,02","90.979,02","","1,57%"
"31.03.2022","90.959,59","90.867,58","92.039,01","90.702,49","","0,10%"
"30.03.2022","90.867,58","89.967,25","91.215,27","89.966,28","","1,00%"
"29.03.2022","89.967,25","91.662,96","92.046,08","89.874,97","","-1,85%"
"28.03.2022","91.662,96","93.010,43","93.058,55","91.643,90","","-1,45%"
"25.03.2022","93.010,43","90.106,60","93.313,21","90.106,60","","3,22%"
"23.03.2022","90.106,60","90.170,10","91.891,00","89.773,04","","-0,07%"
"22.03.2022","90.170,10","90.041,05","91.362,50","89.979,33","","0,14%"
"21.03.2022","90.041,05","89.057,57","90.989,16","89.032,58","","1,10%"
"18.03.2022","89.057,57","89.645,88","90.693,78","88.790,42","","-0,66%"
"17.03.2022","89.645,88","87.450,87","89.789,98","87.450,87","","2,51%"
"16.03.2022","87.450,87","84.054,72","87.661,26","84.054,72","","4,04%"
"15.03.2022","84.054,72","84.955,90","84.955,90","83.570,00","","-1,06%"
"14.03.2022","84.955,90","88.999,06","89.003,20","84.747,71","","-4,54%"
"11.03.2022","88.999,06","90.283,10","91.465,74","88.620,32","","-1,42%"
"10.03.2022","90.283,10","87.226,46","90.393,34","87.138,68","","3,50%"
"09.03.2022","87.226,46","88.061,14","89.354,10","87.003,09","","-0,95%"
"08.03.2022","88.061,14","87.948,21","88.061,14","88.061,14","","0,13%"
"07.03.2022","87.948,21","89.515,44","90.713,33","87.788,81","","-1,75%"
"04.03.2022","89.515,44","91.558,04","91.988,91","88.451,40","","-2,23%"
"03.03.2022","91.558,04","90.248,93","91.759,16","88.415,66","","1,45%"
"02.03.2022","90.248,93","87.969,87","90.469,79","87.969,87","","2,59%"
"25.02.2022","87.969,87","88.721,46","89.836,88","87.785,50","","-0,85%"
"24.02.2022","88.721,46","91.359,52","91.359,52","87.311,53","","-2,89%"
"23.02.2022","91.359,52","90.440,55","91.764,30","89.401,16","","1,02%"
"22.02.2022","90.440,55","90.029,49","91.166,39","89.789,18","","0,46%"
"21.02.2022","90.029,49","89.443,19","90.391,92","89.333,31","","0,66%"
"18.02.2022","89.443,19","89.977,89","90.724,45","88.325,33","","-0,59%"
"17.02.2022","89.977,89","90.577,55","91.286,02","89.977,89","","-0,66%"
"16.02.2022","90.577,55","88.042,62","90.775,96","87.991,58","","2,88%"
"15.02.2022","88.042,62","87.803,68","88.824,86","87.594,29","","0,27%"
"14.02.2022","87.803,68","88.184,99","88.773,70","87.321,49","","-0,43%"
"11.02.2022","88.184,99","87.559,37","89.904,46","87.468,08","","0,71%"
"10.02.2022","87.559,37","87.393,09","88.462,99","86.994,38","","0,19%"
"09.02.2022","87.393,09","88.149,17","89.097,93","87.309,28","","-0,86%"
"08.02.2022","88.149,17","89.189,09","89.877,09","88.091,95","","-1,17%"
"07.02.2022","89.189,09","87.934,02","89.438,90","87.934,02","","1,43%"
"04.02.2022","87.934,02","88.091,28","88.637,16","87.225,92","","-0,18%"
"03.02.2022","88.091,28","89.662,66","89.813,01","87.745,89","","-1,75%"
"02.02.2022","89.662,66","91.416,55","92.732,37","89.490,72","","-1,92%"
"01.02.2022","91.416,55","90.907,51","91.802,78","88.669,05","","0,56%"
"31.01.2022","90.907,51","88.269,83","91.012,35","87.937,39","","2,99%"
"28.01.2022","88.269,83","85.968,76","90.227,14","85.968,76","","2,68%"
"27.01.2022","85.968,76","85.782,14","86.585,99","85.319,31","","0,22%"
"26.01.2022","85.782,14","85.180,43","86.614,28","85.180,43","","0,71%"
"25.01.2022","85.180,43","81.004,41","85.320,66","80.789,86","","5,16%"
"24.01.2022","81.004,41","83.622,48","83.622,48","80.403,36","","-3,13%"
"21.01.2022","83.622,48","85.126,37","85.172,93","83.382,39","","-1,77%"
"20.01.2022","85.126,37","83.528,23","85.674,00","83.528,23","","1,91%"
"19.01.2022","83.528,23","83.350,61","84.040,93","83.157,55","","0,21%"
"18.01.2022","83.350,61","85.038,79","85.339,29","83.249,20","","-1,99%"
"17.01.2022","85.038,79","85.481,07","85.481,07","84.758,48","","-0,52%"
"14.01.2022","85.481,07","85.370,86","85.555,31","84.628,54","","0,13%"
"13.01.2022","85.370,86","85.100,27","86.743,75","85.088,60","","0,32%"
"12.01.2022","85.100,27","84.702,31","85.466,30","84.499,84","","0,47%"
"11.01.2022","84.702,31","83.746,30","84.840,25","83.599,71","","1,14%"
"10.01.2022","83.746,30","84.402,07","84.421,18","83.351,86","","-0,78%"
"07.01.2022","84.402,07","83.761,35","84.502,28","83.408,53","","0,78%"
"06.01.2022","83.747,84","83.835,72","84.408,07","82.671,92","","-0,10%"
"05.01.2022","83.835,72","85.285,98","85.841,20","83.811,54","","-1,70%"
"04.01.2022","85.285,98","85.579,11","86.355,52","85.002,47","","-0,34%"
"03.01.2022","85.579,11","83.500,11","85.724,37","83.500,11","","2,49%"
"30.12.2021","83.500,11","84.006,50","85.604,97","83.420,71","","-0,60%"
"29.12.2021","84.006,50","82.787,32","84.395,93","82.224,39","","1,48%"
"28.12.2021","82.783,68","84.581,25","85.467,57","82.380,25","","-2,11%"
"27.12.2021","84.570,45","84.850,31","85.754,83","84.230,31","","-0,33%"
"23.12.2021","84.850,31","83.651,80","85.572,16","83.651,80","","1,43%"
"22.12.2021","83.651,80","84.137,68","85.172,12","83.568,44","","-0,58%"
"21.12.2021","84.137,68","81.908,15","84.429,66","81.908,15","","2,72%"
"20.12.2021","81.908,15","83.234,04","83.235,11","81.240,85","","-1,59%"
"17.12.2021","83.234,04","82.995,22","83.779,04","82.491,37","","0,29%"
"16.12.2021","82.995,22","80.939,44","83.453,10","80.939,44","","2,54%"
"15.12.2021","80.939,44","82.178,84","82.697,51","80.533,13","","-1,51%"
"14.12.2021","82.178,84","81.947,65","83.008,98","81.254,61","","0,28%"
"13.12.2021","81.947,65","85.441,38","85.599,70","81.840,53","","-4,09%"
"10.12.2021","85.441,38","86.544,92","87.585,28","85.240,97","","-1,28%"
"09.12.2021","86.544,92","89.242,77","89.758,30","86.189,54","","-3,02%"
"07.12.2021","89.242,77","88.287,43","89.836,50","88.287,43","","1,08%"
"06.12.2021","88.287,43","86.359,78","88.542,21","86.169,96","","2,23%"
"03.12.2021","86.359,78","87.451,27","88.898,65","84.646,29","","-1,25%"
"02.12.2021","87.451,27","85.164,78","87.750,77","85.164,78","","2,68%"
"01.12.2021","85.164,78","79.315,79","85.418,45","79.315,79","","7,37%"
"30.11.2021","79.315,79","79.094,93","79.572,06","77.706,80","","0,28%"
"29.11.2021","79.094,93","80.369,01","82.337,45","78.612,13","","-1,59%"
"26.11.2021","80.369,01","84.956,92","84.956,92","79.416,52","","-5,40%"
"25.11.2021","84.956,92","83.481,20","84.997,05","83.160,34","","1,77%"
"24.11.2021","83.481,20","83.770,51","85.111,36","83.210,26","","-0,35%"
"23.11.2021","83.770,51","85.695,15","85.695,15","82.836,99","","-2,25%"
"19.11.2021","85.695,15","89.512,44","90.102,57","85.437,06","","-4,26%"
"18.11.2021","89.512,44","87.541,77","89.923,91","85.650,37","","2,25%"
"17.11.2021","87.541,77","89.674,14","90.277,83","86.380,25","","-2,38%"
"16.11.2021","89.674,14","92.999,37","93.569,89","89.270,56","","-3,58%"
"15.11.2021","92.999,37","94.963,42","96.599,21","91.222,10","","-2,07%"
"12.11.2021","94.963,42","95.943,83","96.789,07","92.490,95","","-1,02%"
"11.11.2021","95.943,83","95.130,59","96.945,46","95.025,82","","0,85%"
"10.11.2021","95.130,59","94.381,35","96.158,45","93.753,71","","0,79%"
"09.11.2021","94.381,35","96.045,61","97.024,42","94.025,16","","-1,73%"
"08.11.2021","96.044,88","92.895,89","96.138,23","92.895,89","","3,39%"
"05.11.2021","92.895,89","91.258,15","93.013,63","91.200,79","","1,79%"
"04.11.2021","91.258,15","92.095,02","92.095,02","89.743,49","","-0,91%"
"03.11.2021","92.095,02","89.273,04","92.124,21","88.983,22","","3,16%"
"02.11.2021","89.273,04","87.511,81","89.486,81","86.700,31","","2,07%"
"01.11.2021","87.460,35","83.560,96","87.723,12","83.560,96","","4,67%"
"29.10.2021","83.560,96","86.034,23","86.253,98","83.295,82","","-2,87%"
"28.10.2021","86.034,23","85.353,13","86.477,24","84.645,74","","0,80%"
"27.10.2021","85.353,13","88.907,82","88.907,82","85.316,61","","-4,00%"
"26.10.2021","88.907,82","89.391,76","90.576,75","88.836,84","","-0,54%"
"25.10.2021","89.391,76","86.898,51","89.855,80","86.898,51","","2,87%"
"22.10.2021","86.898,51","86.795,26","87.132,66","85.709,68","","0,12%"
"21.10.2021","86.795,26","87.055,66","87.055,66","85.654,04","","-0,30%"
"20.10.2021","87.055,66","84.307,98","87.157,62","84.307,98","","3,26%"
"19.10.2021","84.307,98","82.859,69","84.402,48","82.474,31","","1,75%"
"18.10.2021","82.859,69","81.990,22","83.471,70","81.818,75","","1,06%"
"15.10.2021","81.990,22","80.138,01","82.264,39","80.138,01","","2,31%"
"14.10.2021","80.138,01","78.427,93","80.255,19","78.427,93","","2,18%"
"13.10.2021","78.427,93","77.927,87","78.518,26","77.100,96","","0,64%"
"12.10.2021","77.927,87","77.553,97","79.372,54","77.553,97","","0,48%"
"07.10.2021","77.553,31","77.443,10","78.406,08","77.400,98","","0,14%"
"06.10.2021","77.443,10","78.191,50","78.191,50","76.756,98","","-0,96%"
"05.10.2021","78.191,50","77.578,90","78.499,67","77.578,90","","0,79%"
"04.10.2021","77.578,90","77.626,17","78.540,47","77.163,94","","-0,06%"
"01.10.2021","77.626,17","77.363,64","77.904,55","77.033,71","","0,34%"
"30.09.2021","77.363,64","76.589,27","77.755,65","76.589,27","","1,01%"
"29.09.2021","76.589,27","75.808,43","77.053,29","75.808,43","","1,03%"
"28.09.2021","75.808,43","75.687,52","76.112,39","74.810,03","","0,16%"
"27.09.2021","75.687,52","74.180,20","75.727,47","74.180,20","","2,03%"
"24.09.2021","74.180,20","74.743,42","74.922,73","73.918,56","","-0,75%"
"23.09.2021","74.743,42","74.750,23","75.462,77","74.304,55","","-0,01%"
"22.09.2021","74.750,23","73.918,62","75.369,36","73.918,62","","1,13%"
"21.09.2021","73.918,62","73.635,15","74.862,77","73.635,15","","0,38%"
"20.09.2021","73.635,15","78.512,09","78.512,09","73.488,16","","-6,21%"
"17.09.2021","78.512,09","79.738,13","80.292,50","78.512,09","","-1,54%"
"16.09.2021","79.738,13","78.488,50","80.206,26","76.373,63","","1,59%"
"15.09.2021","78.488,50","78.989,23","79.803,72","77.166,18","","-0,63%"
"14.09.2021","78.989,23","80.065,91","80.433,30","78.338,97","","-1,34%"
"13.09.2021","80.065,91","75.895,02","83.923,24","75.895,02","","5,50%"
"10.09.2021","75.895,02","77.127,01","77.440,30","75.813,52","","-1,60%"
"09.09.2021","77.127,01","77.459,00","78.793,49","76.356,48","","-0,43%"
"08.09.2021","77.459,00","79.004,76","79.004,76","76.506,77","","-1,96%"
"07.09.2021","79.004,76","76.003,44","79.311,22","76.003,44","","3,95%"
"06.09.2021","76.002,98","74.734,95","76.076,47","74.593,70","","1,70%"
"03.09.2021","74.734,95","75.115,05","75.416,27","74.374,14","","-0,51%"
"02.09.2021","75.115,05","75.232,61","76.419,67","74.641,61","","-0,16%"
"01.09.2021","75.232,61","76.451,68","77.562,19","75.107,22","","-1,59%"
"31.08.2021","76.451,68","76.329,42","76.876,65","75.324,29","","0,16%"
"30.08.2021","76.329,42","73.203,64","76.502,57","73.203,64","","4,27%"
"27.08.2021","73.203,64","71.550,54","73.997,91","71.550,54","","2,31%"
"26.08.2021","71.550,54","72.009,08","72.363,43","71.241,84","","-0,64%"
"25.08.2021","72.009,08","71.353,80","72.109,82","71.192,87","","0,92%"
"24.08.2021","71.353,80","69.050,33","71.451,06","69.050,33","","3,34%"
"23.08.2021","69.050,33","67.822,20","69.164,30","67.822,20","","1,81%"
"20.08.2021","67.822,20","66.681,73","67.947,55","66.681,73","","1,71%"
"19.08.2021","66.681,73","67.094,33","67.094,33","65.600,84","","-0,61%"
"18.08.2021","67.094,33","67.999,04","67.999,04","66.999,68","","-1,33%"
"17.08.2021","67.999,04","69.544,76","69.544,76","67.456,09","","-2,22%"
"13.08.2021","69.544,76","69.492,58","69.618,06","68.377,11","","0,08%"
"12.08.2021","69.492,58","69.475,19","69.586,37","68.723,09","","0,03%"
"11.08.2021","69.475,19","68.023,11","69.719,04","67.715,06","","2,13%"
"10.08.2021","68.023,11","66.096,38","68.099,55","66.096,38","","2,92%"
"09.08.2021","66.096,38","65.860,91","66.249,78","65.601,04","","0,36%"
"06.08.2021","65.860,91","66.136,50","66.291,32","65.768,08","","-0,42%"
"05.08.2021","66.136,50","65.088,13","66.220,20","65.055,91","","1,61%"
"04.08.2021","65.088,13","65.873,55","66.340,31","64.531,09","","-1,19%"
"03.08.2021","65.873,55","65.939,58","66.082,43","65.342,70","","-0,10%"
"02.08.2021","65.939,58","66.005,29","66.621,09","65.630,61","","-0,10%"
"30.07.2021","66.005,29","67.315,58","67.595,39","65.899,33","","-1,95%"
"29.07.2021","67.315,58","66.553,45","67.529,77","66.553,45","","1,15%"
"28.07.2021","66.553,45","65.688,31","66.612,64","65.600,31","","1,32%"
"27.07.2021","65.688,31","65.530,88","65.834,70","64.898,80","","0,24%"
"26.07.2021","65.530,88","64.841,23","66.010,44","64.841,23","","1,06%"
"23.07.2021","64.841,23","65.675,10","65.841,48","64.772,63","","-1,27%"
"22.07.2021","65.675,10","65.832,21","65.832,21","65.170,31","","-0,24%"
"21.07.2021","65.832,21","63.391,65","65.943,89","63.391,65","","3,85%"
"20.07.2021","63.391,65","62.133,15","63.624,24","62.064,49","","2,03%"
"19.07.2021","62.133,15","63.090,80","63.090,80","61.174,82","","-1,52%"
"16.07.2021","63.090,80","63.484,55","63.636,75","62.954,24","","-0,62%"
"15.07.2021","63.484,55","63.959,30","64.283,33","63.253,88","","-0,74%"
"14.07.2021","63.959,30","64.374,74","65.234,83","63.827,17","","-0,65%"
"13.07.2021","64.374,74","64.215,26","64.468,48","63.759,73","","0,25%"
"12.07.2021","64.215,26","62.371,58","64.389,14","62.309,03","","2,96%"
"08.07.2021","62.371,58","63.383,23","63.408,01","62.161,20","","-1,60%"
"07.07.2021","63.383,23","63.562,99","63.784,30","62.524,20","","-0,28%"
"06.07.2021","63.562,99","64.848,56","64.889,96","63.121,43","","-1,98%"
"05.07.2021","64.848,56","63.330,37","64.950,74","63.330,37","","2,40%"
"02.07.2021","63.330,37","62.059,97","63.426,11","61.960,15","","2,05%"
"01.07.2021","62.059,97","62.371,95","63.071,22","61.868,44","","-0,50%"
"30.06.2021","62.371,95","62.972,04","63.639,73","62.220,71","","-0,95%"
"29.06.2021","62.972,04","64.150,87","64.150,87","62.829,24","","-1,84%"
"28.06.2021","64.150,87","65.426,73","65.426,73","63.946,90","","-1,51%"
"25.06.2021","65.133,47","66.933,06","66.933,06","63.093,33","","-2,69%"
"24.06.2021","66.933,06","66.089,94","67.118,63","65.872,23","","1,28%"
"23.06.2021","66.089,94","65.901,62","67.060,86","65.543,64","","0,29%"
"22.06.2021","65.901,62","65.136,00","66.098,19","63.393,35","","1,18%"
"18.06.2021","65.136,00","66.440,20","66.440,20","64.700,24","","-1,96%"
"17.06.2021","66.440,20","67.575,54","67.675,28","65.981,60","","-1,68%"
"16.06.2021","67.575,54","67.005,83","67.646,67","66.850,71","","0,85%"
"15.06.2021","67.005,83","66.836,83","67.321,75","65.237,77","","0,25%"
"14.06.2021","66.836,83","66.093,97","67.379,32","66.093,97","","1,12%"
"11.06.2021","66.093,97","68.144,63","68.144,63","65.686,97","","-3,01%"
"10.06.2021","68.144,63","68.104,99","69.688,41","67.997,64","","0,06%"
"09.06.2021","68.104,99","66.390,28","68.705,81","66.340,04","","2,58%"
"08.06.2021","66.390,28","68.151,14","68.198,49","66.145,85","","-2,58%"
"07.06.2021","68.151,14","66.190,06","68.577,33","66.190,06","","2,96%"
"04.06.2021","66.190,06","64.347,70","66.228,33","64.071,93","","2,93%"
"03.06.2021","64.303,06","62.659,51","64.371,24","62.221,63","","2,62%"
"02.06.2021","62.659,51","61.095,96","62.841,73","61.095,96","","2,56%"
"01.06.2021","61.095,96","59.268,94","61.269,17","59.268,94","","3,08%"
"31.05.2021","59.268,94","59.212,97","59.565,29","59.147,68","","0,09%"
"28.05.2021","59.212,97","57.499,49","59.262,36","57.499,49","","2,98%"
"27.05.2021","57.499,49","56.598,95","57.761,27","56.596,30","","1,59%"
"26.05.2021","56.598,95","56.243,21","56.750,09","55.253,43","","0,67%"
"21.05.2021","56.221,87","57.109,44","57.303,01","56.151,31","","-1,55%"
"20.05.2021","57.109,44","55.990,02","57.171,95","55.986,57","","2,00%"
"19.05.2021","55.990,02","56.078,55","56.106,21","54.777,61","","-0,16%"
"18.05.2021","56.078,55","56.094,99","56.424,25","55.658,57","","-0,03%"
"17.05.2021","56.094,99","54.850,06","56.295,46","54.302,61","","2,27%"
"14.05.2021","54.850,06","52.625,93","54.967,46","52.625,93","","4,23%"
"13.05.2021","52.625,93","51.020,21","52.688,70","51.015,93","","3,15%"
"12.05.2021","51.020,21","51.109,38","51.541,85","50.923,29","","-0,14%"
"11.05.2021","51.093,99","51.750,27","51.750,27","50.866,19","","-1,27%"
"10.05.2021","51.750,27","51.420,77","52.370,26","51.420,77","","0,64%"
"07.05.2021","51.419,49","49.389,34","51.482,07","49.389,34","","4,11%"
"06.05.2021","49.389,34","49.215,11","49.517,84","48.817,72","","0,48%"
"05.05.2021","49.152,27","48.655,51","49.315,25","48.655,51","","1,02%"
"04.05.2021","48.655,51","48.872,51","48.872,51","48.269,50","","-0,44%"
"03.05.2021","48.872,51","49.056,10","49.453,07","48.711,51","","-0,37%"
"30.04.2021","49.056,10","50.065,20","50.066,73","49.056,10","","-2,02%"
"29.04.2021","50.065,20","50.065,38","50.219,47","49.635,37","","0,04%"
"28.04.2021","50.043,81","48.962,16","50.085,18","48.962,16","","2,21%"
"27.04.2021","48.962,16","47.931,27","49.000,31","47.931,27","","2,15%"
"26.04.2021","47.931,27","47.374,47","48.216,23","47.374,47","","1,18%"
"23.04.2021","47.374,47","47.122,62","47.465,46","46.826,09","","0,53%"
"22.04.2021","47.122,62","47.616,53","47.624,32","47.074,35","","-1,04%"
"21.04.2021","47.616,53","46.894,48","47.634,56","46.507,18","","1,54%"
"20.04.2021","46.894,48","48.026,29","48.041,27","46.656,75","","-2,36%"
"19.04.2021","48.026,29","47.664,35","48.298,91","47.628,22","","0,76%"
"16.04.2021","47.664,35","47.093,25","47.734,17","46.813,22","","1,21%"
"15.04.2021","47.093,25","47.299,01","47.655,92","47.040,78","","-0,44%"
"14.04.2021","47.299,01","47.679,06","48.360,71","47.214,71","","-0,80%"
"13.04.2021","47.679,06","48.109,61","48.173,64","47.604,20","","-0,89%"
"12.04.2021","48.109,61","48.845,99","48.929,62","47.978,23","","-1,51%"
"09.04.2021","48.845,99","49.630,56","49.777,20","48.766,90","","-1,58%"
"08.04.2021","49.630,56","50.128,19","50.134,62","49.524,25","","-0,99%"
"07.04.2021","50.128,19","50.328,34","50.581,03","50.002,96","","-0,40%"
"06.04.2021","50.328,34","48.597,71","50.430,32","48.597,71","","3,56%"
"05.04.2021","48.597,71","47.982,39","48.649,47","47.980,87","","1,28%"
"31.03.2021","47.982,39","48.090,66","48.435,06","47.731,34","","-0,23%"
"30.03.2021","48.090,66","47.263,20","48.204,76","47.263,20","","1,80%"
"29.03.2021","47.240,95","46.440,78","47.327,18","46.231,43","","1,72%"
"26.03.2021","46.440,78","46.856,41","47.554,75","46.121,08","","-0,89%"
"25.03.2021","46.856,41","48.615,26","48.615,26","46.713,54","","-3,62%"
"23.03.2021","48.615,26","49.185,87","49.562,71","48.433,29","","-1,16%"
"22.03.2021","49.185,87","48.976,00","49.276,92","48.599,55","","0,43%"
"19.03.2021","48.976,00","48.599,26","49.416,25","48.413,99","","0,78%"
"18.03.2021","48.599,26","49.916,45","49.936,10","48.432,63","","-2,64%"
"17.03.2021","49.916,45","49.646,77","49.967,63","49.180,17","","0,54%"
"16.03.2021","49.646,77","50.458,30","50.798,00","49.533,34","","-1,61%"
"15.03.2021","50.458,30","49.070,98","50.565,44","49.070,98","","2,83%"
"12.03.2021","49.070,98","48.360,72","49.174,51","48.098,02","","1,47%"
"11.03.2021","48.360,72","47.339,46","48.395,65","47.339,46","","2,16%"
"10.03.2021","47.339,46","46.476,01","47.520,00","46.476,01","","1,86%"
"09.03.2021","46.476,01","46.291,77","46.777,05","46.011,61","","0,40%"
"08.03.2021","46.291,77","47.242,26","47.651,03","46.060,64","","-2,01%"
"05.03.2021","47.242,26","47.808,21","48.432,67","46.925,07","","-1,18%"
"04.03.2021","47.808,21","47.325,06","49.103,93","46.906,85","","1,02%"
"03.03.2021","47.325,06","48.127,32","48.380,92","46.970,79","","-1,67%"
"02.03.2021","48.127,32","48.996,26","49.228,85","47.920,89","","-1,77%"
"01.03.2021","48.996,26","48.432,27","49.451,70","48.432,27","","1,16%"
"26.02.2021","48.432,27","48.920,68","49.445,74","48.135,99","","-1,00%"
"25.02.2021","48.920,68","49.606,67","50.477,70","48.705,41","","-1,38%"
"24.02.2021","49.606,67","47.856,68","49.713,78","47.856,68","","3,66%"
"23.02.2021","47.856,68","49.268,42","49.268,42","47.381,61","","-2,87%"
"22.02.2021","49.268,42","50.992,85","51.013,72","49.084,57","","-3,38%"
"19.02.2021","50.992,85","51.826,91","52.182,19","50.842,14","","-1,61%"
"18.02.2021","51.826,91","52.386,59","53.731,74","51.400,72","","-1,07%"
"17.02.2021","52.386,59","51.466,21","52.646,46","51.466,21","","1,79%"
"15.02.2021","51.466,21","51.654,56","52.104,65","51.245,58","","0,00%"
"12.02.2021","51.466,21","51.654,56","52.104,65","51.245,58","","-0,36%"
"11.02.2021","51.654,56","51.940,91","52.429,98","51.563,49","","-0,55%"
"10.02.2021","51.940,91","52.266,75","52.653,29","51.930,95","","-0,62%"
"09.02.2021","52.266,75","52.028,63","52.567,81","52.009,05","","0,46%"
"08.02.2021","52.028,63","51.052,73","52.294,53","51.052,73","","1,91%"
"05.02.2021","51.052,73","50.682,71","51.321,79","50.650,36","","0,73%"
"04.02.2021","50.682,71","49.857,55","50.714,21","49.698,99","","1,66%"
"03.02.2021","49.857,55","49.686,83","50.377,97","49.672,79","","0,34%"
"02.02.2021","49.686,83","49.576,89","50.612,81","49.576,89","","0,22%"
"01.02.2021","49.576,89","48.257,14","49.773,82","48.257,14","","2,73%"
"29.01.2021","48.257,14","49.630,09","49.999,93","48.202,86","","-2,77%"
"28.01.2021","49.630,09","49.970,41","50.523,59","49.344,11","","-0,68%"
"27.01.2021","49.970,41","49.463,84","50.218,56","48.603,94","","1,02%"
"26.01.2021","49.463,84","47.469,96","49.551,91","47.469,96","","4,20%"
"25.01.2021","47.469,96","48.470,91","49.035,73","47.388,14","","-2,07%"
"22.01.2021","48.470,91","48.472,59","49.076,68","48.164,73","","0,00%"
"21.01.2021","48.472,59","50.224,53","50.365,64","48.275,76","","-3,49%"
"20.01.2021","50.224,53","50.516,59","50.536,51","49.582,91","","-0,58%"
"19.01.2021","50.516,59","50.221,80","50.679,67","50.122,34","","0,59%"
"18.01.2021","50.220,22","50.500,83","50.566,92","49.792,99","","-0,56%"
"15.01.2021","50.500,83","51.084,99","51.084,99","50.232,18","","-1,14%"
"14.01.2021","51.084,99","50.961,21","51.330,71","50.514,57","","0,24%"
"13.01.2021","50.961,21","51.201,60","51.649,23","50.609,90","","-0,47%"
"12.01.2021","51.201,60","50.967,48","51.461,09","50.805,62","","0,46%"
"11.01.2021","50.967,48","51.673,77","51.687,59","50.877,46","","-1,37%"
"08.01.2021","51.673,77","52.500,54","52.692,20","51.634,30","","-1,57%"
"07.01.2021","52.500,54","51.880,01","52.568,67","51.814,44","","1,20%"
"06.01.2021","51.880,01","51.594,73","52.201,74","51.594,73","","0,55%"
"05.01.2021","51.594,73","50.730,86","51.627,14","50.530,77","","1,70%"
"04.01.2021","50.730,86","51.226,49","51.443,13","50.054,38","","-0,97%"
"30.12.2020","51.226,49","51.320,14","52.189,00","51.053,17","","-0,18%"
"29.12.2020","51.320,14","50.483,84","51.659,88","50.483,84","","1,66%"
"28.12.2020","50.483,84","51.618,98","51.618,98","50.433,39","","-2,20%"
"23.12.2020","51.618,98","50.406,93","51.689,71","50.406,93","","2,40%"
"22.12.2020","50.406,93","50.159,86","51.130,88","50.159,86","","0,49%"
"21.12.2020","50.159,86","52.346,77","52.346,77","49.566,79","","-4,18%"
"18.12.2020","52.346,77","53.115,58","53.610,27","52.200,92","","-1,45%"
"17.12.2020","53.115,58","53.205,99","53.842,24","53.076,52","","-0,17%"
"16.12.2020","53.205,99","53.280,19","53.871,07","53.058,77","","-0,14%"
"15.12.2020","53.280,19","53.034,13","53.445,52","52.897,74","","0,46%"
"14.12.2020","53.034,13","53.822,44","54.513,05","52.764,42","","-1,46%"
"11.12.2020","53.822,44","53.690,40","54.047,24","53.478,76","","0,25%"
"10.12.2020","53.690,40","51.956,89","53.724,36","51.871,55","","3,34%"
"09.12.2020","51.956,89","54.730,38","54.730,38","51.829,93","","-5,07%"
"04.12.2020","54.730,38","55.152,30","55.696,17","54.529,40","","-0,77%"
"03.12.2020","55.152,30","55.268,90","55.934,19","55.040,22","","-0,21%"
"02.12.2020","55.268,90","54.913,35","55.724,30","54.631,71","","0,65%"
"01.12.2020","54.913,35","54.572,54","55.481,22","54.531,30","","0,62%"
"30.11.2020","54.572,54","55.427,26","55.736,40","54.303,59","","-1,54%"
"27.11.2020","55.427,26","54.465,67","55.881,87","54.254,29","","1,77%"
"26.11.2020","54.465,67","54.150,65","54.860,64","53.998,38","","0,58%"
"25.11.2020","54.150,65","54.135,77","54.826,47","53.914,64","","0,03%"
"24.11.2020","54.135,77","51.492,34","54.454,34","51.492,34","","5,13%"
"20.11.2020","51.492,34","50.950,21","51.659,50","50.919,01","","1,06%"
"19.11.2020","50.950,21","51.295,53","51.756,35","50.857,49","","-0,67%"
"18.11.2020","51.295,53","51.911,53","52.253,32","51.240,43","","-1,19%"
"17.11.2020","51.911,53","51.084,91","52.130,14","50.335,69","","1,62%"
"16.11.2020","51.084,91","49.895,50","51.187,99","49.895,50","","2,38%"
"13.11.2020","49.895,50","49.553,18","50.517,07","49.538,58","","0,69%"
"12.11.2020","49.553,18","51.435,00","51.535,32","49.544,19","","-3,66%"
"11.11.2020","51.435,00","51.818,96","52.462,08","51.108,58","","-0,74%"
"10.11.2020","51.818,96","49.650,44","52.192,80","49.576,15","","4,37%"
"09.11.2020","49.650,44","48.492,54","50.586,65","48.492,54","","2,39%"
"06.11.2020","48.492,54","48.501,09","49.143,85","48.021,36","","-0,02%"
"05.11.2020","48.501,09","47.028,37","48.750,58","47.028,37","","3,13%"
"04.11.2020","47.028,37","47.965,31","48.783,78","46.851,16","","-1,95%"
"03.11.2020","47.965,31","47.467,65","49.201,51","47.467,65","","1,05%"
"02.11.2020","47.467,65","45.290,02","47.553,03","45.290,02","","4,81%"
"30.10.2020","45.290,02","44.914,24","45.427,20","44.289,14","","0,84%"
"29.10.2020","44.914,24","43.532,74","45.150,30","43.431,68","","3,17%"
"28.10.2020","43.532,74","46.707,91","46.707,91","43.470,97","","-6,80%"
"27.10.2020","46.707,91","49.596,53","50.282,54","46.626,77","","-5,82%"
"26.10.2020","49.596,53","52.512,60","52.512,60","49.552,15","","-5,55%"
"23.10.2020","52.512,60","51.671,56","52.590,53","50.133,29","","1,63%"
"22.10.2020","51.671,56","50.088,78","51.827,25","50.030,02","","3,16%"
"21.10.2020","50.088,78","49.683,83","50.502,34","49.430,45","","0,82%"
"20.10.2020","49.683,83","49.162,13","49.910,29","48.723,92","","1,06%"
"19.10.2020","49.162,13","49.024,08","50.734,61","49.024,08","","0,28%"
"16.10.2020","49.024,08","48.239,27","49.162,42","48.184,24","","1,63%"
"15.10.2020","48.239,27","47.295,27","48.277,70","46.767,72","","2,00%"
"14.10.2020","47.295,27","45.994,73","47.338,91","45.973,26","","2,83%"
"13.10.2020","45.994,73","45.856,11","46.097,71","45.296,19","","0,30%"
"09.10.2020","45.856,11","45.556,79","45.985,24","45.136,40","","0,82%"
"08.10.2020","45.482,18","44.739,86","45.582,69","44.604,49","","1,66%"
"07.10.2020","44.739,86","44.438,41","44.799,45","43.713,73","","0,68%"
"06.10.2020","44.438,41","44.273,21","45.203,20","44.180,53","","0,37%"
"05.10.2020","44.273,21","43.654,37","44.324,01","43.533,63","","1,42%"
"02.10.2020","43.654,37","42.916,19","43.771,23","42.267,47","","1,72%"
"01.10.2020","42.916,19","41.324,07","43.088,38","41.324,07","","4,01%"
"30.09.2020","41.260,86","42.196,88","42.989,31","41.213,28","","-2,22%"
"29.09.2020","42.196,88","42.077,91","42.323,41","41.390,52","","0,28%"
"28.09.2020","42.077,91","42.042,45","42.724,78","41.865,11","","0,08%"
"25.09.2020","42.042,45","41.875,66","42.150,99","41.425,38","","0,40%"
"24.09.2020","41.875,66","40.974,05","42.084,49","40.974,05","","2,20%"
"23.09.2020","40.974,05","40.944,49","41.138,99","40.471,17","","0,07%"
"22.09.2020","40.944,49","40.745,13","41.227,73","40.108,28","","0,49%"
"21.09.2020","40.745,13","41.484,06","41.484,06","39.850,33","","-1,78%"
"18.09.2020","41.484,06","39.799,89","41.514,85","39.501,22","","4,23%"
"17.09.2020","39.799,89","42.167,86","42.167,86","39.560,84","","-5,62%"
"16.09.2020","42.167,86","44.628,42","44.628,42","42.095,10","","-5,51%"
"15.09.2020","44.628,42","44.614,08","44.857,08","43.647,57","","0,03%"
"14.09.2020","44.614,08","45.839,99","45.988,82","44.554,16","","-2,67%"
"11.09.2020","45.839,99","46.868,47","46.924,80","45.654,93","","-2,19%"
"10.09.2020","46.868,47","46.520,19","47.445,31","46.520,19","","0,75%"
"09.09.2020","46.520,19","45.481,76","46.563,62","45.481,76","","2,28%"
"08.09.2020","45.481,76","45.691,04","45.691,04","44.350,16","","-0,46%"
"07.09.2020","45.691,04","45.075,06","45.814,48","45.075,06","","1,37%"
"04.09.2020","45.075,06","44.800,06","45.152,32","43.747,64","","0,61%"
"03.09.2020","44.800,06","44.877,50","45.681,00","44.300,67","","-0,17%"
"02.09.2020","44.877,50","46.545,52","46.545,52","44.801,69","","-3,58%"
"01.09.2020","46.545,52","46.835,42","47.323,57","46.373,15","","-0,62%"
"31.08.2020","46.835,42","46.396,58","47.051,32","46.280,39","","0,95%"
"28.08.2020","46.396,58","44.254,91","46.448,25","44.254,91","","4,84%"
"27.08.2020","44.254,91","45.831,70","46.367,41","44.195,11","","-3,44%"
"26.08.2020","45.831,70","46.579,29","47.092,05","45.740,34","","-1,60%"
"25.08.2020","46.579,29","46.736,74","46.882,74","45.438,61","","-0,34%"
"24.08.2020","46.736,74","47.411,28","47.560,35","46.285,04","","-1,42%"
"21.08.2020","47.411,28","47.737,16","48.734,67","47.329,57","","-0,68%"
"20.08.2020","47.737,16","47.471,60","47.782,38","46.876,98","","0,56%"
"19.08.2020","47.471,60","46.491,42","47.797,44","46.438,43","","2,11%"
"18.08.2020","46.491,42","48.547,91","48.547,91","46.166,74","","-4,24%"
"14.08.2020","48.547,91","49.626,79","49.709,12","48.252,83","","-2,17%"
"13.08.2020","49.626,79","48.970,53","50.221,46","48.970,53","","1,34%"
"12.08.2020","48.970,53","50.998,50","51.186,09","48.780,76","","-3,98%"
"11.08.2020","50.998,50","52.180,90","52.379,61","50.821,86","","-2,27%"
"10.08.2020","52.180,90","52.325,83","52.894,73","51.836,77","","-0,28%"
"07.08.2020","52.325,83","51.083,76","52.387,29","50.599,96","","2,43%"
"06.08.2020","51.083,76","50.994,43","51.197,26","50.096,96","","0,18%"
"05.08.2020","50.994,43","52.186,30","53.442,88","50.512,29","","-2,28%"
"04.08.2020","52.186,30","52.504,21","56.114,04","51.553,37","","-0,61%"
"03.08.2020","52.504,21","49.253,62","53.685,04","48.690,92","","6,60%"
"31.07.2020","49.253,62","49.405,75","49.585,79","48.704,18","","-0,31%"
"30.07.2020","49.405,75","48.884,46","49.515,17","47.103,99","","1,07%"
"29.07.2020","48.884,46","48.934,44","49.634,55","48.395,38","","-0,10%"
"28.07.2020","48.934,44","49.449,86","49.450,35","48.099,11","","-1,04%"
"27.07.2020","49.449,86","48.605,06","50.028,65","48.605,06","","1,74%"
"24.07.2020","48.605,06","48.408,27","48.965,71","47.789,22","","0,41%"
"23.07.2020","48.408,27","48.634,09","50.091,35","47.745,65","","-0,46%"
"22.07.2020","48.634,09","46.781,26","48.812,23","46.581,78","","3,96%"
"21.07.2020","46.781,26","45.682,99","47.345,69","45.682,99","","2,40%"
"20.07.2020","45.682,99","45.475,24","45.761,98","45.239,84","","0,46%"
"17.07.2020","45.475,24","45.245,23","45.711,94","44.929,76","","0,51%"
"16.07.2020","45.245,23","45.120,59","45.418,42","44.402,72","","0,28%"
"15.07.2020","45.120,59","44.001,90","45.151,41","44.001,90","","2,54%"
"14.07.2020","44.001,90","43.237,01","44.062,36","42.934,30","","1,77%"
"13.07.2020","43.237,01","42.747,55","44.461,48","42.747,55","","1,15%"
"08.07.2020","42.747,55","42.497,60","43.247,83","42.457,46","","0,59%"
"07.07.2020","42.497,60","43.339,69","43.339,69","41.913,34","","-1,94%"
"06.07.2020","43.339,69","39.758,20","43.571,75","39.758,20","","9,01%"
"03.07.2020","39.758,20","39.500,85","39.914,41","39.417,55","","0,65%"
"02.07.2020","39.500,85","39.846,74","40.786,31","39.317,28","","-0,87%"
"01.07.2020","39.846,74","38.686,69","39.919,70","38.686,69","","3,00%"
"30.06.2020","38.686,69","40.308,11","40.328,73","38.409,77","","-4,02%"
"29.06.2020","40.308,11","40.589,89","41.450,78","39.983,38","","-0,69%"
"26.06.2020","40.589,89","41.996,65","42.001,93","40.492,04","","-3,35%"
"25.06.2020","41.996,65","40.435,34","42.147,22","40.435,34","","3,86%"
"24.06.2020","40.435,34","40.803,56","40.939,55","40.086,93","","-0,90%"
"23.06.2020","40.803,56","40.344,32","41.468,28","40.344,32","","1,14%"
"22.06.2020","40.344,32","40.951,45","41.215,70","39.293,47","","-1,48%"
"19.06.2020","40.951,45","37.990,59","41.116,72","37.990,59","","7,79%"
"18.06.2020","37.990,59","40.471,15","40.471,15","37.896,09","","-6,13%"
"17.06.2020","40.471,15","42.686,08","42.863,67","40.414,85","","-5,19%"
"16.06.2020","42.686,08","43.434,70","44.673,92","42.591,86","","-1,68%"
"12.06.2020","43.417,15","43.057,94","44.871,42","42.381,56","","0,83%"
"11.06.2020","43.057,94","46.476,07","46.476,07","42.632,53","","-7,35%"
"10.06.2020","46.476,07","46.471,06","47.047,90","44.829,88","","0,01%"
"09.06.2020","46.471,06","48.881,18","48.881,18","45.666,22","","-4,93%"
"08.06.2020","48.881,18","45.128,75","48.988,82","45.128,75","","8,31%"
"05.06.2020","45.128,75","43.676,18","45.435,58","43.676,18","","3,33%"
"04.06.2020","43.676,18","43.853,06","44.021,34","43.115,06","","-0,40%"
"03.06.2020","43.853,06","42.037,56","44.139,94","42.037,56","","4,32%"
"02.06.2020","42.037,56","40.016,98","42.085,59","40.016,98","","5,05%"
"01.06.2020","40.016,98","37.824,73","40.054,38","37.824,73","","5,80%"
"29.05.2020","37.824,73","38.985,82","39.139,13","37.532,10","","-2,98%"
"28.05.2020","38.985,82","40.431,57","40.512,99","38.869,03","","-3,58%"
"27.05.2020","40.431,57","41.079,29","41.218,89","39.592,09","","-1,53%"
"26.05.2020","41.060,27","40.962,74","42.026,68","40.962,74","","0,24%"
"22.05.2020","40.962,74","41.388,50","41.897,13","40.241,40","","-1,03%"
"21.05.2020","41.388,50","39.809,16","41.515,49","39.732,38","","3,97%"
"20.05.2020","39.809,16","39.388,72","40.199,64","38.949,24","","1,07%"
"19.05.2020","39.388,72","40.286,72","40.286,72","39.247,16","","-2,23%"
"18.05.2020","40.286,72","39.388,33","41.098,47","39.388,33","","2,28%"
"15.05.2020","39.388,33","39.225,67","40.621,95","38.958,88","","0,41%"
"14.05.2020","39.225,67","37.842,81","39.413,13","37.286,20","","3,65%"
"13.05.2020","37.842,81","39.133,71","39.133,71","37.334,53","","-3,30%"
"12.05.2020","39.133,71","38.581,60","40.729,12","38.581,60","","1,43%"
"11.05.2020","38.581,60","36.196,46","38.614,68","35.358,24","","6,63%"
"08.05.2020","36.183,90","35.850,21","37.178,57","35.850,21","","0,93%"
"07.05.2020","35.850,21","34.158,89","36.272,90","34.041,45","","4,95%"
"06.05.2020","34.158,89","33.546,52","34.523,63","32.836,44","","1,83%"
"05.05.2020","33.546,52","32.387,28","33.606,42","32.387,28","","3,58%"
"04.05.2020","32.387,28","32.742,84","32.742,84","31.215,73","","-1,09%"
"30.04.2020","32.742,84","33.185,05","33.667,07","32.322,30","","-1,33%"
"29.04.2020","33.185,05","33.064,84","33.977,20","32.362,86","","0,36%"
"28.04.2020","33.064,84","29.986,23","33.093,63","29.986,23","","10,27%"
"27.04.2020","29.986,23","29.258,10","30.058,96","28.973,67","","2,49%"
"24.04.2020","29.258,10","30.378,94","30.378,94","28.406,01","","-3,69%"
"23.04.2020","30.378,94","30.554,88","30.951,79","30.122,03","","-0,58%"
"22.04.2020","30.554,88","30.237,08","30.935,37","30.237,08","","1,05%"
"21.04.2020","30.237,08","30.535,73","30.585,32","30.098,70","","-0,98%"
"20.04.2020","30.535,73","29.883,27","30.662,46","29.712,11","","2,18%"
"17.04.2020","29.883,27","30.077,72","31.012,04","29.557,43","","-0,65%"
"16.04.2020","30.077,72","32.070,67","32.070,67","29.600,47","","-6,21%"
"15.04.2020","32.070,67","30.781,55","32.110,58","29.419,97","","4,19%"
"14.04.2020","30.781,55","28.880,64","31.110,49","28.880,64","","6,58%"
"13.04.2020","28.880,64","28.017,59","28.903,00","27.318,15","","3,08%"
"08.04.2020","28.017,59","26.696,10","28.071,95","26.696,10","","4,95%"
"07.04.2020","26.696,10","26.922,59","27.969,41","26.545,84","","-0,84%"
"06.04.2020","26.922,59","26.505,41","27.493,22","26.335,15","","1,57%"
"03.04.2020","26.505,41","26.003,28","26.566,15","25.684,47","","1,93%"
"02.04.2020","26.003,28","25.331,30","26.082,38","25.200,66","","2,68%"
"01.04.2020","25.324,28","24.384,24","25.384,04","24.384,24","","3,86%"
"30.03.2020","24.384,24","24.058,60","24.454,72","23.590,53","","1,35%"
"27.03.2020","24.058,60","25.483,94","25.483,94","24.038,86","","-5,59%"
"26.03.2020","25.483,94","26.338,03","27.769,18","25.322,32","","-3,24%"
"25.03.2020","26.338,03","23.890,35","26.591,59","23.890,35","","10,25%"
"20.03.2020","23.890,35","22.666,11","25.193,62","22.666,11","","5,45%"
"19.03.2020","22.656,43","22.087,13","23.469,56","22.087,13","","2,58%"
"18.03.2020","22.087,13","25.823,47","25.823,47","21.738,62","","-14,47%"
"17.03.2020","25.823,47","25.697,51","26.262,52","24.965,08","","0,49%"
"16.03.2020","25.697,51","28.447,97","28.447,97","25.400,37","","-9,67%"
"13.03.2020","28.447,97","28.351,89","29.876,00","27.779,58","","0,34%"
"12.03.2020","28.351,89","31.419,60","31.419,60","28.113,43","","-9,76%"
"11.03.2020","31.419,60","32.832,26","32.832,26","30.914,74","","-4,30%"
"10.03.2020","32.832,26","30.379,90","33.077,35","30.379,90","","8,07%"
"09.03.2020","30.379,90","35.222,43","35.222,43","30.241,54","","-13,75%"
"06.03.2020","35.222,43","36.772,20","36.772,20","35.204,34","","-4,21%"
"05.03.2020","36.772,20","37.243,36","37.277,35","36.465,73","","-1,27%"
"04.03.2020","37.243,36","35.999,22","37.301,03","35.999,22","","3,46%"
"03.03.2020","35.999,22","36.253,25","37.513,90","35.859,95","","-0,70%"
"02.03.2020","36.253,25","34.973,18","36.489,05","34.963,65","","3,66%"
"28.02.2020","34.973,18","35.387,05","35.387,05","34.051,73","","-1,17%"
"27.02.2020","35.387,05","36.422,24","36.422,24","34.785,42","","-2,84%"
"26.02.2020","36.422,24","38.602,48","38.602,48","36.061,98","","-5,65%"
"21.02.2020","38.602,48","38.961,41","39.418,07","38.403,20","","-0,92%"
"20.02.2020","38.961,41","38.390,84","39.266,77","38.201,33","","1,49%"
"19.02.2020","38.390,84","38.156,95","39.015,46","38.156,95","","0,61%"
"18.02.2020","38.156,95","39.200,25","39.200,25","37.976,85","","-2,66%"
"17.02.2020","39.200,25","38.647,68","39.288,78","38.600,65","","1,43%"
"14.02.2020","38.647,68","38.669,46","39.129,16","38.061,19","","-0,06%"
"13.02.2020","38.669,46","39.936,15","39.936,15","37.967,97","","-3,17%"
"12.02.2020","39.936,15","39.824,50","40.408,50","39.527,94","","0,28%"
"11.02.2020","39.824,50","41.052,95","41.052,95","39.588,99","","-2,99%"
"10.02.2020","41.052,95","41.213,89","41.568,02","40.820,05","","-0,39%"
"07.02.2020","41.213,89","40.906,09","41.438,92","40.810,53","","0,75%"
"06.02.2020","40.906,09","40.767,10","41.409,13","40.553,82","","0,34%"
"05.02.2020","40.767,10","41.033,79","41.377,16","40.736,86","","-0,65%"
"04.02.2020","41.033,79","41.577,06","42.694,72","40.453,44","","-1,31%"
"03.02.2020","41.577,06","40.105,04","41.662,26","40.105,04","","3,67%"
"31.01.2020","40.105,04","40.394,95","40.893,88","39.558,81","","-0,72%"
"30.01.2020","40.394,95","40.341,42","40.606,68","39.818,62","","0,13%"
"29.01.2020","40.341,42","40.829,70","41.628,76","40.287,01","","-1,20%"
"28.01.2020","40.829,70","39.604,57","40.982,15","39.604,57","","3,09%"
"27.01.2020","39.604,57","39.917,82","39.917,82","38.761,21","","-0,78%"
"24.01.2020","39.917,82","41.140,21","41.395,36","39.665,14","","-2,97%"
"23.01.2020","41.140,21","42.002,34","42.258,23","41.094,19","","-2,05%"
"22.01.2020","42.002,34","41.485,86","42.092,33","41.230,53","","1,24%"
"21.01.2020","41.485,86","43.054,01","43.191,06","41.341,43","","-3,64%"
"20.01.2020","43.054,01","42.339,82","43.177,59","42.339,82","","1,69%"
"17.01.2020","42.339,82","42.362,34","43.069,65","42.298,39","","-0,05%"
"16.01.2020","42.362,34","41.246,19","42.397,27","41.246,19","","2,71%"
"15.01.2020","41.246,19","41.633,73","42.264,25","40.995,21","","-0,93%"
"14.01.2020","41.633,73","42.017,78","42.110,87","40.789,40","","-0,91%"
"13.01.2020","42.017,78","42.740,38","42.921,14","41.970,73","","-1,69%"
"10.01.2020","42.740,38","42.035,70","42.874,20","42.035,70","","1,68%"
"09.01.2020","42.035,70","41.016,02","42.084,03","40.832,06","","2,49%"
"08.01.2020","41.016,02","41.115,71","41.264,05","40.552,34","","-0,24%"
"07.01.2020","41.115,71","41.469,66","41.961,16","40.693,76","","-0,85%"
"06.01.2020","41.469,66","40.499,15","41.524,99","40.206,92","","2,40%"
"03.01.2020","40.499,15","41.106,97","41.106,97","39.992,35","","-1,48%"
"02.01.2020","41.106,97","41.671,41","42.136,52","40.794,48","","-1,35%"
"30.12.2019","41.671,41","41.681,93","41.974,56","40.564,93","","-0,03%"
"27.12.2019","41.681,93","42.278,51","43.368,92","41.402,06","","-1,41%"
"26.12.2019","42.278,51","39.915,25","42.975,45","39.915,25","","5,92%"
"23.12.2019","39.915,25","38.632,41","40.041,51","38.629,28","","3,32%"
"20.12.2019","38.632,41","38.083,01","38.736,87","38.083,01","","1,44%"
"19.12.2019","38.083,01","37.620,22","39.065,64","37.620,22","","1,23%"
"18.12.2019","37.620,22","36.918,84","38.598,53","36.909,62","","1,90%"
"17.12.2019","36.918,84","37.620,08","37.805,57","36.369,46","","-1,86%"
"16.12.2019","37.620,08","36.769,59","37.925,30","36.769,59","","2,31%"
"13.12.2019","36.769,59","35.504,63","37.274,61","35.504,63","","3,56%"
"12.12.2019","35.504,63","35.019,54","35.697,74","34.635,36","","1,39%"
"11.12.2019","35.019,54","34.657,44","35.085,31","34.173,95","","1,04%"
"10.12.2019","34.657,44","36.409,07","36.780,22","34.620,69","","-4,81%"
"09.12.2019","36.409,07","36.561,95","37.350,23","36.121,66","","-0,42%"
"06.12.2019","36.561,95","35.443,05","36.736,20","35.443,05","","3,16%"
"05.12.2019","35.443,05","34.691,63","35.466,19","34.085,63","","2,17%"
"04.12.2019","34.691,63","32.756,73","34.736,69","32.737,81","","5,91%"
"03.12.2019","32.756,73","33.038,49","33.488,21","32.587,88","","-2,06%"
"02.12.2019","33.446,93","34.500,21","34.501,37","33.387,69","","-3,05%"
"29.11.2019","34.500,21","34.249,29","34.560,97","34.030,66","","0,82%"
"28.11.2019","34.219,79","33.929,74","34.453,02","33.883,45","","0,85%"
"27.11.2019","33.929,74","32.113,27","33.990,89","32.113,27","","5,66%"
"26.11.2019","32.113,27","33.494,72","33.780,65","31.970,89","","-4,12%"
"25.11.2019","33.494,72","33.588,83","34.097,97","33.389,03","","-0,28%"
"22.11.2019","33.588,83","33.247,39","34.098,38","33.247,39","","1,03%"
"21.11.2019","33.247,39","33.421,12","34.049,45","33.023,76","","-0,52%"
"20.11.2019","33.421,12","32.252,78","33.697,43","32.252,78","","3,62%"
"19.11.2019","32.252,78","31.851,61","32.294,14","30.643,31","","1,26%"
"15.11.2019","31.851,61","31.019,69","32.057,63","30.434,39","","2,68%"
"14.11.2019","31.019,69","32.340,70","32.743,01","30.715,51","","-4,08%"
"13.11.2019","32.340,70","33.430,14","33.595,41","32.148,93","","-3,26%"
"12.11.2019","33.430,14","33.661,11","34.177,01","32.672,75","","-0,69%"
"11.11.2019","33.661,11","34.131,05","34.624,62","33.534,99","","-1,38%"
"08.11.2019","34.131,05","35.869,21","36.291,15","34.024,49","","-4,85%"
"07.11.2019","35.869,21","35.500,49","36.013,64","35.373,64","","1,04%"
"06.11.2019","35.500,49","36.869,96","37.054,86","35.352,08","","-3,71%"
"05.11.2019","36.869,96","37.278,54","37.646,74","36.210,96","","-1,10%"
"04.11.2019","37.278,54","35.743,04","37.423,55","35.743,04","","4,30%"
"01.11.2019","35.743,04","35.023,97","36.031,72","35.023,97","","2,14%"
"31.10.2019","34.995,20","33.889,03","35.051,08","33.889,03","","3,26%"
"30.10.2019","33.889,03","32.544,20","33.932,92","32.172,96","","4,13%"
"29.10.2019","32.544,20","33.177,16","33.620,31","32.179,99","","-1,91%"
"28.10.2019","33.177,16","34.522,25","36.775,00","32.649,42","","-3,90%"
"25.10.2019","34.522,25","33.476,16","35.526,93","33.476,16","","3,12%"
"24.10.2019","33.476,16","32.775,14","33.504,30","32.068,13","","2,14%"
"23.10.2019","32.775,14","33.262,64","33.752,09","31.915,50","","-1,47%"
"22.10.2019","33.262,64","32.550,73","33.631,07","32.360,86","","2,19%"
"21.10.2019","32.550,73","31.968,47","32.584,62","31.760,67","","1,82%"
"18.10.2019","31.968,47","31.995,13","32.526,41","31.837,96","","-0,08%"
"17.10.2019","31.995,13","30.759,21","32.020,99","30.744,03","","4,02%"
"16.10.2019","30.759,21","31.449,95","31.475,70","30.614,96","","-1,83%"
"15.10.2019","31.333,68","31.798,11","31.798,11","31.217,75","","-1,46%"
"11.10.2019","31.798,11","31.751,84","32.285,91","31.751,84","","0,17%"
"10.10.2019","31.743,20","30.338,17","31.761,66","30.338,17","","4,63%"
"09.10.2019","30.338,17","30.257,26","30.433,72","29.903,02","","0,27%"
"08.10.2019","30.257,26","30.940,87","30.950,92","30.057,92","","-2,21%"
"07.10.2019","30.940,87","31.921,82","32.288,46","30.922,43","","-2,75%"
"04.10.2019","31.816,50","30.365,90","31.850,26","30.321,98","","4,78%"
"03.10.2019","30.365,90","30.792,05","30.969,17","30.346,35","","-1,38%"
"02.10.2019","30.792,05","30.066,13","30.895,25","29.855,61","","2,41%"
"01.10.2019","30.066,13","29.066,96","30.147,52","29.066,96","","3,44%"
"30.09.2019","29.066,96","28.877,51","29.131,46","28.297,42","","0,66%"
"27.09.2019","28.877,51","28.168,02","28.953,28","28.168,02","","2,52%"
"26.09.2019","28.168,02","28.212,41","28.705,26","27.945,59","","-0,16%"
"25.09.2019","28.212,41","27.819,80","28.313,18","27.219,99","","1,41%"
"24.09.2019","27.819,80","29.094,70","29.094,70","27.627,02","","-4,57%"
"23.09.2019","29.152,05","30.060,46","30.060,46","28.656,45","","-3,02%"
"20.09.2019","30.060,46","30.414,40","30.627,87","29.891,67","","-1,16%"
"19.09.2019","30.414,40","30.071,10","30.465,95","29.525,17","","1,14%"
"18.09.2019","30.071,10","30.150,65","30.398,60","29.534,34","","-0,26%"
"17.09.2019","30.150,65","30.561,27","30.561,27","29.665,26","","-1,34%"
"16.09.2019","30.561,27","30.136,38","31.558,15","30.136,38","","1,41%"
"13.09.2019","30.136,28","29.114,77","30.362,27","28.995,75","","3,51%"
"12.09.2019","29.114,77","28.617,92","29.162,90","28.381,70","","1,74%"
"11.09.2019","28.617,92","28.432,16","28.786,66","28.065,52","","0,65%"
"10.09.2019","28.432,16","27.176,41","28.465,72","27.176,41","","4,62%"
"09.09.2019","27.176,41","27.923,05","28.341,95","26.824,42","","-1,75%"
"06.09.2019","27.659,66","26.932,14","28.044,33","26.932,14","","2,70%"
"05.09.2019","26.932,14","24.664,55","27.060,28","24.664,55","","9,19%"
"04.09.2019","24.664,55","23.079,32","24.992,84","23.079,32","","6,87%"
"03.09.2019","23.079,32","26.195,41","26.234,30","22.484,40","","-11,90%"
"02.09.2019","26.195,41","24.608,56","26.255,65","24.539,55","","6,45%"
"30.08.2019","24.608,56","23.984,83","25.271,94","23.948,22","","2,60%"
"29.08.2019","23.984,83","25.458,04","25.458,04","23.861,87","","-5,79%"
"28.08.2019","25.458,04","24.622,47","25.582,50","24.602,40","","3,39%"
"27.08.2019","24.622,47","25.848,26","25.848,26","24.535,14","","-4,74%"
"26.08.2019","25.848,26","26.585,97","26.773,31","25.832,25","","-2,77%"
"23.08.2019","26.585,97","27.982,96","28.050,76","26.513,36","","-4,99%"
"22.08.2019","27.982,96","27.977,74","28.444,72","27.891,14","","0,02%"
"21.08.2019","27.977,74","27.230,62","28.053,94","27.230,62","","2,74%"
"20.08.2019","27.230,62","30.406,65","30.406,65","27.074,14","","-10,45%"
"16.08.2019","30.406,65","31.039,31","31.899,64","30.214,44","","-2,04%"
"15.08.2019","31.039,31","29.920,69","31.688,06","29.915,56","","3,74%"
"14.08.2019","29.920,69","30.393,13","30.993,99","28.917,01","","-1,40%"
"13.08.2019","30.344,56","27.530,80","31.011,00","27.530,80","","10,22%"
"12.08.2019","27.530,80","44.355,20","44.355,20","27.450,34","","-37,93%"
"09.08.2019","44.355,09","41.093,45","44.470,76","41.093,45","","7,94%"
"08.08.2019","41.093,45","40.949,34","41.623,30","40.845,37","","0,35%"
"07.08.2019","40.949,34","41.317,03","41.355,15","40.496,08","","-0,89%"
"06.08.2019","41.317,03","40.873,35","41.377,71","40.804,40","","1,09%"
"05.08.2019","40.873,35","41.359,15","41.359,15","40.470,87","","-1,17%"
"02.08.2019","41.359,15","41.410,98","41.651,40","40.572,68","","-0,13%"
"01.08.2019","41.410,98","42.057,77","42.492,78","41.220,28","","-1,54%"
"31.07.2019","42.057,77","42.463,24","42.722,32","41.804,62","","-0,95%"
"30.07.2019","42.463,24","42.785,46","42.836,75","42.417,96","","-0,75%"
"29.07.2019","42.785,46","41.983,74","43.069,98","41.743,16","","1,91%"
"26.07.2019","41.983,74","39.884,35","42.105,66","39.884,35","","5,26%"
"25.07.2019","39.884,35","39.784,91","40.053,49","39.425,46","","0,25%"
"24.07.2019","39.784,91","39.203,87","39.947,37","39.203,87","","1,48%"
"23.07.2019","39.203,87","38.729,98","39.254,38","38.548,23","","1,22%"
"22.07.2019","38.729,98","40.161,60","40.176,06","38.729,98","","-3,56%"
"19.07.2019","40.161,60","40.752,75","40.883,63","40.097,31","","-1,45%"
"18.07.2019","40.752,75","41.451,31","41.637,24","39.944,34","","-1,69%"
"17.07.2019","41.451,31","41.788,26","42.066,89","41.396,28","","-0,81%"
"16.07.2019","41.788,26","41.256,60","42.246,98","41.256,60","","1,29%"
"15.07.2019","41.256,60","42.753,20","42.881,72","41.233,56","","-3,50%"
"12.07.2019","42.753,10","42.856,29","43.165,63","42.660,53","","-0,24%"
"11.07.2019","42.856,29","42.807,08","43.292,62","42.744,41","","0,11%"
"10.07.2019","42.807,08","41.797,54","42.848,59","41.751,61","","2,52%"
"05.07.2019","41.755,69","41.428,50","41.943,40","41.380,91","","0,91%"
"04.07.2019","41.380,38","41.304,34","41.505,12","41.176,06","","0,18%"
"03.07.2019","41.304,34","41.793,13","42.104,18","41.261,95","","-1,17%"
"02.07.2019","41.793,13","41.507,48","42.126,14","41.506,78","","0,69%"
"01.07.2019","41.507,48","41.796,36","42.144,09","41.380,04","","-0,69%"
"28.06.2019","41.796,36","41.128,41","41.835,48","41.050,40","","1,62%"
"27.06.2019","41.128,41","39.916,77","41.393,01","39.895,02","","3,04%"
"26.06.2019","39.916,77","40.292,26","40.899,28","39.750,48","","-0,93%"
"25.06.2019","40.292,26","40.111,98","40.390,01","39.862,05","","0,45%"
"24.06.2019","40.111,98","40.294,82","40.300,76","39.579,22","","-0,45%"
"21.06.2019","40.294,82","39.861,82","40.614,79","39.861,82","","1,09%"
"19.06.2019","39.861,82","40.687,47","41.049,58","39.818,42","","-2,03%"
"18.06.2019","40.687,47","40.487,61","41.478,15","40.480,00","","0,49%"
"14.06.2019","40.487,61","40.646,38","40.993,45","40.384,93","","-0,39%"
"13.06.2019","40.646,28","40.930,69","40.966,06","39.518,99","","-0,69%"
"12.06.2019","40.930,69","38.345,00","40.972,04","38.345,00","","6,74%"
"11.06.2019","38.345,00","36.452,80","38.322,04","36.452,80","","5,19%"
"10.06.2019","36.452,80","35.662,87","36.575,56","35.632,82","","2,21%"
"07.06.2019","35.662,87","35.733,70","36.177,40","35.474,98","","-0,20%"
"06.06.2019","35.733,70","35.275,94","35.769,50","35.143,14","","1,30%"
"05.06.2019","35.275,94","34.700,84","35.451,47","34.700,84","","1,66%"
"04.06.2019","34.700,84","33.765,21","34.853,43","33.765,21","","2,77%"
"03.06.2019","33.765,21","33.949,53","34.419,05","33.278,73","","-0,54%"
"31.05.2019","33.949,53","34.239,26","34.654,86","33.858,03","","-0,85%"
"30.05.2019","34.239,26","33.967,33","34.725,30","33.967,33","","0,80%"
"29.05.2019","33.967,33","34.643,54","34.643,54","33.494,35","","-1,95%"
"28.05.2019","34.643,54","35.448,46","35.815,35","34.470,49","","-2,27%"
"27.05.2019","35.448,46","35.084,92","35.546,94","35.025,15","","1,04%"
"24.05.2019","35.084,92","34.378,55","35.130,79","34.361,13","","2,05%"
"23.05.2019","34.378,55","34.578,77","34.578,77","33.984,55","","-0,58%"
"22.05.2019","34.578,77","34.490,90","34.726,84","34.357,97","","0,28%"
"21.05.2019","34.481,33","33.492,48","34.564,48","33.492,48","","2,95%"
"20.05.2019","33.492,48","33.315,70","33.628,24","32.828,54","","0,53%"
"17.05.2019","33.315,70","33.892,17","34.122,85","33.178,37","","-1,70%"
"16.05.2019","33.892,17","33.218,06","34.129,31","33.215,74","","2,03%"
"15.05.2019","33.218,06","32.510,83","33.272,75","32.510,83","","2,18%"
"14.05.2019","32.510,83","32.452,49","33.191,57","32.452,49","","0,65%"
"13.05.2019","32.300,25","33.406,11","33.406,11","32.234,17","","-3,27%"
"10.05.2019","33.393,81","34.280,38","34.671,16","33.262,66","","-2,13%"
"09.05.2019","34.119,10","33.776,95","34.599,49","33.492,79","","1,02%"
"08.05.2019","33.775,97","32.741,13","33.949,77","32.741,13","","3,16%"
"07.05.2019","32.741,13","33.051,05","33.051,68","32.244,31","","-0,79%"
"06.05.2019","33.001,08","32.412,27","33.109,17","31.960,14","","1,82%"
"03.05.2019","32.412,27","30.857,06","32.446,93","30.820,10","","5,18%"
"02.05.2019","30.817,01","29.571,36","30.876,23","29.571,36","","4,21%"
"30.04.2019","29.571,36","28.859,58","29.614,97","28.859,58","","2,58%"
"29.04.2019","28.827,37","30.001,10","30.001,10","28.821,06","","-3,91%"
"26.04.2019","30.001,10","29.556,77","30.079,23","29.211,94","","1,50%"
"25.04.2019","29.556,77","29.746,60","30.038,46","28.309,75","","-0,64%"
"24.04.2019","29.746,60","30.926,73","30.926,73","29.669,90","","-3,82%"
"23.04.2019","30.926,73","30.786,64","31.483,24","30.783,15","","0,46%"
"22.04.2019","30.786,64","32.036,78","32.036,78","30.571,37","","-3,90%"
"17.04.2019","32.036,78","32.406,41","32.426,26","31.955,98","","-0,78%"
"16.04.2019","32.290,18","31.775,18","32.424,77","31.775,18","","1,72%"
"15.04.2019","31.745,57","31.373,64","31.815,97","31.226,42","","1,24%"
"12.04.2019","31.357,03","31.501,04","31.633,60","31.141,47","","-0,46%"
"11.04.2019","31.501,04","32.228,12","32.228,12","31.167,05","","-2,03%"
"10.04.2019","32.154,54","31.743,38","32.485,10","31.743,38","","1,30%"
"09.04.2019","31.743,38","33.080,87","33.122,11","31.595,72","","-4,04%"
"08.04.2019","33.080,87","32.666,88","33.190,69","32.666,88","","1,27%"
"05.04.2019","32.666,88","32.142,47","32.941,48","32.142,47","","1,63%"
"04.04.2019","32.142,47","31.765,11","32.410,76","31.765,11","","1,19%"
"03.04.2019","31.765,11","33.006,82","33.006,82","31.722,73","","-3,76%"
"01.04.2019","33.006,82","33.466,03","33.876,13","32.947,80","","-1,37%"
"29.03.2019","33.466,03","32.892,15","33.634,05","32.892,15","","1,74%"
"28.03.2019","32.892,15","32.174,68","32.917,26","32.174,68","","2,23%"
"27.03.2019","32.174,68","32.627,59","32.627,59","31.709,55","","-1,39%"
"26.03.2019","32.627,59","33.166,32","33.861,13","32.233,72","","-1,62%"
"25.03.2019","33.166,32","32.827,98","33.498,05","32.674,33","","1,03%"
"22.03.2019","32.827,98","34.186,08","34.186,08","32.740,53","","-3,97%"
"21.03.2019","34.186,08","34.743,90","34.875,86","34.079,38","","-1,61%"
"20.03.2019","34.743,90","34.373,20","35.155,51","34.373,20","","1,08%"
"19.03.2019","34.373,20","34.939,30","35.647,67","34.361,19","","-1,62%"
"18.03.2019","34.939,30","33.933,08","34.968,63","33.933,08","","2,97%"
"15.03.2019","33.933,08","33.530,45","34.055,17","33.530,45","","1,20%"
"14.03.2019","33.530,45","34.023,02","34.128,78","33.390,80","","-1,45%"
"13.03.2019","34.023,02","33.640,59","34.411,60","33.640,59","","1,14%"
"12.03.2019","33.640,59","33.790,68","34.328,31","33.522,79","","-0,44%"
"11.03.2019","33.790,68","33.020,07","33.989,27","33.020,07","","2,33%"
"08.03.2019","33.020,07","33.189,91","33.598,12","32.802,30","","-0,51%"
"07.03.2019","33.189,91","32.340,43","33.374,89","32.092,20","","2,63%"
"06.03.2019","32.340,43","33.834,86","33.838,47","32.290,55","","-4,42%"
"01.03.2019","33.834,86","34.485,80","35.117,69","33.686,13","","-1,89%"
"28.02.2019","34.485,80","35.345,47","35.413,09","34.289,51","","-2,43%"
"27.02.2019","35.345,47","36.026,63","36.097,88","35.254,21","","-1,89%"
"26.02.2019","36.026,63","36.332,03","36.341,78","35.641,05","","-0,84%"
"25.02.2019","36.332,03","36.646,79","37.165,24","36.061,64","","-0,86%"
"22.02.2019","36.646,79","35.852,14","36.716,43","35.852,14","","2,22%"
"21.02.2019","35.852,14","36.503,51","36.619,96","35.837,28","","-1,78%"
"20.02.2019","36.503,51","36.292,29","37.648,71","36.292,29","","0,58%"
"19.02.2019","36.292,29","37.355,24","37.417,92","36.251,29","","-2,85%"
"18.02.2019","37.355,24","37.469,97","37.533,17","37.246,62","","-0,31%"
"15.02.2019","37.469,97","37.385,75","37.601,73","37.168,98","","0,23%"
"14.02.2019","37.385,75","37.038,92","37.431,19","36.844,01","","0,94%"
"13.02.2019","37.038,92","37.685,96","37.874,94","36.963,53","","-1,72%"
"12.02.2019","37.685,96","37.023,74","37.720,82","37.023,74","","1,79%"
"11.02.2019","37.023,74","36.664,24","37.180,86","36.664,24","","0,98%"
"08.02.2019","36.664,24","35.928,99","36.695,46","35.752,18","","2,05%"
"07.02.2019","35.928,99","36.731,67","36.731,67","35.694,07","","-2,19%"
"06.02.2019","36.731,67","37.471,67","37.562,08","36.698,30","","-1,97%"
"05.02.2019","37.471,67","37.145,00","37.497,20","36.927,60","","0,88%"
"04.02.2019","37.145,00","36.599,88","37.243,93","36.505,96","","1,49%"
"01.02.2019","36.599,88","36.326,92","36.789,44","36.264,48","","0,75%"
"31.01.2019","36.326,92","36.039,11","36.491,61","35.903,12","","0,80%"
"30.01.2019","36.039,11","35.511,21","36.124,77","35.493,48","","1,49%"
"29.01.2019","35.511,21","34.840,80","35.597,72","34.698,65","","1,92%"
"28.01.2019","34.840,80","34.810,51","34.878,73","34.132,84","","0,09%"
"25.01.2019","34.810,51","34.939,05","35.527,10","34.785,84","","-0,37%"
"24.01.2019","34.939,05","34.819,13","35.430,67","34.815,99","","0,34%"
"23.01.2019","34.819,13","34.042,76","34.879,74","34.042,76","","2,28%"
"22.01.2019","34.042,76","35.303,25","35.303,25","33.896,25","","-3,57%"
"21.01.2019","35.303,25","35.100,45","35.342,97","34.960,02","","0,58%"
"18.01.2019","35.100,45","34.262,74","35.229,76","34.262,74","","2,44%"
"17.01.2019","34.262,74","34.048,02","34.320,83","33.783,06","","0,63%"
"16.01.2019","34.048,02","33.562,54","34.352,43","33.543,29","","1,45%"
"15.01.2019","33.562,54","33.771,24","34.092,11","33.461,57","","-0,62%"
"14.01.2019","33.771,24","33.884,60","34.224,37","33.531,34","","-0,33%"
"11.01.2019","33.884,60","34.167,45","34.167,45","33.697,08","","-0,83%"
"10.01.2019","34.167,45","33.769,35","34.204,62","33.385,29","","1,18%"
"09.01.2019","33.769,35","32.914,88","34.325,15","32.914,88","","2,60%"
"08.01.2019","32.914,88","33.010,54","33.390,54","32.468,94","","-0,29%"
"07.01.2019","33.010,54","32.303,05","33.305,72","32.299,85","","2,19%"
"04.01.2019","32.303,05","31.065,12","32.431,77","31.062,80","","3,98%"
"03.01.2019","31.065,12","31.096,63","31.321,38","30.549,12","","-0,10%"
"02.01.2019","31.096,63","30.292,58","31.279,22","29.994,40","","2,65%"