"Fecha","Último","Apertura","Máximo","Mínimo","Vol.","% var."
"30.06.2025","205,500","207,250","216,250","200,000","239,76K","-3,29%"
"27.06.2025","212,500","205,750","220,000","203,000","205,18K","2,29%"
"26.06.2025","207,750","206,000","211,250","201,000","248,21K","0,48%"
"25.06.2025","206,750","214,000","215,750","204,000","269,21K","-2,59%"
"24.06.2025","212,250","208,000","219,750","208,000","322,56K","2,54%"
"23.06.2025","207,000","218,000","218,000","205,000","229,80K","-5,80%"
"19.06.2025","219,750","220,000","224,000","218,000","73,30K","-0,68%"
"18.06.2025","221,250","219,000","225,000","214,000","205,99K","2,31%"
"17.06.2025","216,250","218,000","220,750","207,000","177,53K","-1,14%"
"13.06.2025","218,750","235,000","235,750","218,000","244,22K","-4,89%"
"12.06.2025","230,000","240,000","240,000","225,000","186,34K","-2,44%"
"11.06.2025","235,750","247,000","249,000","235,000","191,35K","-2,98%"
"10.06.2025","243,000","236,500","245,000","234,500","221,42K","3,40%"
"09.06.2025","235,000","239,500","243,000","232,000","191,20K","-2,08%"
"06.06.2025","240,000","245,000","247,000","237,500","200,87K","-1,44%"
"05.06.2025","243,500","248,000","256,000","240,000","212,57K","-2,01%"
"04.06.2025","248,500","253,000","258,000","241,500","545,48K","-1,78%"
"03.06.2025","253,000","250,500","263,000","245,000","157,01K","0,00%"
"02.06.2025","253,000","259,000","269,500","246,000","219,62K","-2,32%"
"30.05.2025","259,000","262,500","275,000","258,000","169,15K","-2,26%"
"29.05.2025","265,000","268,000","273,000","260,000","179,78K","-2,75%"
"28.05.2025","272,500","270,000","278,500","264,000","326,33K","0,00%"
"27.05.2025","272,500","283,000","288,500","270,000","342,78K","-3,54%"
"26.05.2025","282,500","285,000","291,000","280,000","144,14K","-1,05%"
"23.05.2025","285,500","287,000","291,000","275,000","561,53K","-0,52%"
"22.05.2025","287,000","271,000","290,000","267,000","810,81K","5,90%"
"21.05.2025","271,000","271,500","273,000","261,000","579,60K","4,03%"
"20.05.2025","260,500","261,500","265,500","256,000","270,31K","0,19%"
"19.05.2025","260,000","268,000","273,500","250,000","677,67K","-2,44%"
"16.05.2025","266,500","269,000","271,500","261,000","282,17K","-0,74%"
"15.05.2025","268,500","269,000","280,000","258,000","412,46K","0,75%"
"14.05.2025","266,500","262,000","275,000","251,000","626,61K","0,38%"
"13.05.2025","265,500","269,000","269,000","260,500","373,17K","-1,67%"
"12.05.2025","270,000","279,000","293,500","260,000","362,51K","0,93%"
"09.05.2025","267,500","260,000","275,000","260,000","204,32K","0,38%"
"08.05.2025","266,500","275,000","285,000","253,000","204,96K","-0,74%"
"07.05.2025","268,500","250,000","315,000","245,750","611,79K","6,55%"
"06.05.2025","252,000","240,000","255,000","237,500","265,94K","7,81%"
"05.05.2025","233,750","238,500","238,500","230,000","195,16K","-1,99%"
"30.04.2025","238,500","248,000","250,000","235,000","250,36K","-4,60%"
"29.04.2025","250,000","255,000","255,000","237,500","121,63K","0,10%"
"28.04.2025","249,750","262,500","271,500","240,000","340,36K","-5,58%"
"25.04.2025","264,500","255,000","275,000","255,000","327,38K","3,12%"
"24.04.2025","256,500","240,000","266,000","240,000","505,75K","4,69%"
"23.04.2025","245,000","232,500","247,000","232,500","351,19K","7,81%"
"22.04.2025","227,250","215,000","232,500","215,000","183,06K","3,06%"
"21.04.2025","220,500","242,000","242,000","218,000","275,99K","-10,09%"
"16.04.2025","245,250","265,000","278,000","236,000","840,98K","-6,93%"
"15.04.2025","263,500","254,500","279,000","246,000","620,32K","4,36%"
"14.04.2025","252,500","248,000","264,500","234,500","435,25K","8,14%"
"11.04.2025","233,500","226,500","238,000","222,250","207,66K","5,18%"
"10.04.2025","222,000","228,000","228,000","215,250","210,63K","-1,88%"
"09.04.2025","226,250","220,000","229,000","186,000","779,04K","7,35%"
"08.04.2025","210,750","241,000","250,000","209,000","330,56K","-9,94%"
"07.04.2025","234,000","245,000","255,000","226,500","337,81K","-9,65%"
"04.04.2025","259,000","251,000","275,000","216,000","801,78K","0,97%"
"03.04.2025","256,500","262,000","265,000","252,500","230,04K","-4,47%"
"01.04.2025","268,500","268,000","275,000","263,500","279,45K","2,68%"
"31.03.2025","261,500","265,500","270,000","253,000","188,68K","-1,51%"
"28.03.2025","265,500","277,500","277,500","264,500","147,55K","-2,93%"
"27.03.2025","273,500","275,000","282,000","267,000","442,00K","-0,18%"
"26.03.2025","274,000","275,000","275,000","267,000","470,10K","-0,90%"
"25.03.2025","276,500","284,000","284,000","271,000","645,63K","0,91%"
"21.03.2025","274,000","268,000","276,000","260,500","188,93K","2,62%"
"20.03.2025","267,000","269,500","273,000","265,500","129,32K","-0,56%"
"19.03.2025","268,500","267,000","279,000","265,000","216,14K","1,70%"
"18.03.2025","264,000","271,000","282,500","260,000","290,06K","-5,04%"
"17.03.2025","278,000","279,500","282,500","273,000","290,72K","-0,54%"
"14.03.2025","279,500","284,500","284,500","272,000","312,42K","0,18%"
"13.03.2025","279,000","289,000","289,000","273,000","197,57K","-3,13%"
"12.03.2025","288,000","277,000","289,000","262,500","390,03K","3,97%"
"11.03.2025","277,000","288,000","292,000","268,000","231,08K","-0,89%"
"10.03.2025","279,500","290,000","294,000","272,000","347,73K","-4,61%"
"07.03.2025","293,000","291,000","306,000","286,000","604,16K","2,81%"
"06.03.2025","285,000","269,000","287,000","263,000","1,06M","9,62%"
"05.03.2025","260,000","252,000","264,000","248,000","468,30K","3,79%"
"28.02.2025","250,500","257,500","262,000","241,000","451,76K","-1,57%"
"27.02.2025","254,500","266,000","271,000","251,000","552,15K","-4,32%"
"26.02.2025","266,000","270,000","285,000","264,000","315,53K","-1,48%"
"25.02.2025","270,000","285,000","285,000","265,000","345,12K","-3,74%"
"24.02.2025","280,500","288,000","292,000","275,000","254,57K","-2,26%"
"21.02.2025","287,000","288,000","304,000","280,000","469,48K","-2,71%"
"20.02.2025","295,000","297,000","310,000","290,000","266,64K","-0,51%"
"19.02.2025","296,500","294,000","300,000","285,000","273,34K","0,51%"
"18.02.2025","295,000","285,000","300,000","281,000","344,99K","3,51%"
"17.02.2025","285,000","291,000","298,000","281,500","547,66K","-5,79%"
"14.02.2025","302,500","308,000","308,500","294,500","381,75K","0,50%"
"13.02.2025","301,000","288,000","302,000","283,500","331,92K","6,93%"
"12.02.2025","281,500","279,000","295,000","265,000","281,64K","1,62%"
"11.02.2025","277,000","290,000","291,500","272,000","758,47K","-5,30%"
"10.02.2025","292,500","302,500","309,000","287,000","541,04K","-2,17%"
"07.02.2025","299,000","310,000","317,000","293,000","492,26K","-2,61%"
"06.02.2025","307,000","310,000","316,000","304,000","290,49K","-1,92%"
"05.02.2025","313,000","321,000","328,500","310,000","248,12K","-2,34%"
"04.02.2025","320,500","310,000","337,500","310,000","382,52K","1,58%"
"03.02.2025","315,500","310,000","319,500","295,000","257,76K","-0,47%"
"31.01.2025","317,000","329,000","329,000","315,500","258,84K","-1,25%"
"30.01.2025","321,000","326,000","327,000","317,000","580,60K","-0,16%"
"29.01.2025","321,500","315,500","325,000","314,000","245,41K","1,10%"
"28.01.2025","318,000","315,000","322,000","313,500","216,67K","2,09%"
"27.01.2025","311,500","339,000","339,000","306,500","532,08K","-6,17%"
"24.01.2025","332,000","340,000","355,000","318,000","638,69K","-0,15%"
"23.01.2025","332,500","347,000","347,000","328,000","394,53K","-3,48%"
"22.01.2025","344,500","348,000","354,000","340,500","267,39K","0,00%"
"21.01.2025","344,500","341,500","349,000","338,000","424,15K","4,24%"
"20.01.2025","330,500","315,000","349,000","315,000","413,47K","4,75%"
"17.01.2025","315,500","328,000","333,000","310,000","532,65K","-3,22%"
"16.01.2025","326,000","337,000","346,000","322,500","796,86K","-5,37%"
"15.01.2025","344,500","355,000","355,000","335,000","305,96K","-1,29%"
"14.01.2025","349,000","349,000","354,500","340,000","446,06K","2,20%"
"13.01.2025","341,500","359,500","367,000","340,000","475,76K","-4,87%"
"10.01.2025","359,000","353,000","365,000","345,000","543,56K","1,41%"
"09.01.2025","354,000","366,000","369,000","351,500","531,16K","-1,53%"
"08.01.2025","359,500","375,000","375,000","356,000","613,03K","-3,36%"
"07.01.2025","372,000","379,000","383,500","368,000","636,26K","-1,59%"
"06.01.2025","378,000","372,000","389,500","366,500","702,84K","0,67%"
"03.01.2025","375,500","388,000","394,000","374,000","577,64K","-2,34%"
"02.01.2025","384,500","380,000","394,000","379,500","505,44K","1,85%"
"31.12.2024","377,500","395,000","405,500","371,000","504,09K","0,00%"
"30.12.2024","377,500","395,000","405,500","371,000","504,09K","-3,94%"
"27.12.2024","393,000","409,000","415,000","382,000","932,46K","-3,20%"
"26.12.2024","406,000","415,000","419,500","405,000","832,29K","-1,69%"
"24.12.2024","413,000","403,000","420,000","401,000","500,74K","2,74%"
"23.12.2024","402,000","383,000","411,000","375,000","1,58M","4,96%"
"20.12.2024","383,000","359,500","390,000","341,000","778,30K","7,89%"
"19.12.2024","355,000","365,000","380,000","341,000","789,96K","-4,95%"
"18.12.2024","373,500","370,000","395,000","368,000","1,62M","0,54%"
"17.12.2024","371,500","344,000","380,000","340,000","1,03M","4,80%"
"16.12.2024","354,500","351,000","371,000","351,000","1,04M","0,85%"
"13.12.2024","351,500","368,000","379,000","347,500","1,48M","-4,48%"
"12.12.2024","368,000","340,000","372,000","340,000","1,86M","8,39%"
"11.12.2024","339,500","330,000","345,000","315,000","809,32K","4,14%"
"10.12.2024","326,000","335,000","344,000","320,500","636,94K","-1,06%"
"09.12.2024","329,500","299,000","334,000","291,500","975,44K","12,07%"
"06.12.2024","294,000","311,000","316,000","285,000","605,69K","-2,97%"
"05.12.2024","303,000","312,000","323,000","299,000","525,41K","-1,62%"
"04.12.2024","308,000","328,500","334,500","303,000","1,11M","-6,10%"
"03.12.2024","328,000","340,000","343,500","320,000","690,11K","-2,96%"
"02.12.2024","338,000","318,000","338,500","318,000","727,08K","4,64%"
"29.11.2024","323,000","324,000","338,000","318,000","365,46K","0,31%"
"28.11.2024","322,000","314,000","323,000","305,000","231,70K","2,88%"
"27.11.2024","313,000","328,000","334,500","305,000","599,42K","-4,57%"
"26.11.2024","328,000","336,000","344,500","315,000","658,81K","-1,94%"
"25.11.2024","334,500","337,500","351,000","330,000","993,32K","-0,74%"
"22.11.2024","337,000","321,000","343,000","321,000","1,21M","4,98%"
"21.11.2024","321,000","314,000","324,000","303,500","1,24M","4,56%"
"20.11.2024","307,000","311,000","317,000","305,000","667,40K","-0,97%"
"19.11.2024","310,000","314,000","322,000","301,500","749,19K","0,81%"
"15.11.2024","307,500","299,000","328,500","299,000","3,17M","4,59%"
"14.11.2024","294,000","260,000","299,000","254,500","1,51M","13,73%"
"13.11.2024","258,500","265,000","267,500","253,000","902,39K","-1,90%"
"12.11.2024","263,500","262,000","267,000","260,000","364,06K","0,19%"
"11.11.2024","263,000","269,000","269,000","261,500","372,21K","-0,19%"
"08.11.2024","263,500","272,000","278,000","261,500","560,05K","-3,48%"
"07.11.2024","273,000","278,000","283,000","272,000","658,45K","-1,80%"
"06.11.2024","278,000","284,000","288,500","272,000","537,64K","0,18%"
"05.11.2024","277,500","283,000","292,000","276,000","472,87K","-2,12%"
"04.11.2024","283,500","289,500","292,000","282,500","391,01K","-1,39%"
"01.11.2024","287,500","291,500","292,000","279,500","370,56K","2,68%"
"31.10.2024","280,000","280,000","294,000","279,000","199,33K","-2,61%"
"30.10.2024","287,500","275,500","290,000","268,000","626,58K","4,36%"
"29.10.2024","275,500","295,000","297,000","274,000","568,30K","-3,33%"
"28.10.2024","285,000","290,000","300,000","280,000","453,87K","-2,90%"
"25.10.2024","293,500","286,000","298,000","286,000","673,08K","5,58%"
"24.10.2024","278,000","266,500","285,000","266,500","416,48K","4,91%"
"23.10.2024","265,000","266,000","276,500","253,000","809,67K","-0,56%"
"22.10.2024","266,500","281,000","283,000","262,500","1,10M","-5,83%"
"21.10.2024","283,000","292,000","294,000","282,000","503,19K","-2,58%"
"18.10.2024","290,500","293,500","299,000","288,000","634,78K","-0,85%"
"17.10.2024","293,000","293,500","298,000","270,000","1,50M","0,17%"
"16.10.2024","292,500","305,000","309,500","288,000","561,63K","-4,26%"
"15.10.2024","305,500","315,000","317,000","304,000","748,45K","-3,17%"
"14.10.2024","315,500","324,000","325,000","314,000","516,17K","-2,17%"
"10.10.2024","322,500","322,000","329,000","318,000","244,39K","0,16%"
"09.10.2024","322,000","320,500","331,000","320,000","339,49K","-1,08%"
"08.10.2024","325,500","325,000","329,500","320,000","210,07K","0,15%"
"07.10.2024","325,000","330,000","342,500","322,500","367,56K","-0,91%"
"04.10.2024","328,000","325,500","329,500","321,000","281,86K","1,86%"
"03.10.2024","322,000","330,000","335,000","321,000","261,47K","-1,38%"
"02.10.2024","326,500","320,000","328,000","317,000","379,31K","2,19%"
"01.10.2024","319,500","318,000","325,000","316,000","371,63K","-0,47%"
"30.09.2024","321,000","323,000","332,000","316,000","269,72K","0,16%"
"27.09.2024","320,500","322,500","324,000","314,500","176,20K","0,63%"
"26.09.2024","318,500","322,500","332,500","316,000","692,54K","-1,85%"
"25.09.2024","324,500","333,000","333,000","320,000","390,66K","-1,22%"
"24.09.2024","328,500","323,000","347,000","319,500","714,48K","2,66%"
"23.09.2024","320,000","330,000","333,000","316,000","415,64K","-1,99%"
"20.09.2024","326,500","340,000","340,000","320,000","669,49K","-3,26%"
"19.09.2024","337,500","338,000","348,500","336,000","517,97K","0,45%"
"18.09.2024","336,000","352,500","352,500","332,000","410,29K","-2,61%"
"17.09.2024","345,000","356,500","356,500","343,000","586,68K","-3,23%"
"16.09.2024","356,500","375,000","378,000","350,500","653,52K","-3,13%"
"13.09.2024","368,000","359,000","382,000","359,000","828,50K","3,23%"
"12.09.2024","356,500","344,000","359,000","343,000","723,64K","3,33%"
"11.09.2024","345,000","341,000","354,000","333,500","468,52K","1,32%"
"10.09.2024","340,500","354,000","354,000","338,500","527,15K","-3,81%"
"09.09.2024","354,000","346,000","359,000","325,000","446,82K","2,61%"
"06.09.2024","345,000","353,000","359,500","340,000","670,39K","-1,57%"
"05.09.2024","350,500","331,500","353,000","328,000","1,36M","5,89%"
"04.09.2024","331,000","349,000","349,000","330,500","652,02K","-1,19%"
"03.09.2024","335,000","345,000","345,000","334,000","470,44K","-1,76%"
"02.09.2024","341,000","347,000","349,500","335,000","921,00K","-0,87%"
"30.08.2024","344,000","330,000","344,000","328,500","753,35K","5,36%"
"29.08.2024","326,500","328,000","333,500","325,000","326,27K","1,24%"
"28.08.2024","322,500","328,500","331,000","320,000","396,59K","-1,83%"
"27.08.2024","328,500","322,500","332,000","322,500","228,31K","0,77%"
"26.08.2024","326,000","329,000","330,500","324,000","320,98K","-1,66%"
"23.08.2024","331,500","332,000","339,000","328,000","270,42K","1,69%"
"22.08.2024","326,000","322,500","334,500","322,500","365,89K","-2,98%"
"21.08.2024","336,000","342,500","350,000","332,500","653,52K","-4,00%"
"20.08.2024","350,000","363,000","365,000","347,000","649,92K","-3,58%"
"19.08.2024","363,000","366,000","367,500","351,500","868,72K","-0,41%"
"16.08.2024","364,500","332,000","365,000","324,500","1,30M","11,13%"
"15.08.2024","328,000","324,500","334,000","323,000","454,94K","0,92%"
"14.08.2024","325,000","326,000","337,000","322,000","729,32K","0,62%"
"13.08.2024","323,000","322,500","324,500","310,000","735,95K","-1,22%"
"12.08.2024","327,000","333,000","338,000","320,000","521,81K","0,46%"
"09.08.2024","325,500","337,500","337,500","310,000","809,20K","-1,96%"
"08.08.2024","332,000","339,500","354,500","327,500","736,18K","-0,75%"
"07.08.2024","334,500","352,000","357,500","330,000","441,79K","-3,60%"
"06.08.2024","347,000","335,000","348,500","327,500","715,48K","8,10%"
"05.08.2024","321,000","320,000","333,000","294,000","844,82K","-6,96%"
"02.08.2024","345,000","341,500","352,000","331,000","709,09K","-3,77%"
"01.08.2024","358,500","377,000","377,500","349,000","903,18K","-0,14%"
"31.07.2024","359,000","319,000","360,000","310,000","892,59K","18,09%"
"30.07.2024","304,000","329,000","329,000","300,000","1,06M","-7,88%"
"29.07.2024","330,000","367,500","367,500","327,500","453,44K","-8,08%"
"26.07.2024","359,000","366,000","376,500","352,000","436,37K","-0,69%"
"25.07.2024","361,500","379,500","379,500","355,000","420,24K","-2,03%"
"24.07.2024","369,000","362,500","379,000","359,500","642,93K","3,65%"
"23.07.2024","356,000","346,000","360,000","346,000","465,19K","2,59%"
"22.07.2024","347,000","366,000","366,000","344,000","591,53K","-3,34%"
"19.07.2024","359,000","362,500","375,000","352,500","525,82K","-1,64%"
"18.07.2024","365,000","360,000","378,500","360,000","455,05K","0,97%"
"17.07.2024","361,500","386,000","386,000","358,000","563,35K","-3,73%"
"16.07.2024","375,500","338,000","375,500","298,000","1,48M","8,84%"
"15.07.2024","345,000","377,000","377,500","340,000","960,07K","-8,85%"
"12.07.2024","378,500","388,000","388,000","367,500","911,93K","-2,32%"
"11.07.2024","387,500","395,000","400,000","375,000","717,19K","-1,15%"
"10.07.2024","392,000","367,000","393,000","360,000","821,30K","7,69%"
"08.07.2024","364,000","390,000","390,000","360,500","1,04M","-6,31%"
"05.07.2024","388,500","409,500","410,500","385,000","825,33K","-4,07%"
"04.07.2024","405,000","408,500","424,000","389,000","938,43K","-0,86%"
"03.07.2024","408,500","415,000","430,000","385,000","1,43M","-1,45%"
"02.07.2024","414,500","400,000","435,000","393,000","1,30M","6,83%"
"01.07.2024","388,000","370,000","392,000","358,000","1,16M","5,72%"
"28.06.2024","367,000","359,500","383,000","352,500","1,18M","2,09%"
"27.06.2024","359,500","387,000","394,000","350,000","2,53M","-6,50%"
"26.06.2024","384,500","434,000","442,500","371,000","2,24M","-12,11%"
"25.06.2024","437,500","416,000","445,000","412,000","1,81M","6,71%"
"24.06.2024","410,000","369,500","410,000","369,000","1,61M","11,41%"
"19.06.2024","368,000","356,000","372,000","356,000","1,63M","3,95%"
"18.06.2024","354,000","334,000","356,000","324,000","1,32M","5,99%"
"14.06.2024","334,000","321,000","339,000","321,000","1,21M","4,38%"
"13.06.2024","320,000","315,000","350,000","303,500","2,16M","5,44%"
"12.06.2024","303,500","295,000","312,000","293,000","1,56M","6,30%"
"11.06.2024","285,500","301,000","313,500","280,000","2,29M","-2,89%"
"10.06.2024","294,000","259,000","298,500","259,000","1,57M","12,64%"
"07.06.2024","261,000","240,000","261,500","230,250","1,04M","8,52%"
"06.06.2024","240,500","257,000","257,000","233,000","1,06M","-6,42%"
"05.06.2024","257,000","240,000","263,000","217,000","885,46K","4,05%"
"04.06.2024","247,000","255,000","255,000","222,000","946,61K","-3,33%"
"03.06.2024","255,500","260,000","277,000","248,000","1,31M","-2,85%"
"31.05.2024","263,000","253,000","278,000","252,000","2,15M","5,84%"
"30.05.2024","248,500","220,000","249,000","220,000","2,64M","15,58%"
"29.05.2024","215,000","196,000","215,000","196,000","916,75K","10,54%"
"28.05.2024","194,500","188,000","195,000","185,000","324,50K","5,71%"
"27.05.2024","184,000","184,000","195,000","179,250","405,19K","0,55%"
"24.05.2024","183,000","178,500","183,000","176,000","353,73K","3,98%"
"23.05.2024","176,000","176,250","180,000","173,000","445,18K","-0,14%"
"22.05.2024","176,250","175,000","185,500","173,000","220,78K","-0,98%"
"21.05.2024","178,000","177,000","179,000","172,000","437,68K","0,56%"
"20.05.2024","177,000","178,000","179,250","169,000","225,06K","-0,56%"
"17.05.2024","178,000","182,000","187,000","171,000","520,56K","-1,93%"
"16.05.2024","181,500","173,000","185,000","173,000","543,15K","1,68%"
"15.05.2024","178,500","174,500","178,750","170,250","535,27K","3,78%"
"14.05.2024","172,000","170,000","174,500","162,000","399,64K","3,61%"
"13.05.2024","166,000","177,500","179,000","165,000","444,34K","-5,14%"
"10.05.2024","175,000","166,000","176,000","160,000","279,52K","5,42%"
"09.05.2024","166,000","173,000","178,500","160,000","495,44K","-4,32%"
"08.05.2024","173,500","178,750","179,750","166,000","641,64K","-2,53%"
"07.05.2024","178,000","171,000","188,000","170,000","1,06M","3,49%"
"06.05.2024","172,000","154,000","172,750","154,000","1,10M","11,69%"
"03.05.2024","154,000","144,750","156,000","142,750","826,55K","7,32%"
"02.05.2024","143,500","131,000","145,000","129,500","737,63K","11,24%"
"30.04.2024","129,000","132,250","134,000","128,000","308,39K","-1,71%"
"29.04.2024","131,250","133,500","133,500","130,000","227,21K","-2,78%"
"26.04.2024","135,000","133,750","137,500","131,500","221,83K","0,00%"
"25.04.2024","135,000","134,500","135,500","125,000","121,70K","0,19%"
"24.04.2024","134,750","138,000","139,000","130,000","180,73K","0,56%"
"23.04.2024","134,000","141,250","141,250","133,750","135,92K","-1,29%"
"22.04.2024","135,750","133,000","136,750","132,000","352,03K","2,07%"
"19.04.2024","133,000","131,250","136,000","131,250","103,19K","0,00%"
"18.04.2024","133,000","134,250","139,500","130,250","188,62K","-0,37%"
"17.04.2024","133,500","137,500","140,000","133,000","122,83K","-3,26%"
"16.04.2024","138,000","138,250","141,000","130,000","365,90K","-1,78%"
"15.04.2024","140,500","152,000","152,000","137,000","301,67K","-3,77%"
"12.04.2024","146,000","141,500","150,000","141,000","372,98K","2,82%"
"11.04.2024","142,000","138,500","142,000","136,500","218,01K","1,79%"
"10.04.2024","139,500","141,000","142,000","137,000","290,05K","-0,36%"
"09.04.2024","140,000","142,000","142,000","132,500","305,75K","1,45%"
"08.04.2024","138,000","140,000","145,000","134,750","293,52K","0,18%"
"05.04.2024","137,750","136,500","139,750","132,500","268,87K","1,29%"
"04.04.2024","136,000","139,000","142,000","132,000","416,84K","-0,18%"
"03.04.2024","136,250","141,000","141,000","135,000","174,95K","-3,88%"
"27.03.2024","141,750","146,000","146,000","135,750","315,39K","1,25%"
"26.03.2024","140,000","140,500","144,000","132,500","362,60K","-0,36%"
"25.03.2024","140,500","147,500","148,750","140,250","351,36K","-4,42%"
"22.03.2024","147,000","149,000","150,000","139,750","213,07K","-0,68%"
"21.03.2024","148,000","148,000","153,500","144,000","499,38K","0,00%"
"20.03.2024","148,000","137,250","149,750","132,000","380,13K","8,42%"
"19.03.2024","136,500","138,000","140,500","132,500","953,33K","-0,73%"
"18.03.2024","137,500","137,000","144,500","130,000","752,34K","-2,48%"
"15.03.2024","141,000","143,000","145,000","136,500","244,12K","-1,40%"
"14.03.2024","143,000","148,500","148,500","135,000","435,88K","-3,38%"
"13.03.2024","148,000","145,250","159,000","145,250","456,33K","2,07%"
"12.03.2024","145,000","133,000","147,000","132,000","684,81K","6,62%"
"11.03.2024","136,000","120,000","136,500","120,000","424,13K","9,24%"
"08.03.2024","124,500","124,250","130,000","121,000","215,98K","0,20%"
"07.03.2024","124,250","130,000","130,000","121,000","307,76K","-4,42%"
"06.03.2024","130,000","132,500","136,000","124,000","647,07K","-1,89%"
"05.03.2024","132,500","146,000","153,750","130,000","379,65K","-12,69%"
"04.03.2024","151,750","145,250","158,000","145,000","1,17M","7,62%"
"01.03.2024","141,000","138,000","141,000","133,250","606,51K","1,08%"
"29.02.2024","139,500","121,000","139,500","118,500","718,84K","14,81%"
"28.02.2024","121,500","125,000","126,500","117,500","619,52K","-2,02%"
"27.02.2024","124,000","140,750","141,000","124,000","437,17K","-11,90%"
"26.02.2024","140,750","148,500","150,000","137,750","168,34K","-5,22%"
"23.02.2024","148,500","149,250","152,000","140,000","292,15K","0,17%"
"22.02.2024","148,250","138,500","148,500","135,000","342,34K","7,43%"
"21.02.2024","138,000","145,000","150,000","130,500","1,23M","-4,50%"
"20.02.2024","144,500","148,000","149,000","142,000","295,96K","-3,67%"
"19.02.2024","150,000","154,500","155,000","142,000","310,55K","0,17%"
"16.02.2024","149,750","155,000","158,000","142,500","432,46K","-4,31%"
"15.02.2024","156,500","167,750","168,000","152,000","480,88K","-3,99%"
"14.02.2024","163,000","172,500","179,000","160,000","548,75K","-5,23%"
"09.02.2024","172,000","163,000","184,500","160,500","847,21K","8,86%"
"08.02.2024","158,000","151,000","161,000","150,500","925,55K","5,33%"
"07.02.2024","150,000","156,000","158,000","142,000","1,23M","-6,25%"
"06.02.2024","160,000","184,000","191,000","159,500","831,44K","-12,33%"
"05.02.2024","182,500","198,500","198,500","178,000","836,00K","-3,44%"
"02.02.2024","189,000","186,000","195,000","184,000","900,56K","4,71%"
"01.02.2024","180,500","170,500","187,000","168,000","1,48M","6,18%"
"31.01.2024","170,000","153,000","171,000","152,000","771,28K","11,84%"
"30.01.2024","152,000","148,500","156,000","147,000","427,96K","4,11%"
"29.01.2024","146,000","144,000","155,000","132,250","676,66K","1,74%"
"26.01.2024","143,500","148,000","160,000","138,500","882,23K","-2,71%"
"25.01.2024","147,500","133,000","148,000","131,750","1,27M","10,28%"
"24.01.2024","133,750","135,000","137,500","128,000","1,27M","2,29%"
"23.01.2024","130,750","132,750","138,000","126,000","692,00K","-0,95%"
"22.01.2024","132,000","120,000","136,000","120,000","702,79K","10,23%"
"19.01.2024","119,750","118,750","120,500","114,500","455,05K","0,63%"
"18.01.2024","119,000","115,000","123,000","110,000","747,56K","4,16%"
"17.01.2024","114,250","118,750","118,750","111,000","845,44K","-1,51%"
"16.01.2024","116,000","123,000","123,000","114,000","662,32K","-1,69%"
"15.01.2024","118,000","115,750","125,000","115,500","782,05K","1,72%"
"12.01.2024","116,000","114,750","118,500","112,750","931,78K","4,74%"
"11.01.2024","110,750","111,000","118,750","107,500","1,02M","1,61%"
"10.01.2024","109,000","108,250","120,000","105,000","1,10M","0,93%"
"09.01.2024","108,000","103,000","110,000","100,750","1,04M","5,37%"
"08.01.2024","102,500","91,800","109,000","87,700","765,31K","14,53%"
"05.01.2024","89,500","88,000","92,000","84,000","403,74K","1,70%"
"04.01.2024","88,000","84,500","90,000","82,800","274,11K","4,14%"
"03.01.2024","84,500","86,000","87,700","83,100","324,58K","-0,35%"
"02.01.2024","84,800","84,200","91,800","83,000","361,35K","0,95%"
"29.12.2023","84,000","83,500","84,100","80,000","202,77K","1,69%"
"28.12.2023","82,600","78,500","82,900","78,500","249,06K","1,35%"
"27.12.2023","81,500","85,000","87,000","80,600","454,61K","-5,12%"
"26.12.2023","85,900","88,700","89,900","82,000","323,77K","-3,48%"
"22.12.2023","89,000","90,700","90,800","83,000","316,05K","0,91%"
"21.12.2023","88,200","86,100","91,700","86,100","580,09K","3,64%"
"20.12.2023","85,100","82,500","86,500","81,000","567,66K","4,42%"
"19.12.2023","81,500","82,900","83,000","78,100","449,81K","2,13%"
"18.12.2023","79,800","82,000","82,900","77,500","308,89K","-2,68%"
"15.12.2023","82,000","88,900","88,900","78,500","595,49K","-4,54%"
"14.12.2023","85,900","87,200","90,000","82,000","581,86K","-3,48%"
"13.12.2023","89,000","91,100","94,900","82,000","743,53K","0,11%"
"12.12.2023","88,900","86,700","90,000","83,000","809,99K","3,98%"
"11.12.2023","85,500","84,200","88,700","76,200","885,99K","3,01%"
"07.12.2023","83,000","80,000","87,500","80,000","1,15M","5,46%"
"06.12.2023","78,700","70,500","85,600","70,500","1,12M","6,64%"
"05.12.2023","73,800","69,000","74,900","67,000","781,19K","7,42%"
"04.12.2023","68,700","64,100","69,000","64,100","570,66K","7,18%"
"01.12.2023","64,100","57,500","68,200","56,100","767,88K","11,48%"
"30.11.2023","57,500","58,300","60,000","55,500","426,09K","-2,54%"
"29.11.2023","59,000","58,000","61,600","57,000","397,03K","0,00%"
"28.11.2023","59,000","63,000","65,000","58,000","362,18K","-7,38%"
"27.11.2023","63,700","69,500","72,400","60,000","375,85K","-7,55%"
"24.11.2023","68,900","63,000","71,000","63,000","591,61K","9,37%"
"23.11.2023","63,000","58,900","63,900","56,000","434,28K","10,72%"
"22.11.2023","56,900","55,000","58,900","53,100","628,36K","7,56%"
"21.11.2023","52,900","51,000","59,000","49,000","419,80K","11,37%"
"17.11.2023","47,500","47,500","47,500","45,000","137,09K","3,49%"
"16.11.2023","45,900","48,000","48,900","45,100","226,34K","-2,34%"
"15.11.2023","47,000","49,000","49,950","46,200","214,02K","-3,09%"
"14.11.2023","48,500","49,900","49,900","47,300","404,26K","0,62%"
"13.11.2023","48,200","48,000","50,000","47,400","211,27K","-2,63%"
"10.11.2023","49,500","48,000","49,550","46,700","349,36K","4,87%"
"09.11.2023","47,200","47,950","48,800","45,450","144,53K","1,83%"
"08.11.2023","46,350","48,200","48,950","46,100","179,12K","-3,24%"
"07.11.2023","47,900","50,000","50,000","47,600","55,25K","-4,58%"
"03.11.2023","50,200","52,500","54,500","49,000","218,26K","-3,46%"
"02.11.2023","52,000","49,500","53,000","48,500","174,36K","7,44%"
"01.11.2023","48,400","46,200","51,200","44,400","207,09K","9,75%"
"31.10.2023","44,100","45,600","48,000","43,250","209,75K","-3,92%"
"30.10.2023","45,900","47,100","48,900","44,600","294,77K","-5,85%"
"27.10.2023","48,750","50,500","53,000","48,000","64,85K","-2,21%"
"26.10.2023","49,850","51,400","53,500","49,100","110,72K","-2,83%"
"25.10.2023","51,300","50,000","52,500","48,000","84,00K","3,43%"
"24.10.2023","49,600","52,200","54,000","48,000","203,21K","-4,98%"
"23.10.2023","52,200","56,000","56,000","50,000","278,11K","-8,42%"
"20.10.2023","57,000","56,200","58,300","55,000","781,43K","1,60%"
"19.10.2023","56,100","58,000","58,700","54,200","317,52K","-3,28%"
"18.10.2023","58,000","59,600","61,000","56,300","682,65K","-3,01%"
"17.10.2023","59,800","57,000","62,000","57,000","641,01K","6,79%"
"12.10.2023","56,000","57,000","57,300","54,600","732,01K","0,36%"
"11.10.2023","55,800","56,000","59,000","52,600","372,24K","-0,36%"
"10.10.2023","56,000","54,600","56,000","53,000","399,01K","6,67%"
"09.10.2023","52,500","51,500","53,800","51,000","197,47K","3,35%"
"06.10.2023","50,800","46,850","51,400","46,850","472,15K","8,43%"
"05.10.2023","46,850","45,000","49,000","44,000","487,83K","5,04%"
"04.10.2023","44,600","43,000","45,000","42,100","215,11K","4,94%"
"03.10.2023","42,500","44,200","44,400","42,000","609,22K","-2,41%"
"02.10.2023","43,550","45,000","46,500","43,000","94,22K","-0,57%"
"29.09.2023","43,800","45,350","46,900","43,100","200,95K","-2,45%"
"28.09.2023","44,900","44,000","45,700","42,800","223,96K","5,40%"
"27.09.2023","42,600","43,100","44,200","40,500","609,81K","-2,07%"
"26.09.2023","43,500","43,700","45,500","42,900","452,06K","-3,55%"
"25.09.2023","45,100","45,150","46,900","42,000","290,38K","-3,01%"
"22.09.2023","46,500","44,000","47,500","43,000","172,12K","3,45%"
"21.09.2023","44,950","44,550","45,000","42,100","418,91K","-0,11%"
"20.09.2023","45,000","47,950","47,950","45,000","320,93K","-6,25%"
"19.09.2023","48,000","48,550","49,450","46,000","348,97K","-3,90%"
"18.09.2023","49,950","51,800","51,800","48,800","188,74K","-2,44%"
"15.09.2023","51,200","51,600","52,300","49,000","100,28K","0,00%"
"14.09.2023","51,200","53,400","53,400","51,100","117,74K","-1,54%"
"13.09.2023","52,000","50,300","54,000","50,300","166,15K","1,36%"
"12.09.2023","51,300","48,800","52,000","47,000","198,50K","6,87%"
"11.09.2023","48,000","49,600","50,000","45,200","327,13K","-3,23%"
"08.09.2023","49,600","52,300","53,400","48,950","338,58K","-5,16%"
"07.09.2023","52,300","54,000","54,000","51,500","285,57K","-5,77%"
"06.09.2023","55,500","53,800","57,900","52,500","252,04K","2,78%"
"05.09.2023","54,000","57,000","57,900","53,500","215,70K","-3,57%"
"04.09.2023","56,000","56,900","58,200","53,600","286,32K","1,82%"
"01.09.2023","55,000","56,200","59,000","54,200","312,83K","-1,79%"
"31.08.2023","56,000","56,500","56,500","55,000","488,73K","-1,23%"
"30.08.2023","56,700","59,800","59,800","56,000","360,82K","-3,57%"
"29.08.2023","58,800","60,000","61,500","57,700","798,68K","-1,84%"
"28.08.2023","59,900","57,600","60,000","57,000","1,12M","3,99%"
"25.08.2023","57,600","54,300","59,000","54,300","1,01M","5,69%"
"24.08.2023","54,500","55,900","55,900","53,600","221,26K","-0,91%"
"23.08.2023","55,000","54,700","57,000","52,500","499,64K","0,55%"
"22.08.2023","54,700","54,500","55,300","51,500","723,03K","-1,08%"
"18.08.2023","55,300","57,900","59,200","52,000","1,40M","-1,25%"
"17.08.2023","56,000","49,000","59,000","49,000","2,59M","15,70%"
"16.08.2023","48,400","41,150","49,450","41,150","1,05M","18,19%"
"15.08.2023","40,950","39,750","40,950","39,550","705,17K","2,63%"
"14.08.2023","39,900","36,250","40,800","36,250","293,60K","5,28%"
"11.08.2023","37,900","37,000","38,600","36,500","341,17K","-0,26%"
"10.08.2023","38,000","37,950","38,200","36,050","302,37K","2,43%"
"09.08.2023","37,100","38,000","38,800","36,700","309,31K","-2,37%"
"08.08.2023","38,000","38,000","39,900","36,400","817,13K","0,13%"
"07.08.2023","37,950","40,500","40,700","36,000","1,15M","-5,12%"
"04.08.2023","40,000","40,500","41,500","39,500","862,41K","-1,23%"
"03.08.2023","40,500","40,150","41,000","40,000","587,58K","0,50%"
"02.08.2023","40,300","41,500","41,500","39,850","379,70K","1,13%"
"01.08.2023","39,850","39,500","41,000","39,500","258,87K","-0,38%"
"31.07.2023","40,000","39,700","40,500","39,350","937,22K","-0,99%"
"28.07.2023","40,400","40,700","41,750","39,500","528,10K","-0,25%"
"27.07.2023","40,500","41,800","41,900","40,500","373,99K","-2,41%"
"26.07.2023","41,500","41,100","41,850","39,800","347,66K","2,34%"
"25.07.2023","40,550","41,800","41,800","39,700","588,74K","-0,61%"
"24.07.2023","40,800","42,500","43,250","40,300","580,18K","-4,00%"
"21.07.2023","42,500","43,000","43,000","41,500","469,94K","0,00%"
"20.07.2023","42,500","41,950","42,900","40,000","660,34K","3,79%"
"19.07.2023","40,950","43,000","43,850","39,600","1,50M","-4,32%"
"18.07.2023","42,800","40,900","43,950","40,900","4,97M","4,39%"
"17.07.2023","41,000","37,000","41,900","36,900","1,84M","12,33%"
"14.07.2023","36,500","35,800","36,700","34,600","2,53M","1,53%"
"13.07.2023","35,950","35,900","36,550","35,750","2,28M","0,00%"
"12.07.2023","35,950","36,400","36,400","35,750","1,93M","-0,96%"
"11.07.2023","36,300","36,000","36,600","35,800","846,31K","0,00%"
"10.07.2023","36,300","37,300","37,500","36,200","1,04M","-3,84%"
"07.07.2023","37,750","36,500","39,450","36,500","1,02M","-0,40%"
"06.07.2023","37,900","38,300","39,000","36,600","222,18K","-1,04%"
"05.07.2023","38,300","38,950","39,000","38,200","94,49K","-1,42%"
"04.07.2023","38,850","39,500","39,800","38,250","160,19K","0,13%"
"03.07.2023","38,800","39,700","39,800","38,400","188,88K","-0,39%"
"30.06.2023","38,950","39,200","39,500","37,600","132,02K","0,13%"
"29.06.2023","38,900","38,200","39,000","37,500","146,03K","2,37%"
"28.06.2023","38,000","38,500","39,100","37,000","314,23K","0,26%"
"27.06.2023","37,900","40,300","40,300","37,450","197,44K","-1,56%"
"26.06.2023","38,500","40,100","42,900","38,500","353,75K","-3,51%"
"23.06.2023","39,900","38,000","40,000","37,500","297,04K","3,37%"
"22.06.2023","38,600","38,400","38,900","38,300","255,58K","0,92%"
"21.06.2023","38,250","38,900","38,900","37,900","423,03K","0,00%"
"16.06.2023","38,250","38,900","38,900","37,150","188,68K","0,66%"
"15.06.2023","38,000","38,300","38,300","36,550","313,19K","1,33%"
"14.06.2023","37,500","36,100","37,750","36,100","416,16K","2,18%"
"13.06.2023","36,700","37,500","38,000","36,100","91,70K","-2,13%"
"12.06.2023","37,500","37,900","38,500","36,950","155,49K","-0,79%"
"09.06.2023","37,800","38,500","38,500","36,600","178,98K","-0,26%"
"08.06.2023","37,900","38,700","38,700","37,050","69,72K","-0,26%"
"07.06.2023","38,000","38,900","38,900","37,100","230,62K","0,00%"
"06.06.2023","38,000","38,200","39,000","36,800","282,12K","0,00%"
"05.06.2023","38,000","36,900","38,200","36,900","434,46K","2,98%"
"02.06.2023","36,900","34,450","37,000","34,400","317,37K","3,94%"
"01.06.2023","35,500","34,000","35,500","33,050","318,47K","4,41%"
"31.05.2023","34,000","34,900","34,900","33,350","180,83K","-0,58%"
"30.05.2023","34,200","34,700","34,700","33,400","223,57K","0,00%"
"29.05.2023","34,200","34,100","34,800","34,100","198,20K","-0,87%"
"24.05.2023","34,500","35,400","35,400","33,600","157,89K","-1,85%"
"23.05.2023","35,150","35,100","35,150","34,000","347,19K","2,48%"
"22.05.2023","34,300","35,500","35,800","34,100","233,26K","-3,24%"
"19.05.2023","35,450","35,000","35,600","34,100","296,39K","1,29%"
"18.05.2023","35,000","34,500","35,000","33,800","301,10K","1,01%"
"17.05.2023","34,650","32,900","34,700","32,300","766,49K","5,32%"
"16.05.2023","32,900","33,300","33,450","32,500","265,52K","-1,20%"
"15.05.2023","33,300","33,800","34,100","32,000","325,11K","-2,06%"
"12.05.2023","34,000","34,000","34,350","33,300","235,64K","0,15%"
"11.05.2023","33,950","34,000","34,000","33,150","312,14K","1,34%"
"10.05.2023","33,500","34,350","34,400","33,000","169,05K","-0,30%"
"09.05.2023","33,600","34,250","34,450","33,500","188,59K","-1,03%"
"08.05.2023","33,950","33,800","34,450","32,500","350,64K","0,30%"
"05.05.2023","33,850","31,150","33,850","31,150","390,81K","6,45%"
"04.05.2023","31,800","30,100","32,500","29,850","158,98K","3,25%"
"03.05.2023","30,800","33,000","33,000","30,250","191,23K","-4,20%"
"02.05.2023","32,150","33,500","33,500","31,000","207,37K","-3,31%"
"28.04.2023","33,250","34,000","34,000","31,850","224,41K","0,15%"
"27.04.2023","33,200","31,950","33,800","31,950","464,45K","3,91%"
"26.04.2023","31,950","32,550","32,550","31,000","368,08K","-1,69%"
"25.04.2023","32,500","31,650","33,000","31,650","364,02K","3,17%"
"24.04.2023","31,500","29,400","31,650","28,200","388,23K","7,14%"
"21.04.2023","29,400","28,700","29,400","28,150","215,83K","3,16%"
"20.04.2023","28,500","28,500","29,200","26,600","265,09K","1,79%"
"19.04.2023","28,000","27,500","29,500","27,000","619,96K","3,70%"
"18.04.2023","27,000","25,300","27,250","25,300","769,63K","6,72%"
"17.04.2023","25,300","24,800","25,300","24,500","187,48K","2,22%"
"14.04.2023","24,750","24,350","24,900","23,800","276,64K","1,64%"
"13.04.2023","24,350","23,400","24,400","23,400","372,14K","3,62%"
"12.04.2023","23,500","23,800","24,000","23,350","359,90K","-0,42%"
"11.04.2023","23,600","22,850","23,600","22,250","306,70K","6,31%"
"10.04.2023","22,200","23,000","23,000","22,050","161,35K","0,91%"
"05.04.2023","22,000","22,500","22,500","21,150","235,15K","1,15%"
"04.04.2023","21,750","22,000","22,700","21,400","203,39K","-0,68%"
"03.04.2023","21,900","21,000","21,900","20,700","139,42K","2,34%"
"31.03.2023","21,400","22,100","22,800","21,000","104,62K","-3,17%"
"30.03.2023","22,100","21,500","22,750","21,500","154,25K","0,45%"
"29.03.2023","22,000","21,300","22,200","21,100","684,81K","1,38%"
"28.03.2023","21,700","20,200","21,700","20,100","115,23K","5,08%"
"27.03.2023","20,650","19,250","21,400","19,000","202,88K","3,25%"
"23.03.2023","20,000","20,500","20,900","19,550","91,52K","-2,44%"
"22.03.2023","20,500","21,000","21,000","20,000","40,23K","4,06%"
"21.03.2023","19,700","21,000","21,000","19,700","122,55K","-4,83%"
"20.03.2023","20,700","21,250","21,250","20,600","96,01K","-0,72%"
"17.03.2023","20,850","21,000","21,000","19,700","101,71K","2,71%"
"16.03.2023","20,300","18,750","20,850","18,750","66,28K","4,91%"
"15.03.2023","19,350","20,000","20,000","18,700","85,26K","-3,25%"
"14.03.2023","20,000","20,600","21,500","20,000","79,08K","-3,85%"
"13.03.2023","20,800","22,000","22,000","19,800","307,73K","-5,45%"
"10.03.2023","22,000","22,550","22,800","21,550","141,28K","-2,00%"
"09.03.2023","22,450","22,900","23,100","22,200","72,91K","-1,54%"
"08.03.2023","22,800","22,500","23,300","22,100","43,47K","-0,87%"
"07.03.2023","23,000","23,200","23,200","22,200","44,42K","-0,43%"
"06.03.2023","23,100","23,500","23,900","22,650","131,63K","-1,49%"
"03.03.2023","23,450","22,950","23,700","22,950","58,70K","1,74%"
"02.03.2023","23,050","23,500","23,950","22,900","123,52K","-1,91%"
"01.03.2023","23,500","22,900","24,000","22,650","149,88K","4,44%"
"28.02.2023","22,500","23,200","23,200","22,100","54,42K","-1,10%"
"27.02.2023","22,750","22,150","22,850","22,100","52,22K","2,02%"
"24.02.2023","22,300","23,000","23,000","21,800","217,47K","-0,22%"
"23.02.2023","22,350","22,250","22,850","22,000","167,32K","0,45%"
"22.02.2023","22,250","22,300","23,000","22,000","106,72K","-2,63%"
"17.02.2023","22,850","22,800","23,450","22,500","304,97K","-0,22%"
"16.02.2023","22,900","22,500","23,000","22,100","260,12K","2,00%"
"15.02.2023","22,450","23,000","23,400","22,450","102,26K","-2,39%"
"14.02.2023","23,000","23,450","23,450","22,900","123,96K","0,22%"
"13.02.2023","22,950","22,600","23,350","21,800","140,85K","0,66%"
"10.02.2023","22,800","23,400","23,500","22,700","74,44K","-0,87%"
"09.02.2023","23,000","22,700","23,250","22,550","81,85K","0,00%"
"08.02.2023","23,000","23,000","23,000","22,500","40,56K","0,00%"
"07.02.2023","23,000","23,400","23,400","22,300","105,52K","-0,43%"
"06.02.2023","23,100","22,800","23,850","22,750","82,45K","0,00%"
"03.02.2023","23,100","23,000","23,900","22,750","60,82K","-1,70%"
"02.02.2023","23,500","23,150","24,000","23,150","92,49K","-1,67%"
"01.02.2023","23,900","24,100","24,100","23,200","124,01K","-0,83%"
"31.01.2023","24,100","23,500","24,200","22,650","151,38K","4,33%"
"30.01.2023","23,100","23,150","24,500","23,100","211,96K","-2,33%"
"27.01.2023","23,650","24,100","24,500","23,200","533,02K","-1,46%"
"26.01.2023","24,000","25,500","26,000","23,900","722,63K","-4,00%"
"25.01.2023","25,000","24,900","25,250","23,800","145,57K","4,17%"
"24.01.2023","24,000","24,500","24,500","23,850","175,64K","-1,84%"
"23.01.2023","24,450","25,100","25,900","24,300","406,25K","-1,41%"
"20.01.2023","24,800","24,300","25,300","23,450","344,40K","5,98%"
"19.01.2023","23,400","23,000","24,900","22,000","420,92K","-1,47%"
"18.01.2023","23,750","25,500","26,050","23,000","523,07K","-5,75%"
"17.01.2023","25,200","24,000","25,450","23,800","752,61K","7,01%"
"16.01.2023","23,550","23,300","24,950","22,700","326,00K","0,21%"
"13.01.2023","23,500","23,500","24,150","22,300","284,52K","0,00%"
"12.01.2023","23,500","23,150","23,850","21,800","301,04K","6,82%"
"11.01.2023","22,000","22,500","23,000","22,000","194,82K","-1,79%"
"10.01.2023","22,400","22,600","23,350","22,000","151,64K","-0,44%"
"09.01.2023","22,500","23,700","23,700","22,300","222,64K","-3,02%"
"06.01.2023","23,200","23,700","24,150","23,100","145,87K","-0,43%"
"05.01.2023","23,300","22,900","23,300","22,550","196,14K","2,64%"
"04.01.2023","22,700","22,500","23,100","22,450","90,16K","0,89%"
"03.01.2023","22,500","22,950","23,400","22,000","137,40K","-1,75%"
"02.01.2023","22,900","22,000","23,150","21,550","276,83K","5,05%"
"30.12.2022","21,800","21,450","22,450","21,450","298,25K","-0,91%"
"29.12.2022","22,000","22,900","23,000","21,500","528,46K","-1,57%"
"28.12.2022","22,350","23,500","23,900","22,100","816,79K","-4,89%"
"27.12.2022","23,500","22,500","23,750","22,500","808,07K","4,44%"
"26.12.2022","22,500","21,250","22,500","21,000","628,96K","7,14%"
"23.12.2022","21,000","19,600","21,600","19,100","876,38K","6,33%"
"22.12.2022","19,750","18,900","19,750","18,500","588,11K","5,61%"
"21.12.2022","18,700","18,250","18,700","17,800","225,45K","3,31%"
"20.12.2022","18,100","18,500","18,500","17,800","3,87K","-0,55%"
"19.12.2022","18,200","17,900","18,400","17,500","218,21K","4,30%"
"16.12.2022","17,450","18,300","18,300","17,050","83,17K","-3,59%"
"15.12.2022","18,100","18,250","18,750","17,800","172,10K","-1,36%"
"14.12.2022","18,350","18,300","18,500","18,000","159,95K","1,38%"
"13.12.2022","18,100","18,600","18,850","17,900","86,22K","-1,63%"
"12.12.2022","18,400","18,650","18,650","18,000","145,87K","-1,34%"
"07.12.2022","18,650","17,800","18,900","17,700","591,46K","7,18%"
"06.12.2022","17,400","17,450","17,750","17,300","201,29K","-2,25%"
"05.12.2022","17,800","17,600","18,300","17,100","593,96K","1,71%"
"02.12.2022","17,500","16,300","17,550","16,000","966,41K","8,02%"
"01.12.2022","16,200","16,100","16,450","15,900","632,18K","0,62%"
"30.11.2022","16,100","16,100","16,100","15,700","180,68K","1,58%"
"29.11.2022","15,850","16,000","16,100","15,700","242,22K","0,63%"
"28.11.2022","15,750","16,250","16,250","15,500","438,98K","-2,48%"
"25.11.2022","16,150","16,750","16,750","15,900","786,04K","-3,58%"
"24.11.2022","16,750","16,250","16,850","16,250","306,45K","1,52%"
"23.11.2022","16,500","16,800","16,800","16,300","186,41K","-1,20%"
"22.11.2022","16,700","16,800","16,800","16,300","70,50K","0,60%"
"18.11.2022","16,600","16,700","16,700","16,400","18,45K","0,30%"
"17.11.2022","16,550","16,100","16,600","16,100","91,62K","0,91%"
"16.11.2022","16,400","16,000","16,400","15,900","116,66K","1,55%"
"15.11.2022","16,150","16,100","17,000","16,000","418,04K","-1,52%"
"14.11.2022","16,400","16,650","17,000","16,000","529,07K","-1,50%"
"11.11.2022","16,650","16,000","16,700","15,900","212,03K","2,15%"
"10.11.2022","16,300","16,000","16,700","16,000","170,68K","1,87%"
"09.11.2022","16,000","16,400","16,400","16,000","388,60K","-4,48%"
"08.11.2022","16,750","16,900","17,100","16,300","204,99K","1,21%"
"07.11.2022","16,550","16,850","17,000","16,500","58,38K","-1,49%"
"04.11.2022","16,800","17,300","17,500","16,700","50,98K","-1,18%"
"03.11.2022","17,000","17,600","17,600","16,600","165,17K","-1,16%"
"02.11.2022","17,200","17,150","17,250","16,800","39,82K","0,58%"
"01.11.2022","17,100","17,100","18,000","16,850","97,83K","-1,16%"
"31.10.2022","17,300","17,400","17,500","17,050","25,17K","1,76%"
"28.10.2022","17,000","17,000","17,000","16,350","127,82K","1,49%"
"27.10.2022","16,750","17,200","17,200","16,600","27,63K","-1,47%"
"26.10.2022","17,000","16,500","17,500","16,200","67,82K","1,80%"
"25.10.2022","16,700","16,250","16,700","16,250","46,99K","1,21%"
"24.10.2022","16,500","16,500","17,000","16,200","58,27K","-2,08%"
"21.10.2022","16,850","17,100","17,500","16,550","27,41K","-0,88%"
"20.10.2022","17,000","16,500","17,200","16,500","43,06K","0,00%"
"19.10.2022","17,000","17,000","17,250","16,400","148,39K","0,00%"
"18.10.2022","17,000","16,500","17,700","16,500","131,26K","1,49%"
"17.10.2022","16,750","17,950","17,950","16,750","130,77K","-4,29%"
"14.10.2022","17,500","17,750","17,800","17,050","105,59K","-0,85%"
"13.10.2022","17,650","17,900","17,900","17,100","22,47K","0,28%"
"12.10.2022","17,600","17,450","17,900","17,050","27,52K","1,15%"
"11.10.2022","17,400","18,000","18,000","17,000","22,77K","-3,33%"
"06.10.2022","18,000","18,100","18,300","17,600","67,34K","-0,55%"
"05.10.2022","18,100","18,650","18,650","17,600","151,12K","0,56%"
"04.10.2022","18,000","18,250","18,850","18,000","72,98K","-1,37%"
"03.10.2022","18,250","18,100","18,800","17,800","74,07K","1,39%"
"30.09.2022","18,000","18,600","18,850","18,000","143,23K","-2,70%"
"29.09.2022","18,500","18,200","19,000","17,850","486,31K","-1,33%"
"28.09.2022","18,750","17,350","18,750","16,500","456,67K","10,29%"
"27.09.2022","17,000","16,250","17,350","16,150","88,98K","3,66%"
"26.09.2022","16,400","16,400","17,000","16,000","224,88K","-2,96%"
"23.09.2022","16,900","17,300","17,500","16,600","30,17K","-2,31%"
"22.09.2022","17,300","17,000","17,500","16,700","982,03K","1,76%"
"21.09.2022","17,000","17,500","17,500","16,850","144,73K","-0,58%"
"20.09.2022","17,100","17,850","18,000","17,000","289,65K","-3,93%"
"19.09.2022","17,800","18,000","18,100","17,350","71,00K","0,28%"
"16.09.2022","17,750","18,000","18,150","17,550","80,64K","-3,53%"
"15.09.2022","18,400","18,350","18,500","18,000","145,92K","-0,54%"
"14.09.2022","18,500","19,000","19,000","18,350","251,94K","-2,12%"
"13.09.2022","18,900","18,950","19,550","18,900","101,68K","-1,56%"
"12.09.2022","19,200","19,150","19,500","18,500","721,96K","1,05%"
"09.09.2022","19,000","18,500","19,250","17,250","280,27K","5,85%"
"08.09.2022","17,950","18,250","18,850","17,500","142,91K","-0,83%"
"07.09.2022","18,100","18,100","18,500","17,500","188,88K","0,56%"
"06.09.2022","18,000","18,300","18,300","17,500","104,33K","0,00%"
"05.09.2022","18,000","17,900","18,500","17,600","153,18K","-0,55%"
"01.09.2022","18,100","17,950","18,600","17,500","69,76K","1,69%"
"31.08.2022","17,800","18,000","18,300","17,750","78,99K","-1,66%"
"30.08.2022","18,100","18,950","19,000","17,750","157,15K","-2,69%"
"29.08.2022","18,600","18,300","19,050","18,000","278,38K","1,36%"
"26.08.2022","18,350","18,500","18,500","17,700","239,95K","1,10%"
"25.08.2022","18,150","17,000","18,200","17,000","477,87K","6,14%"
"24.08.2022","17,100","17,000","17,600","16,350","303,55K","0,00%"
"23.08.2022","17,100","16,800","17,200","16,700","214,25K","2,40%"
"22.08.2022","16,700","16,400","17,000","16,100","239,30K","0,00%"
"19.08.2022","16,700","16,150","16,700","15,800","159,99K","2,77%"
"18.08.2022","16,250","16,200","16,300","16,050","211,48K","1,56%"
"17.08.2022","16,000","16,000","16,350","15,800","98,25K","0,00%"
"16.08.2022","16,000","16,100","16,200","15,700","204,35K","0,00%"
"12.08.2022","16,000","16,000","16,150","15,850","154,69K","0,00%"
"11.08.2022","16,000","16,200","16,250","15,700","309,73K","-0,62%"
"10.08.2022","16,100","16,400","16,400","15,350","226,99K","0,00%"
"09.08.2022","16,100","16,000","16,500","16,000","53,50K","0,31%"
"08.08.2022","16,050","16,300","16,500","15,900","169,87K","-1,53%"
"05.08.2022","16,300","17,000","17,000","16,000","274,96K","-0,91%"
"04.08.2022","16,450","16,700","17,300","15,850","115,20K","0,61%"
"03.08.2022","16,350","16,500","16,500","15,950","171,29K","-0,30%"
"02.08.2022","16,400","16,400","16,550","16,000","109,73K","1,86%"
"01.08.2022","16,100","16,700","17,550","16,000","216,99K","-2,72%"
"29.07.2022","16,550","17,500","17,900","16,000","234,57K","-5,70%"
"28.07.2022","17,550","17,500","17,900","16,300","309,74K","0,29%"
"27.07.2022","17,500","17,000","17,650","16,300","375,23K","4,48%"
"26.07.2022","16,750","16,900","16,900","16,250","92,89K","0,30%"
"25.07.2022","16,700","16,250","16,900","15,850","139,09K","1,52%"
"22.07.2022","16,450","16,500","16,500","15,700","117,26K","2,49%"
"21.07.2022","16,050","15,950","16,500","15,600","254,67K","3,55%"
"20.07.2022","15,500","15,700","15,700","14,800","94,58K","-1,27%"
"19.07.2022","15,700","15,350","16,000","15,100","205,91K","2,28%"
"18.07.2022","15,350","15,200","15,500","15,100","68,72K","3,37%"
"15.07.2022","14,850","14,500","14,850","14,100","84,16K","3,48%"
"14.07.2022","14,350","14,700","15,250","14,100","122,47K","-4,33%"
"13.07.2022","15,000","15,400","15,400","14,500","50,75K","-1,96%"
"12.07.2022","15,300","15,300","16,000","15,000","98,80K","0,00%"
"11.07.2022","15,300","15,500","15,500","14,150","198,28K","-1,61%"
"08.07.2022","15,550","15,300","16,000","14,800","292,82K","2,30%"
"07.07.2022","15,200","14,500","15,300","14,150","316,89K","5,19%"
"06.07.2022","14,450","13,350","14,450","13,300","160,11K","7,04%"
"05.07.2022","13,500","13,200","13,500","13,000","110,24K","3,85%"
"04.07.2022","13,000","12,800","13,100","12,600","80,30K","4,00%"
"01.07.2022","12,500","12,150","12,700","12,150","65,69K","-0,79%"
"30.06.2022","12,600","12,600","12,600","12,200","43,34K","2,02%"
"29.06.2022","12,350","12,100","12,500","12,100","94,52K","-0,80%"
"28.06.2022","12,450","12,000","12,550","11,900","80,93K","1,22%"
"27.06.2022","12,300","11,350","12,500","11,250","146,68K","4,68%"
"24.06.2022","11,750","11,100","11,950","11,100","40,29K","1,29%"
"23.06.2022","11,600","11,400","11,850","11,200","45,23K","0,43%"
"22.06.2022","11,550","11,800","11,900","11,500","93,71K","-3,75%"
"21.06.2022","12,000","11,700","12,300","11,500","36,10K","2,13%"
"16.06.2022","11,750","12,000","12,000","11,700","33,61K","-2,08%"
"15.06.2022","12,000","11,600","12,250","11,500","72,40K","2,13%"
"14.06.2022","11,750","12,000","12,000","11,350","81,09K","0,43%"
"13.06.2022","11,700","11,500","11,850","11,250","65,44K","-2,50%"
"10.06.2022","12,000","12,550","12,600","11,500","101,23K","0,00%"
"09.06.2022","12,000","12,000","12,200","11,700","33,31K","1,27%"
"08.06.2022","11,850","11,850","12,050","11,750","42,41K","-1,25%"
"07.06.2022","12,000","11,700","12,250","11,700","37,95K","0,42%"
"06.06.2022","11,950","12,250","12,300","11,800","29,39K","-2,45%"
"03.06.2022","12,250","12,850","12,900","11,650","226,98K","-1,61%"
"02.06.2022","12,450","12,300","12,800","12,100","120,78K","2,05%"
"01.06.2022","12,200","12,450","12,600","12,200","29,66K","-0,81%"
"31.05.2022","12,300","12,500","12,800","12,300","67,55K","-3,91%"
"30.05.2022","12,800","12,700","12,800","12,500","31,49K","-0,78%"
"27.05.2022","12,900","13,100","13,100","12,500","28,98K","-0,39%"
"26.05.2022","12,950","12,900","13,000","12,300","99,88K","0,39%"
"24.05.2022","12,900","11,200","12,950","11,200","120,86K","11,21%"
"23.05.2022","11,600","11,100","11,600","11,000","130,19K","1,75%"
"20.05.2022","11,400","11,950","11,950","11,200","25,90K","-1,72%"
"19.05.2022","11,600","11,900","11,900","11,500","90,66K","-2,93%"
"17.05.2022","11,950","11,600","12,000","11,500","37,81K","1,70%"
"16.05.2022","11,750","12,000","12,000","11,150","50,62K","0,43%"
"13.05.2022","11,700","11,800","12,000","11,350","28,41K","4,46%"
"12.05.2022","11,200","11,450","11,450","11,200","34,83K","-0,88%"
"11.05.2022","11,300","11,500","11,700","11,000","64,39K","-1,31%"
"10.05.2022","11,450","11,950","11,950","11,350","41,93K","1,33%"
"09.05.2022","11,300","12,600","12,600","11,250","100,36K","-8,87%"
"06.05.2022","12,400","12,150","12,500","11,950","57,23K","2,48%"
"05.05.2022","12,100","12,700","12,700","12,100","49,40K","-3,20%"
"04.05.2022","12,500","12,850","12,850","12,300","26,36K","-2,34%"
"03.05.2022","12,800","12,400","12,800","12,350","52,74K","0,79%"
"02.05.2022","12,700","13,000","13,100","12,250","32,04K","2,83%"
"29.04.2022","12,350","12,450","12,900","12,300","69,74K","-0,40%"
"28.04.2022","12,400","13,050","13,100","12,250","91,16K","-3,88%"
"27.04.2022","12,900","12,500","13,100","12,500","25,39K","0,00%"
"26.04.2022","12,900","13,100","13,100","12,400","65,69K","-1,53%"
"25.04.2022","13,100","13,000","13,100","12,000","94,92K","1,55%"
"22.04.2022","12,900","12,850","13,050","12,650","177,47K","0,00%"
"21.04.2022","12,900","13,050","13,050","12,750","203,87K","-1,15%"
"20.04.2022","13,050","13,100","13,200","13,000","141,73K","-0,38%"
"19.04.2022","13,100","13,700","13,700","13,050","176,06K","-1,87%"
"18.04.2022","13,350","13,700","13,700","13,050","81,66K","-0,37%"
"13.04.2022","13,400","13,400","13,500","13,250","30,29K","-0,74%"
"12.04.2022","13,500","13,700","13,700","13,200","24,94K","3,05%"
"11.04.2022","13,100","13,700","13,700","13,100","49,93K","-2,96%"
"08.04.2022","13,500","13,750","13,900","13,300","47,87K","-1,10%"
"07.04.2022","13,650","13,750","13,750","13,400","43,17K","-0,36%"
"06.04.2022","13,700","13,400","13,700","13,350","48,86K","0,74%"
"05.04.2022","13,600","13,900","13,900","13,450","58,46K","-1,45%"
"04.04.2022","13,800","13,950","14,000","13,300","69,30K","0,00%"
"01.04.2022","13,800","13,400","13,800","13,350","31,19K","1,47%"
"31.03.2022","13,600","13,500","13,750","13,300","35,33K","1,12%"
"30.03.2022","13,450","13,500","13,750","12,800","106,09K","-1,10%"
"29.03.2022","13,600","14,000","14,000","13,450","174,36K","-0,37%"
"28.03.2022","13,650","13,850","14,000","13,600","34,48K","-1,09%"
"25.03.2022","13,800","13,700","13,950","13,650","46,43K","1,10%"
"23.03.2022","13,650","14,000","14,050","13,600","119,93K","-1,44%"
"22.03.2022","13,850","14,000","14,000","13,700","47,51K","0,36%"
"21.03.2022","13,800","14,350","14,350","13,600","79,29K","-2,82%"
"18.03.2022","14,200","14,400","14,450","13,750","59,67K","-1,39%"
"17.03.2022","14,400","14,250","14,400","13,900","53,96K","0,70%"
"16.03.2022","14,300","13,800","14,300","13,800","128,79K","3,25%"
"15.03.2022","13,850","14,000","14,000","13,500","8,79K","1,09%"
"14.03.2022","13,700","13,800","14,000","13,150","107,64K","-2,49%"
"11.03.2022","14,050","14,100","14,100","13,700","77,94K","0,36%"
"10.03.2022","14,000","13,800","14,250","13,650","83,96K","1,45%"
"09.03.2022","13,800","14,000","14,200","13,500","81,42K","-1,43%"
"08.03.2022","14,000","14,000","14,000","13,600","89,51K","1,08%"
"07.03.2022","13,850","14,350","14,400","13,750","215,13K","-1,07%"
"04.03.2022","14,000","14,200","14,300","13,700","119,57K","-1,06%"
"03.03.2022","14,150","14,150","14,350","13,750","255,18K","1,07%"
"02.03.2022","14,000","14,250","14,350","13,800","70,45K","0,36%"
"25.02.2022","13,950","13,700","14,200","13,700","102,90K","1,82%"
"24.02.2022","13,700","13,950","14,100","13,300","184,35K","-2,14%"
"23.02.2022","14,000","14,500","14,550","13,750","182,66K","-1,41%"
"22.02.2022","14,200","14,750","14,750","13,800","151,06K","-1,73%"
"21.02.2022","14,450","14,750","14,750","14,300","49,14K","0,00%"
"18.02.2022","14,450","14,800","14,800","14,200","112,79K","-1,70%"
"17.02.2022","14,700","15,100","15,100","14,250","195,40K","-1,67%"
"16.02.2022","14,950","14,000","15,650","13,800","630,12K","6,03%"
"15.02.2022","14,100","14,200","14,200","13,800","72,78K","-0,70%"
"14.02.2022","14,200","14,000","14,200","13,600","88,36K","1,07%"
"11.02.2022","14,050","14,100","14,100","13,500","313,42K","-1,40%"
"10.02.2022","14,250","14,150","14,250","13,700","166,27K","2,15%"
"09.02.2022","13,950","13,900","14,200","13,800","79,26K","1,09%"
"08.02.2022","13,800","14,650","14,650","13,800","236,12K","-3,50%"
"07.02.2022","14,300","14,750","14,800","13,800","340,92K","-2,05%"
"04.02.2022","14,600","14,200","14,800","13,950","116,43K","3,18%"
"03.02.2022","14,150","14,650","14,650","14,000","66,46K","-2,41%"
"02.02.2022","14,500","14,600","14,700","14,300","247,31K","-0,68%"
"01.02.2022","14,600","14,500","14,600","14,050","229,28K","1,39%"
"31.01.2022","14,400","14,500","14,900","14,150","163,15K","-3,36%"
"28.01.2022","14,900","14,300","15,000","14,000","151,99K","5,30%"
"27.01.2022","14,150","14,300","14,300","13,900","67,85K","-0,35%"
"26.01.2022","14,200","14,450","14,450","14,100","27,32K","0,00%"
"25.01.2022","14,200","14,000","14,700","13,850","113,95K","1,43%"
"24.01.2022","14,000","14,950","14,950","14,000","62,83K","-3,78%"
"21.01.2022","14,550","14,800","15,000","14,500","19,78K","-1,69%"
"20.01.2022","14,800","14,800","14,950","14,300","51,31K","0,34%"
"19.01.2022","14,750","15,000","15,000","14,600","104,99K","-1,67%"
"18.01.2022","15,000","14,750","15,100","14,500","121,75K","0,00%"
"17.01.2022","15,000","15,000","15,350","14,700","95,04K","0,00%"
"14.01.2022","15,000","15,100","15,100","14,750","35,02K","0,00%"
"13.01.2022","15,000","14,950","15,300","14,850","73,59K","0,00%"
"12.01.2022","15,000","15,250","15,400","14,900","73,17K","-1,64%"
"11.01.2022","15,250","15,450","15,450","15,100","31,40K","-1,61%"
"10.01.2022","15,500","15,350","15,850","15,100","9,50K","1,31%"
"07.01.2022","15,300","15,150","15,400","15,100","22,07K","-0,97%"
"06.01.2022","15,450","15,700","15,700","15,150","41,82K","0,00%"
"05.01.2022","15,450","16,000","16,000","15,250","43,49K","-3,44%"
"04.01.2022","16,000","15,950","16,200","15,550","16,11K","0,00%"
"03.01.2022","16,000","16,000","16,000","15,500","80,37K","2,56%"
"30.12.2021","15,600","16,000","16,250","15,350","29,14K","-1,89%"
"29.12.2021","15,900","15,950","15,950","15,400","22,53K","0,32%"
"28.12.2021","15,850","15,900","16,350","15,850","147,50K","-0,31%"
"27.12.2021","15,900","15,000","16,100","15,000","113,11K","1,27%"
"23.12.2021","15,700","16,100","16,500","15,600","27,23K","-2,48%"
"22.12.2021","16,100","16,000","16,400","15,700","188,62K","-1,83%"
"21.12.2021","16,400","15,750","16,400","15,300","288,27K","5,81%"
"20.12.2021","15,500","15,500","15,500","15,050","34,49K","1,31%"
"17.12.2021","15,300","15,000","15,550","14,850","23,93K","0,99%"
"16.12.2021","15,150","14,950","15,250","14,800","173,01K","1,68%"
"15.12.2021","14,900","15,450","15,450","14,700","71,18K","-1,00%"
"14.12.2021","15,050","15,150","15,500","14,950","46,94K","-0,33%"
"13.12.2021","15,100","15,700","15,700","15,100","36,70K","-3,82%"
"10.12.2021","15,700","16,000","16,250","15,000","29,69K","1,29%"
"09.12.2021","15,500","15,950","16,250","15,400","43,45K","-4,32%"
"07.12.2021","16,200","15,950","16,200","15,500","187,95K","1,89%"
"06.12.2021","15,900","15,400","15,900","15,100","78,47K","2,58%"
"03.12.2021","15,500","16,000","16,000","15,100","50,21K","-2,21%"
"02.12.2021","15,850","14,900","16,100","14,600","71,90K","4,62%"
"01.12.2021","15,150","14,350","15,400","14,350","83,84K","5,21%"
"30.11.2021","14,400","14,650","15,000","14,200","34,57K","-1,03%"
"29.11.2021","14,550","15,000","15,000","14,400","80,82K","-2,02%"
"26.11.2021","14,850","15,600","15,600","14,400","64,17K","-3,57%"
"25.11.2021","15,400","15,350","15,850","15,250","18,93K","0,33%"
"24.11.2021","15,350","15,600","15,600","15,100","31,64K","-1,29%"
"23.11.2021","15,550","15,000","15,650","15,000","66,38K","0,00%"
"19.11.2021","15,550","15,900","15,900","15,350","16,03K","-0,64%"
"18.11.2021","15,650","16,150","16,150","15,200","69,55K","0,97%"
"17.11.2021","15,500","15,600","15,950","15,200","67,33K","0,00%"
"16.11.2021","15,500","15,900","16,200","15,200","122,78K","-2,82%"
"15.11.2021","15,950","16,500","17,000","15,500","228,39K","-3,33%"
"12.11.2021","16,500","16,500","16,900","16,200","156,64K","-0,90%"
"11.11.2021","16,650","16,550","17,000","16,400","116,53K","-0,60%"
"10.11.2021","16,750","17,100","17,800","16,750","414,62K","-1,76%"
"09.11.2021","17,050","16,000","17,150","16,000","380,61K","4,28%"
"08.11.2021","16,350","15,950","16,500","15,850","238,48K","1,87%"
"05.11.2021","16,050","16,100","16,100","15,850","70,11K","-0,31%"
"04.11.2021","16,100","15,950","16,150","15,850","44,30K","0,94%"
"03.11.2021","15,950","16,000","16,350","15,850","167,34K","-0,31%"
"02.11.2021","16,000","16,400","16,400","15,900","51,19K","0,95%"
"01.11.2021","15,850","16,450","16,500","15,800","232,39K","-0,31%"
"29.10.2021","15,900","16,450","16,450","15,750","62,04K","-0,93%"
"28.10.2021","16,050","16,000","16,550","15,750","85,58K","0,00%"
"27.10.2021","16,050","16,000","16,350","15,900","103,19K","-2,13%"
"26.10.2021","16,400","16,450","16,550","16,200","72,58K","0,00%"
"25.10.2021","16,400","16,100","16,900","16,100","150,24K","-1,20%"
"22.10.2021","16,600","16,500","16,800","16,350","141,83K","-2,06%"
"21.10.2021","16,950","17,100","17,100","16,200","401,09K","-1,17%"
"20.10.2021","17,150","16,850","17,150","16,450","500,18K","2,69%"
"19.10.2021","16,700","16,150","16,800","15,500","303,46K","4,38%"
"18.10.2021","16,000","16,150","16,150","15,600","152,81K","-0,62%"
"15.10.2021","16,100","15,900","16,100","15,600","270,42K","-0,31%"
"14.10.2021","16,150","15,650","16,150","15,450","118,02K","4,19%"
"13.10.2021","15,500","15,600","15,750","15,150","205,14K","-1,27%"
"12.10.2021","15,700","16,000","16,000","15,600","116,73K","-0,63%"
"07.10.2021","15,800","15,850","15,850","15,600","110,10K","-0,63%"
"06.10.2021","15,900","16,150","16,150","15,500","90,78K","0,00%"
"05.10.2021","15,900","15,900","16,350","15,500","161,89K","0,63%"
"04.10.2021","15,800","16,400","16,400","15,600","33,74K","-1,25%"
"01.10.2021","16,000","16,200","16,500","15,750","49,38K","0,00%"
"30.09.2021","16,000","16,150","16,300","15,900","77,04K","-0,62%"
"29.09.2021","16,100","16,300","16,300","15,700","48,63K","1,26%"
"28.09.2021","15,900","16,550","16,550","15,700","74,68K","-1,55%"
"27.09.2021","16,150","16,200","16,750","15,950","79,93K","-1,52%"
"24.09.2021","16,400","16,400","16,750","15,850","73,10K","0,61%"
"23.09.2021","16,300","16,600","16,950","16,000","19,99K","0,31%"
"22.09.2021","16,250","16,500","16,650","16,050","49,16K","1,56%"
"21.09.2021","16,000","16,000","16,450","15,850","41,01K","0,95%"
"20.09.2021","15,850","16,050","16,400","15,500","128,29K","-3,65%"
"17.09.2021","16,450","16,650","16,650","16,150","119,73K","-1,50%"
"16.09.2021","16,700","16,700","17,000","16,050","221,63K","0,00%"
"15.09.2021","16,700","17,000","17,000","16,000","193,28K","0,00%"
"14.09.2021","16,700","17,300","17,300","16,650","101,63K","-3,47%"
"13.09.2021","17,300","18,000","18,400","17,100","312,06K","3,28%"
"10.09.2021","16,750","16,800","17,400","16,500","281,22K","-1,18%"
"09.09.2021","16,950","17,600","18,150","16,800","252,25K","-3,69%"
"08.09.2021","17,600","18,400","18,400","17,550","394,05K","-4,86%"
"07.09.2021","18,500","18,700","19,000","18,000","629,20K","0,00%"
"06.09.2021","18,500","18,000","18,800","17,750","1,19M","4,23%"
"03.09.2021","17,750","16,100","17,900","15,700","951,04K","9,57%"
"02.09.2021","16,200","16,550","16,600","16,000","330,88K","-1,22%"
"01.09.2021","16,400","16,600","16,800","15,500","362,48K","-1,20%"
"31.08.2021","16,600","16,800","16,800","16,100","396,86K","-1,19%"
"30.08.2021","16,800","16,200","16,900","15,700","999,79K","5,00%"
"27.08.2021","16,000","15,900","16,100","15,700","212,57K","1,27%"
"26.08.2021","15,800","16,000","16,000","15,700","54,81K","-1,56%"
"25.08.2021","16,050","16,300","16,300","15,800","62,10K","0,00%"
"24.08.2021","16,050","15,750","16,100","15,500","501,94K","1,90%"
"23.08.2021","15,750","15,600","15,950","15,400","51,16K","0,32%"
"20.08.2021","15,700","15,500","15,900","15,300","123,02K","0,00%"
"19.08.2021","15,700","15,800","15,800","15,300","92,32K","-0,32%"
"18.08.2021","15,750","15,350","15,800","14,800","102,88K","3,28%"
"17.08.2021","15,250","15,850","15,850","14,800","135,28K","-3,17%"
"13.08.2021","15,750","16,200","16,200","15,400","154,14K","-1,25%"
"12.08.2021","15,950","16,000","16,100","15,800","216,11K","0,31%"
"11.08.2021","15,900","15,250","15,950","15,100","376,08K","4,26%"
"10.08.2021","15,250","15,300","15,300","14,900","187,45K","-0,33%"
"09.08.2021","15,300","15,000","15,400","15,000","66,09K","0,00%"
"06.08.2021","15,300","15,400","15,400","14,900","106,09K","1,66%"
"05.08.2021","15,050","15,250","15,300","15,000","71,58K","0,33%"
"04.08.2021","15,000","15,200","15,300","14,800","92,77K","-1,32%"
"03.08.2021","15,200","15,050","15,300","14,600","102,76K","1,00%"
"02.08.2021","15,050","15,400","15,550","14,900","154,01K","-2,59%"
"30.07.2021","15,450","15,650","15,700","15,150","67,92K","-0,64%"
"29.07.2021","15,550","15,500","15,550","15,150","66,24K","0,65%"
"28.07.2021","15,450","15,100","15,500","15,100","88,82K","0,32%"
"27.07.2021","15,400","15,650","15,650","15,100","81,91K","-0,32%"
"26.07.2021","15,450","15,350","15,500","15,250","136,24K","0,65%"
"23.07.2021","15,350","15,700","15,700","15,000","196,48K","-2,23%"
"22.07.2021","15,700","15,500","15,750","15,250","80,50K","1,29%"
"21.07.2021","15,500","15,800","15,800","15,300","97,50K","0,00%"
"20.07.2021","15,500","15,800","15,800","15,150","60,10K","0,32%"
"19.07.2021","15,450","15,550","15,800","15,250","77,03K","-0,64%"
"16.07.2021","15,550","16,150","16,150","15,250","167,16K","-2,81%"
"15.07.2021","16,000","15,900","16,400","15,700","52,90K","0,63%"
"14.07.2021","15,900","16,400","16,400","15,850","70,59K","-0,63%"
"13.07.2021","16,000","16,500","16,500","15,800","94,74K","0,00%"
"12.07.2021","16,000","16,000","16,300","15,850","49,12K","-0,62%"
"08.07.2021","16,100","16,200","16,350","15,950","70,86K","-1,83%"
"07.07.2021","16,400","16,600","16,600","16,000","63,35K","0,31%"
"06.07.2021","16,350","16,000","16,450","16,000","24,82K","0,31%"
"05.07.2021","16,300","16,550","16,550","16,200","66,70K","-0,31%"
"02.07.2021","16,350","16,850","16,850","16,000","91,09K","-0,61%"
"01.07.2021","16,450","16,300","16,850","16,100","54,35K","-0,30%"
"30.06.2021","16,500","16,600","16,600","16,300","32,12K","0,30%"
"29.06.2021","16,450","16,150","16,550","16,050","186,14K","2,49%"
"28.06.2021","16,050","15,500","16,100","15,050","186,86K","2,88%"
"25.06.2021","15,600","15,800","15,800","15,000","174,89K","-1,58%"
"24.06.2021","15,850","16,250","16,300","15,850","178,01K","-2,16%"
"23.06.2021","16,200","16,600","16,600","15,900","60,37K","0,00%"
"22.06.2021","16,200","16,100","16,450","15,700","76,59K","1,89%"
"18.06.2021","15,900","16,500","16,750","15,850","131,61K","-3,05%"
"17.06.2021","16,400","16,500","17,000","15,800","278,26K","-1,80%"
"16.06.2021","16,700","16,550","17,150","16,550","105,31K","-1,18%"
"15.06.2021","16,900","17,100","17,300","16,600","116,85K","-0,88%"
"14.06.2021","17,050","17,000","17,300","16,900","114,99K","0,59%"
"11.06.2021","16,950","17,250","17,250","16,500","205,24K","0,30%"
"10.06.2021","16,900","17,250","17,800","16,700","277,89K","-0,59%"
"09.06.2021","17,000","16,600","17,000","16,250","114,36K","2,72%"
"08.06.2021","16,550","17,000","17,200","16,550","136,14K","-2,36%"
"07.06.2021","16,950","17,400","17,950","16,200","571,05K","-2,31%"
"04.06.2021","17,350","16,900","17,450","16,600","378,34K","3,27%"
"03.06.2021","16,800","17,000","17,000","16,600","150,91K","-0,88%"
"02.06.2021","16,950","16,950","17,050","16,400","377,81K","0,89%"
"01.06.2021","16,800","16,750","17,300","16,400","765,69K","0,30%"
"31.05.2021","16,750","15,800","16,750","15,600","581,70K","6,01%"
"28.05.2021","15,800","15,000","15,800","14,600","1,03M","5,33%"
"27.05.2021","15,000","15,200","15,200","14,850","326,37K","-0,66%"
"26.05.2021","15,100","15,300","15,300","14,800","58,68K","0,00%"
"21.05.2021","15,100","15,000","15,200","14,700","328,26K","1,00%"
"20.05.2021","14,950","14,750","14,950","14,550","159,01K","1,36%"
"19.05.2021","14,750","14,400","14,950","14,400","94,15K","0,00%"
"18.05.2021","14,750","14,950","14,950","14,500","110,48K","-0,34%"
"17.05.2021","14,800","14,850","14,950","14,550","126,01K","-0,34%"
"14.05.2021","14,850","14,300","15,000","14,300","140,85K","1,02%"
"13.05.2021","14,700","14,850","14,850","14,200","58,65K","1,73%"
"12.05.2021","14,450","14,650","14,850","14,200","65,22K","-0,34%"
"11.05.2021","14,500","14,550","14,700","14,350","18,37K","0,00%"
"10.05.2021","14,500","14,800","15,000","14,450","69,30K","-1,69%"
"07.05.2021","14,750","14,700","14,950","14,600","73,73K","0,34%"
"06.05.2021","14,700","14,550","15,000","14,500","84,20K","1,03%"
"05.05.2021","14,550","14,800","14,800","14,500","70,78K","-0,34%"
"04.05.2021","14,600","15,000","15,000","14,450","193,34K","-2,01%"
"03.05.2021","14,900","15,000","15,150","14,800","60,15K","-0,67%"
"30.04.2021","15,000","14,850","15,000","14,700","100,47K","0,00%"
"29.04.2021","15,000","15,100","15,100","14,850","31,05K","-0,66%"
"28.04.2021","15,100","14,800","15,100","14,700","344,95K","0,67%"
"27.04.2021","15,000","15,000","15,200","14,850","281,75K","0,00%"
"26.04.2021","15,000","15,100","15,300","14,800","96,35K","-0,66%"
"23.04.2021","15,100","15,300","15,300","14,900","86,03K","-0,33%"
"22.04.2021","15,150","15,200","15,300","15,000","58,58K","0,33%"
"21.04.2021","15,100","15,150","15,150","14,850","66,17K","-0,33%"
"20.04.2021","15,150","15,000","15,200","15,000","199,78K","-0,33%"
"19.04.2021","15,200","15,400","15,500","15,000","134,53K","-2,25%"
"16.04.2021","15,550","15,700","15,700","15,150","42,70K","-1,58%"
"15.04.2021","15,800","14,850","15,850","14,500","989,61K","6,04%"
"14.04.2021","14,900","15,350","15,350","14,900","93,37K","-1,65%"
"13.04.2021","15,150","15,200","15,250","15,000","73,32K","0,33%"
"12.04.2021","15,100","15,600","15,600","14,800","193,01K","-3,21%"
"09.04.2021","15,600","15,700","15,800","15,250","86,85K","0,00%"
"08.04.2021","15,600","15,450","15,600","15,000","83,52K","0,32%"
"07.04.2021","15,550","15,150","15,600","14,700","221,23K","4,36%"
"06.04.2021","14,900","14,600","15,100","14,600","56,08K","0,00%"
"05.04.2021","14,900","15,250","15,400","14,150","84,83K","-2,30%"
"31.03.2021","15,250","14,000","15,650","14,000","1,29M","8,93%"
"30.03.2021","14,000","14,200","14,550","13,950","90,04K","-1,41%"
"29.03.2021","14,200","13,900","14,200","13,700","64,21K","2,53%"
"26.03.2021","13,850","13,800","14,100","13,300","140,63K","1,47%"
"25.03.2021","13,650","14,600","14,600","13,100","288,17K","-2,15%"
"23.03.2021","13,950","14,300","14,900","13,850","236,12K","-2,45%"
"22.03.2021","14,300","15,200","15,250","14,000","325,78K","-3,38%"
"19.03.2021","14,800","14,850","15,200","14,550","65,56K","-0,34%"
"18.03.2021","14,850","15,350","15,350","14,750","93,73K","-1,66%"
"17.03.2021","15,100","15,400","15,400","14,900","96,67K","0,00%"
"16.03.2021","15,100","15,100","15,200","15,000","143,11K","-0,33%"
"15.03.2021","15,150","15,050","15,300","15,000","159,70K","-0,33%"
"12.03.2021","15,200","15,550","15,550","15,050","58,43K","-0,33%"
"11.03.2021","15,250","15,700","15,700","15,050","137,44K","-3,48%"
"10.03.2021","15,800","15,000","16,000","14,250","986,02K","7,12%"
"09.03.2021","14,750","15,100","15,100","14,050","181,47K","-1,67%"
"08.03.2021","15,000","16,000","16,000","14,600","131,01K","-2,60%"
"05.03.2021","15,400","15,500","15,900","15,300","34,74K","-1,91%"
"04.03.2021","15,700","15,100","15,950","14,950","489,78K","3,63%"
"03.03.2021","15,150","15,200","15,700","15,000","114,46K","-0,66%"
"02.03.2021","15,250","15,500","16,000","15,200","93,76K","-1,61%"
"01.03.2021","15,500","15,600","15,800","15,300","175,26K","-0,32%"
"26.02.2021","15,550","16,000","16,000","15,050","57,30K","-0,96%"
"25.02.2021","15,700","16,150","16,200","15,600","69,33K","-2,79%"
"24.02.2021","16,150","15,900","16,200","15,750","46,57K","2,54%"
"23.02.2021","15,750","16,000","16,000","15,350","75,88K","-1,56%"
"22.02.2021","16,000","16,700","16,700","15,600","80,49K","-3,03%"
"19.02.2021","16,500","16,700","16,850","16,250","154,38K","-2,08%"
"18.02.2021","16,850","16,000","16,950","15,600","711,87K","5,97%"
"17.02.2021","15,900","16,500","16,500","15,850","117,37K","0,00%"
"12.02.2021","15,900","15,800","16,650","15,600","844,70K","0,32%"
"11.02.2021","15,850","15,700","15,950","15,450","162,99K","0,96%"
"10.02.2021","15,700","15,750","15,950","15,600","69,34K","-0,63%"
"09.02.2021","15,800","15,950","16,000","15,700","170,43K","-1,56%"
"08.02.2021","16,050","16,000","16,050","15,400","380,59K","0,94%"
"05.02.2021","15,900","16,200","16,200","15,800","113,44K","-0,63%"
"04.02.2021","16,000","15,800","16,100","15,800","68,28K","-0,62%"
"03.02.2021","16,100","15,700","16,100","15,550","210,38K","2,55%"
"02.02.2021","15,700","15,600","16,000","15,550","132,71K","-0,63%"
"01.02.2021","15,800","16,000","16,000","15,400","71,43K","1,61%"
"29.01.2021","15,550","15,600","16,000","15,550","107,04K","-1,27%"
"28.01.2021","15,750","16,000","16,000","15,600","136,96K","-0,94%"
"27.01.2021","15,900","16,500","16,500","15,600","231,46K","-1,55%"
"26.01.2021","16,150","16,000","16,700","16,000","124,46K","-1,22%"
"25.01.2021","16,350","17,000","17,000","16,000","122,65K","-2,39%"
"22.01.2021","16,750","17,050","17,150","16,500","213,47K","-1,76%"
"21.01.2021","17,050","16,950","17,100","16,150","803,36K","1,19%"
"20.01.2021","16,850","15,900","16,900","15,500","713,18K","3,69%"
"19.01.2021","16,250","16,450","16,600","16,150","176,14K","-1,22%"
"18.01.2021","16,450","16,500","16,500","16,200","110,22K","0,30%"
"15.01.2021","16,400","16,000","16,400","15,800","260,75K","2,50%"
"14.01.2021","16,000","16,450","16,500","16,000","174,40K","-1,23%"
"13.01.2021","16,200","15,700","16,300","15,500","289,76K","2,86%"
"12.01.2021","15,750","15,700","16,250","15,500","162,59K","-1,25%"
"11.01.2021","15,950","16,250","16,250","15,650","179,82K","-2,45%"
"08.01.2021","16,350","16,550","16,750","16,100","174,55K","-1,21%"
"07.01.2021","16,550","15,600","16,600","15,600","552,53K","5,41%"
"06.01.2021","15,700","15,800","15,800","15,250","239,30K","-0,63%"
"05.01.2021","15,800","14,800","15,800","14,650","348,46K","4,64%"
"04.01.2021","15,100","15,300","15,500","14,500","254,41K","-1,63%"
"30.12.2020","15,350","15,100","15,400","15,000","147,55K","1,66%"
"29.12.2020","15,100","15,300","15,550","14,800","106,11K","0,00%"
"28.12.2020","15,100","15,400","15,400","14,950","209,87K","-1,95%"
"23.12.2020","15,400","15,500","15,500","15,050","156,51K","0,33%"
"22.12.2020","15,350","15,400","15,600","15,200","137,19K","0,00%"
"21.12.2020","15,350","15,600","15,600","14,700","273,69K","-2,23%"
"18.12.2020","15,700","16,050","16,200","15,650","141,23K","-1,88%"
"17.12.2020","16,000","15,700","16,200","15,600","224,10K","1,27%"
"16.12.2020","15,800","16,000","16,200","15,650","118,29K","-1,25%"
"15.12.2020","16,000","16,000","16,550","15,750","104,00K","-0,31%"
"14.12.2020","16,050","16,850","17,000","15,700","159,91K","-1,23%"
"11.12.2020","16,250","16,800","16,800","16,000","112,74K","-0,31%"
"10.12.2020","16,300","15,950","16,350","15,500","238,15K","2,84%"
"09.12.2020","15,850","16,550","16,850","15,650","204,11K","-4,23%"
"04.12.2020","16,550","16,950","16,950","16,400","115,75K","-0,90%"
"03.12.2020","16,700","17,000","17,350","16,500","243,57K","-0,89%"
"02.12.2020","16,850","16,800","16,900","16,350","392,14K","1,81%"
"01.12.2020","16,550","16,600","16,950","16,350","204,56K","-0,60%"
"30.11.2020","16,650","17,000","17,450","16,300","144,37K","-1,48%"
"27.11.2020","16,900","16,700","17,000","16,500","155,11K","1,20%"
"26.11.2020","16,700","16,700","16,950","16,500","85,34K","0,00%"
"25.11.2020","16,700","17,000","17,200","16,600","203,26K","-1,18%"
"24.11.2020","16,900","16,900","17,200","16,400","423,65K","0,00%"
"20.11.2020","16,900","16,600","17,300","16,600","267,82K","-2,31%"
"19.11.2020","17,300","17,750","17,750","16,400","301,83K","0,00%"
"18.11.2020","17,300","18,250","18,250","17,000","539,61K","-3,89%"
"17.11.2020","18,000","17,850","18,350","17,750","1,07M","1,98%"
"16.11.2020","17,650","16,000","17,650","16,000","710,75K","7,29%"
"13.11.2020","16,450","16,200","16,700","16,150","588,87K","1,86%"
"12.11.2020","16,150","16,150","16,200","15,750","697,88K","-0,62%"
"11.11.2020","16,250","16,850","16,950","16,050","456,50K","-2,11%"
"10.11.2020","16,600","16,050","16,700","15,750","617,99K","3,75%"
"09.11.2020","16,000","16,700","16,700","15,600","451,47K","-0,62%"
"06.11.2020","16,100","16,200","16,900","15,600","538,54K","0,00%"
"05.11.2020","16,100","15,200","16,300","14,650","898,37K","6,62%"
"04.11.2020","15,100","15,500","15,500","14,900","196,47K","-1,31%"
"03.11.2020","15,300","14,900","15,300","14,650","609,68K","2,68%"
"02.11.2020","14,900","15,150","15,600","14,600","393,87K","-1,65%"
"30.10.2020","15,150","15,800","15,800","14,850","259,43K","-1,62%"
"29.10.2020","15,400","15,450","16,000","15,000","174,49K","-0,65%"
"28.10.2020","15,500","15,650","16,300","14,500","295,08K","-0,64%"
"27.10.2020","15,600","16,150","17,300","15,300","480,72K","-2,50%"
"26.10.2020","16,000","16,950","16,950","15,600","373,42K","-5,60%"
"23.10.2020","16,950","17,950","18,100","16,300","279,59K","-4,78%"
"22.10.2020","17,800","17,450","17,800","17,000","259,75K","4,09%"
"21.10.2020","17,100","16,900","17,400","16,600","599,18K","-1,44%"
"20.10.2020","17,350","17,900","18,200","17,000","341,02K","-2,25%"
"19.10.2020","17,750","17,350","18,400","16,750","482,63K","1,43%"
"16.10.2020","17,500","16,600","17,500","16,300","650,68K","10,06%"
"14.10.2020","15,900","16,250","16,250","15,500","358,16K","-0,63%"
"13.10.2020","16,000","16,000","16,200","15,700","336,02K","-2,14%"
"09.10.2020","16,350","17,000","17,000","16,100","197,03K","-2,10%"
"08.10.2020","16,700","17,000","17,000","16,250","123,77K","-1,76%"
"07.10.2020","17,000","17,100","17,250","16,650","88,14K","1,80%"
"06.10.2020","16,700","16,650","17,100","16,550","108,09K","-1,76%"
"05.10.2020","17,000","17,100","17,350","16,700","79,09K","-0,58%"
"02.10.2020","17,100","16,800","17,250","16,300","114,30K","0,59%"
"01.10.2020","17,000","16,550","17,450","16,300","104,65K","2,72%"
"30.09.2020","16,550","16,000","17,000","16,000","63,75K","0,30%"
"29.09.2020","16,500","16,850","17,500","16,450","114,44K","-2,94%"
"28.09.2020","17,000","17,700","17,850","17,000","191,91K","-3,13%"
"25.09.2020","17,550","17,200","17,650","17,000","256,35K","0,86%"
"24.09.2020","17,400","16,950","17,500","16,950","175,91K","4,82%"
"23.09.2020","16,600","16,350","17,050","16,350","508,53K","3,75%"
"22.09.2020","16,000","15,300","16,400","15,100","165,62K","4,23%"
"21.09.2020","15,350","15,700","16,100","14,800","182,96K","-1,60%"
"18.09.2020","15,600","14,900","16,000","14,300","283,84K","4,70%"
"17.09.2020","14,900","16,500","16,550","14,900","496,73K","-10,51%"
"16.09.2020","16,650","17,450","17,500","16,400","410,15K","-6,72%"
"15.09.2020","17,850","18,500","18,500","17,800","223,37K","-2,99%"
"14.09.2020","18,400","18,600","18,600","17,900","157,87K","1,66%"
"11.09.2020","18,100","18,550","18,550","18,000","101,19K","-0,28%"
"10.09.2020","18,150","18,350","18,450","18,000","124,49K","-0,82%"
"09.09.2020","18,300","18,200","18,600","18,000","68,56K","0,55%"
"08.09.2020","18,200","18,700","19,000","17,800","85,02K","-3,45%"
"07.09.2020","18,850","19,100","19,250","18,000","162,40K","0,27%"
"04.09.2020","18,800","18,350","18,850","16,150","347,46K","2,45%"
"03.09.2020","18,350","18,600","18,900","18,000","176,72K","-0,81%"
"02.09.2020","18,500","19,000","19,200","18,300","102,80K","-2,12%"
"01.09.2020","18,900","18,850","19,450","18,000","235,75K","0,27%"
"31.08.2020","18,850","19,350","20,000","18,500","290,51K","-1,82%"
"28.08.2020","19,200","19,200","19,500","18,600","192,45K","1,59%"
"27.08.2020","18,900","18,700","19,000","18,600","146,88K","1,34%"
"26.08.2020","18,650","19,500","19,900","18,600","227,87K","-3,37%"
"25.08.2020","19,300","20,550","21,000","19,000","444,46K","-5,39%"
"24.08.2020","20,400","19,600","21,000","19,600","747,03K","3,82%"
"21.08.2020","19,650","18,900","19,650","18,750","597,06K","5,36%"
"20.08.2020","18,650","18,550","18,750","17,800","185,64K","1,36%"
"19.08.2020","18,400","18,400","18,950","18,200","257,77K","-1,08%"
"18.08.2020","18,600","18,500","19,000","18,150","207,28K","1,92%"
"14.08.2020","18,250","18,300","18,300","17,550","238,06K","0,83%"
"13.08.2020","18,100","18,150","18,700","18,000","143,88K","-0,55%"
"12.08.2020","18,200","19,050","19,050","18,100","188,79K","-2,93%"
"11.08.2020","18,750","19,000","19,400","18,600","189,22K","-1,32%"
"10.08.2020","19,000","19,000","19,500","19,000","382,69K","0,80%"
"07.08.2020","18,850","18,450","18,900","18,200","328,08K","3,57%"
"06.08.2020","18,200","18,200","18,750","17,300","287,94K","-1,09%"
"05.08.2020","18,400","18,500","19,250","17,500","317,08K","-0,54%"
"04.08.2020","18,500","19,500","19,650","18,500","532,60K","0,00%"
"03.08.2020","18,500","19,450","19,500","17,000","1,23M","-2,12%"
"31.07.2020","18,900","19,750","20,000","18,600","754,62K","-3,08%"
"30.07.2020","19,500","19,400","20,000","18,150","928,97K","0,52%"
"29.07.2020","19,400","18,200","19,700","18,200","2,56M","9,30%"
"28.07.2020","17,750","16,850","18,000","16,450","2,31M","8,23%"
"27.07.2020","16,400","15,800","16,850","15,550","1,01M","5,81%"
"24.07.2020","15,500","15,550","15,900","15,150","253,05K","-0,64%"
"23.07.2020","15,600","15,550","16,100","15,150","398,24K","0,65%"
"22.07.2020","15,500","15,700","15,800","15,400","311,00K","-1,27%"
"21.07.2020","15,700","15,550","15,900","15,550","197,09K","0,00%"
"20.07.2020","15,700","16,200","16,300","15,500","363,96K","-2,48%"
"17.07.2020","16,100","16,600","16,650","15,600","226,58K","-0,31%"
"16.07.2020","16,150","16,000","16,400","15,450","396,46K","2,54%"
"15.07.2020","15,750","15,950","16,100","15,700","121,30K","-0,63%"
"14.07.2020","15,850","15,900","16,000","15,400","129,26K","0,32%"
"13.07.2020","15,800","16,250","16,500","15,700","246,97K","-1,86%"
"08.07.2020","16,100","15,450","16,450","15,300","396,25K","3,87%"
"07.07.2020","15,500","16,300","16,300","15,100","189,20K","-3,13%"
"06.07.2020","16,000","16,950","16,950","15,000","482,16K","-1,84%"
"03.07.2020","16,300","16,000","16,550","15,250","329,05K","3,82%"
"02.07.2020","15,700","14,800","15,700","14,800","418,27K","7,53%"
"01.07.2020","14,600","14,000","14,900","14,000","240,73K","1,74%"
"30.06.2020","14,350","15,350","15,450","14,050","597,94K","-6,51%"
"29.06.2020","15,350","16,000","16,500","15,150","604,69K","-4,06%"
"26.06.2020","16,000","16,250","16,500","15,600","386,22K","0,63%"
"25.06.2020","15,900","16,850","17,000","15,550","481,52K","-4,79%"
"24.06.2020","16,700","17,000","17,000","15,500","545,82K","-1,76%"
"23.06.2020","17,000","17,150","18,000","16,250","1,42M","2,10%"
"22.06.2020","16,650","14,600","16,800","14,500","1,65M","14,04%"
"19.06.2020","14,600","14,900","14,900","14,250","310,72K","1,04%"
"18.06.2020","14,450","14,400","14,500","13,250","305,68K","0,35%"
"17.06.2020","14,400","14,500","14,750","14,150","151,62K","-0,69%"
"16.06.2020","14,500","14,650","14,650","14,100","103,19K","1,05%"
"12.06.2020","14,350","14,000","14,700","13,800","179,81K","4,74%"
"11.06.2020","13,700","14,250","14,250","13,700","269,46K","-3,52%"
"10.06.2020","14,200","14,300","14,350","13,800","159,70K","0,00%"
"09.06.2020","14,200","14,450","14,500","13,850","367,67K","-2,74%"
"08.06.2020","14,600","14,800","15,200","14,400","475,53K","-0,68%"
"05.06.2020","14,700","15,350","15,400","14,550","460,59K","-2,97%"
"04.06.2020","15,150","15,900","15,900","14,200","379,74K","-3,50%"
"03.06.2020","15,700","15,400","15,900","15,400","370,26K","3,29%"
"02.06.2020","15,200","14,800","15,400","14,650","474,01K","1,67%"
"01.06.2020","14,950","14,000","15,050","13,950","350,09K","6,41%"
"29.05.2020","14,050","13,900","14,100","12,500","307,01K","1,81%"
"28.05.2020","13,800","14,100","14,100","13,500","227,45K","-2,13%"
"27.05.2020","14,100","14,350","14,700","14,000","170,48K","-1,74%"
"26.05.2020","14,350","14,800","14,850","14,000","342,14K","-3,37%"
"22.05.2020","14,850","14,350","15,100","14,200","412,68K","3,48%"
"21.05.2020","14,350","15,000","15,150","13,800","390,74K","-4,01%"
"20.05.2020","14,950","14,600","15,400","14,500","588,16K","0,34%"
"19.05.2020","14,900","15,650","15,700","14,250","353,58K","-4,49%"
"18.05.2020","15,600","15,500","15,950","15,000","902,04K","4,70%"
"15.05.2020","14,900","13,750","14,950","13,650","884,32K","9,96%"
"14.05.2020","13,550","14,650","14,650","13,500","1,08M","-5,57%"
"13.05.2020","14,350","15,000","15,250","13,550","1,06M","-7,12%"
"12.05.2020","15,450","16,000","16,600","15,050","1,52M","-4,63%"
"11.05.2020","16,200","17,400","18,100","15,900","1,13M","-6,90%"
"08.05.2020","17,400","17,750","17,800","16,700","765,78K","0,87%"
"07.05.2020","17,250","17,000","17,500","16,800","774,12K","2,68%"
"06.05.2020","16,800","16,500","17,250","16,150","885,84K","5,00%"
"05.05.2020","16,000","15,250","16,000","15,250","632,10K","5,26%"
"04.05.2020","15,200","16,200","16,200","14,500","1,07M","-6,75%"
"30.04.2020","16,300","17,800","17,800","16,000","764,42K","-5,78%"
"29.04.2020","17,300","17,200","18,400","15,000","2,04M","2,98%"
"28.04.2020","16,800","14,700","18,000","12,950","2,98M","17,89%"
"27.04.2020","14,250","11,750","14,700","11,750","2,43M","21,79%"
"24.04.2020","11,700","11,000","11,750","9,850","1,23M","8,33%"
"23.04.2020","10,800","10,500","10,900","9,400","1,53M","6,93%"
"22.04.2020","10,100","9,000","10,250","9,000","1,98M","13,10%"
"21.04.2020","8,930","8,290","8,950","8,290","665,23K","7,72%"
"20.04.2020","8,290","7,950","8,400","7,900","506,06K","5,61%"
"17.04.2020","7,850","7,500","7,870","7,500","610,59K","6,80%"
"16.04.2020","7,350","7,550","7,550","7,010","234,92K","-2,00%"
"15.04.2020","7,500","7,330","7,650","7,300","425,46K","2,74%"
"14.04.2020","7,300","7,200","7,350","7,120","307,09K","2,53%"
"13.04.2020","7,120","7,170","7,300","6,750","334,27K","0,28%"
"08.04.2020","7,100","7,090","7,190","7,030","257,99K","0,14%"
"07.04.2020","7,090","7,190","7,250","6,950","615,08K","-1,12%"
"06.04.2020","7,170","7,130","7,390","7,020","428,50K","3,31%"
"03.04.2020","6,940","7,050","7,400","6,850","402,22K","0,87%"
"02.04.2020","6,880","7,050","7,900","6,700","1,34M","-1,29%"
"01.04.2020","6,970","5,600","7,090","5,600","1,19M","30,28%"
"30.03.2020","5,350","5,050","5,400","4,900","288,72K","7,00%"
"27.03.2020","5,000","5,060","5,100","4,700","87,32K","-1,19%"
"26.03.2020","5,060","5,010","5,270","5,000","226,46K","3,27%"
"25.03.2020","4,900","4,850","5,000","4,750","309,70K","5,60%"
"20.03.2020","4,640","4,450","5,000","4,450","325,81K","6,67%"
"19.03.2020","4,350","4,350","4,480","4,250","122,04K","1,16%"
"18.03.2020","4,300","4,800","4,850","4,000","160,22K","-11,70%"
"17.03.2020","4,870","4,750","5,000","4,650","123,50K","2,96%"
"16.03.2020","4,730","4,750","4,900","4,500","82,40K","-7,25%"
"13.03.2020","5,100","4,900","5,400","4,820","246,77K","6,47%"
"12.03.2020","4,790","5,140","5,140","4,500","303,61K","-11,13%"
"11.03.2020","5,390","5,700","5,700","5,200","106,87K","-5,44%"
"10.03.2020","5,700","5,600","6,000","5,600","139,27K","2,70%"
"09.03.2020","5,550","5,850","5,850","5,100","282,50K","-8,57%"
"06.03.2020","6,070","6,150","6,400","6,000","109,06K","-5,89%"
"05.03.2020","6,450","6,700","6,700","6,300","57,14K","0,78%"
"04.03.2020","6,400","6,500","6,600","6,360","80,27K","0,79%"
"03.03.2020","6,350","6,430","6,690","6,300","194,44K","-1,24%"
"02.03.2020","6,430","6,350","6,700","6,190","112,16K","2,88%"
"28.02.2020","6,250","6,400","6,400","6,000","185,89K","-2,95%"
"27.02.2020","6,440","6,850","6,850","6,400","217,45K","-5,99%"
"26.02.2020","6,850","7,000","7,000","6,730","143,50K","-6,42%"
"21.02.2020","7,320","7,340","7,440","7,060","66,28K","-0,41%"
"20.02.2020","7,350","7,350","7,600","7,350","208,76K","0,68%"
"19.02.2020","7,300","6,700","7,450","6,700","303,33K","8,96%"
"18.02.2020","6,700","7,010","7,010","6,660","209,56K","-4,56%"
"17.02.2020","7,020","7,100","7,100","6,850","94,93K","-0,28%"
"14.02.2020","7,040","7,050","7,140","6,910","106,70K","1,73%"
"13.02.2020","6,920","7,100","7,100","6,730","253,07K","-3,49%"
"12.02.2020","7,170","7,230","7,230","6,850","228,07K","1,56%"
"11.02.2020","7,060","7,320","7,320","6,600","176,33K","-3,68%"
"10.02.2020","7,330","7,690","7,690","7,010","83,31K","-3,55%"
"07.02.2020","7,600","7,500","7,640","7,400","142,24K","2,01%"
"06.02.2020","7,450","7,500","7,690","7,400","97,68K","-1,32%"
"05.02.2020","7,550","7,770","7,770","7,400","111,14K","-1,56%"
"04.02.2020","7,670","7,650","7,950","7,400","789,76K","4,50%"
"03.02.2020","7,340","7,630","7,630","7,100","178,79K","-0,68%"
"31.01.2020","7,390","7,200","7,700","7,000","715,66K","3,36%"
"30.01.2020","7,150","7,400","7,750","6,860","673,76K","-4,67%"
"29.01.2020","7,500","7,700","7,990","7,050","1,51M","1,76%"
"28.01.2020","7,370","6,170","7,390","6,170","1,32M","19,45%"
"27.01.2020","6,170","6,400","6,400","5,900","394,00K","-4,19%"
"24.01.2020","6,440","6,860","6,950","6,400","205,22K","-4,31%"
"23.01.2020","6,730","6,720","6,950","6,700","121,83K","0,15%"
"22.01.2020","6,720","7,000","7,000","6,450","319,87K","-4,00%"
"21.01.2020","7,000","7,210","7,250","6,800","315,74K","-2,78%"
"20.01.2020","7,200","7,250","7,270","7,120","303,74K","0,14%"
"17.01.2020","7,190","7,250","7,490","6,980","399,95K","2,71%"
"16.01.2020","7,000","7,500","7,900","6,500","1,06M","-4,76%"
"15.01.2020","7,350","8,000","8,350","6,900","2,44M","-5,77%"
"14.01.2020","7,800","6,900","7,900","6,850","2,54M","16,42%"
"13.01.2020","6,700","5,950","6,890","5,950","1,44M","11,67%"
"10.01.2020","6,000","5,760","6,200","5,760","1,12M","5,26%"
"09.01.2020","5,700","5,400","5,750","5,350","1,05M","9,62%"
"08.01.2020","5,200","4,600","5,400","4,600","1,36M","14,29%"
"07.01.2020","4,550","4,350","4,700","4,350","158,39K","3,41%"
"06.01.2020","4,400","4,500","4,500","4,180","94,39K","-1,57%"
"03.01.2020","4,470","4,500","4,500","4,250","76,08K","-0,67%"
"02.01.2020","4,500","4,510","4,650","4,310","67,43K","0,00%"
"30.12.2019","4,500","4,650","4,650","4,400","111,84K","0,22%"
"27.12.2019","4,490","4,400","4,520","4,350","268,78K","1,35%"
"26.12.2019","4,430","4,500","4,500","4,400","400,90K","-1,56%"
"23.12.2019","4,500","4,700","4,700","4,400","286,24K","-2,17%"
"20.12.2019","4,600","4,850","4,950","4,380","299,62K","-1,29%"
"19.12.2019","4,660","4,600","5,440","4,600","886,65K","5,91%"
"18.12.2019","4,400","3,630","4,500","3,630","827,38K","22,22%"
"17.12.2019","3,600","3,590","3,650","3,450","253,23K","3,15%"
"16.12.2019","3,490","3,500","3,650","3,400","118,08K","-0,57%"
"13.12.2019","3,510","3,600","3,600","3,400","63,97K","1,45%"
"12.12.2019","3,460","3,550","3,550","3,300","139,25K","1,76%"
"11.12.2019","3,400","3,500","3,500","3,360","124,99K","0,00%"
"10.12.2019","3,400","3,310","3,510","3,300","230,47K","0,59%"
"09.12.2019","3,380","3,450","3,600","3,380","170,15K","-2,03%"
"06.12.2019","3,450","3,400","3,590","3,400","199,66K","2,37%"
"05.12.2019","3,370","3,400","3,400","3,300","330,45K","3,69%"
"04.12.2019","3,250","2,950","3,250","2,950","285,84K","11,30%"
"03.12.2019","2,920","3,000","3,000","2,920","31,55K","-3,63%"
"02.12.2019","3,030","3,100","3,100","3,000","50,69K","0,00%"
"29.11.2019","3,030","2,900","3,070","2,900","136,01K","4,12%"
"28.11.2019","2,910","2,970","2,990","2,900","200,17K","-2,02%"
"27.11.2019","2,970","3,000","3,000","2,920","48,94K","2,41%"
"26.11.2019","2,900","2,950","3,000","2,850","154,93K","-1,69%"
"25.11.2019","2,950","2,900","2,980","2,900","86,66K","0,34%"
"22.11.2019","2,940","3,000","3,100","2,880","401,94K","-4,23%"
"21.11.2019","3,070","3,260","3,260","3,050","45,97K","-4,66%"
"20.11.2019","3,220","3,200","3,220","3,100","90,88K","0,62%"
"19.11.2019","3,200","3,120","3,200","3,000","124,10K","2,56%"
"15.11.2019","3,120","3,000","3,150","2,850","21,74K","2,63%"
"14.11.2019","3,040","3,130","3,130","3,000","49,17K","-2,88%"
"13.11.2019","3,130","3,250","3,250","3,120","4,64K","-0,63%"
"12.11.2019","3,150","3,050","3,150","3,050","53,63K","0,00%"
"11.11.2019","3,150","3,250","3,250","3,150","18,46K","-3,67%"
"08.11.2019","3,270","3,430","3,430","3,250","28,00K","-3,54%"
"07.11.2019","3,390","3,300","3,400","3,200","153,94K","5,94%"
"06.11.2019","3,200","3,350","3,350","3,200","28,53K","-4,48%"
"05.11.2019","3,350","3,250","3,400","3,000","337,64K","4,69%"
"04.11.2019","3,200","3,350","3,400","3,200","205,93K","-1,54%"
"01.11.2019","3,250","3,300","3,350","3,230","109,26K","0,62%"
"31.10.2019","3,230","3,200","3,290","3,130","132,02K","3,53%"
"30.10.2019","3,120","2,800","3,150","2,800","223,27K","9,86%"
"29.10.2019","2,840","2,780","2,900","2,750","54,25K","2,16%"
"28.10.2019","2,780","2,890","2,950","2,770","168,04K","0,72%"
"25.10.2019","2,760","2,600","2,850","2,500","227,84K","3,37%"
"24.10.2019","2,670","2,700","2,700","2,560","151,86K","-1,11%"
"23.10.2019","2,700","2,810","2,810","2,650","258,64K","-4,59%"
"22.10.2019","2,830","2,850","2,940","2,750","143,96K","-2,41%"
"21.10.2019","2,900","2,990","2,990","2,850","220,07K","-4,29%"
"18.10.2019","3,030","3,050","3,090","3,000","95,88K","0,00%"
"17.10.2019","3,030","3,150","3,150","3,010","141,10K","-0,66%"
"16.10.2019","3,050","3,150","3,200","3,000","334,93K","-0,97%"
"15.10.2019","3,080","3,070","3,100","2,980","62,87K","0,33%"
"11.10.2019","3,070","3,100","3,150","2,940","174,64K","-0,97%"
"10.10.2019","3,100","3,180","3,180","3,010","71,00K","-2,52%"
"09.10.2019","3,180","3,160","3,180","3,050","134,28K","0,63%"
"08.10.2019","3,160","3,330","3,330","3,050","188,00K","-1,25%"
"07.10.2019","3,200","3,250","3,500","3,130","296,03K","1,59%"
"04.10.2019","3,150","2,920","3,150","2,920","273,42K","7,88%"
"03.10.2019","2,920","2,940","2,940","2,870","55,95K","-0,68%"
"02.10.2019","2,940","2,980","2,980","2,750","44,15K","2,44%"
"01.10.2019","2,870","2,950","2,950","2,840","77,06K","1,41%"
"30.09.2019","2,830","2,900","2,900","2,800","29,00K","-0,70%"
"27.09.2019","2,850","2,980","2,980","2,800","135,36K","0,35%"
"26.09.2019","2,840","2,880","2,900","2,780","65,73K","-0,35%"
"25.09.2019","2,850","2,950","2,950","2,750","114,17K","-2,40%"
"24.09.2019","2,920","3,150","3,150","2,920","109,45K","-6,71%"
"23.09.2019","3,130","3,150","3,250","3,050","46,07K","-0,63%"
"20.09.2019","3,150","3,200","3,200","3,110","405,46K","0,32%"
"19.09.2019","3,140","3,100","3,160","3,000","247,93K","2,95%"
"18.09.2019","3,050","2,950","3,080","2,950","129,76K","2,69%"
"17.09.2019","2,970","3,050","3,050","2,970","25,19K","-2,62%"
"16.09.2019","3,050","3,180","3,180","3,000","108,73K","-2,24%"
"13.09.2019","3,120","3,100","3,180","3,030","109,65K","0,65%"
"12.09.2019","3,100","2,900","3,100","2,900","58,69K","3,68%"
"11.09.2019","2,990","2,900","3,000","2,850","135,82K","3,10%"
"10.09.2019","2,900","2,800","2,930","2,800","81,93K","3,57%"
"09.09.2019","2,800","2,800","2,850","2,650","127,13K","3,70%"
"06.09.2019","2,700","2,600","2,700","2,500","219,47K","6,72%"
"05.09.2019","2,530","2,350","2,610","2,350","93,84K","10,00%"
"04.09.2019","2,300","2,360","2,360","2,260","62,47K","2,22%"
"03.09.2019","2,250","2,400","2,420","2,200","152,04K","-4,66%"
"02.09.2019","2,360","2,300","2,400","2,250","102,00K","4,89%"
"30.08.2019","2,250","2,230","2,400","2,230","174,21K","-2,17%"
"29.08.2019","2,300","2,400","2,400","2,200","147,20K","-4,17%"
"28.08.2019","2,400","2,600","2,600","2,400","83,06K","-5,51%"
"27.08.2019","2,540","2,630","2,630","2,410","209,48K","-7,97%"
"26.08.2019","2,760","2,850","2,850","2,650","67,80K","-4,83%"
"23.08.2019","2,900","3,050","3,050","2,850","37,04K","-3,33%"
"22.08.2019","3,000","3,010","3,100","2,880","50,58K","-0,33%"
"21.08.2019","3,010","3,000","3,100","3,000","122,74K","0,33%"
"20.08.2019","3,000","3,350","3,400","2,710","103,01K","-5,06%"
"16.08.2019","3,160","2,970","3,350","2,950","239,14K","11,66%"
"15.08.2019","2,830","2,600","2,840","2,600","288,81K","10,98%"
"14.08.2019","2,550","2,800","2,800","2,500","365,82K","-5,20%"
"13.08.2019","2,690","2,400","2,800","2,400","578,82K","3,46%"
"12.08.2019","2,600","3,150","3,150","2,400","259,73K","-22,85%"
"09.08.2019","3,370","3,520","3,520","3,300","299,89K","-2,32%"
"08.08.2019","3,450","3,600","3,620","3,400","96,40K","-3,36%"
"07.08.2019","3,570","3,610","3,650","3,520","292,31K","0,00%"
"06.08.2019","3,570","3,600","3,760","3,550","378,36K","1,42%"
"05.08.2019","3,520","3,490","3,520","3,320","791,69K","0,86%"
"02.08.2019","3,490","3,350","3,490","3,350","688,93K","4,18%"
"01.08.2019","3,350","3,360","3,450","3,250","285,82K","0,30%"
"31.07.2019","3,340","3,150","3,400","3,150","223,95K","6,03%"
"30.07.2019","3,150","3,100","3,150","3,100","105,04K","1,94%"
"29.07.2019","3,090","3,100","3,200","3,050","163,27K","-0,32%"
"26.07.2019","3,100","3,050","3,200","3,050","276,51K","-0,64%"
"25.07.2019","3,120","3,150","3,200","3,090","99,12K","1,63%"
"24.07.2019","3,070","3,000","3,150","3,000","118,07K","-1,60%"
"23.07.2019","3,120","3,090","3,150","3,000","45,42K","0,97%"
"22.07.2019","3,090","3,200","3,200","2,920","48,49K","0,00%"
"19.07.2019","3,090","3,200","3,200","3,050","46,11K","-1,59%"
"18.07.2019","3,140","3,200","3,200","3,080","279,76K","0,00%"
"17.07.2019","3,140","3,150","3,200","3,100","56,74K","1,29%"
"16.07.2019","3,100","3,100","3,300","3,090","130,91K","0,00%"
"15.07.2019","3,100","3,200","3,200","3,100","90,98K","-3,13%"
"12.07.2019","3,200","3,150","3,280","3,120","151,05K","0,00%"
"11.07.2019","3,200","3,300","3,300","3,170","101,78K","-0,62%"
"10.07.2019","3,220","3,280","3,300","3,120","209,62K","-0,31%"
"05.07.2019","3,230","3,250","3,300","3,100","118,94K","-0,62%"
"04.07.2019","3,250","3,400","3,400","3,250","114,32K","-1,52%"
"03.07.2019","3,300","3,400","3,410","3,230","130,73K","0,00%"
"02.07.2019","3,300","3,250","3,390","3,230","845,02K","2,17%"
"01.07.2019","3,230","3,220","3,430","3,120","816,99K","4,87%"
"28.06.2019","3,080","2,910","3,470","2,900","917,59K","8,83%"
"27.06.2019","2,830","2,700","2,830","2,700","122,32K","4,81%"
"26.06.2019","2,700","2,760","2,780","2,700","99,13K","-2,17%"
"25.06.2019","2,760","2,760","2,790","2,730","80,01K","0,00%"
"24.06.2019","2,760","2,750","2,850","2,750","115,40K","-2,13%"
"21.06.2019","2,820","2,850","2,850","2,750","128,48K","1,44%"
"19.06.2019","2,780","2,840","2,840","2,700","54,00K","0,00%"
"18.06.2019","2,780","2,750","2,850","2,730","147,51K","2,21%"
"14.06.2019","2,720","2,670","2,790","2,600","333,79K","-2,86%"
"13.06.2019","2,800","2,900","2,930","2,800","121,66K","-3,45%"
"12.06.2019","2,900","3,050","3,200","2,850","554,71K","-3,01%"
"11.06.2019","2,990","2,950","3,000","2,800","578,45K","3,10%"
"10.06.2019","2,900","2,960","2,990","2,840","200,49K","-1,69%"
"07.06.2019","2,950","3,000","3,020","2,850","221,00K","-1,67%"
"06.06.2019","3,000","2,930","3,050","2,900","264,08K","2,39%"
"05.06.2019","2,930","3,160","3,300","2,900","785,35K","-5,48%"
"04.06.2019","3,100","2,800","3,250","2,700","1,43M","16,10%"
"03.06.2019","2,670","2,650","2,740","2,600","172,03K","3,49%"
"31.05.2019","2,580","2,650","2,650","2,540","289,80K","-2,64%"
"30.05.2019","2,650","2,700","2,790","2,600","287,03K","-1,12%"
"29.05.2019","2,680","2,800","2,800","2,600","933,89K","-4,29%"
"28.05.2019","2,800","3,100","3,120","2,750","492,28K","-6,67%"
"27.05.2019","3,000","3,290","3,450","2,920","394,35K","-4,46%"
"24.05.2019","3,140","3,550","3,750","2,800","1,91M","-9,51%"
"23.05.2019","3,470","3,250","3,500","3,160","1,77M","8,10%"
"22.05.2019","3,210","3,010","3,270","3,000","1,01M","8,81%"
"21.05.2019","2,950","2,840","3,030","2,820","864,00K","4,98%"
"20.05.2019","2,810","2,580","2,900","2,500","680,53K","8,08%"
"17.05.2019","2,600","2,450","2,600","2,450","601,78K","11,11%"
"16.05.2019","2,340","2,250","2,350","2,250","275,01K","4,00%"
"15.05.2019","2,250","2,340","2,380","2,200","204,14K","-3,85%"
"14.05.2019","2,340","2,350","2,400","2,250","161,43K","1,30%"
"13.05.2019","2,310","2,170","2,350","2,170","394,58K","5,00%"
"10.05.2019","2,200","2,220","2,310","2,130","746,32K","0,92%"
"09.05.2019","2,180","1,980","2,180","1,950","1,02M","11,79%"
"08.05.2019","1,950","1,840","1,980","1,840","503,57K","5,98%"
"07.05.2019","1,840","1,800","1,850","1,770","109,82K","2,22%"
"06.05.2019","1,800","1,850","1,850","1,750","87,88K","0,56%"
"03.05.2019","1,790","1,840","1,840","1,750","152,45K","1,70%"
"02.05.2019","1,760","1,720","1,800","1,720","123,18K","2,92%"
"30.04.2019","1,710","1,700","1,730","1,700","28,56K","0,59%"
"29.04.2019","1,700","1,750","1,750","1,680","99,02K","-1,16%"
"26.04.2019","1,720","1,700","1,750","1,700","275,27K","1,18%"
"25.04.2019","1,700","1,680","1,740","1,600","199,20K","1,19%"
"24.04.2019","1,680","1,670","1,700","1,630","118,28K","-1,18%"
"23.04.2019","1,700","1,680","1,750","1,660","56,21K","0,59%"
"22.04.2019","1,690","1,730","1,730","1,690","33,27K","-2,31%"
"17.04.2019","1,730","1,770","1,850","1,730","127,30K","-2,81%"
"16.04.2019","1,780","1,780","1,780","1,720","51,72K","0,56%"
"15.04.2019","1,770","1,700","1,770","1,650","82,03K","2,91%"
"12.04.2019","1,720","1,750","1,780","1,700","177,81K","0,00%"
"11.04.2019","1,720","1,730","1,730","1,650","140,85K","-0,58%"
"10.04.2019","1,730","1,700","1,750","1,690","93,57K","1,76%"
"09.04.2019","1,700","1,700","1,700","1,630","163,21K","0,00%"
"08.04.2019","1,700","1,670","1,700","1,670","53,62K","1,19%"
"05.04.2019","1,680","1,700","1,700","1,680","9,41K","0,00%"
"04.04.2019","1,680","1,700","1,700","1,630","104,80K","0,00%"
"03.04.2019","1,680","1,720","1,720","1,680","49,00K","-5,08%"
"01.04.2019","1,770","1,750","1,810","1,700","115,09K","1,14%"
"29.03.2019","1,750","1,750","1,790","1,720","49,43K","0,57%"
"28.03.2019","1,740","1,750","1,790","1,700","97,97K","2,96%"
"27.03.2019","1,690","1,700","1,700","1,680","133,28K","-2,31%"
"26.03.2019","1,730","1,850","1,850","1,700","125,28K","-4,95%"
"25.03.2019","1,820","1,850","1,850","1,780","108,24K","-1,62%"
"22.03.2019","1,850","1,880","1,890","1,850","70,55K","-2,63%"
"21.03.2019","1,900","1,900","1,940","1,900","15,97K","-4,04%"
"20.03.2019","1,980","1,900","1,980","1,900","45,83K","1,54%"
"19.03.2019","1,950","1,990","2,000","1,930","161,74K","0,00%"
"18.03.2019","1,950","1,930","2,000","1,900","347,28K","1,04%"
"15.03.2019","1,930","1,870","1,930","1,850","105,83K","3,21%"
"14.03.2019","1,870","1,920","1,930","1,870","88,05K","-1,58%"
"13.03.2019","1,900","1,890","1,900","1,850","94,79K","2,70%"
"12.03.2019","1,850","1,850","1,850","1,750","192,29K","2,78%"
"11.03.2019","1,800","1,850","1,850","1,770","55,84K","0,00%"
"08.03.2019","1,800","1,770","1,800","1,770","86,71K","1,69%"
"07.03.2019","1,770","1,800","1,800","1,730","124,55K","0,00%"
"06.03.2019","1,770","1,750","1,800","1,750","43,72K","-2,75%"
"01.03.2019","1,820","1,830","1,830","1,780","50,44K","-1,09%"
"28.02.2019","1,840","1,820","1,840","1,800","52,56K","-1,08%"
"27.02.2019","1,860","1,860","1,860","1,860","6,91K","-0,53%"
"26.02.2019","1,870","1,870","1,870","1,830","80,05K","-1,06%"
"25.02.2019","1,890","1,910","1,910","1,870","83,21K","-0,53%"
"22.02.2019","1,900","1,900","1,900","1,840","112,32K","0,00%"
"21.02.2019","1,900","1,900","1,900","1,900","3,49K","0,00%"
"20.02.2019","1,900","1,900","1,900","1,870","147,10K","0,00%"
"19.02.2019","1,900","1,950","1,950","1,900","36,95K","-2,56%"
"18.02.2019","1,950","1,940","1,970","1,900","111,25K","0,52%"
"15.02.2019","1,940","1,960","1,960","1,940","9,30K","-2,51%"
"14.02.2019","1,990","2,020","2,020","1,910","23,53K","0,51%"
"13.02.2019","1,980","1,970","2,000","1,900","3,73K","0,51%"
"12.02.2019","1,970","1,950","1,990","1,930","65,84K","2,07%"
"11.02.2019","1,930","1,900","2,000","1,890","35,62K","-2,03%"
"08.02.2019","1,970","2,000","2,000","1,970","4,74K","-0,51%"
"07.02.2019","1,980","1,900","2,020","1,860","141,90K","0,00%"
"06.02.2019","1,980","1,920","1,980","1,910","31,34K","1,02%"
"05.02.2019","1,960","2,050","2,050","1,950","71,42K","-1,51%"
"04.02.2019","1,990","1,900","1,990","1,880","233,40K","4,74%"
"01.02.2019","1,900","1,940","1,940","1,860","124,97K","0,00%"
"31.01.2019","1,900","1,850","1,950","1,840","119,90K","0,53%"
"30.01.2019","1,890","1,900","1,900","1,830","34,08K","1,61%"
"29.01.2019","1,860","1,860","1,860","1,810","129,03K","0,00%"
"28.01.2019","1,860","1,810","1,860","1,810","8,85K","-1,59%"
"25.01.2019","1,890","1,850","1,890","1,830","110,90K","2,72%"
"24.01.2019","1,840","1,900","1,900","1,820","49,95K","-0,54%"
"23.01.2019","1,850","1,850","1,860","1,820","105,17K","-1,60%"
"22.01.2019","1,880","1,830","1,900","1,830","27,35K","0,53%"
"21.01.2019","1,870","1,850","1,880","1,810","120,44K","1,08%"
"18.01.2019","1,850","1,850","1,890","1,830","194,83K","0,00%"
"17.01.2019","1,850","1,860","1,860","1,780","243,42K","0,54%"
"16.01.2019","1,840","1,880","1,880","1,840","89,16K","-0,54%"
"15.01.2019","1,850","1,750","1,880","1,750","89,11K","1,09%"
"14.01.2019","1,830","1,900","1,900","1,800","100,22K","-1,08%"
"11.01.2019","1,850","1,950","1,950","1,770","160,11K","-2,63%"
"10.01.2019","1,900","1,920","1,920","1,810","12,71K","-1,04%"
"09.01.2019","1,920","1,930","1,990","1,920","91,04K","1,05%"
"08.01.2019","1,900","1,890","1,950","1,880","41,89K","-1,04%"
"07.01.2019","1,920","1,920","2,000","1,900","144,41K","0,00%"
"04.01.2019","1,920","1,900","1,930","1,860","48,02K","2,67%"
"03.01.2019","1,870","1,850","1,890","1,820","117,36K","-1,58%"
"02.01.2019","1,900","1,870","1,900","1,850","118,28K","1,60%"