"Fecha","Último","Apertura","Máximo","Mínimo","Vol.","% var."
"30.06.2025","6.059,419","6.258,742","6.298,607","5.919,893","4,56M","-2,42%"
"27.06.2025","6.210,000","6.200,000","6.280,000","6.160,000","1,19M","-0,48%"
"26.06.2025","6.240,000","6.290,000","6.380,000","6.210,000","1,86M","0,32%"
"25.06.2025","6.220,000","6.200,000","6.310,000","6.160,000","2,58M","-1,11%"
"24.06.2025","6.290,000","6.070,000","6.370,000","6.070,000","3,64M","4,66%"
"23.06.2025","6.010,000","6.100,000","6.140,000","5.930,000","5,26M","-5,65%"
"19.06.2025","6.370,000","6.350,000","6.400,000","6.330,000","777,75K","0,47%"
"18.06.2025","6.340,000","6.400,000","6.450,000","6.330,000","2,66M","-1,25%"
"17.06.2025","6.420,000","6.420,000","6.530,000","6.310,000","3,30M","-1,68%"
"13.06.2025","6.530,000","6.580,000","6.670,000","6.460,000","2,17M","-2,39%"
"12.06.2025","6.690,000","6.720,000","6.850,000","6.640,000","2,96M","0,00%"
"11.06.2025","6.690,000","6.680,000","6.730,000","6.510,000","8,28M","-2,19%"
"10.06.2025","6.840,000","6.550,000","6.910,000","6.530,000","5,56M","5,39%"
"09.06.2025","6.490,000","6.550,000","6.590,000","6.470,000","3,96M","-2,11%"
"06.06.2025","6.630,000","6.550,000","6.720,000","6.400,000","2,30M","1,84%"
"05.06.2025","6.510,000","6.480,000","6.590,000","6.430,000","3,31M","0,46%"
"04.06.2025","6.480,000","6.690,000","6.760,000","6.460,000","7,46M","-4,71%"
"03.06.2025","6.800,000","6.740,000","6.850,000","6.660,000","2,59M","0,29%"
"02.06.2025","6.780,000","6.930,000","6.930,000","6.770,000","4,16M","-2,59%"
"30.05.2025","6.960,000","6.890,000","7.020,000","6.850,000","2,78M","0,00%"
"29.05.2025","6.960,000","7.010,000","7.070,000","6.910,000","6,85M","-2,38%"
"28.05.2025","7.130,000","6.860,000","7.220,000","6.790,000","9,21M","-1,25%"
"27.05.2025","7.220,000","7.350,000","7.410,000","7.190,000","3,40M","-1,50%"
"26.05.2025","7.330,000","7.330,000","7.540,000","7.300,000","1,06M","0,00%"
"23.05.2025","7.330,000","7.130,000","7.360,000","7.060,000","2,80M","1,81%"
"22.05.2025","7.200,000","7.300,000","7.370,000","7.170,000","2,30M","-0,55%"
"21.05.2025","7.240,000","7.460,000","7.490,000","7.200,000","2,82M","-2,29%"
"20.05.2025","7.410,000","7.400,000","7.500,000","7.360,000","2,14M","0,14%"
"19.05.2025","7.400,000","7.410,000","7.530,000","7.380,000","2,86M","1,37%"
"16.05.2025","7.300,000","7.190,000","7.330,000","7.100,000","3,72M","1,67%"
"15.05.2025","7.180,000","7.060,000","7.230,000","7.000,000","1,85M","-0,83%"
"14.05.2025","7.240,000","7.330,000","7.330,000","7.130,000","1,93M","-0,96%"
"13.05.2025","7.310,000","7.280,000","7.350,000","7.150,000","5,55M","0,27%"
"12.05.2025","7.290,000","6.940,000","7.300,000","6.850,000","7,78M","7,52%"
"09.05.2025","6.780,000","6.840,000","6.920,000","6.700,000","2,14M","-0,08%"
"08.05.2025","6.785,211","6.765,372","6.814,971","6.596,733","3,11M","0,59%"
"07.05.2025","6.745,532","7.013,369","7.013,369","6.705,853","2,90M","-4,23%"
"06.05.2025","7.043,129","6.973,690","7.132,408","6.914,170","2,68M","1,72%"
"05.05.2025","6.924,090","6.973,690","7.092,729","6.854,651","2,41M","-3,70%"
"30.04.2025","7.190,000","7.170,000","7.340,000","7.070,000","2,32M","-1,37%"
"29.04.2025","7.290,000","7.420,000","7.470,000","7.240,000","1,63M","-1,88%"
"28.04.2025","7.430,000","7.610,000","7.690,000","7.310,000","1,47M","-2,37%"
"25.04.2025","7.610,000","7.520,000","7.730,000","7.520,000","2,02M","0,40%"
"24.04.2025","7.580,000","7.600,000","7.930,000","7.540,000","3,52M","0,00%"
"23.04.2025","7.580,000","7.460,000","7.720,000","7.460,000","3,90M","4,12%"
"22.04.2025","7.280,000","6.880,000","7.350,000","6.880,000","2,79M","6,43%"
"21.04.2025","6.840,000","7.000,000","7.050,000","6.690,000","2,10M","-3,25%"
"16.04.2025","7.070,000","7.450,000","7.500,000","7.010,000","3,00M","-4,59%"
"15.04.2025","7.410,000","7.750,000","7.790,000","7.360,000","3,75M","-4,02%"
"14.04.2025","7.720,000","7.710,000","7.900,000","7.370,000","5,58M","6,93%"
"11.04.2025","7.220,000","6.900,000","7.390,000","6.880,000","5,68M","8,25%"
"10.04.2025","6.670,000","6.730,000","6.830,000","6.420,000","3,71M","-4,44%"
"09.04.2025","6.980,000","6.260,000","7.100,000","5.930,000","5,31M","11,86%"
"08.04.2025","6.240,000","6.530,000","6.580,000","6.130,000","7,36M","1,30%"
"07.04.2025","6.160,000","6.140,000","6.570,000","6.100,000","4,41M","-4,35%"
"04.04.2025","6.440,000","6.710,000","6.710,000","6.250,000","5,42M","-8,91%"
"03.04.2025","7.070,000","6.990,000","7.160,000","6.950,000","1,77M","-2,48%"
"01.04.2025","7.250,000","7.180,000","7.390,000","7.140,000","1,88M","1,26%"
"31.03.2025","7.160,000","7.020,000","7.190,000","6.990,000","1,78M","-2,05%"
"28.03.2025","7.310,000","7.310,000","7.340,000","7.130,000","2,07M","0,00%"
"27.03.2025","7.310,000","7.750,000","7.770,000","7.240,000","3,08M","-2,27%"
"26.03.2025","7.480,000","7.650,000","7.750,000","7.420,000","2,30M","-2,22%"
"25.03.2025","7.650,000","7.590,000","7.760,000","7.560,000","2,73M","1,46%"
"21.03.2025","7.540,000","7.320,000","7.560,000","7.280,000","2,12M","3,71%"
"20.03.2025","7.270,000","7.330,000","7.390,000","7.230,000","2,57M","-2,68%"
"19.03.2025","7.470,000","7.220,000","7.510,000","7.200,000","2,58M","4,92%"
"18.03.2025","7.120,000","7.070,000","7.190,000","6.960,000","2,84M","-2,73%"
"17.03.2025","7.320,000","7.400,000","7.450,000","7.280,000","1,83M","-0,81%"
"14.03.2025","7.380,000","7.220,000","7.410,000","7.160,000","1,82M","4,38%"
"13.03.2025","7.070,000","7.010,000","7.210,000","6.960,000","2,28M","-0,56%"
"12.03.2025","7.110,000","6.850,000","7.200,000","6.810,000","3,37M","6,28%"
"11.03.2025","6.690,000","6.700,000","6.850,000","6.530,000","2,53M","1,06%"
"10.03.2025","6.620,000","6.880,000","6.930,000","6.490,000","3,62M","-5,97%"
"07.03.2025","7.040,000","7.150,000","7.340,000","6.840,000","2,26M","-0,42%"
"06.03.2025","7.070,000","7.200,000","7.350,000","7.010,000","2,17M","-1,53%"
"05.03.2025","7.180,000","6.930,000","7.230,000","6.850,000","2,04M","3,61%"
"28.02.2025","6.930,000","6.800,000","7.060,000","6.680,000","3,17M","1,61%"
"27.02.2025","6.820,000","7.240,000","7.260,000","6.720,000","3,19M","-4,48%"
"26.02.2025","7.140,000","7.110,000","7.270,000","6.980,000","1,77M","2,15%"
"25.02.2025","6.990,000","7.000,000","7.140,000","6.830,000","1,85M","-1,13%"
"24.02.2025","7.070,000","7.250,000","7.310,000","6.970,000","1,74M","-1,12%"
"21.02.2025","7.150,000","7.360,000","7.510,000","7.120,000","2,76M","-1,79%"
"20.02.2025","7.280,000","7.420,000","7.420,000","7.150,000","2,28M","-0,41%"
"19.02.2025","7.310,000","7.250,000","7.420,000","7.130,000","2,30M","0,69%"
"18.02.2025","7.260,000","6.750,000","7.320,000","6.750,000","4,60M","9,17%"
"17.02.2025","6.650,000","6.990,000","7.070,000","6.500,000","2,47M","-6,47%"
"14.02.2025","7.110,000","7.200,000","7.250,000","6.970,000","2,41M","0,28%"
"13.02.2025","7.090,000","6.970,000","7.140,000","6.850,000","3,00M","2,01%"
"12.02.2025","6.950,000","7.000,000","7.150,000","6.810,000","2,64M","-0,71%"
"11.02.2025","7.000,000","7.460,000","7.550,000","6.930,000","5,51M","-6,67%"
"10.02.2025","7.500,000","7.590,000","7.830,000","7.470,000","2,28M","-1,32%"
"07.02.2025","7.600,000","8.020,000","8.100,000","7.530,000","2,67M","-3,80%"
"06.02.2025","7.900,000","7.750,000","8.000,000","7.720,000","2,00M","2,07%"
"05.02.2025","7.740,000","7.880,000","7.880,000","7.700,000","1,74M","-1,78%"
"04.02.2025","7.880,000","7.810,000","8.020,000","7.770,000","1,88M","1,55%"
"03.02.2025","7.760,000","7.900,000","7.940,000","7.700,000","2,93M","-3,96%"
"31.01.2025","8.080,000","8.260,000","8.270,000","8.010,000","3,40M","-1,58%"
"30.01.2025","8.210,000","8.140,000","8.410,000","8.100,000","2,16M","1,48%"
"29.01.2025","8.090,000","7.790,000","8.100,000","7.720,000","2,48M","4,12%"
"28.01.2025","7.770,000","7.670,000","7.850,000","7.430,000","2,25M","2,10%"
"27.01.2025","7.610,000","7.950,000","8.140,000","7.550,000","2,50M","-6,61%"
"24.01.2025","8.149,055","8.119,386","8.257,841","7.723,801","2,01M","-1,32%"
"23.01.2025","8.257,841","8.445,744","8.445,744","8.188,614","1,57M","-1,88%"
"22.01.2025","8.416,075","8.158,945","8.435,854","8.060,048","2,16M","3,15%"
"21.01.2025","8.158,945","7.911,704","8.277,620","7.753,470","2,29M","3,12%"
"20.01.2025","7.911,704","7.763,359","8.040,269","7.763,359","1,08M","0,91%"
"17.01.2025","7.840,000","8.400,000","8.490,000","7.820,000","3,43M","-6,33%"
"16.01.2025","8.370,000","8.500,000","8.580,000","8.260,000","2,26M","-1,30%"
"15.01.2025","8.480,000","8.530,000","8.660,000","8.340,000","1,82M","0,59%"
"14.01.2025","8.430,000","8.200,000","8.560,000","8.170,000","2,72M","3,95%"
"13.01.2025","8.110,000","8.650,000","8.690,000","8.080,000","3,41M","-6,03%"
"10.01.2025","8.630,000","8.600,000","8.700,000","8.250,000","2,45M","-0,12%"
"09.01.2025","8.640,000","8.500,000","8.700,000","8.500,000","849,01K","1,89%"
"08.01.2025","8.480,000","8.600,000","8.700,000","8.320,000","1,82M","-1,40%"
"07.01.2025","8.600,000","8.590,000","8.800,000","8.450,000","2,44M","1,06%"
"06.01.2025","8.510,000","8.420,000","8.690,000","8.350,000","2,24M","3,40%"
"03.01.2025","8.230,000","8.090,000","8.330,000","7.900,000","2,23M","1,98%"
"02.01.2025","8.070,000","7.470,000","8.090,000","7.470,000","2,25M","8,32%"
"31.12.2024","7.450,000","7.610,000","7.650,000","7.380,000","1,36M","0,00%"
"30.12.2024","7.450,000","7.610,000","7.650,000","7.380,000","1,36M","-2,10%"
"27.12.2024","7.610,000","7.730,000","7.810,000","7.540,000","1,20M","-1,30%"
"26.12.2024","7.710,000","7.600,000","7.810,000","7.600,000","2,00M","1,45%"
"24.12.2024","7.600,000","7.540,000","7.610,000","7.310,000","491,89K","2,56%"
"23.12.2024","7.410,000","7.530,000","7.650,000","7.250,000","1,93M","0,00%"
"20.12.2024","7.410,000","7.100,000","7.440,000","6.810,000","3,57M","2,35%"
"19.12.2024","7.240,000","7.590,000","7.690,000","7.180,000","3,08M","-4,74%"
"18.12.2024","7.600,000","8.000,000","8.260,000","7.580,000","4,20M","-3,80%"
"17.12.2024","7.900,000","7.690,000","8.000,000","7.620,000","4,93M","4,08%"
"16.12.2024","7.590,000","6.920,000","7.630,000","6.920,000","10,33M","12,28%"
"13.12.2024","6.760,000","6.530,000","6.800,000","6.530,000","3,24M","2,27%"
"12.12.2024","6.610,000","6.550,000","6.660,000","6.480,000","2,68M","1,23%"
"11.12.2024","6.530,000","6.240,000","6.540,000","6.140,000","4,05M","5,49%"
"10.12.2024","6.190,000","6.300,000","6.360,000","6.100,000","2,00M","-1,90%"
"09.12.2024","6.310,000","6.340,000","6.490,000","6.200,000","2,43M","-0,16%"
"06.12.2024","6.320,000","6.400,000","6.420,000","6.180,000","2,01M","-0,32%"
"05.12.2024","6.340,000","6.230,000","6.370,000","6.190,000","2,01M","1,77%"
"04.12.2024","6.230,000","6.510,000","6.510,000","6.200,000","3,51M","-4,30%"
"03.12.2024","6.510,000","6.580,000","6.610,000","6.460,000","2,14M","-0,91%"
"02.12.2024","6.570,000","6.300,000","6.580,000","6.240,000","3,20M","4,45%"
"29.11.2024","6.290,000","6.250,000","6.300,000","6.100,000","1,39M","1,45%"
"28.11.2024","6.200,000","6.170,000","6.220,000","6.150,000","781,50K","0,49%"
"27.11.2024","6.170,000","6.350,000","6.430,000","6.140,000","1,94M","-2,83%"
"26.11.2024","6.350,000","6.200,000","6.410,000","6.140,000","2,83M","2,42%"
"25.11.2024","6.200,000","6.240,000","6.290,000","6.030,000","2,60M","0,49%"
"22.11.2024","6.170,000","6.230,000","6.290,000","6.060,000","2,69M","-0,96%"
"21.11.2024","6.230,000","6.390,000","6.410,000","6.160,000","3,84M","-1,42%"
"20.11.2024","6.320,000","6.360,000","6.430,000","6.210,000","1,88M","0,16%"
"19.11.2024","6.310,000","6.650,000","6.720,000","6.280,000","2,75M","-0,47%"
"15.11.2024","6.340,000","6.350,000","6.560,000","6.300,000","3,12M","0,00%"
"14.11.2024","6.340,000","6.360,000","6.420,000","6.270,000","2,15M","-0,16%"
"13.11.2024","6.350,000","6.360,000","6.430,000","6.300,000","1,80M","-0,16%"
"12.11.2024","6.360,000","6.290,000","6.390,000","6.170,000","2,14M","0,95%"
"11.11.2024","6.300,000","6.250,000","6.350,000","6.060,000","1,76M","0,80%"
"08.11.2024","6.250,000","6.420,000","6.500,000","6.140,000","2,44M","-2,65%"
"07.11.2024","6.420,000","6.550,000","6.550,000","6.340,000","2,20M","0,16%"
"06.11.2024","6.410,000","6.180,000","6.650,000","6.150,000","5,39M","5,78%"
"05.11.2024","6.060,000","6.190,000","6.240,000","5.930,000","2,45M","-1,62%"
"04.11.2024","6.160,000","6.200,000","6.240,000","6.050,000","1,35M","1,15%"
"01.11.2024","6.090,000","6.160,000","6.340,000","6.070,000","1,73M","-0,16%"
"31.10.2024","6.100,000","6.100,000","6.150,000","5.950,000","2,03M","0,99%"
"30.10.2024","6.040,000","6.150,000","6.240,000","5.980,000","1,99M","-1,79%"
"29.10.2024","6.150,000","6.340,000","6.350,000","6.130,000","1,79M","-1,60%"
"28.10.2024","6.250,000","6.330,000","6.450,000","6.230,000","2,00M","-0,64%"
"25.10.2024","6.290,000","6.290,000","6.360,000","6.210,000","2,19M","0,96%"
"24.10.2024","6.230,000","6.010,000","6.260,000","5.990,000","3,45M","5,59%"
"23.10.2024","5.900,000","5.990,000","5.990,000","5.840,000","1,71M","-2,32%"
"22.10.2024","6.040,000","6.100,000","6.140,000","6.000,000","1,36M","-0,17%"
"21.10.2024","6.050,000","6.040,000","6.090,000","5.950,000","2,27M","0,17%"
"18.10.2024","6.040,000","5.850,000","6.070,000","5.760,000","4,29M","3,96%"
"17.10.2024","5.810,000","5.790,000","5.930,000","5.770,000","3,95M","0,35%"
"16.10.2024","5.790,000","5.910,000","5.980,000","5.740,000","3,80M","-1,19%"
"15.10.2024","5.860,000","5.850,000","5.920,000","5.800,000","2,88M","0,34%"
"14.10.2024","5.840,000","5.860,000","5.880,000","5.700,000","2,94M","3,18%"
"10.10.2024","5.660,000","5.550,000","5.780,000","5.510,000","2,43M","2,17%"
"09.10.2024","5.540,000","5.390,000","5.580,000","5.290,000","3,62M","3,94%"
"08.10.2024","5.330,000","5.260,000","5.360,000","5.240,000","1,97M","2,70%"
"07.10.2024","5.190,000","5.280,000","5.280,000","5.130,000","2,58M","-2,63%"
"04.10.2024","5.330,000","5.390,000","5.420,000","5.300,000","1,53M","-0,19%"
"03.10.2024","5.340,000","5.200,000","5.360,000","5.190,000","1,99M","2,89%"
"02.10.2024","5.190,000","5.230,000","5.270,000","5.170,000","1,53M","-1,70%"
"01.10.2024","5.280,000","5.230,000","5.390,000","5.110,000","2,71M","0,96%"
"30.09.2024","5.230,000","5.320,000","5.370,000","5.100,000","3,25M","-2,43%"
"27.09.2024","5.360,000","5.340,000","5.410,000","5.270,000","1,37M","1,13%"
"26.09.2024","5.300,000","5.360,000","5.410,000","5.210,000","2,12M","-0,19%"
"25.09.2024","5.310,000","5.400,000","5.490,000","5.240,000","2,49M","-2,21%"
"24.09.2024","5.430,000","5.580,000","5.590,000","5.420,000","1,84M","-2,86%"
"23.09.2024","5.590,000","5.700,000","5.780,000","5.550,000","1,77M","-1,93%"
"20.09.2024","5.700,000","5.700,000","5.720,000","5.550,000","1,19M","-0,52%"
"19.09.2024","5.730,000","5.780,000","5.830,000","5.700,000","2,39M","0,70%"
"18.09.2024","5.690,000","5.660,000","5.730,000","5.530,000","3,04M","1,61%"
"17.09.2024","5.600,000","5.490,000","5.650,000","5.410,000","2,07M","1,45%"
"16.09.2024","5.520,000","5.740,000","5.840,000","5.490,000","2,82M","-2,13%"
"13.09.2024","5.640,000","5.550,000","5.650,000","5.500,000","2,10M","3,49%"
"12.09.2024","5.450,000","5.410,000","5.520,000","5.370,000","1,37M","1,30%"
"11.09.2024","5.380,000","5.170,000","5.490,000","5.120,000","2,40M","4,06%"
"10.09.2024","5.170,000","5.190,000","5.210,000","5.010,000","1,76M","-1,52%"
"09.09.2024","5.250,000","5.260,000","5.360,000","5.190,000","2,11M","1,16%"
"06.09.2024","5.190,000","5.340,000","5.360,000","5.110,000","1,98M","-2,99%"
"05.09.2024","5.350,000","5.500,000","5.580,000","5.290,000","2,92M","-2,01%"
"04.09.2024","5.460,000","5.410,000","5.500,000","5.320,000","3,42M","3,61%"
"03.09.2024","5.270,000","5.080,000","5.380,000","5.060,000","2,83M","2,73%"
"02.09.2024","5.130,000","5.170,000","5.170,000","5.080,000","1,27M","1,18%"
"30.08.2024","5.070,000","5.000,000","5.240,000","4.985,000","4,24M","4,43%"
"29.08.2024","4.855,000","4.655,000","4.865,000","4.625,000","2,70M","6,70%"
"28.08.2024","4.550,000","4.530,000","4.565,000","4.460,000","1,45M","0,44%"
"27.08.2024","4.530,000","4.410,000","4.540,000","4.405,000","1,85M","3,66%"
"26.08.2024","4.370,000","4.520,000","4.535,000","4.325,000","1,48M","-2,24%"
"23.08.2024","4.470,000","4.370,000","4.470,000","4.340,000","1,69M","4,68%"
"22.08.2024","4.270,000","4.340,000","4.350,000","4.230,000","1,74M","-2,62%"
"21.08.2024","4.385,000","4.460,000","4.470,000","4.350,000","1,59M","-2,34%"
"20.08.2024","4.490,000","4.480,000","4.525,000","4.415,000","2,05M","1,24%"
"19.08.2024","4.435,000","4.460,000","4.595,000","4.380,000","2,36M","0,80%"
"16.08.2024","4.400,000","4.420,000","4.485,000","4.385,000","2,49M","0,46%"
"15.08.2024","4.380,000","4.335,000","4.410,000","4.330,000","4,21M","1,39%"
"14.08.2024","4.320,000","4.190,000","4.320,000","4.190,000","4,85M","3,23%"
"13.08.2024","4.185,000","4.165,000","4.205,000","4.135,000","2,02M","0,36%"
"12.08.2024","4.170,000","4.190,000","4.210,000","4.160,000","2,45M","0,72%"
"09.08.2024","4.140,000","4.045,000","4.165,000","4.000,000","3,34M","2,99%"
"08.08.2024","4.020,000","3.830,000","4.030,000","3.830,000","5,40M","8,65%"
"07.08.2024","3.700,000","3.725,000","3.780,000","3.650,000","2,40M","1,09%"
"06.08.2024","3.660,000","3.580,000","3.690,000","3.560,000","1,53M","3,39%"
"05.08.2024","3.540,000","3.350,000","3.595,000","3.285,000","2,06M","-0,28%"
"02.08.2024","3.550,000","3.555,000","3.610,000","3.540,000","2,28M","-4,31%"
"01.08.2024","3.710,000","3.745,000","3.745,000","3.610,000","1,26M","0,00%"
"31.07.2024","3.710,000","3.505,000","3.760,000","3.485,000","1,51M","8,32%"
"30.07.2024","3.425,000","3.585,000","3.610,000","3.410,000","1,85M","-4,46%"
"29.07.2024","3.585,000","3.740,000","3.745,000","3.565,000","1,12M","-4,02%"
"26.07.2024","3.735,000","3.745,000","3.780,000","3.710,000","1,10M","0,27%"
"25.07.2024","3.725,000","3.690,000","3.880,000","3.690,000","1,37M","-3,12%"
"24.07.2024","3.845,000","3.995,000","3.995,000","3.830,000","1,39M","-2,53%"
"23.07.2024","3.945,000","3.835,000","3.945,000","3.815,000","1,95M","4,92%"
"22.07.2024","3.760,000","3.770,000","3.770,000","3.670,000","794,17K","1,90%"
"19.07.2024","3.690,000","3.650,000","3.690,000","3.560,000","1,41M","2,22%"
"18.07.2024","3.610,000","3.650,000","3.650,000","3.500,000","1,19M","0,56%"
"17.07.2024","3.590,000","3.645,000","3.655,000","3.560,000","1,59M","-2,97%"
"16.07.2024","3.700,000","3.540,000","3.700,000","3.300,000","1,97M","3,35%"
"15.07.2024","3.580,000","4.020,000","4.020,000","3.575,000","2,48M","-12,68%"
"12.07.2024","4.100,000","4.095,000","4.135,000","4.030,000","1,01M","-0,73%"
"11.07.2024","4.130,000","4.100,000","4.150,000","4.070,000","1,10M","0,73%"
"10.07.2024","4.100,000","4.040,000","4.110,000","4.015,000","1,38M","3,04%"
"08.07.2024","3.979,000","3.982,000","4.010,000","3.925,000","1,05M","0,20%"
"05.07.2024","3.971,000","3.957,000","4.037,000","3.925,000","1,65M","-0,73%"
"04.07.2024","4.000,000","4.006,000","4.050,000","3.990,100","505,74K","-0,15%"
"03.07.2024","4.006,000","4.050,000","4.065,950","3.956,050","1,68M","-0,79%"
"02.07.2024","4.038,000","3.976,000","4.063,000","3.961,000","1,99M","2,11%"
"01.07.2024","3.954,500","4.049,000","4.097,000","3.949,000","4,96M","-4,27%"
"28.06.2024","4.131,100","4.240,000","4.250,000","4.130,000","2,90M","-3,37%"
"27.06.2024","4.275,000","4.141,750","4.360,000","4.100,000","3,57M","2,76%"
"26.06.2024","4.160,000","4.230,000","4.289,000","4.151,050","1,61M","-1,89%"
"25.06.2024","4.240,000","4.318,500","4.319,000","4.170,000","1,12M","-1,99%"
"24.06.2024","4.326,000","4.221,000","4.329,900","4.151,000","1,58M","-0,53%"
"19.06.2024","4.349,000","4.394,000","4.394,000","4.315,500","1,52M","0,79%"
"18.06.2024","4.315,000","4.399,000","4.400,000","4.258,850","2,19M","-0,23%"
"14.06.2024","4.325,000","4.485,600","4.485,600","4.290,900","1,42M","-2,70%"
"13.06.2024","4.445,000","4.601,000","4.620,000","4.270,000","2,10M","1,76%"
"12.06.2024","4.368,000","4.349,000","4.410,000","4.220,000","1,41M","3,75%"
"11.06.2024","4.210,000","4.330,000","4.330,000","4.179,000","1,83M","-2,09%"
"10.06.2024","4.300,000","4.073,000","4.308,000","4.040,500","1,54M","5,21%"
"07.06.2024","4.087,000","4.060,000","4.180,000","4.030,000","1,42M","0,79%"
"06.06.2024","4.055,000","4.267,000","4.267,000","4.010,000","1,26M","-5,01%"
"05.06.2024","4.269,000","4.226,850","4.346,000","4.130,000","1,67M","-0,90%"
"04.06.2024","4.307,800","4.368,000","4.368,000","4.260,000","2,70M","-3,18%"
"03.06.2024","4.449,500","4.356,100","4.449,500","4.315,000","2,67M","2,17%"
"31.05.2024","4.355,150","4.314,500","4.415,000","4.225,000","1,51M","0,84%"
"30.05.2024","4.319,000","4.278,150","4.398,000","4.260,000","2,46M","3,72%"
"29.05.2024","4.164,000","4.150,000","4.179,600","4.020,000","1,50M","1,43%"
"28.05.2024","4.105,150","4.141,000","4.180,000","4.031,000","1,69M","-0,60%"
"27.05.2024","4.130,000","4.099,000","4.147,950","4.040,150","958,96K","3,15%"
"24.05.2024","4.004,000","3.905,000","4.055,000","3.890,800","2,35M","2,51%"
"23.05.2024","3.906,000","4.100,000","4.100,000","3.890,000","2,45M","-5,19%"
"22.05.2024","4.119,950","4.239,450","4.239,450","4.050,000","2,19M","-1,93%"
"21.05.2024","4.200,900","4.110,000","4.205,000","4.016,000","2,25M","2,76%"
"20.05.2024","4.088,000","3.880,100","4.100,000","3.830,000","1,45M","5,35%"
"17.05.2024","3.880,500","3.995,000","3.998,000","3.880,000","1,69M","-0,70%"
"16.05.2024","3.907,761","3.895,070","3.926,309","3.807,211","1,28M","0,35%"
"15.05.2024","3.894,094","3.780,854","3.904,832","3.758,401","1,75M","4,53%"
"14.05.2024","3.725,454","3.528,992","3.734,874","3.528,992","1,71M","2,81%"
"13.05.2024","3.623,684","3.709,590","3.709,590","3.551,445","1,31M","-0,70%"
"10.05.2024","3.649,066","3.614,605","3.796,424","3.614,605","1,06M","-0,59%"
"09.05.2024","3.670,542","3.728,138","3.807,211","3.598,303","1,10M","-2,24%"
"08.05.2024","3.754,496","3.890,189","3.943,880","3.720,329","1,86M","-0,32%"
"07.05.2024","3.766,618","3.942,763","3.989,092","3.730,424","2,85M","-4,44%"
"06.05.2024","3.941,798","3.859,758","3.941,798","3.818,738","4,42M","5,80%"
"03.05.2024","3.725,598","3.450,521","3.727,045","3.450,521","3,36M","8,43%"
"02.05.2024","3.436,043","3.445,695","3.503,606","3.338,271","3,52M","0,45%"
"30.04.2024","3.420,697","3.411,914","3.537,291","3.382,959","3,04M","3,84%"
"29.04.2024","3.294,162","3.212,122","3.329,874","3.212,122","1,13M","2,55%"
"26.04.2024","3.212,122","3.175,445","3.227,564","3.098,230","1,94M","3,90%"
"25.04.2024","3.091,474","3.011,267","3.095,335","2.968,896","1,48M","3,76%"
"24.04.2024","2.979,513","3.074,101","3.078,878","2.963,105","2,13M","-4,00%"
"23.04.2024","3.103,539","3.196,196","3.228,530","3.095,528","1,71M","-2,07%"
"22.04.2024","3.169,171","3.011,364","3.186,062","2.953,453","2,36M","8,15%"
"19.04.2024","2.930,289","2.930,289","2.987,090","2.882,512","1,90M","1,23%"
"18.04.2024","2.894,577","2.895,542","2.910,020","2.856,983","1,91M","1,42%"
"17.04.2024","2.854,039","2.895,542","2.915,811","2.808,676","1,93M","-1,20%"
"16.04.2024","2.888,689","2.832,806","2.914,363","2.799,024","2,11M","0,77%"
"15.04.2024","2.866,587","3.010,399","3.010,399","2.866,587","3,91M","-4,65%"
"12.04.2024","3.006,538","3.040,319","3.086,648","2.967,931","1,34M","-0,22%"
"11.04.2024","3.013,294","2.925,463","3.016,190","2.919,672","4,13M","3,31%"
"10.04.2024","2.916,776","2.895,397","2.938,010","2.847,283","3,86M","1,38%"
"09.04.2024","2.877,204","2.921,602","2.982,409","2.817,507","3,94M","3,15%"
"08.04.2024","2.789,372","2.799,024","2.875,901","2.765,243","1,55M","0,61%"
"05.04.2024","2.772,385","2.669,207","2.779,721","2.669,207","1,30M","5,20%"
"04.04.2024","2.635,426","2.655,212","2.748,352","2.635,426","1,79M","-2,76%"
"03.04.2024","2.710,228","2.658,783","2.731,462","2.637,839","1,64M","-0,74%"
"27.03.2024","2.730,496","2.721,810","2.756,363","2.678,377","989,38K","0,11%"
"26.03.2024","2.727,601","2.737,253","2.789,372","2.692,854","980,24K","-0,14%"
"25.03.2024","2.731,462","2.772,964","2.847,283","2.714,957","1,31M","-0,70%"
"22.03.2024","2.750,765","2.745,939","2.802,885","2.733,392","1,68M","0,39%"
"21.03.2024","2.740,148","2.693,337","2.770,069","2.616,846","2,62M","2,09%"
"20.03.2024","2.684,168","2.553,482","2.687,063","2.553,482","3,13M","5,74%"
"19.03.2024","2.538,425","2.570,325","2.674,419","2.519,122","3,17M","-1,85%"
"18.03.2024","2.586,395","2.490,166","2.586,491","2.433,269","2,41M","4,29%"
"15.03.2024","2.480,032","2.393,310","2.490,166","2.374,345","1,71M","3,61%"
"14.03.2024","2.393,648","2.461,211","2.494,027","2.356,682","1,74M","-2,76%"
"13.03.2024","2.461,694","2.413,434","2.515,261","2.412,952","1,86M","4,57%"
"12.03.2024","2.354,076","2.212,822","2.388,822","2.184,590","2,10M","9,62%"
"11.03.2024","2.147,527","2.268,175","2.268,175","2.142,701","1,43M","-5,47%"
"08.03.2024","2.271,794","2.315,469","2.315,469","2.240,185","1,33M","0,89%"
"07.03.2024","2.251,767","2.269,140","2.311,608","2.224,742","1,36M","0,65%"
"06.03.2024","2.237,289","2.162,005","2.297,806","2.143,715","2,51M","3,81%"
"05.03.2024","2.155,249","2.260,453","2.274,448","2.135,945","1,78M","-4,98%"
"04.03.2024","2.268,175","2.395,579","2.446,733","2.258,233","2,24M","-1,30%"
"01.03.2024","2.298,095","2.335,737","2.335,737","2.224,018","1,27M","1,32%"
"29.02.2024","2.268,175","2.253,697","2.427,430","2.223,776","2,32M","1,35%"
"28.02.2024","2.238,061","2.268,175","2.318,026","2.227,637","1,60M","-2,11%"
"27.02.2024","2.286,368","2.383,996","2.456,385","2.279,274","1,77M","-4,63%"
"26.02.2024","2.397,412","2.383,514","2.441,907","2.317,399","2,28M","0,59%"
"23.02.2024","2.383,466","2.313,200","2.401,370","2.253,697","2,43M","1,00%"
"22.02.2024","2.359,867","2.223,776","2.378,302","2.223,776","2,95M","6,44%"
"21.02.2024","2.217,068","2.247,906","2.277,827","2.191,732","817,60K","-1,37%"
"20.02.2024","2.247,906","2.235,745","2.312,573","2.171,657","1,87M","0,55%"
"19.02.2024","2.235,552","2.229,568","2.273,001","2.200,612","1,03M","0,27%"
"16.02.2024","2.229,568","2.267,210","2.303,886","2.184,204","1,34M","-0,86%"
"15.02.2024","2.249,016","2.269,140","2.316,434","2.244,094","1,23M","-0,84%"
"14.02.2024","2.268,175","2.268,175","2.330,912","2.249,016","1,39M","0,86%"
"09.02.2024","2.248,871","2.219,916","2.289,409","2.199,647","2,09M","1,44%"
"08.02.2024","2.217,020","2.295,200","2.364,693","2.190,960","2,62M","-5,28%"
"07.02.2024","2.340,563","2.364,693","2.429,360","2.311,608","3,57M","-4,90%"
"06.02.2024","2.461,211","2.651,641","2.658,108","2.455,420","1,22M","-4,78%"
"05.02.2024","2.584,754","2.750,765","2.774,895","2.539,246","2,22M","-5,34%"
"02.02.2024","2.730,496","2.712,158","2.770,069","2.685,181","1,51M","1,05%"
"01.02.2024","2.702,072","2.630,118","2.720,941","2.605,988","1,54M","1,80%"
"31.01.2024","2.654,247","2.673,551","2.680,307","2.543,251","1,60M","0,20%"
"30.01.2024","2.648,939","2.586,684","2.685,615","2.586,684","2,72M","2,90%"
"29.01.2024","2.574,234","2.518,157","2.585,188","2.437,564","2,17M","1,99%"
"26.01.2024","2.523,948","2.520,135","2.577,322","2.434,186","2,48M","0,27%"
"25.01.2024","2.517,191","2.400,839","2.543,251","2.400,839","2,57M","5,80%"
"24.01.2024","2.379,171","2.316,434","2.426,947","2.289,409","1,94M","3,46%"
"23.01.2024","2.299,688","2.328,981","2.374,345","2.223,342","3,12M","-0,72%"
"22.01.2024","2.316,434","2.181,309","2.326,086","2.180,343","3,05M","6,29%"
"19.01.2024","2.179,378","2.055,835","2.181,309","2.046,183","2,31M","6,91%"
"18.01.2024","2.038,462","1.993,098","2.055,835","1.959,317","3,31M","2,62%"
"17.01.2024","1.986,342","1.818,401","1.988,031","1.814,540","3,72M","9,26%"
"16.01.2024","1.817,918","1.785,584","1.845,426","1.764,350","1,52M","1,59%"
"15.01.2024","1.789,445","1.776,029","1.802,958","1.766,281","862,48K","0,11%"
"12.01.2024","1.787,466","1.785,584","1.822,261","1.761,455","1,18M","0,41%"
"11.01.2024","1.780,228","1.876,311","1.906,232","1.766,281","2,36M","-3,88%"
"10.01.2024","1.852,182","1.809,714","1.859,421","1.785,584","2,44M","1,05%"
"09.01.2024","1.832,878","1.940,013","1.944,839","1.809,714","1,93M","-5,00%"
"08.01.2024","1.929,348","1.828,052","1.930,362","1.791,375","1,73M","5,71%"
"05.01.2024","1.825,157","1.737,325","1.837,704","1.709,335","2,66M","5,06%"
"04.01.2024","1.737,325","1.710,300","1.774,967","1.696,788","3,02M","1,58%"
"03.01.2024","1.710,300","1.639,842","1.712,231","1.607,026","2,23M","4,98%"
"02.01.2024","1.629,225","1.629,225","1.657,215","1.579,422","1,19M","0,69%"
"29.12.2023","1.618,126","1.611,852","1.640,807","1.566,006","3,42M","0,51%"
"28.12.2023","1.609,921","1.563,593","1.630,190","1.539,463","4,47M","3,93%"
"27.12.2023","1.549,115","1.621,504","1.651,617","1.473,348","1,79M","-3,08%"
"26.12.2023","1.598,339","1.700,648","1.718,022","1.589,701","1,74M","-5,90%"
"22.12.2023","1.698,622","1.664,937","1.724,633","1.616,678","1,84M","2,02%"
"21.12.2023","1.664,937","1.621,504","1.756,146","1.619,573","2,52M","4,04%"
"20.12.2023","1.600,270","1.544,289","1.633,568","1.542,890","2,52M","2,92%"
"19.12.2023","1.554,906","1.602,104","1.616,678","1.539,463","1,53M","-2,24%"
"18.12.2023","1.590,570","1.582,896","1.611,852","1.544,241","1,58M","0,18%"
"15.12.2023","1.587,722","1.727,674","1.737,277","1.582,896","3,95M","-8,10%"
"14.12.2023","1.727,674","1.771,107","1.836,739","1.718,022","3,49M","-2,13%"
"13.12.2023","1.765,267","1.766,281","1.854,112","1.645,633","3,41M","2,87%"
"12.12.2023","1.716,091","1.724,778","1.769,900","1.673,141","1,97M","1,60%"
"11.12.2023","1.689,066","1.626,330","1.721,641","1.602,200","4,22M","5,61%"
"07.12.2023","1.599,305","1.582,896","1.635,981","1.556,837","2,67M","2,92%"
"06.12.2023","1.553,941","1.584,827","1.619,573","1.509,301","1,78M","-2,07%"
"05.12.2023","1.586,709","1.472,866","1.597,857","1.453,562","2,95M","8,05%"
"04.12.2023","1.468,474","1.545,254","1.557,319","1.419,781","2,10M","-4,73%"
"01.12.2023","1.541,394","1.448,254","1.548,150","1.410,129","2,46M","6,11%"
"30.11.2023","1.452,597","1.413,025","1.455,493","1.356,417","2,45M","1,96%"
"29.11.2023","1.424,607","1.389,860","1.456,409","1.356,079","1,99M","2,58%"
"28.11.2023","1.388,750","1.582,896","1.582,896","1.362,835","3,91M","-10,18%"
"27.11.2023","1.546,171","1.511,473","1.582,848","1.472,866","6,08M","5,05%"
"24.11.2023","1.471,901","1.351,205","1.494,052","1.351,205","4,76M","11,40%"
"23.11.2023","1.321,332","1.259,561","1.346,427","1.245,083","1,24M","3,87%"
"22.11.2023","1.272,108","1.288,516","1.399,512","1.235,431","5,07M","-0,33%"
"21.11.2023","1.276,307","1.216,128","1.287,551","1.158,217","5,38M","18,60%"
"17.11.2023","1.076,177","974,833","1.079,072","974,833","2,04M","8,25%"
"16.11.2023","994,136","1.016,432","1.040,947","980,624","2,35M","-2,46%"
"15.11.2023","1.019,231","1.037,569","1.041,430","1.002,244","2,55M","1,06%"
"14.11.2023","1.008,566","1.003,547","1.042,395","994,184","2,31M","0,48%"
"13.11.2023","1.003,788","1.032,743","1.061,699","998,962","1,24M","-2,99%"
"10.11.2023","1.034,674","997,997","1.046,739","997,997","1,42M","3,47%"
"09.11.2023","999,927","971,937","1.021,161","961,320","1,11M","2,88%"
"08.11.2023","971,937","995,680","1.042,347","965,181","1,25M","-2,38%"
"07.11.2023","995,680","1.007,649","1.035,301","987,380","1,35M","-4,48%"
"03.11.2023","1.042,395","1.081,002","1.088,676","1.037,666","1,11M","-1,55%"
"02.11.2023","1.058,803","1.045,773","1.078,300","1.032,743","1,84M","2,72%"
"01.11.2023","1.030,717","965,181","1.047,221","950,607","3,01M","9,18%"
"31.10.2023","944,092","922,713","954,998","892,792","2,67M","1,57%"
"30.10.2023","929,469","989,310","994,088","900,514","1,88M","-6,04%"
"27.10.2023","989,214","1.031,103","1.031,103","982,554","1,83M","-3,31%"
"26.10.2023","1.023,092","1.046,739","1.099,534","999,927","1,48M","-2,17%"
"25.10.2023","1.045,773","990,275","1.052,047","941,051","3,66M","6,84%"
"24.10.2023","978,790","1.089,689","1.109,958","951,186","4,09M","-9,85%"
"23.10.2023","1.085,780","1.061,699","1.146,586","1.038,534","3,50M","-2,84%"
"20.10.2023","1.117,486","1.096,445","1.129,937","1.085,828","4,07M","3,89%"
"19.10.2023","1.075,694","1.131,192","1.131,192","1.072,316","4,51M","-4,91%"
"18.10.2023","1.131,192","1.186,207","1.187,172","1.129,310","3,21M","-2,58%"
"17.10.2023","1.161,112","1.157,252","1.191,998","1.139,878","3,45M","4,62%"
"12.10.2023","1.109,861","1.100,306","1.135,825","1.056,873","2,40M","1,05%"
"11.10.2023","1.098,279","1.148,565","1.148,565","1.061,699","1,70M","-0,14%"
"10.10.2023","1.099,823","1.056,873","1.132,157","1.056,873","3,28M","5,51%"
"09.10.2023","1.042,395","1.071,351","1.099,341","1.041,430","2,04M","-2,70%"
"06.10.2023","1.071,351","1.086,794","1.112,853","1.061,699","1,92M","-1,25%"
"05.10.2023","1.084,863","1.075,211","1.094,515","1.056,873","2,14M","1,72%"
"04.10.2023","1.066,525","997,418","1.066,525","979,658","1,64M","6,05%"
"03.10.2023","1.005,718","1.006,249","1.023,092","988,249","3,47M","-0,10%"
"02.10.2023","1.006,684","1.029,848","1.035,639","1.001,665","1,91M","-2,52%"
"29.09.2023","1.032,743","1.100,306","1.108,028","1.013,440","1,90M","-5,27%"
"28.09.2023","1.090,172","1.057,838","1.091,185","1.057,838","1,70M","4,01%"
"27.09.2023","1.048,186","1.061,699","1.073,281","1.023,092","2,78M","1,40%"
"26.09.2023","1.033,709","1.013,440","1.072,316","1.013,440","1,86M","-1,20%"
"25.09.2023","1.046,256","1.059,768","1.077,769","1.038,534","2,11M","-1,41%"
"22.09.2023","1.061,216","1.058,803","1.099,872","1.058,803","1,01M","-0,09%"
"21.09.2023","1.062,181","1.061,651","1.100,306","1.034,915","2,18M","-1,65%"
"20.09.2023","1.080,037","1.137,948","1.148,565","1.080,037","1,38M","-4,77%"
"19.09.2023","1.134,087","1.148,565","1.148,565","1.103,057","1,10M","-2,00%"
"18.09.2023","1.157,203","1.142,774","1.157,203","1.118,644","1,30M","2,31%"
"15.09.2023","1.131,095","1.152,426","1.163,960","1.113,336","951,92K","-2,34%"
"14.09.2023","1.158,217","1.157,252","1.165,890","1.109,958","1,18M","2,22%"
"13.09.2023","1.133,074","1.138,817","1.163,043","1.109,958","1,75M","0,85%"
"12.09.2023","1.123,470","1.067,490","1.135,004","1.055,425","2,14M","5,43%"
"11.09.2023","1.065,560","1.114,784","1.129,213","1.047,221","1,95M","-4,00%"
"08.09.2023","1.109,958","1.159,182","1.200,251","1.074,246","2,00M","-2,78%"
"07.09.2023","1.141,712","1.202,374","1.206,476","1.101,271","2,41M","-5,58%"
"06.09.2023","1.209,161","1.246,311","1.275,024","1.203,025","1,48M","-1,46%"
"05.09.2023","1.227,137","1.283,364","1.283,364","1.224,261","1,81M","-5,88%"
"04.09.2023","1.303,833","1.311,406","1.311,406","1.284,659","1,11M","0,22%"
"01.09.2023","1.300,957","1.361,355","1.387,144","1.290,890","1,65M","-3,83%"
"31.08.2023","1.352,726","1.390,068","1.390,068","1.318,213","1,72M","-2,69%"
"30.08.2023","1.390,116","1.405,647","1.417,151","1.358,431","2,19M","-1,10%"
"29.08.2023","1.405,647","1.361,355","1.420,938","1.342,660","2,16M","4,99%"
"28.08.2023","1.338,777","1.220,857","1.344,098","1.220,857","2,29M","11,01%"
"25.08.2023","1.206,045","1.140,854","1.211,797","1.140,854","1,23M","5,45%"
"24.08.2023","1.143,730","1.164,821","1.195,020","1.132,273","1,45M","-1,65%"
"23.08.2023","1.162,904","1.078,538","1.162,904","1.078,538","1,93M","7,35%"
"22.08.2023","1.083,332","1.054,571","1.086,208","1.041,149","1,26M","3,57%"
"18.08.2023","1.045,942","1.054,571","1.061,234","1.025,810","2,34M","-1,89%"
"17.08.2023","1.066,075","1.091,960","1.099,630","1.044,504","3,80M","-2,88%"
"16.08.2023","1.097,712","974,998","1.097,712","974,998","5,79M","14,04%"
"15.08.2023","962,535","936,650","981,709","928,022","3,79M","3,19%"
"14.08.2023","932,816","911,724","992,926","862,830","2,61M","-1,92%"
"11.08.2023","951,031","961,577","982,764","930,898","1,67M","-1,49%"
"10.08.2023","965,411","949,114","973,081","939,574","1,73M","4,07%"
"09.08.2023","927,639","950,072","966,370","923,229","1,53M","-2,36%"
"08.08.2023","950,072","922,270","963,494","922,270","1,74M","4,32%"
"07.08.2023","910,766","905,013","915,559","892,071","1,82M","0,85%"
"04.08.2023","903,096","877,211","923,900","877,211","1,83M","4,61%"
"03.08.2023","863,310","856,662","875,656","846,262","1,88M","1,00%"
"02.08.2023","854,762","865,874","879,408","840,516","2,13M","-1,79%"
"01.08.2023","870,385","883,777","896,835","862,360","1,45M","-1,98%"
"31.07.2023","888,003","869,958","888,953","856,662","1,52M","1,65%"
"28.07.2023","873,567","873,757","893,416","868,771","1,61M","1,99%"
"27.07.2023","856,519","903,199","910,037","853,338","2,15M","-6,92%"
"26.07.2023","920,199","911,746","922,098","908,945","1,06M","0,89%"
"25.07.2023","912,126","883,397","914,596","873,757","1,15M","2,74%"
"24.07.2023","887,765","911,746","934,445","884,204","1,77M","-2,42%"
"21.07.2023","909,752","884,061","916,495","880,025","1,68M","3,56%"
"20.07.2023","878,506","864,402","885,486","852,863","1,90M","1,83%"
"19.07.2023","862,740","883,729","883,729","847,164","1,30M","-1,26%"
"18.07.2023","873,757","891,279","906,998","867,869","1,59M","-0,11%"
"17.07.2023","874,707","864,544","902,249","864,544","1,30M","4,29%"
"14.07.2023","838,712","869,768","872,712","826,270","1,52M","-3,79%"
"13.07.2023","871,715","831,019","879,313","831,019","2,32M","6,01%"
"12.07.2023","822,281","814,873","830,924","811,074","1,75M","2,70%"
"11.07.2023","800,627","784,719","803,476","779,733","1,50M","0,84%"
"10.07.2023","793,979","803,951","816,250","788,281","998,65K","-2,90%"
"07.07.2023","817,722","824,845","840,943","799,677","1,01M","1,04%"
"06.07.2023","809,270","835,767","842,511","803,334","1,93M","-6,42%"
"05.07.2023","864,768","870,414","870,884","837,479","1,06M","-0,70%"
"04.07.2023","870,884","869,473","890,174","859,122","772,02K","0,60%"
"03.07.2023","865,709","835,597","868,532","828,069","1,56M","4,01%"
"30.06.2023","832,304","814,895","835,597","809,249","1,36M","2,49%"
"29.06.2023","812,072","805,485","818,189","786,666","769,42K","1,50%"
"28.06.2023","800,075","809,249","835,597","795,135","1,89M","-0,43%"
"27.06.2023","803,556","833,715","845,572","793,911","2,09M","-5,06%"
"26.06.2023","846,418","853,005","874,131","820,541","2,27M","3,51%"
"23.06.2023","817,718","793,159","828,540","776,315","1,19M","3,07%"
"22.06.2023","793,394","849,241","849,241","790,430","1,93M","-6,74%"
"21.06.2023","850,700","809,249","858,181","809,249","2,36M","5,37%"
"16.06.2023","807,367","750,908","812,072","746,203","5,39M","7,49%"
"15.06.2023","751,143","723,620","752,320","723,620","3,07M","4,83%"
"14.06.2023","716,562","715,151","723,620","704,800","1,63M","1,06%"
"13.06.2023","709,034","677,511","709,458","671,865","1,26M","4,36%"
"12.06.2023","679,393","682,169","692,567","670,454","1,05M","0,00%"
"09.06.2023","679,393","674,688","701,036","668,101","1,32M","0,56%"
"08.06.2023","675,629","668,101","679,864","645,941","2,14M","2,49%"
"07.06.2023","659,188","642,453","667,091","642,453","4,01M","3,50%"
"06.06.2023","636,875","582,020","636,875","582,020","5,60M","13,04%"
"05.06.2023","563,425","548,549","566,586","543,900","1,81M","3,59%"
"02.06.2023","543,900","557,846","565,284","541,808","1,35M","-2,01%"
"01.06.2023","555,057","542,041","561,100","541,622","1,07M","2,75%"
"31.05.2023","540,181","528,978","544,690","518,797","881,51K","2,11%"
"30.05.2023","529,024","517,867","530,744","507,640","1,06M","0,21%"
"29.05.2023","527,909","522,237","529,024","511,359","409,51K","2,14%"
"24.05.2023","516,845","509,314","517,867","497,413","1,00M","1,63%"
"23.05.2023","508,570","502,062","520,657","502,062","1,23M","1,96%"
"22.05.2023","498,808","511,359","514,148","497,413","991,84K","-2,28%"
"19.05.2023","510,429","515,078","515,078","504,851","700,27K","0,11%"
"18.05.2023","509,872","503,456","514,148","496,483","706,51K","0,44%"
"17.05.2023","507,640","485,791","509,500","485,791","1,06M","4,10%"
"16.05.2023","487,651","506,710","514,148","483,467","1,24M","-3,58%"
"15.05.2023","505,781","511,359","515,078","502,062","2,01M","-1,32%"
"12.05.2023","512,568","531,070","531,256","506,757","890,99K","-0,21%"
"11.05.2023","513,637","495,553","515,961","488,208","1,10M","3,88%"
"10.05.2023","494,438","485,326","495,553","485,047","796,16K","1,12%"
"09.05.2023","488,952","491,834","493,694","483,002","736,78K","0,61%"
"08.05.2023","485,977","479,748","495,832","476,168","1,10M","2,09%"
"05.05.2023","476,029","457,434","478,353","451,856","1,28M","8,64%"
"04.05.2023","438,152","448,728","451,384","429,257","1,08M","-2,26%"
"03.05.2023","448,286","460,987","464,660","446,870","1,16M","-2,69%"
"02.05.2023","460,677","461,916","463,509","443,462","1,75M","-0,67%"
"28.04.2023","463,775","454,791","463,775","451,384","700,91K","-1,32%"
"27.04.2023","469,970","481,918","481,918","454,924","981,50K","-1,30%"
"26.04.2023","476,165","480,591","480,945","461,341","1,38M","-0,40%"
"25.04.2023","478,068","476,608","489,441","472,714","1,40M","-0,14%"
"24.04.2023","478,732","469,129","479,175","466,430","1,32M","1,86%"
"21.04.2023","469,970","462,004","472,227","458,464","1,59M","2,71%"
"20.04.2023","457,579","442,533","460,942","442,533","3,01M","3,40%"
"19.04.2023","442,533","458,154","458,154","442,533","3,11M","-4,76%"
"18.04.2023","464,660","473,776","479,927","458,597","2,31M","-0,66%"
"17.04.2023","467,757","453,154","469,085","448,020","1,97M","3,16%"
"14.04.2023","453,419","450,941","453,729","442,533","3,16M","2,71%"
"13.04.2023","441,471","437,223","448,463","433,328","1,64M","1,16%"
"12.04.2023","436,426","418,680","437,488","414,211","3,07M","6,05%"
"11.04.2023","411,511","400,979","412,352","399,740","1,60M","3,81%"
"10.04.2023","396,421","398,280","402,705","392,261","1,06M","-0,91%"
"05.04.2023","400,050","398,103","400,094","391,642","1,04M","-0,22%"
"04.04.2023","400,935","407,042","407,042","396,510","689,56K","-1,49%"
"03.04.2023","406,998","392,084","409,343","389,916","940,54K","3,57%"
"31.03.2023","392,969","406,245","411,069","385,092","1,32M","-3,06%"
"30.03.2023","405,360","407,130","409,918","398,280","997,57K","-0,15%"
"29.03.2023","405,980","401,289","414,211","397,306","566,84K","2,21%"
"28.03.2023","397,218","386,154","399,120","385,446","733,61K","2,58%"
"27.03.2023","387,216","371,728","393,456","371,728","717,90K","5,47%"
"23.03.2023","367,125","380,578","385,800","361,107","814,74K","-2,72%"
"22.03.2023","377,392","389,429","390,314","376,242","683,84K","-3,40%"
"21.03.2023","390,668","380,578","392,261","377,481","1,91M","6,62%"
"20.03.2023","366,417","374,383","381,463","366,417","658,44K","-1,43%"
"17.03.2023","371,728","375,268","381,463","369,515","1,16M","-3,51%"
"16.03.2023","385,269","359,337","387,880","356,682","2,13M","6,30%"
"15.03.2023","362,435","371,728","373,498","354,911","2,12M","-5,65%"
"14.03.2023","384,119","408,015","410,228","380,623","1,89M","-2,50%"
"13.03.2023","393,987","407,130","413,237","392,969","2,14M","-4,27%"
"10.03.2023","411,556","430,363","433,240","404,475","2,00M","-4,65%"
"09.03.2023","431,647","441,205","448,640","429,877","1,15M","-1,92%"
"08.03.2023","440,099","424,389","442,533","413,768","1,84M","4,09%"
"07.03.2023","422,796","436,338","439,347","418,636","901,72K","-2,11%"
"06.03.2023","431,912","422,176","434,125","411,556","1,20M","1,69%"
"03.03.2023","424,743","413,326","426,912","411,556","1,26M","2,76%"
"02.03.2023","413,326","433,682","436,780","412,883","1,48M","-5,27%"
"01.03.2023","436,338","432,399","442,533","425,141","734,11K","0,61%"
"28.02.2023","433,682","451,384","451,384","431,027","1,09M","-2,00%"
"27.02.2023","442,533","438,108","447,401","438,108","658,75K","1,42%"
"24.02.2023","436,338","449,613","449,613","428,416","678,63K","-0,40%"
"23.02.2023","438,108","428,372","448,728","428,372","1,03M","1,12%"
"22.02.2023","433,240","442,312","442,312","423,062","1,72M","-0,91%"
"17.02.2023","437,223","454,924","455,942","432,797","2,72M","-4,26%"
"16.02.2023","456,694","453,154","464,483","438,993","2,51M","1,47%"
"15.02.2023","450,056","461,119","461,119","438,993","1,61M","-1,27%"
"14.02.2023","455,853","448,728","463,775","445,188","2,15M","2,40%"
"13.02.2023","445,188","415,981","445,808","414,211","1,93M","7,14%"
"10.02.2023","415,538","420,406","422,353","410,228","687,47K","-0,11%"
"09.02.2023","415,981","420,495","424,832","411,069","1,29M","-0,93%"
"08.02.2023","419,875","420,362","420,406","405,449","1,01M","0,51%"
"07.02.2023","417,751","415,981","424,035","408,015","1,31M","1,51%"
"06.02.2023","411,556","398,058","413,326","389,872","853,52K","3,33%"
"03.02.2023","398,280","425,717","425,717","397,395","837,68K","-6,00%"
"02.02.2023","423,681","424,832","436,470","422,044","1,23M","-0,92%"
"01.02.2023","427,620","434,523","440,763","418,680","1,38M","-1,79%"
"31.01.2023","435,408","415,981","440,763","408,945","1,99M","5,39%"
"30.01.2023","413,149","433,682","439,834","411,556","1,66M","-4,54%"
"27.01.2023","432,797","451,384","453,154","431,912","865,46K","-3,83%"
"26.01.2023","450,012","451,162","462,004","441,648","1,32M","-0,11%"
"25.01.2023","450,499","423,947","453,154","413,370","2,53M","6,26%"
"24.01.2023","423,947","434,567","437,665","421,291","2,38M","-1,86%"
"23.01.2023","432,001","451,384","453,596","425,318","2,25M","-1,64%"
"20.01.2023","439,214","415,981","441,294","402,705","3,22M","7,65%"
"19.01.2023","408,015","386,774","410,671","363,762","5,26M","5,55%"
"18.01.2023","386,553","455,809","461,429","380,578","4,22M","-12,30%"
"17.01.2023","440,763","408,900","441,648","408,900","1,85M","7,59%"
"16.01.2023","409,653","400,935","413,326","398,280","863,44K","2,51%"
"13.01.2023","399,607","385,004","410,671","383,234","2,35M","2,40%"
"12.01.2023","390,226","372,613","395,492","356,859","2,93M","7,63%"
"11.01.2023","362,567","338,272","367,302","336,325","2,79M","7,80%"
"10.01.2023","336,325","330,572","338,980","330,130","916,96K","0,96%"
"09.01.2023","333,139","336,325","340,750","330,218","1,68M","0,37%"
"06.01.2023","331,900","318,624","337,210","318,181","2,66M","4,87%"
"05.01.2023","316,500","297,382","319,376","296,409","1,51M","7,04%"
"04.01.2023","295,683","289,714","296,474","285,324","1,44M","2,25%"
"03.01.2023","289,187","295,859","297,483","285,324","938,63K","-1,66%"
"02.01.2023","294,059","295,815","297,615","289,714","877,81K","1,81%"
"30.12.2022","288,836","287,080","292,303","277,247","1,04M","1,23%"
"29.12.2022","285,324","293,225","298,493","276,545","1,56M","-2,40%"
"28.12.2022","292,347","278,257","296,737","273,911","2,23M","6,05%"
"27.12.2022","275,667","274,350","277,730","271,497","1,19M","0,50%"
"26.12.2022","274,306","265,351","275,667","265,351","730,27K","2,11%"
"23.12.2022","268,643","258,986","272,155","258,986","2,83M","2,86%"
"22.12.2022","261,181","258,986","263,288","255,036","2,44M","0,85%"
"21.12.2022","258,986","244,940","263,376","244,062","5,58M","9,46%"
"20.12.2022","236,599","234,405","237,960","232,649","857,10K","1,89%"
"19.12.2022","232,210","228,259","233,219","224,835","1,09M","2,76%"
"16.12.2022","225,977","224,791","229,137","223,562","1,38M","0,25%"
"15.12.2022","225,406","228,259","228,259","220,797","2,51M","1,54%"
"14.12.2022","221,982","220,841","224,309","219,919","2,01M","-0,82%"
"13.12.2022","223,826","227,557","230,849","222,114","2,20M","-1,12%"
"12.12.2022","226,372","228,171","228,171","222,992","2,27M","-4,14%"
"07.12.2022","236,160","230,893","236,599","227,381","2,40M","3,26%"
"06.12.2022","228,698","225,625","229,532","221,675","1,61M","2,76%"
"05.12.2022","222,553","236,160","236,863","222,245","1,94M","-5,41%"
"02.12.2022","235,283","230,805","236,160","226,635","2,33M","1,80%"
"01.12.2022","231,112","232,649","232,780","226,591","1,39M","0,59%"
"30.11.2022","229,752","225,186","230,015","222,202","1,41M","2,63%"
"29.11.2022","223,870","222,114","224,747","220,358","1,09M","0,55%"
"28.11.2022","222,640","222,114","222,860","218,602","1,11M","0,08%"
"25.11.2022","222,465","217,724","222,728","216,495","1,74M","2,24%"
"24.11.2022","217,592","215,090","217,724","213,335","306,29K","0,96%"
"23.11.2022","215,529","210,701","215,529","209,998","713,44K","1,24%"
"22.11.2022","212,896","212,808","215,090","209,823","682,22K","-0,02%"
"18.11.2022","212,939","208,506","215,090","208,506","847,48K","0,64%"
"17.11.2022","211,579","209,823","212,676","207,409","1,25M","0,42%"
"16.11.2022","210,701","212,413","213,773","207,365","1,29M","-0,79%"
"15.11.2022","212,369","208,945","213,335","208,945","1,84M","2,07%"
"14.11.2022","208,067","209,779","210,701","206,311","1,13M","-0,82%"
"11.11.2022","209,779","204,555","210,701","203,019","854,90K","3,22%"
"10.11.2022","203,238","202,800","206,179","199,902","1,44M","1,71%"
"09.11.2022","199,815","206,750","207,189","198,849","892,98K","-2,84%"
"08.11.2022","205,653","210,701","210,701","204,160","878,25K","-2,19%"
"07.11.2022","210,262","213,335","219,348","207,891","548,02K","-1,60%"
"04.11.2022","213,686","211,579","215,968","211,579","426,36K","1,00%"
"03.11.2022","211,579","210,701","215,266","208,594","728,02K","0,50%"
"02.11.2022","210,525","215,924","218,602","209,735","692,62K","-3,19%"
"01.11.2022","217,461","209,735","218,865","209,516","1,21M","3,64%"
"31.10.2022","209,823","209,823","211,930","206,311","837,23K","1,70%"
"28.10.2022","206,311","210,701","210,701","205,653","912,41K","-2,39%"
"27.10.2022","211,359","208,945","213,642","208,594","1,06M","0,77%"
"26.10.2022","209,735","213,335","214,827","208,330","1,33M","-1,48%"
"25.10.2022","212,896","208,989","213,510","208,682","1,41M","1,89%"
"24.10.2022","208,945","208,945","210,525","201,922","1,18M","-0,31%"
"21.10.2022","209,603","204,775","209,823","204,775","1,41M","2,38%"
"20.10.2022","204,731","203,326","206,223","202,975","1,65M","1,83%"
"19.10.2022","201,044","199,639","201,878","197,532","1,10M","0,62%"
"18.10.2022","199,815","204,555","204,555","197,795","621,82K","-0,91%"
"17.10.2022","201,658","200,605","204,907","200,517","968,67K","1,86%"
"14.10.2022","197,971","201,395","201,922","197,532","1,00M","-2,93%"
"13.10.2022","203,941","197,883","206,048","197,883","1,60M","2,83%"
"12.10.2022","198,322","198,410","208,506","197,532","1,72M","-2,33%"
"11.10.2022","203,063","209,955","209,955","202,185","1,13M","-4,22%"
"06.10.2022","212,018","218,383","218,383","211,140","958,51K","-3,01%"
"05.10.2022","218,602","219,436","221,060","214,388","778,19K","-0,52%"
"04.10.2022","219,743","219,919","225,055","217,724","1,27M","0,14%"
"03.10.2022","219,436","213,335","219,919","209,559","2,17M","6,79%"
"30.09.2022","205,477","201,922","210,701","201,922","1,81M","1,50%"
"29.09.2022","202,448","201,922","204,555","197,532","2,31M","-1,33%"
"28.09.2022","205,170","201,922","206,750","199,288","1,89M","2,05%"
"27.09.2022","201,044","214,651","215,090","200,780","3,41M","-5,51%"
"26.09.2022","212,764","224,747","226,064","211,886","1,43M","-6,05%"
"23.09.2022","226,459","228,918","232,254","225,625","784,99K","-4,64%"
"22.09.2022","237,477","236,073","237,916","232,693","391,26K","0,93%"
"21.09.2022","235,283","236,951","240,155","232,473","905,00K","-0,33%"
"20.09.2022","236,073","237,697","237,697","233,351","876,94K","-0,74%"
"19.09.2022","237,829","229,839","241,428","223,738","1,09M","4,51%"
"16.09.2022","227,557","226,372","230,893","220,446","456,20K","0,29%"
"15.09.2022","226,898","225,713","230,366","221,368","989,39K","0,25%"
"14.09.2022","226,328","220,841","226,459","220,841","926,33K","2,61%"
"13.09.2022","220,577","228,259","230,849","219,480","832,01K","-3,29%"
"12.09.2022","228,084","232,737","236,468","227,293","1,27M","-1,78%"
"09.09.2022","232,210","222,992","233,088","219,173","2,02M","4,55%"
"08.09.2022","222,114","225,625","228,698","215,398","1,12M","0,28%"
"07.09.2022","221,484","213,667","223,525","213,059","2,07M","3,47%"
"06.09.2022","214,058","211,061","217,575","209,845","920,98K","1,11%"
"05.09.2022","211,713","209,758","213,450","209,758","368,42K","1,60%"
"01.09.2022","208,369","207,587","211,061","204,156","958,18K","0,06%"
"31.08.2022","208,238","217,141","220,615","207,457","1,28M","-4,22%"
"30.08.2022","217,402","219,747","223,221","215,404","1,47M","-1,61%"
"29.08.2022","220,963","222,353","228,346","219,313","1,64M","-0,24%"
"26.08.2022","221,484","225,045","229,301","218,878","1,79M","-0,57%"
"25.08.2022","222,743","219,747","223,829","215,317","1,31M","0,85%"
"24.08.2022","220,876","214,449","223,047","213,667","2,18M","0,55%"
"23.08.2022","219,660","212,798","219,747","211,496","1,59M","5,20%"
"22.08.2022","208,803","203,678","210,193","200,725","1,36M","2,21%"
"19.08.2022","204,286","205,589","206,632","202,376","1,72M","-1,75%"
"18.08.2022","207,934","200,638","208,021","200,638","2,61M","3,23%"
"17.08.2022","201,420","198,901","203,070","198,901","2,30M","-0,22%"
"16.08.2022","201,854","201,681","204,981","198,597","2,12M","1,07%"
"12.08.2022","199,726","192,952","200,638","192,952","1,98M","2,89%"
"11.08.2022","194,124","196,296","196,296","191,953","1,40M","1,52%"
"10.08.2022","191,215","194,559","197,164","190,172","670,89K","-1,50%"
"09.08.2022","194,124","197,164","199,336","193,690","779,84K","-2,23%"
"08.08.2022","198,554","196,643","198,771","192,821","1,16M","2,97%"
"05.08.2022","192,821","195,427","197,598","192,387","1,11M","-0,67%"
"04.08.2022","194,124","198,380","200,552","191,519","2,38M","-0,93%"
"03.08.2022","195,948","197,164","198,728","191,953","1,36M","0,04%"
"02.08.2022","195,861","185,265","196,296","185,265","2,66M","3,46%"
"01.08.2022","189,304","196,296","196,296","187,610","1,85M","-3,99%"
"29.07.2022","197,164","204,113","205,850","191,562","2,94M","-1,30%"
"28.07.2022","199,770","200,204","203,939","191,084","4,64M","1,79%"
"27.07.2022","196,252","185,873","196,296","180,748","2,76M","5,58%"
"26.07.2022","185,873","186,741","191,953","181,530","1,99M","0,00%"
"25.07.2022","185,873","178,012","188,044","176,406","2,59M","5,94%"
"22.07.2022","175,450","173,713","175,884","167,199","3,62M","1,35%"
"21.07.2022","173,105","164,376","174,582","161,640","1,83M","5,45%"
"20.07.2022","164,159","167,633","167,633","163,768","2,65M","-2,70%"
"19.07.2022","168,719","170,239","170,673","166,764","844,57K","0,28%"
"18.07.2022","168,241","167,633","170,022","167,199","929,35K","1,52%"
"15.07.2022","165,722","157,905","165,722","157,645","827,53K","3,41%"
"14.07.2022","160,250","155,517","162,335","155,473","797,10K","-0,27%"
"13.07.2022","160,684","161,770","162,682","159,164","1,63M","-2,89%"
"12.07.2022","165,462","164,463","166,504","161,206","2,13M","-2,71%"
"11.07.2022","170,065","169,370","173,279","163,811","831,09K","-1,85%"
"08.07.2022","173,279","170,847","176,319","168,502","2,22M","3,37%"
"07.07.2022","167,633","164,159","171,368","163,290","2,49M","3,26%"
"06.07.2022","162,335","162,422","163,377","156,906","1,24M","-0,24%"
"05.07.2022","162,726","158,947","163,203","153,866","2,11M","6,45%"
"04.07.2022","152,867","158,079","158,079","151,651","945,61K","-3,93%"
"01.07.2022","159,121","153,519","159,121","150,696","1,01M","4,03%"
"30.06.2022","152,954","153,085","154,952","151,565","1,37M","-1,34%"
"29.06.2022","155,039","153,736","156,125","151,130","636,35K","0,90%"
"28.06.2022","153,649","152,477","156,776","151,825","2,41M","1,61%"
"27.06.2022","151,217","147,656","151,261","145,050","1,74M","2,26%"
"24.06.2022","147,873","149,393","152,694","147,135","1,40M","-1,19%"
"23.06.2022","149,654","152,346","152,867","147,395","1,67M","-2,32%"
"22.06.2022","153,215","153,910","155,777","151,130","1,83M","-0,08%"
"21.06.2022","153,345","154,605","156,342","152,259","977,56K","-0,81%"
"16.06.2022","154,605","153,649","157,210","152,433","1,90M","-0,56%"
"15.06.2022","155,473","156,429","157,905","154,691","1,90M","1,13%"
"14.06.2022","153,736","154,387","158,079","151,261","1,80M","0,57%"
"13.06.2022","152,867","153,693","156,125","150,913","1,74M","-2,25%"
"10.06.2022","156,385","151,565","156,385","148,959","2,28M","2,53%"
"09.06.2022","152,520","156,776","157,080","152,086","2,36M","-3,30%"
"08.06.2022","157,731","161,466","161,466","156,863","3,07M","-2,94%"
"07.06.2022","162,508","161,770","163,811","161,162","1,17M","0,05%"
"06.06.2022","162,422","165,896","165,896","160,858","1,22M","-2,35%"
"03.06.2022","166,330","165,809","168,284","164,419","420,25K","-0,26%"
"02.06.2022","166,764","162,422","168,502","162,422","810,76K","1,05%"
"01.06.2022","165,027","168,502","168,936","164,159","1,48M","-2,56%"
"31.05.2022","169,370","171,107","172,410","168,502","2,08M","-1,76%"
"30.05.2022","172,410","172,844","175,363","170,456","359,88K","-0,10%"
"27.05.2022","172,584","174,234","176,102","171,542","1,04M","-13,75%"
"26.05.2022","200,100","198,350","200,800","198,350","1,23M","0,88%"
"24.05.2022","198,350","197,900","198,350","194,800","1,33M","1,20%"
"23.05.2022","196,000","196,500","197,500","191,000","1,47M","2,35%"
"20.05.2022","191,500","195,000","197,750","189,000","1,23M","-1,26%"
"19.05.2022","193,950","197,000","199,900","192,500","861,44K","-2,73%"
"17.05.2022","199,400","201,500","202,000","197,000","2,02M","1,53%"
"16.05.2022","196,400","194,000","197,500","188,600","2,82M","2,29%"
"13.05.2022","192,000","185,000","192,900","185,000","2,68M","5,26%"
"12.05.2022","182,400","177,000","183,000","176,000","849,68K","1,45%"
"11.05.2022","179,800","177,000","180,250","176,650","1,14M","1,90%"
"10.05.2022","176,450","180,200","181,400","174,800","1,15M","-0,59%"
"09.05.2022","177,500","179,000","182,000","176,200","909,26K","-2,69%"
"06.05.2022","182,400","180,400","183,450","177,700","504,94K","1,05%"
"05.05.2022","180,500","181,950","184,750","177,450","2,33M","-4,97%"
"04.05.2022","189,950","190,000","190,500","187,000","725,95K","-0,26%"
"03.05.2022","190,450","187,000","191,000","186,550","1,46M","2,86%"
"02.05.2022","185,150","184,000","185,650","182,650","1,41M","-0,19%"
"29.04.2022","185,500","191,200","193,450","184,500","1,19M","-2,62%"
"28.04.2022","190,500","190,750","192,700","189,100","655,77K","0,00%"
"27.04.2022","190,500","191,100","193,950","190,450","764,40K","-0,05%"
"26.04.2022","190,600","192,500","193,700","190,000","794,82K","-1,50%"
"25.04.2022","193,500","192,000","194,400","187,650","1,79M","-0,13%"
"22.04.2022","193,750","195,700","196,500","192,550","853,84K","0,68%"
"21.04.2022","192,450","194,750","197,000","192,000","722,70K","-1,48%"
"20.04.2022","195,350","194,000","196,000","193,000","676,37K","0,70%"
"19.04.2022","194,000","193,000","195,000","192,250","668,26K","0,73%"
"18.04.2022","192,600","194,000","195,850","189,800","979,12K","1,10%"
"13.04.2022","190,500","190,000","193,200","189,600","1,59M","-0,78%"
"12.04.2022","192,000","191,550","194,200","189,500","2,72M","0,10%"
"11.04.2022","191,800","196,000","196,000","191,250","1,91M","-2,17%"
"08.04.2022","196,050","196,750","199,500","195,050","1,01M","-0,10%"
"07.04.2022","196,250","199,800","199,800","195,000","2,52M","-1,63%"
"06.04.2022","199,500","198,850","200,650","196,500","1,89M","-0,84%"
"05.04.2022","201,200","209,000","210,500","200,750","1,51M","-3,27%"
"04.04.2022","208,000","210,000","211,500","207,750","835,57K","-0,76%"
"01.04.2022","209,600","207,850","211,500","207,850","1,05M","2,00%"
"31.03.2022","205,500","210,000","211,800","205,500","1,19M","-1,39%"
"30.03.2022","208,400","202,050","209,000","202,050","1,31M","1,41%"
"29.03.2022","205,500","209,000","210,800","204,500","1,04M","-1,60%"
"28.03.2022","208,850","211,000","211,350","207,050","1,28M","-2,27%"
"25.03.2022","213,700","218,400","219,500","209,350","4,04M","3,86%"
"23.03.2022","205,750","207,450","211,500","205,350","3,10M","-0,94%"
"22.03.2022","207,700","206,800","208,000","204,850","2,09M","1,81%"
"21.03.2022","204,000","204,050","206,000","202,200","2,28M","2,10%"
"18.03.2022","199,800","203,000","206,200","199,000","1,37M","-1,62%"
"17.03.2022","203,100","198,250","204,000","198,250","1,33M","2,11%"
"16.03.2022","198,900","188,000","198,900","188,000","1,44M","6,25%"
"15.03.2022","187,200","187,000","190,950","184,750","855,87K","0,11%"
"14.03.2022","187,000","194,700","196,850","186,000","1,62M","-4,59%"
"11.03.2022","196,000","202,000","204,900","194,500","1,09M","-1,75%"
"10.03.2022","199,500","194,000","201,000","192,000","1,64M","3,21%"
"09.03.2022","193,300","190,100","195,000","190,100","1,54M","2,09%"
"08.03.2022","189,350","187,000","193,000","184,400","1,26M","1,97%"
"07.03.2022","185,700","195,000","196,850","184,300","2,54M","-4,72%"
"04.03.2022","194,900","208,000","208,000","193,150","3,41M","-5,16%"
"03.03.2022","205,500","203,050","207,700","197,000","1,97M","1,21%"
"02.03.2022","203,050","199,000","204,000","196,000","1,71M","1,73%"
"25.02.2022","199,600","204,700","207,400","198,800","1,61M","-2,54%"
"24.02.2022","204,800","200,950","205,000","196,000","2,36M","-2,57%"
"23.02.2022","210,200","209,000","212,800","205,050","2,06M","0,26%"
"22.02.2022","209,650","202,600","210,700","200,750","1,80M","3,12%"
"21.02.2022","203,300","203,000","203,900","198,500","475,36K","0,15%"
"18.02.2022","203,000","202,400","203,300","199,000","1,78M","1,15%"
"17.02.2022","200,700","202,000","206,600","199,500","1,04M","-1,62%"
"16.02.2022","204,000","198,650","205,500","195,200","1,86M","3,53%"
"15.02.2022","197,050","195,000","198,600","195,000","842,31K","1,31%"
"14.02.2022","194,500","196,950","198,500","192,000","2,16M","-1,02%"
"11.02.2022","196,500","198,050","207,850","196,400","1,70M","-2,00%"
"10.02.2022","200,500","199,000","203,850","197,500","554,88K","0,75%"
"09.02.2022","199,000","202,850","205,500","197,650","774,24K","-2,26%"
"08.02.2022","203,600","207,000","211,500","202,100","711,33K","-2,04%"
"07.02.2022","207,850","207,750","208,850","203,900","648,69K","1,74%"
"04.02.2022","204,300","204,000","206,950","202,550","782,24K","-0,22%"
"03.02.2022","204,750","209,850","209,850","204,300","662,47K","-2,78%"
"02.02.2022","210,600","219,400","219,400","209,100","775,02K","-2,36%"
"01.02.2022","215,700","215,000","219,500","206,200","1,22M","-0,23%"
"31.01.2022","216,200","212,000","216,650","204,200","2,12M","2,59%"
"28.01.2022","210,750","210,050","213,450","203,000","3,38M","5,51%"
"27.01.2022","199,750","199,500","201,950","195,500","917,72K","0,23%"
"26.01.2022","199,300","199,950","204,250","198,000","1,91M","0,55%"
"25.01.2022","198,200","184,900","198,400","180,650","2,72M","8,96%"
"24.01.2022","181,900","189,000","189,000","178,000","1,87M","-3,96%"
"21.01.2022","189,400","195,500","196,000","189,000","698,10K","-3,22%"
"20.01.2022","195,700","194,000","197,800","191,050","1,18M","2,25%"
"19.01.2022","191,400","190,250","193,000","189,100","943,93K","1,27%"
"18.01.2022","189,000","195,000","196,700","188,250","1,09M","-3,57%"
"17.01.2022","196,000","197,000","199,250","195,050","101,68K","-0,86%"
"14.01.2022","197,700","195,100","200,000","194,500","534,25K","-1,15%"
"13.01.2022","200,000","200,000","202,900","198,000","795,45K","0,10%"
"12.01.2022","199,800","201,700","204,850","199,000","608,05K","-0,25%"
"11.01.2022","200,300","195,050","200,700","195,050","953,34K","2,04%"
"10.01.2022","196,300","197,950","197,950","194,500","699,55K","-1,06%"
"07.01.2022","198,400","195,000","198,500","194,050","647,51K","1,80%"
"06.01.2022","194,900","190,050","198,500","188,200","957,04K","0,98%"
"05.01.2022","193,000","198,000","201,000","193,000","990,35K","-2,53%"
"04.01.2022","198,000","202,000","202,650","196,500","812,22K","-1,98%"
"03.01.2022","202,000","194,950","202,000","193,050","1,04M","3,59%"
"30.12.2021","195,000","197,300","203,350","193,000","2,11M","-1,02%"
"29.12.2021","197,000","197,950","197,950","186,250","2,25M","1,55%"
"28.12.2021","194,000","201,150","207,850","192,500","2,12M","-3,34%"
"27.12.2021","200,700","200,000","203,600","199,000","1,02M","0,85%"
"23.12.2021","199,000","198,500","202,900","198,400","822,83K","-0,50%"
"22.12.2021","200,000","199,000","201,000","195,550","975,27K","0,35%"
"21.12.2021","199,300","198,350","203,850","198,350","1,11M","1,74%"
"20.12.2021","195,900","193,000","196,000","190,500","1,32M","-0,51%"
"17.12.2021","196,900","199,900","203,000","196,000","1,80M","-1,25%"
"16.12.2021","199,400","190,050","202,500","190,050","2,41M","4,43%"
"15.12.2021","190,950","194,850","194,850","189,150","1,97M","-2,05%"
"14.12.2021","194,950","188,000","196,950","185,000","2,61M","2,61%"
"13.12.2021","190,000","198,050","203,000","187,050","2,10M","-4,74%"
"10.12.2021","199,450","206,000","208,000","199,000","1,26M","-2,94%"
"09.12.2021","205,500","214,000","214,000","204,400","1,33M","-3,59%"
"07.12.2021","213,150","211,300","214,800","210,100","1,72M","1,99%"
"06.12.2021","209,000","205,000","211,450","201,500","1,63M","1,80%"
"03.12.2021","205,300","213,000","213,000","199,000","2,15M","-1,06%"
"02.12.2021","207,500","210,150","217,900","205,500","3,93M","-1,19%"
"01.12.2021","210,000","192,100","210,000","192,100","4,19M","10,88%"
"30.11.2021","189,400","187,000","190,800","185,050","1,52M","1,18%"
"29.11.2021","187,200","196,150","200,000","187,000","3,12M","-3,80%"
"26.11.2021","194,600","200,000","200,000","190,600","2,94M","-4,61%"
"25.11.2021","204,000","201,200","205,800","201,200","486,96K","1,39%"
"24.11.2021","201,200","202,550","206,950","198,000","2,55M","0,35%"
"23.11.2021","200,500","204,000","209,600","199,200","3,18M","-4,75%"
"19.11.2021","210,500","220,900","222,450","208,000","2,24M","-4,54%"
"18.11.2021","220,500","211,050","220,500","208,000","2,27M","3,28%"
"17.11.2021","213,500","223,500","225,900","208,250","3,11M","-4,04%"
"16.11.2021","222,500","240,000","240,000","221,750","2,98M","-7,29%"
"15.11.2021","240,000","255,000","257,000","235,600","3,04M","-3,54%"
"12.11.2021","248,800","255,700","258,950","245,000","1,93M","-2,62%"
"11.11.2021","255,500","256,000","263,900","255,000","2,19M","-0,20%"
"10.11.2021","256,000","256,000","263,150","255,000","2,14M","0,29%"
"09.11.2021","255,250","257,000","260,000","253,300","1,48M","-0,60%"
"08.11.2021","256,800","250,000","257,650","249,500","1,31M","4,54%"
"05.11.2021","245,650","246,000","249,000","243,150","994,87K","0,47%"
"04.11.2021","244,500","250,900","250,900","240,550","2,50M","-2,20%"
"03.11.2021","250,000","240,000","252,500","240,000","2,28M","3,82%"
"02.11.2021","240,800","230,800","242,000","226,050","2,11M","4,08%"
"01.11.2021","231,350","218,500","231,950","218,500","1,15M","4,45%"
"29.10.2021","221,500","227,700","227,700","217,300","1,79M","-3,44%"
"28.10.2021","229,400","222,300","229,750","218,900","1,06M","2,41%"
"27.10.2021","224,000","233,000","236,700","223,000","1,71M","-4,60%"
"26.10.2021","234,800","238,000","241,800","233,000","1,39M","-1,16%"
"25.10.2021","237,550","230,000","237,700","229,000","1,47M","3,96%"
"22.10.2021","228,500","226,200","230,200","222,500","1,05M","0,88%"
"21.10.2021","226,500","224,000","228,500","220,700","1,56M","-0,53%"
"20.10.2021","227,700","220,000","228,200","218,000","3,18M","6,05%"
"19.10.2021","214,700","211,700","216,500","210,100","1,57M","1,56%"
"18.10.2021","211,400","208,800","213,900","205,000","2,15M","1,05%"
"15.10.2021","209,200","201,700","210,500","200,550","3,10M","5,13%"
"14.10.2021","199,000","197,100","199,700","196,200","1,96M","1,07%"
"13.10.2021","196,900","196,750","198,000","195,000","983,90K","-0,05%"
"12.10.2021","197,000","199,550","201,000","196,500","885,03K","0,25%"
"07.10.2021","196,500","199,950","199,950","195,000","652,55K","-0,23%"
"06.10.2021","196,950","195,000","196,950","190,050","571,93K","1,00%"
"05.10.2021","195,000","198,800","199,200","195,000","923,35K","-1,02%"
"04.10.2021","197,000","199,000","199,500","194,250","735,16K","-0,61%"
"01.10.2021","198,200","191,050","198,300","191,050","1,07M","2,56%"
"30.09.2021","193,250","193,000","197,300","193,000","1,64M","1,07%"
"29.09.2021","191,200","188,100","193,250","188,100","826,29K","1,54%"
"28.09.2021","188,300","189,000","189,450","184,100","601,14K","-0,11%"
"27.09.2021","188,500","182,500","189,000","182,500","788,96K","4,14%"
"24.09.2021","181,000","183,000","184,500","180,250","823,01K","-1,63%"
"23.09.2021","184,000","186,000","186,700","183,500","1,12M","0,00%"
"22.09.2021","184,000","183,300","185,900","181,600","2,09M","2,79%"
"21.09.2021","179,000","183,000","184,500","178,500","1,66M","-0,64%"
"20.09.2021","180,150","189,000","189,000","180,100","3,90M","-8,88%"
"17.09.2021","197,700","197,800","205,250","197,200","1,77M","-0,73%"
"16.09.2021","199,150","191,900","203,000","190,500","2,27M","1,35%"
"15.09.2021","196,500","201,100","203,000","190,000","2,16M","-1,75%"
"14.09.2021","200,000","207,250","211,450","199,000","3,08M","-2,87%"
"13.09.2021","205,900","217,900","220,000","203,050","7,02M","7,80%"
"10.09.2021","191,000","195,000","197,500","189,550","2,19M","-1,27%"
"09.09.2021","193,450","202,050","204,100","192,050","2,92M","-2,17%"
"08.09.2021","197,750","198,000","198,000","189,000","3,39M","-0,13%"
"07.09.2021","198,000","189,100","200,500","189,100","3,60M","6,45%"
"06.09.2021","186,000","180,050","187,000","176,250","698,24K","1,50%"
"03.09.2021","183,250","182,900","184,950","181,600","929,61K","-0,05%"
"02.09.2021","183,350","186,050","191,950","183,200","1,83M","-1,42%"
"01.09.2021","186,000","190,300","195,000","185,100","2,49M","-1,59%"
"31.08.2021","189,000","188,950","193,000","185,900","2,80M","-1,33%"
"30.08.2021","191,550","182,000","194,000","182,000","3,37M","6,12%"
"27.08.2021","180,500","184,050","186,900","180,100","3,76M","1,69%"
"26.08.2021","177,500","172,050","180,350","172,050","4,78M","0,62%"
"25.08.2021","176,400","171,700","177,400","168,000","4,20M","3,76%"
"24.08.2021","170,000","162,150","170,400","162,150","4,18M","7,02%"
"23.08.2021","158,850","155,050","159,600","155,050","1,54M","3,52%"
"20.08.2021","153,450","151,500","154,000","151,200","1,65M","2,81%"
"19.08.2021","149,250","146,500","149,700","145,900","1,50M","1,53%"
"18.08.2021","147,000","147,000","149,600","146,400","1,87M","-0,98%"
"17.08.2021","148,450","147,500","151,500","146,700","1,01M","-1,43%"
"13.08.2021","150,600","150,000","151,500","148,000","1,27M","-1,44%"
"12.08.2021","152,800","154,750","156,850","152,800","1,21M","-1,96%"
"11.08.2021","155,850","149,900","156,150","148,350","2,91M","2,94%"
"10.08.2021","151,400","144,050","151,600","144,050","2,19M","4,78%"
"09.08.2021","144,500","144,950","145,250","143,950","404,32K","-0,69%"
"06.08.2021","145,500","145,550","147,150","145,050","767,57K","0,00%"
"05.08.2021","145,500","147,400","147,400","144,300","1,03M","1,39%"
"04.08.2021","143,500","146,950","146,950","143,100","919,79K","-1,68%"
"03.08.2021","145,950","142,650","146,000","140,300","1,36M","2,49%"
"02.08.2021","142,400","142,600","144,900","142,100","1,08M","-0,21%"
"30.07.2021","142,700","146,850","147,000","142,500","4,35M","-3,91%"
"29.07.2021","148,500","148,900","150,000","146,400","1,54M","-0,47%"
"28.07.2021","149,200","148,500","149,500","147,550","1,17M","1,19%"
"27.07.2021","147,450","146,750","147,800","146,250","822,84K","-0,61%"
"26.07.2021","148,350","147,050","148,500","146,000","886,16K","2,35%"
"23.07.2021","144,950","146,950","147,000","144,000","1,02M","-2,06%"
"22.07.2021","148,000","148,000","148,000","145,400","1,12M","-0,47%"
"21.07.2021","148,700","146,100","150,200","146,100","1,42M","3,99%"
"20.07.2021","143,000","139,000","144,000","138,350","1,30M","1,85%"
"19.07.2021","140,400","141,000","141,600","138,750","1,63M","-1,82%"
"16.07.2021","143,000","144,850","144,950","142,000","670,59K","-1,38%"
"15.07.2021","145,000","147,700","148,750","144,550","1,17M","-1,89%"
"14.07.2021","147,800","149,500","150,000","146,100","1,75M","0,03%"
"13.07.2021","147,750","145,450","148,200","144,700","1,83M","-0,44%"
"12.07.2021","148,400","142,950","148,500","142,000","1,78M","4,36%"
"08.07.2021","142,200","144,300","144,500","142,050","1,25M","-2,27%"
"07.07.2021","145,500","145,000","146,450","143,200","1,15M","-0,07%"
"06.07.2021","145,600","149,000","149,000","144,050","1,34M","-3,32%"
"05.07.2021","150,600","149,500","151,500","148,150","722,87K","2,10%"
"02.07.2021","147,500","145,500","148,450","142,700","1,57M","1,72%"
"01.07.2021","145,000","147,650","148,400","143,700","1,28M","-1,36%"
"30.06.2021","147,000","148,300","150,000","145,250","1,93M","-1,14%"
"29.06.2021","148,700","153,000","153,000","148,150","2,45M","-3,69%"
"28.06.2021","154,400","155,650","156,650","153,050","2,35M","-0,48%"
"25.06.2021","155,150","154,400","157,400","154,000","2,44M","-4,82%"
"24.06.2021","163,000","163,250","163,900","161,200","1,32M","0,12%"
"23.06.2021","162,800","166,750","168,800","162,800","2,15M","-1,33%"
"22.06.2021","165,000","156,800","167,900","154,000","2,45M","2,04%"
"18.06.2021","161,700","160,500","163,850","160,200","2,83M","-2,30%"
"17.06.2021","165,500","169,100","170,500","165,000","2,28M","-2,07%"
"16.06.2021","169,000","165,400","169,400","165,400","1,84M","2,42%"
"15.06.2021","165,000","164,700","166,750","159,900","2,08M","0,15%"
"14.06.2021","164,750","166,000","168,000","163,900","1,50M","1,07%"
"11.06.2021","163,000","167,950","167,950","162,100","1,23M","-4,43%"
"10.06.2021","170,550","172,700","174,950","169,000","2,57M","0,92%"
"09.06.2021","169,000","161,000","171,750","160,000","1,86M","4,58%"
"08.06.2021","161,600","169,000","171,250","160,100","2,56M","-4,72%"
"07.06.2021","169,600","169,950","172,750","168,150","3,87M","2,98%"
"04.06.2021","164,700","156,000","165,000","155,050","2,49M","5,58%"
"03.06.2021","156,000","150,000","157,700","149,000","2,87M","3,45%"
"02.06.2021","150,800","152,300","153,700","149,750","3,08M","0,33%"
"01.06.2021","150,300","148,300","151,500","148,000","3,62M","2,95%"
"31.05.2021","146,000","145,000","147,900","143,800","717,20K","0,34%"
"28.05.2021","145,500","144,800","146,000","143,000","2,88M","4,11%"
"27.05.2021","139,750","137,500","140,450","136,550","1,58M","2,34%"
"26.05.2021","136,550","134,000","137,450","133,300","1,10M","1,15%"
"21.05.2021","135,000","140,000","141,000","134,500","1,63M","-3,23%"
"20.05.2021","139,500","136,300","140,200","136,300","1,74M","3,53%"
"19.05.2021","134,750","134,000","136,500","132,200","1,39M","-0,19%"
"18.05.2021","135,000","135,400","137,200","134,050","3,30M","-0,81%"
"17.05.2021","136,100","129,500","136,950","127,500","3,04M","3,50%"
"14.05.2021","131,500","130,000","131,500","129,050","5,28M","5,12%"
"13.05.2021","125,100","121,000","125,800","121,000","1,31M","4,25%"
"12.05.2021","120,000","122,900","123,050","119,650","665,60K","-2,44%"
"11.05.2021","123,000","122,000","124,150","121,400","1,05M","-1,32%"
"10.05.2021","124,650","126,000","126,800","123,300","2,60M","1,09%"
"07.05.2021","123,300","120,000","124,100","119,500","3,23M","4,80%"
"06.05.2021","117,650","114,800","117,950","113,500","952,59K","1,42%"
"05.05.2021","116,000","114,600","117,250","113,100","655,00K","1,22%"
"04.05.2021","114,600","114,850","114,850","113,000","1,07M","-1,12%"
"03.05.2021","115,900","115,800","117,650","115,050","1,49M","-0,60%"
"30.04.2021","116,600","118,500","118,500","116,450","577,22K","-2,02%"
"29.04.2021","119,000","120,700","120,700","118,450","1,07M","-1,98%"
"28.04.2021","121,400","123,650","123,850","119,650","2,47M","1,51%"
"27.04.2021","119,600","115,050","119,750","115,000","3,42M","4,73%"
"26.04.2021","114,200","110,800","114,450","110,200","2,05M","4,29%"
"23.04.2021","109,500","109,750","110,450","108,200","1,15M","0,55%"
"22.04.2021","108,900","110,650","111,750","108,900","855,51K","-1,94%"
"21.04.2021","111,050","109,900","111,050","107,500","950,08K","1,32%"
"20.04.2021","109,600","110,600","111,600","108,950","1,14M","-2,40%"
"19.04.2021","112,300","113,950","114,000","111,800","782,04K","1,35%"
"16.04.2021","110,800","109,450","111,700","108,500","1,40M","1,00%"
"15.04.2021","109,700","110,000","110,800","109,000","2,05M","-0,72%"
"14.04.2021","110,500","111,000","113,400","109,850","955,77K","0,09%"
"13.04.2021","110,400","109,500","111,300","109,300","585,76K","0,36%"
"12.04.2021","110,000","112,500","113,000","109,800","2,52M","-2,96%"
"09.04.2021","113,350","115,850","115,850","113,050","1,27M","-2,16%"
"08.04.2021","115,850","116,650","116,750","115,000","717,09K","-0,56%"
"07.04.2021","116,500","117,000","119,000","116,500","2,54M","0,13%"
"06.04.2021","116,350","115,750","117,750","115,750","2,63M","3,24%"
"05.04.2021","112,700","111,950","112,950","110,150","956,63K","1,30%"
"31.03.2021","111,250","112,000","113,900","110,900","1,15M","-1,37%"
"30.03.2021","112,800","109,200","112,900","109,200","778,99K","3,63%"
"29.03.2021","108,850","109,850","110,750","108,000","1,15M","-1,23%"
"26.03.2021","110,200","113,500","113,600","109,600","1,07M","-1,25%"
"25.03.2021","111,600","112,850","114,500","111,200","2,36M","-4,41%"
"23.03.2021","116,750","116,900","119,250","116,350","820,65K","-0,21%"
"22.03.2021","117,000","117,000","117,600","116,050","1,22M","-1,43%"
"19.03.2021","118,700","117,850","120,850","117,700","881,84K","0,68%"
"18.03.2021","117,900","120,900","121,650","117,650","1,98M","-2,36%"
"17.03.2021","120,750","119,400","121,200","118,700","1,35M","0,50%"
"16.03.2021","120,150","124,000","125,000","120,000","1,48M","-2,59%"
"15.03.2021","123,350","120,200","124,500","119,850","2,60M","3,57%"
"12.03.2021","119,100","116,000","119,950","115,000","2,34M","2,41%"
"11.03.2021","116,300","116,000","117,000","114,000","1,55M","1,17%"
"10.03.2021","114,950","111,100","115,850","110,000","1,96M","3,56%"
"09.03.2021","111,000","108,150","111,500","108,150","1,15M","1,19%"
"08.03.2021","109,700","110,000","112,000","108,000","1,35M","0,18%"
"05.03.2021","109,500","115,450","115,450","108,750","2,07M","-3,95%"
"04.03.2021","114,000","112,400","115,950","110,500","1,64M","2,33%"
"03.03.2021","111,400","116,000","116,450","111,100","969,32K","-2,71%"
"02.03.2021","114,500","115,000","115,450","113,050","982,69K","-0,74%"
"01.03.2021","115,350","114,200","116,950","114,000","983,25K","2,72%"
"26.02.2021","112,300","115,450","116,200","111,600","2,82M","-2,56%"
"25.02.2021","115,250","118,300","121,000","114,500","1,46M","-2,37%"
"24.02.2021","118,050","115,050","120,400","114,500","1,47M","3,46%"
"23.02.2021","114,100","118,500","118,500","113,000","2,58M","-5,31%"
"22.02.2021","120,500","125,850","125,850","114,900","1,69M","-4,89%"
"19.02.2021","126,700","128,050","130,500","125,050","1,87M","-1,48%"
"18.02.2021","128,600","128,500","133,000","126,000","4,80M","1,90%"
"17.02.2021","126,200","128,200","128,200","124,000","1,55M","1,90%"
"12.02.2021","123,850","125,800","127,200","122,500","1,39M","-1,31%"
"11.02.2021","125,500","126,000","127,400","124,000","654,80K","-0,40%"
"10.02.2021","126,000","128,100","128,300","125,500","715,09K","-0,63%"
"09.02.2021","126,800","128,250","128,900","126,650","1,32M","0,12%"
"08.02.2021","126,650","130,000","131,100","126,150","3,44M","0,32%"
"05.02.2021","126,250","125,000","126,750","124,300","2,30M","2,23%"
"04.02.2021","123,500","118,050","124,000","118,050","1,73M","4,35%"
"03.02.2021","118,350","119,050","121,400","118,200","1,05M","-0,71%"
"02.02.2021","119,200","120,000","122,000","118,500","1,30M","-0,08%"
"01.02.2021","119,300","116,100","119,300","116,100","871,66K","3,47%"
"29.01.2021","115,300","120,450","120,450","115,050","1,53M","-3,60%"
"28.01.2021","119,600","117,600","120,700","117,600","806,52K","0,67%"
"27.01.2021","118,800","117,450","119,900","115,000","1,07M","0,68%"
"26.01.2021","118,000","112,400","118,900","112,400","1,16M","5,17%"
"25.01.2021","112,200","114,000","114,800","111,000","957,81K","-0,75%"
"22.01.2021","113,050","114,000","115,800","113,000","1,47M","-1,52%"
"21.01.2021","114,800","118,100","119,250","114,200","1,92M","-2,92%"
"20.01.2021","118,250","118,500","119,000","114,950","1,47M","1,11%"
"19.01.2021","116,950","118,600","120,500","115,900","974,16K","-1,39%"
"18.01.2021","118,600","120,500","121,000","118,500","366,19K","-1,17%"
"15.01.2021","120,000","120,000","122,450","119,600","686,99K","-0,91%"
"14.01.2021","121,100","121,200","122,700","119,750","1,51M","-0,16%"
"13.01.2021","121,300","120,000","123,300","120,000","1,07M","0,00%"
"12.01.2021","121,300","120,000","122,400","118,550","902,07K","0,83%"
"11.01.2021","120,300","121,000","122,250","118,000","1,10M","-1,92%"
"08.01.2021","122,650","123,800","124,500","122,000","729,99K","-0,85%"
"07.01.2021","123,700","123,100","125,250","121,550","936,96K","0,57%"
"06.01.2021","123,000","122,800","125,900","122,400","985,44K","-0,53%"
"05.01.2021","123,650","122,750","124,750","120,500","1,09M","0,77%"
"04.01.2021","122,700","126,950","126,950","120,000","1,82M","-2,23%"
"30.12.2020","125,500","130,000","131,600","125,250","1,48M","-2,18%"
"29.12.2020","128,300","125,200","129,500","125,100","1,35M","2,56%"
"28.12.2020","125,100","124,950","126,850","124,050","1,22M","-0,36%"
"23.12.2020","125,550","120,500","125,950","120,500","1,75M","4,10%"
"22.12.2020","120,600","120,000","124,200","119,700","1,67M","0,92%"
"21.12.2020","119,500","119,000","120,800","116,750","2,16M","-2,45%"
"18.12.2020","122,500","127,000","127,500","121,550","2,47M","-3,54%"
"17.12.2020","127,000","127,350","129,200","126,000","1,79M","-0,24%"
"16.12.2020","127,300","128,950","129,900","126,350","1,60M","-0,74%"
"15.12.2020","128,250","127,050","128,900","125,550","1,23M","0,98%"
"14.12.2020","127,000","130,000","131,200","125,200","1,26M","-1,21%"
"11.12.2020","128,550","129,550","131,550","128,100","1,87M","-0,77%"
"10.12.2020","129,550","124,000","130,200","123,500","4,24M","3,72%"
"09.12.2020","124,900","128,200","129,950","124,000","1,80M","-4,07%"
"04.12.2020","130,200","132,550","133,750","130,000","1,44M","-1,77%"
"03.12.2020","132,550","133,000","135,100","131,000","1,24M","-0,23%"
"02.12.2020","132,850","132,300","136,000","130,100","1,62M","0,38%"
"01.12.2020","132,350","133,000","135,000","132,050","1,31M","1,19%"
"30.11.2020","130,800","136,100","136,100","130,050","1,92M","-3,75%"
"27.11.2020","135,900","130,050","137,000","130,050","2,56M","3,39%"
"26.11.2020","131,450","131,250","132,500","130,600","653,70K","0,15%"
"25.11.2020","131,250","132,650","134,000","129,150","1,43M","-1,06%"
"24.11.2020","132,650","127,000","133,850","126,850","4,73M","6,98%"
"20.11.2020","124,000","125,000","127,000","122,600","1,08M","-1,04%"
"19.11.2020","125,300","123,000","128,900","122,050","1,48M","1,46%"
"18.11.2020","123,500","127,000","129,000","123,000","1,28M","-2,68%"
"17.11.2020","126,900","123,800","128,000","120,350","2,34M","2,42%"
"16.11.2020","123,900","123,000","125,500","122,100","1,82M","2,91%"
"13.11.2020","120,400","118,950","123,500","118,050","1,33M","1,01%"
"12.11.2020","119,200","124,900","125,000","118,600","3,21M","-5,40%"
"11.11.2020","126,000","129,950","130,950","123,000","2,76M","-2,14%"
"10.11.2020","128,750","124,000","132,300","122,300","5,69M","5,23%"
"09.11.2020","122,350","121,000","125,950","121,000","3,73M","5,79%"
"06.11.2020","115,650","115,500","117,450","111,500","1,60M","0,70%"
"05.11.2020","114,850","108,000","116,300","108,000","2,97M","6,24%"
"04.11.2020","108,100","111,050","112,700","106,000","2,26M","-0,55%"
"03.11.2020","108,700","109,750","113,600","107,550","2,85M","1,12%"
"02.11.2020","107,500","98,000","110,000","98,000","2,47M","11,51%"
"30.10.2020","96,400","102,000","102,000","95,800","1,84M","-4,32%"
"29.10.2020","100,750","100,000","102,000","95,000","2,25M","2,81%"
"28.10.2020","98,000","102,000","105,100","97,600","3,55M","-7,72%"
"27.10.2020","106,200","112,000","114,450","106,000","1,75M","-4,84%"
"26.10.2020","111,600","118,300","118,800","111,000","1,62M","-5,78%"
"23.10.2020","118,450","120,000","120,950","116,900","1,74M","-1,29%"
"22.10.2020","120,000","115,650","120,800","115,000","3,01M","4,35%"
"21.10.2020","115,000","113,600","117,250","111,650","2,66M","0,92%"
"20.10.2020","113,950","117,600","119,500","110,700","2,91M","-1,77%"
"19.10.2020","116,000","115,000","119,950","114,700","3,38M","1,40%"
"16.10.2020","114,400","109,700","115,700","109,000","4,73M","4,33%"
"15.10.2020","109,650","107,700","110,000","107,100","3,05M","1,62%"
"14.10.2020","107,900","108,200","109,000","106,800","1,70M","-0,05%"
"13.10.2020","107,950","107,100","108,350","106,500","2,40M","-0,05%"
"09.10.2020","108,000","109,950","110,500","107,600","1,83M","-1,82%"
"08.10.2020","110,000","107,550","110,250","107,050","2,19M","3,38%"
"07.10.2020","106,400","106,000","107,750","103,350","1,97M","1,24%"
"06.10.2020","105,100","109,300","110,650","103,000","1,95M","-2,50%"
"05.10.2020","107,800","108,850","109,900","107,100","1,67M","-1,51%"
"02.10.2020","109,450","108,000","109,750","107,500","1,56M","0,46%"
"01.10.2020","108,950","106,300","109,700","106,000","1,88M","2,88%"
"30.09.2020","105,900","109,000","110,150","105,500","2,89M","-0,98%"
"29.09.2020","106,950","105,850","108,250","104,050","2,89M","1,13%"
"28.09.2020","105,750","108,500","109,600","104,500","2,58M","-1,63%"
"25.09.2020","107,500","107,950","110,350","105,750","2,74M","-3,02%"
"24.09.2020","110,850","104,050","111,150","103,800","5,55M","7,21%"
"23.09.2020","103,400","104,350","104,950","102,750","2,47M","-0,86%"
"22.09.2020","104,300","106,000","107,750","102,650","2,63M","-1,32%"
"21.09.2020","105,700","103,300","106,350","102,500","1,82M","-2,04%"
"18.09.2020","107,900","102,000","108,000","101,000","3,21M","5,73%"
"17.09.2020","102,050","106,150","106,150","100,500","5,75M","-5,07%"
"16.09.2020","107,500","112,950","114,750","107,350","5,18M","-9,21%"
"15.09.2020","118,400","117,950","122,450","115,800","3,35M","-2,23%"
"14.09.2020","121,100","126,600","126,600","119,000","3,94M","-5,09%"
"11.09.2020","127,600","132,450","132,450","126,700","3,12M","-3,99%"
"10.09.2020","132,900","132,500","135,250","132,000","3,69M","1,06%"
"09.09.2020","131,500","129,500","131,750","127,800","1,90M","2,73%"
"08.09.2020","128,000","126,950","129,900","123,900","2,11M","-1,46%"
"07.09.2020","129,900","126,100","130,100","126,100","796,97K","3,10%"
"04.09.2020","126,000","125,450","128,000","122,250","1,57M","0,00%"
"03.09.2020","126,000","128,800","130,000","124,750","1,50M","0,12%"
"02.09.2020","125,850","129,500","129,700","124,750","3,29M","-3,19%"
"01.09.2020","130,000","136,000","137,000","129,100","2,26M","-2,62%"
"31.08.2020","133,500","132,000","135,000","129,900","2,97M","0,23%"
"28.08.2020","133,200","126,150","133,500","126,150","3,28M","6,90%"
"27.08.2020","124,600","132,000","132,000","124,550","3,98M","-4,15%"
"26.08.2020","130,000","134,000","134,950","129,500","3,04M","-2,84%"
"25.08.2020","133,800","134,900","135,500","129,400","4,45M","-1,58%"
"24.08.2020","135,950","135,500","135,950","130,800","2,83M","0,04%"
"21.08.2020","135,900","137,400","141,750","135,300","5,80M","-1,34%"
"20.08.2020","137,750","137,950","138,700","135,000","3,37M","-0,40%"
"19.08.2020","138,300","137,000","140,950","136,100","3,02M","0,88%"
"18.08.2020","137,100","139,000","141,600","136,000","3,29M","-5,45%"
"14.08.2020","145,000","149,200","149,450","144,000","2,34M","-3,17%"
"13.08.2020","149,750","151,700","154,000","149,500","1,92M","0,17%"
"12.08.2020","149,500","154,800","154,950","147,500","3,58M","-3,55%"
"11.08.2020","155,000","159,200","161,000","154,000","2,23M","-2,58%"
"10.08.2020","159,100","164,000","165,400","158,500","2,03M","-2,09%"
"07.08.2020","162,500","155,500","162,950","154,250","3,37M","3,83%"
"06.08.2020","156,500","156,850","158,500","152,600","2,92M","1,29%"
"05.08.2020","154,500","163,050","164,700","150,100","3,96M","-3,26%"
"04.08.2020","159,700","175,000","179,000","157,000","10,64M","-3,48%"
"03.08.2020","165,450","147,000","169,000","147,000","7,31M","10,82%"
"31.07.2020","149,300","147,000","150,500","145,100","1,80M","0,91%"
"30.07.2020","147,950","140,450","148,350","139,000","2,21M","1,51%"
"29.07.2020","145,750","149,050","150,000","142,300","1,89M","-0,17%"
"28.07.2020","146,000","150,000","150,600","143,800","3,58M","-3,63%"
"27.07.2020","151,500","147,500","152,750","147,500","3,18M","3,98%"
"24.07.2020","145,700","142,500","148,550","138,500","3,44M","1,89%"
"23.07.2020","143,000","142,800","148,700","138,500","4,99M","-0,42%"
"22.07.2020","143,600","135,000","143,850","133,000","4,75M","6,61%"
"21.07.2020","134,700","129,550","138,100","129,550","4,59M","4,26%"
"20.07.2020","129,200","130,800","132,700","129,000","2,02M","-1,82%"
"17.07.2020","131,600","132,500","133,600","128,600","2,47M","-0,45%"
"16.07.2020","132,200","128,900","133,100","128,000","1,84M","0,23%"
"15.07.2020","131,900","130,000","132,250","128,600","2,49M","3,13%"
"14.07.2020","127,900","124,400","128,000","123,000","3,02M","2,03%"
"13.07.2020","125,350","125,800","131,750","124,500","4,59M","3,60%"
"08.07.2020","121,000","122,000","122,200","119,050","2,38M","0,88%"
"07.07.2020","119,950","117,000","121,000","116,500","3,37M","-2,12%"
"06.07.2020","122,550","114,150","124,000","114,150","6,79M","17,84%"
"03.07.2020","104,000","102,450","104,800","102,000","1,07M","1,46%"
"02.07.2020","102,500","107,950","107,950","102,000","2,47M","-2,84%"
"01.07.2020","105,500","103,950","106,300","103,000","1,09M","2,23%"
"30.06.2020","103,200","108,000","109,000","102,550","3,76M","-6,01%"
"29.06.2020","109,800","111,000","113,950","107,650","1,62M","-0,32%"
"26.06.2020","110,150","114,500","114,500","110,100","2,69M","-5,25%"
"25.06.2020","116,250","114,200","116,750","113,300","3,39M","5,20%"
"24.06.2020","110,500","110,500","114,950","109,600","2,56M","-1,03%"
"23.06.2020","111,650","111,950","115,600","111,000","2,71M","1,59%"
"22.06.2020","109,900","115,500","116,100","106,700","3,83M","-3,77%"
"19.06.2020","114,200","107,000","114,700","106,500","6,02M","11,52%"
"18.06.2020","102,400","107,000","107,250","102,000","5,03M","-6,74%"
"17.06.2020","109,800","116,500","116,750","109,050","3,37M","-5,95%"
"16.06.2020","116,750","120,100","123,600","116,300","2,38M","-2,71%"
"12.06.2020","120,000","122,000","122,950","115,050","3,39M","2,83%"
"11.06.2020","116,700","125,750","125,950","116,000","4,49M","-8,51%"
"10.06.2020","127,550","125,000","130,000","119,000","4,39M","1,15%"
"09.06.2020","126,100","127,000","130,000","123,100","3,99M","-5,12%"
"08.06.2020","132,900","126,600","134,500","124,050","5,78M","9,56%"
"05.06.2020","121,300","120,100","123,450","119,600","3,99M","3,28%"
"04.06.2020","117,450","117,000","119,200","114,500","4,83M","0,34%"
"03.06.2020","117,050","109,000","118,000","108,000","6,81M","8,38%"
"02.06.2020","108,000","103,000","108,100","103,000","4,91M","8,49%"
"01.06.2020","99,550","97,200","100,000","96,000","4,14M","6,87%"
"29.05.2020","93,150","99,900","102,450","91,300","7,08M","-7,36%"
"28.05.2020","100,550","106,000","106,000","98,000","4,58M","-6,73%"
"27.05.2020","107,800","108,000","109,700","100,000","3,23M","-0,87%"
"26.05.2020","108,750","111,600","113,400","108,000","3,29M","-0,46%"
"22.05.2020","109,250","108,900","114,800","106,900","4,26M","-1,58%"
"21.05.2020","111,000","105,000","113,300","102,550","4,69M","5,71%"
"20.05.2020","105,000","103,500","105,650","101,300","2,37M","2,94%"
"19.05.2020","102,000","103,400","105,650","101,050","2,70M","-4,49%"
"18.05.2020","106,800","105,900","109,500","102,500","3,62M","3,64%"
"15.05.2020","103,050","107,000","107,100","102,100","4,36M","-1,86%"
"14.05.2020","105,000","98,000","106,800","98,000","2,97M","5,26%"
"13.05.2020","99,750","100,950","102,400","98,200","5,06M","-5,81%"
"12.05.2020","105,900","105,000","111,550","105,000","5,39M","1,10%"
"11.05.2020","104,750","94,000","105,100","90,050","3,83M","11,32%"
"08.05.2020","94,100","97,050","98,950","93,550","3,86M","0,00%"
"07.05.2020","94,100","87,800","97,300","84,900","5,90M","8,41%"
"06.05.2020","86,800","82,000","88,500","80,100","3,51M","3,46%"
"05.05.2020","83,900","83,050","84,500","79,200","2,72M","2,69%"
"04.05.2020","81,700","80,000","82,000","76,050","2,33M","0,68%"
"30.04.2020","81,150","83,000","86,000","79,150","1,66M","-1,16%"
"29.04.2020","82,100","85,000","87,000","81,000","2,52M","0,67%"
"28.04.2020","81,550","73,150","82,100","73,150","4,59M","16,50%"
"27.04.2020","70,000","66,800","70,450","65,300","3,11M","2,94%"
"24.04.2020","68,000","69,250","69,950","65,750","2,91M","-5,09%"
"23.04.2020","71,650","74,350","74,900","71,400","1,75M","-3,95%"
"22.04.2020","74,600","75,650","76,850","74,200","1,46M","-1,32%"
"21.04.2020","75,600","77,900","77,900","75,300","1,06M","-3,63%"
"20.04.2020","78,450","75,450","79,150","74,050","2,33M","3,43%"
"17.04.2020","75,850","78,950","80,600","74,000","4,42M","-5,07%"
"16.04.2020","79,900","80,000","82,950","75,200","3,35M","-3,56%"
"15.04.2020","82,850","74,950","84,300","72,400","2,44M","7,60%"
"14.04.2020","77,000","72,000","77,250","71,600","3,63M","9,53%"
"13.04.2020","70,300","65,600","70,300","64,600","1,90M","4,15%"
"08.04.2020","67,500","63,300","67,850","63,300","1,92M","7,31%"
"07.04.2020","62,900","66,150","67,300","61,850","2,28M","-1,64%"
"06.04.2020","63,950","66,500","68,000","61,850","2,91M","-1,84%"
"03.04.2020","65,150","64,000","65,300","62,000","1,57M","1,16%"
"02.04.2020","64,400","59,650","64,500","59,150","2,19M","7,33%"
"01.04.2020","60,000","59,350","61,250","57,300","1,92M","3,81%"
"30.03.2020","57,800","58,500","59,950","56,800","2,15M","-2,45%"
"27.03.2020","59,250","63,800","63,800","59,050","1,31M","-9,82%"
"26.03.2020","65,700","69,800","71,000","64,650","1,76M","-0,98%"
"25.03.2020","66,350","67,000","69,300","64,450","2,25M","9,31%"
"20.03.2020","60,700","58,000","66,050","57,500","4,12M","8,39%"
"19.03.2020","56,000","55,000","61,350","54,500","3,69M","1,54%"
"18.03.2020","55,150","63,000","64,000","53,500","5,32M","-17,07%"
"17.03.2020","66,500","66,900","69,450","63,250","3,66M","0,15%"
"16.03.2020","66,400","72,500","76,400","65,300","4,82M","-17,77%"
"13.03.2020","80,750","84,000","86,200","79,100","3,27M","2,34%"
"12.03.2020","78,900","81,850","83,100","77,000","3,82M","-11,74%"
"11.03.2020","89,400","89,750","91,800","87,200","1,96M","-4,13%"
"10.03.2020","93,250","90,200","94,250","87,700","2,86M","9,06%"
"09.03.2020","85,500","92,000","92,800","85,000","3,42M","-16,42%"
"06.03.2020","102,300","106,500","106,750","102,000","2,26M","-5,80%"
"05.03.2020","108,600","109,400","109,400","106,800","789,83K","-0,82%"
"04.03.2020","109,500","106,050","109,700","106,050","804,53K","3,79%"
"03.03.2020","105,500","108,000","111,200","104,500","1,68M","-0,94%"
"02.03.2020","106,500","104,000","108,150","102,750","1,75M","3,70%"
"28.02.2020","102,700","106,000","106,000","101,300","2,88M","-4,02%"
"27.02.2020","107,000","107,700","109,000","102,050","2,93M","-1,20%"
"26.02.2020","108,300","109,800","111,400","107,300","2,23M","-6,48%"
"21.02.2020","115,800","116,450","117,000","114,000","2,25M","0,30%"
"20.02.2020","115,450","114,000","117,200","112,500","1,70M","0,83%"
"19.02.2020","114,500","114,000","117,000","113,050","1,55M","1,64%"
"18.02.2020","112,650","116,000","116,000","111,750","1,87M","-4,53%"
"17.02.2020","118,000","117,000","118,900","114,200","586,05K","0,85%"
"14.02.2020","117,000","117,450","117,450","113,600","2,12M","1,74%"
"13.02.2020","115,000","119,000","119,900","112,650","2,32M","-6,12%"
"12.02.2020","122,500","122,800","124,500","121,500","771,53K","-0,41%"
"11.02.2020","123,000","125,850","125,850","121,250","745,58K","-2,61%"
"10.02.2020","126,300","127,100","128,000","125,000","315,37K","-0,63%"
"07.02.2020","127,100","124,600","128,900","124,600","1,03M","2,09%"
"06.02.2020","124,500","125,000","127,850","123,050","459,69K","-0,20%"
"05.02.2020","124,750","126,300","128,000","124,200","521,59K","-1,07%"
"04.02.2020","126,100","128,000","131,500","123,500","1,71M","-1,25%"
"03.02.2020","127,700","122,500","127,800","122,500","931,11K","4,59%"
"31.01.2020","122,100","125,000","125,950","119,150","694,13K","-1,65%"
"30.01.2020","124,150","121,000","124,500","116,500","869,89K","1,55%"
"29.01.2020","122,250","124,000","125,500","122,100","1,85M","0,20%"
"28.01.2020","122,000","115,500","122,400","115,500","1,33M","6,23%"
"27.01.2020","114,850","115,000","116,800","111,800","1,21M","-2,26%"
"24.01.2020","117,500","121,300","123,400","116,700","784,47K","-3,13%"
"23.01.2020","121,300","125,000","125,500","121,100","899,46K","-2,33%"
"22.01.2020","124,200","123,700","126,000","120,700","882,07K","0,24%"
"21.01.2020","123,900","128,750","129,350","123,000","971,08K","-3,28%"
"20.01.2020","128,100","126,300","128,400","124,000","436,29K","1,14%"
"17.01.2020","126,650","125,350","128,750","125,350","1,25M","1,04%"
"16.01.2020","125,350","122,500","126,500","122,500","1,37M","2,33%"
"15.01.2020","122,500","125,750","127,200","120,750","2,58M","-2,62%"
"14.01.2020","125,800","127,250","127,500","120,200","2,65M","-1,22%"
"13.01.2020","127,350","134,000","134,300","127,000","1,44M","-4,89%"
"10.01.2020","133,900","132,850","134,000","130,300","1,42M","2,21%"
"09.01.2020","131,000","126,000","131,000","125,450","1,57M","4,22%"
"08.01.2020","125,700","124,000","126,950","122,000","1,19M","1,13%"
"07.01.2020","124,300","125,550","126,800","121,500","1,36M","-0,56%"
"06.01.2020","125,000","120,000","125,000","118,000","1,17M","3,14%"
"03.01.2020","121,200","123,000","123,000","118,150","946,34K","-1,54%"
"02.01.2020","123,100","121,650","124,450","121,650","891,06K","1,23%"
"30.12.2019","121,600","120,000","122,000","116,050","1,88M","0,33%"
"27.12.2019","121,200","126,000","128,100","119,300","1,42M","-3,50%"
"26.12.2019","125,600","119,000","128,800","119,000","2,22M","6,94%"
"23.12.2019","117,450","111,000","117,850","111,000","3,06M","7,06%"
"20.12.2019","109,700","109,200","110,500","107,950","2,12M","0,83%"
"19.12.2019","108,800","111,500","113,500","107,500","2,15M","-0,18%"
"18.12.2019","109,000","107,500","114,350","107,500","2,51M","1,68%"
"17.12.2019","107,200","109,000","111,750","104,550","1,88M","-1,24%"
"16.12.2019","108,550","109,100","112,650","108,000","1,26M","-0,05%"
"13.12.2019","108,600","104,000","109,800","102,750","1,90M","4,93%"
"12.12.2019","103,500","102,000","103,850","100,000","1,02M","1,97%"
"11.12.2019","101,500","100,000","101,950","97,650","1,11M","2,22%"
"10.12.2019","99,300","107,000","108,000","99,200","1,05M","-7,11%"
"09.12.2019","106,900","110,000","111,900","106,100","1,59M","-2,51%"
"06.12.2019","109,650","104,000","109,900","103,550","1,93M","4,93%"
"05.12.2019","104,500","102,000","104,800","100,000","1,48M","2,90%"
"04.12.2019","101,550","96,000","103,350","95,200","1,77M","6,67%"
"03.12.2019","95,200","96,100","96,200","93,000","777,12K","-1,14%"
"02.12.2019","96,300","100,000","101,300","95,700","843,41K","-3,60%"
"29.11.2019","99,900","99,750","101,000","98,000","645,31K","0,20%"
"28.11.2019","99,700","99,750","100,950","97,500","307,73K","-0,30%"
"27.11.2019","100,000","93,100","100,350","92,550","2,06M","9,89%"
"26.11.2019","91,000","95,500","95,500","90,750","897,68K","-3,81%"
"25.11.2019","94,600","95,000","97,250","93,700","730,95K","-0,11%"
"22.11.2019","94,700","94,000","98,300","93,350","1,11M","1,34%"
"21.11.2019","93,450","94,050","95,500","92,400","800,37K","-0,27%"
"20.11.2019","93,700","90,500","95,700","90,500","1,13M","3,71%"
"19.11.2019","90,350","89,800","90,450","85,500","1,02M","1,75%"
"15.11.2019","88,800","85,000","89,900","83,050","630,12K","4,23%"
"14.11.2019","85,200","89,000","91,300","83,700","959,71K","-3,95%"
"13.11.2019","88,700","93,100","94,000","87,700","968,17K","-5,39%"
"12.11.2019","93,750","97,100","98,900","92,050","821,62K","-2,90%"
"11.11.2019","96,550","97,000","99,500","94,650","770,92K","-0,97%"
"08.11.2019","97,500","100,600","100,600","96,500","811,26K","-2,60%"
"07.11.2019","100,100","96,600","100,750","95,050","1,10M","4,16%"
"06.11.2019","96,100","101,000","102,200","95,100","906,55K","-4,14%"
"05.11.2019","100,250","101,900","102,400","98,050","1,34M","-1,18%"
"04.11.2019","101,450","95,000","101,600","95,000","1,66M","8,04%"
"01.11.2019","93,900","92,500","95,700","92,500","902,95K","1,84%"
"31.10.2019","92,200","90,000","92,650","87,400","1,69M","2,90%"
"30.10.2019","89,600","86,950","89,950","83,700","1,90M","3,70%"
"29.10.2019","86,400","91,000","93,700","85,000","3,12M","-6,39%"
"28.10.2019","92,300","102,000","109,750","88,500","3,24M","-8,97%"
"25.10.2019","101,400","98,000","106,200","98,000","4,82M","4,00%"
"24.10.2019","97,500","96,000","99,400","94,650","2,33M","-0,51%"
"23.10.2019","98,000","98,300","101,250","94,400","3,04M","0,20%"
"22.10.2019","97,800","95,700","98,500","95,050","2,84M","2,14%"
"21.10.2019","95,750","93,050","96,100","92,000","2,08M","2,90%"
"18.10.2019","93,050","91,000","94,250","90,250","3,44M","1,47%"
"17.10.2019","91,700","89,000","92,200","88,450","2,74M","3,67%"
"16.10.2019","88,450","90,550","90,550","87,550","1,52M","-2,27%"
"15.10.2019","90,500","89,500","90,650","88,100","794,28K","0,28%"
"11.10.2019","90,250","92,000","92,000","90,000","1,14M","-0,06%"
"10.10.2019","90,300","87,000","91,100","86,500","1,50M","5,00%"
"09.10.2019","86,000","86,000","86,600","84,400","1,07M","1,18%"
"08.10.2019","85,000","87,500","87,500","83,750","1,26M","-3,19%"
"07.10.2019","87,800","90,300","91,900","87,600","1,14M","-2,23%"
"04.10.2019","89,800","85,550","90,000","85,550","1,66M","4,97%"
"03.10.2019","85,550","86,500","87,800","85,500","908,28K","-2,12%"
"02.10.2019","87,400","84,000","87,500","83,700","1,56M","3,68%"
"01.10.2019","84,300","83,000","84,700","82,250","1,61M","3,12%"
"30.09.2019","81,750","81,550","82,000","79,600","1,14M","-0,30%"
"27.09.2019","82,000","81,600","82,500","80,500","1,50M","3,73%"
"26.09.2019","79,050","79,500","82,300","78,000","1,65M","0,32%"
"25.09.2019","78,800","76,500","80,300","75,200","1,14M","2,60%"
"24.09.2019","76,800","79,850","79,850","75,450","1,60M","-4,00%"
"23.09.2019","80,000","80,000","81,500","78,500","1,25M","-2,14%"
"20.09.2019","81,750","84,000","84,500","80,800","801,70K","-1,62%"
"19.09.2019","83,100","82,000","84,150","79,000","990,83K","0,97%"
"18.09.2019","82,300","85,000","85,800","80,900","812,93K","-2,02%"
"17.09.2019","84,000","83,000","84,050","80,950","759,12K","1,88%"
"16.09.2019","82,450","80,650","86,300","80,650","1,62M","2,42%"
"13.09.2019","80,500","81,100","84,950","80,450","2,18M","-0,37%"
"12.09.2019","80,800","79,750","81,900","78,400","848,42K","1,32%"
"11.09.2019","79,750","79,000","80,100","77,000","1,05M","-0,06%"
"10.09.2019","79,800","76,500","79,900","75,900","1,38M","4,86%"
"09.09.2019","76,100","82,000","82,000","73,300","1,87M","-0,13%"
"06.09.2019","76,200","75,000","76,600","74,150","2,51M","5,69%"
"05.09.2019","72,100","69,700","72,700","68,100","2,98M","7,61%"
"04.09.2019","67,000","61,500","68,900","59,600","3,55M","13,37%"
"03.09.2019","59,100","69,000","69,000","58,500","3,07M","-17,80%"
"02.09.2019","71,900","69,000","74,500","68,000","776,63K","4,20%"
"30.08.2019","69,000","69,500","72,950","66,300","2,33M","-0,43%"
"29.08.2019","69,300","73,000","73,500","68,600","2,79M","-8,82%"
"28.08.2019","76,000","75,000","77,250","73,100","2,46M","4,25%"
"27.08.2019","72,900","74,000","76,000","72,700","2,61M","-5,32%"
"26.08.2019","77,000","79,850","81,500","76,750","1,14M","-3,75%"
"23.08.2019","80,000","87,000","87,100","80,000","2,09M","-7,57%"
"22.08.2019","86,550","87,500","88,200","85,850","1,72M","0,52%"
"21.08.2019","86,100","86,800","87,100","84,750","2,68M","2,20%"
"20.08.2019","84,250","90,950","90,950","83,800","5,11M","-16,25%"
"16.08.2019","100,600","106,000","108,000","99,500","2,77M","-1,76%"
"15.08.2019","102,400","103,500","108,500","100,000","6,36M","0,79%"
"14.08.2019","101,600","102,000","103,950","95,250","3,98M","0,30%"
"13.08.2019","101,300","106,000","106,000","95,050","5,50M","7,77%"
"12.08.2019","94,000","105,200","114,950","91,000","13,95M","-46,16%"
"09.08.2019","174,600","159,500","175,900","159,500","3,60M","10,02%"
"08.08.2019","158,700","160,550","162,300","157,500","1,09M","0,76%"
"07.08.2019","157,500","157,200","159,750","155,200","1,01M","-1,78%"
"06.08.2019","160,350","158,500","161,000","156,000","811,58K","2,92%"
"05.08.2019","155,800","156,350","158,700","153,800","651,96K","-0,99%"
"02.08.2019","157,350","156,100","159,000","152,600","1,06M","-1,01%"
"01.08.2019","158,950","162,050","164,800","156,600","699,95K","-1,88%"
"31.07.2019","162,000","162,100","166,250","161,250","794,72K","-1,82%"
"30.07.2019","165,000","168,000","168,600","164,650","693,08K","-0,96%"
"29.07.2019","166,600","163,000","170,150","160,150","1,39M","2,84%"
"26.07.2019","162,000","152,050","165,000","152,050","1,92M","9,57%"
"25.07.2019","147,850","148,000","149,000","146,100","955,84K","1,34%"
"24.07.2019","145,900","144,600","147,450","144,000","421,04K","0,79%"
"23.07.2019","144,750","142,000","144,800","140,000","706,28K","1,58%"
"22.07.2019","142,500","148,000","148,000","141,750","817,66K","-4,04%"
"19.07.2019","148,500","149,100","151,000","147,600","633,75K","-1,23%"
"18.07.2019","150,350","152,900","154,400","146,050","1,47M","-1,35%"
"17.07.2019","152,400","154,800","156,500","152,400","991,93K","-0,97%"
"16.07.2019","153,900","153,000","156,500","152,700","1,01M","1,42%"
"15.07.2019","151,750","157,000","158,650","151,350","998,63K","-3,83%"
"12.07.2019","157,800","160,000","160,500","157,800","1,40M","-0,35%"
"11.07.2019","158,350","159,950","162,500","157,400","1,90M","-0,53%"
"10.07.2019","159,200","157,250","160,200","156,800","1,91M","4,33%"
"05.07.2019","152,600","151,000","154,200","151,000","768,90K","0,46%"
"04.07.2019","151,900","151,000","152,250","150,800","172,17K","0,60%"
"03.07.2019","151,000","155,200","156,250","150,750","562,95K","-2,33%"
"02.07.2019","154,600","150,900","156,000","150,350","1,25M","2,86%"
"01.07.2019","150,300","152,000","153,500","149,500","1,49M","-0,86%"
"28.06.2019","151,600","147,000","152,000","147,000","1,16M","3,91%"
"27.06.2019","145,900","144,000","147,500","143,500","1,44M","1,39%"
"26.06.2019","143,900","147,300","148,750","141,350","1,72M","-2,74%"
"25.06.2019","147,950","146,000","148,150","144,750","2,10M","1,61%"
"24.06.2019","145,600","146,000","147,300","143,300","1,56M","-0,61%"
"21.06.2019","146,500","144,100","147,800","144,100","2,35M","2,99%"
"19.06.2019","142,250","146,200","146,600","139,950","2,82M","-2,70%"
"18.06.2019","146,200","146,000","149,750","145,300","1,18M","0,27%"
"14.06.2019","145,800","147,000","150,000","145,200","1,92M","-1,69%"
"13.06.2019","148,300","146,200","149,800","143,100","3,02M","1,09%"
"12.06.2019","146,700","141,700","147,400","141,700","6,11M","9,31%"
"11.06.2019","134,200","132,050","134,500","128,700","4,29M","4,84%"
"10.06.2019","128,000","123,500","128,000","123,500","1,63M","3,98%"
"07.06.2019","123,100","124,600","125,700","121,800","1,02M","-0,57%"
"06.06.2019","123,800","121,000","124,100","120,200","1,53M","2,27%"
"05.06.2019","121,050","119,500","122,300","118,500","1,46M","2,24%"
"04.06.2019","118,400","114,000","118,500","113,100","1,62M","5,34%"
"03.06.2019","112,400","114,000","116,250","109,000","1,03M","-2,18%"
"31.05.2019","114,900","115,950","119,000","113,700","1,44M","-0,69%"
"30.05.2019","115,700","116,050","118,800","114,000","1,03M","1,49%"
"29.05.2019","114,000","110,900","114,850","109,500","1,04M","-0,87%"
"28.05.2019","115,000","119,000","121,850","113,250","1,67M","-4,09%"
"27.05.2019","119,900","122,000","122,000","119,350","170,62K","-0,08%"
"24.05.2019","120,000","118,000","120,300","116,500","865,83K","1,82%"
"23.05.2019","117,850","117,000","119,100","115,350","543,72K","0,04%"
"22.05.2019","117,800","117,850","118,600","116,200","720,06K","0,26%"
"21.05.2019","117,500","116,350","118,300","115,800","1,66M","4,91%"
"20.05.2019","112,000","109,900","113,250","106,500","1,00M","0,67%"
"17.05.2019","111,250","115,050","117,350","110,450","802,57K","-3,26%"
"16.05.2019","115,000","112,050","117,000","112,000","1,29M","2,68%"
"15.05.2019","112,000","111,000","112,700","108,100","673,58K","2,28%"
"14.05.2019","109,500","109,250","112,100","108,100","689,53K","2,10%"
"13.05.2019","107,250","109,550","109,550","105,000","731,42K","-4,20%"
"10.05.2019","111,950","115,750","117,500","108,100","1,59M","-1,71%"
"09.05.2019","113,900","110,800","115,000","109,850","812,51K","2,20%"
"08.05.2019","111,450","106,700","112,400","106,700","1,00M","5,59%"
"07.05.2019","105,550","107,750","107,750","104,200","749,46K","-3,25%"
"06.05.2019","109,100","107,000","110,750","106,900","1,24M","-0,37%"
"03.05.2019","109,500","106,500","109,850","106,500","1,99M","5,14%"
"02.05.2019","104,150","101,100","104,150","99,000","963,52K","7,37%"
"30.04.2019","97,000","94,850","98,000","93,250","754,76K","2,11%"
"29.04.2019","95,000","96,800","97,900","94,000","906,85K","-2,56%"
"26.04.2019","97,500","98,500","98,500","93,100","1,15M","2,36%"
"25.04.2019","95,250","91,900","99,900","91,000","3,66M","-1,60%"
"24.04.2019","96,800","101,000","102,500","95,500","2,79M","-6,83%"
"23.04.2019","103,900","105,000","107,500","103,200","1,59M","-0,10%"
"22.04.2019","104,000","105,000","106,500","103,500","1,56M","-6,05%"
"17.04.2019","110,700","109,850","112,900","109,000","2,45M","-0,09%"
"16.04.2019","110,800","113,900","114,400","110,500","2,04M","-0,36%"
"15.04.2019","111,200","107,300","111,300","107,250","1,23M","2,92%"
"12.04.2019","108,050","106,000","109,300","105,550","1,12M","2,32%"
"11.04.2019","105,600","108,000","108,000","104,000","1,12M","-3,07%"
"10.04.2019","108,950","105,800","110,100","105,800","1,27M","3,56%"
"09.04.2019","105,200","110,800","110,800","102,500","1,14M","-5,10%"
"08.04.2019","110,850","110,150","111,600","109,050","707,20K","1,14%"
"05.04.2019","109,600","107,050","111,400","107,050","775,12K","2,33%"
"04.04.2019","107,100","105,050","107,800","104,400","459,77K","2,88%"
"03.04.2019","104,100","106,500","107,500","103,500","755,03K","-4,41%"
"01.04.2019","108,900","112,300","112,300","108,150","359,08K","-1,63%"
"29.03.2019","110,700","110,250","112,000","108,550","694,27K","1,65%"
"28.03.2019","108,900","107,000","109,300","105,000","605,49K","2,25%"
"27.03.2019","106,500","104,500","107,200","102,600","1,50M","-1,84%"
"26.03.2019","108,500","115,500","116,300","105,650","1,65M","-3,94%"
"25.03.2019","112,950","108,500","114,700","108,300","1,86M","4,29%"
"22.03.2019","108,300","113,750","114,500","108,200","1,63M","-6,15%"
"21.03.2019","115,400","117,900","119,700","114,050","859,39K","-2,12%"
"20.03.2019","117,900","118,500","120,000","115,000","1,55M","1,03%"
"19.03.2019","116,700","121,000","122,500","116,000","1,60M","-0,85%"
"18.03.2019","117,700","115,600","118,200","114,000","940,14K","4,07%"
"15.03.2019","113,100","112,800","116,000","112,000","1,54M","1,34%"
"14.03.2019","111,600","114,000","114,250","109,400","973,96K","-1,67%"
"13.03.2019","113,500","113,500","115,400","112,750","964,47K","1,52%"
"12.03.2019","111,800","116,000","117,300","111,050","1,87M","-1,58%"
"11.03.2019","113,600","113,900","114,400","111,500","1,47M","2,71%"
"08.03.2019","110,600","109,100","115,000","108,050","1,98M","1,19%"
"07.03.2019","109,300","110,000","113,500","104,600","3,39M","0,55%"
"06.03.2019","108,700","113,900","115,500","108,300","2,38M","-7,33%"
"01.03.2019","117,300","122,000","123,500","115,900","2,01M","-3,38%"
"28.02.2019","121,400","124,950","125,000","118,450","2,01M","-2,53%"
"27.02.2019","124,550","129,900","130,000","123,500","1,53M","-4,19%"
"26.02.2019","130,000","131,500","131,500","127,100","665,18K","-1,25%"
"25.02.2019","131,650","133,000","134,950","130,500","651,23K","-0,23%"
"22.02.2019","131,950","128,700","132,350","128,700","819,51K","2,68%"
"21.02.2019","128,500","131,500","131,950","127,450","665,18K","-2,21%"
"20.02.2019","131,400","130,000","136,450","129,000","2,30M","1,94%"
"19.02.2019","128,900","134,000","134,900","128,400","1,69M","-3,81%"
"18.02.2019","134,000","134,000","134,800","133,300","247,99K","-0,81%"
"15.02.2019","135,100","136,150","137,000","134,150","1,22M","-0,88%"
"14.02.2019","136,300","135,950","137,100","133,900","1,00M","0,78%"
"13.02.2019","135,250","140,900","141,000","134,550","1,29M","-3,60%"
"12.02.2019","140,300","138,800","141,800","138,200","1,01M","1,30%"
"11.02.2019","138,500","136,250","138,800","135,000","715,90K","1,84%"
"08.02.2019","136,000","130,950","136,500","130,950","812,44K","3,66%"
"07.02.2019","131,200","134,500","135,000","130,000","1,28M","-2,78%"
"06.02.2019","134,950","139,900","139,950","134,500","1,51M","-2,91%"
"05.02.2019","139,000","138,000","140,200","137,100","1,31M","1,05%"
"04.02.2019","137,550","134,150","138,400","132,700","1,07M","2,65%"
"01.02.2019","134,000","136,000","136,800","133,100","973,32K","-1,11%"
"31.01.2019","135,500","133,000","135,800","132,500","1,29M","1,92%"
"30.01.2019","132,950","131,050","132,950","129,100","603,98K","1,57%"
"29.01.2019","130,900","130,000","131,950","127,000","790,74K","-0,08%"
"28.01.2019","131,000","126,800","131,100","124,000","1,05M","3,07%"
"25.01.2019","127,100","125,600","129,500","125,600","807,72K","1,92%"
"24.01.2019","124,700","127,800","131,000","123,900","1,38M","-2,35%"
"23.01.2019","127,700","122,000","128,100","122,000","1,97M","5,02%"
"22.01.2019","121,600","125,450","125,450","120,100","777,83K","-3,11%"
"21.01.2019","125,500","126,000","126,000","124,550","203,41K","-0,40%"
"18.01.2019","126,000","120,200","126,900","120,200","1,59M","5,48%"
"17.01.2019","119,450","120,500","120,500","117,200","513,67K","0,00%"
"16.01.2019","119,450","117,100","122,550","117,100","750,07K","1,36%"
"15.01.2019","117,850","119,000","121,500","117,000","499,70K","-0,55%"
"14.01.2019","118,500","120,500","121,900","117,500","886,49K","-1,41%"
"11.01.2019","120,200","123,500","124,250","119,000","704,16K","-3,06%"
"10.01.2019","124,000","120,500","124,000","119,050","1,58M","2,27%"
"09.01.2019","121,250","117,000","127,000","117,000","2,72M","4,08%"
"08.01.2019","116,500","118,000","119,000","113,000","1,08M","-1,27%"
"07.01.2019","118,000","114,000","121,000","113,750","1,82M","3,51%"
"04.01.2019","114,000","108,400","114,650","108,400","1,90M","5,56%"
"03.01.2019","108,000","107,000","108,100","103,950","830,39K","1,03%"
"02.01.2019","106,900","104,000","107,700","101,050","905,54K","4,29%"