"Fecha","Último","Apertura","Máximo","Mínimo","Vol.","% var."
"30.06.2025","2.805,000","2.930,000","2.990,000","2.750,000","266,33K","-3,77%"
"27.06.2025","2.915,000","2.950,000","2.950,000","2.800,000","247,73K","0,17%"
"26.06.2025","2.910,000","2.990,000","3.050,000","2.880,000","110,68K","-2,35%"
"25.06.2025","2.980,000","3.020,000","3.070,000","2.920,000","130,00K","-1,49%"
"24.06.2025","3.025,000","2.880,000","3.060,000","2.855,000","229,71K","6,14%"
"23.06.2025","2.850,000","2.995,000","2.995,000","2.800,000","159,54K","-5,32%"
"19.06.2025","3.010,000","3.010,000","3.060,000","2.950,000","63,63K","0,00%"
"18.06.2025","3.010,000","3.000,000","3.080,000","2.935,000","129,22K","0,00%"
"17.06.2025","3.010,000","3.095,000","3.150,000","2.940,000","337,93K","-2,75%"
"13.06.2025","3.095,000","3.280,000","3.280,000","3.060,000","110,65K","-4,33%"
"12.06.2025","3.235,000","3.270,000","3.340,000","3.215,000","198,56K","-0,92%"
"11.06.2025","3.265,000","3.400,000","3.400,000","3.200,000","173,13K","-2,39%"
"10.06.2025","3.345,000","3.235,000","3.390,000","3.175,000","331,36K","5,85%"
"09.06.2025","3.160,000","3.250,000","3.375,000","3.110,000","116,44K","-2,62%"
"06.06.2025","3.245,000","3.280,000","3.280,000","3.155,000","172,06K","0,62%"
"05.06.2025","3.225,000","3.450,000","3.450,000","3.200,000","179,82K","-5,01%"
"04.06.2025","3.395,000","3.490,000","3.500,000","3.315,000","149,68K","-3,00%"
"03.06.2025","3.500,000","3.420,000","3.505,000","3.355,000","218,24K","3,09%"
"02.06.2025","3.395,000","3.505,000","3.505,000","3.340,000","88,35K","-3,14%"
"30.05.2025","3.505,000","3.530,000","3.550,000","3.380,000","273,23K","-1,27%"
"29.05.2025","3.550,000","3.600,000","3.650,000","3.505,000","197,55K","-0,70%"
"28.05.2025","3.575,000","3.505,000","3.615,000","3.310,000","167,17K","1,56%"
"27.05.2025","3.520,000","3.590,000","3.605,000","3.510,000","145,49K","-0,85%"
"26.05.2025","3.550,000","3.525,000","3.580,000","3.510,000","103,48K","1,43%"
"23.05.2025","3.500,000","3.580,000","3.580,000","3.470,000","131,89K","-1,55%"
"22.05.2025","3.555,000","3.590,000","3.620,000","3.420,000","180,33K","2,30%"
"21.05.2025","3.475,000","3.580,000","3.650,000","3.380,000","338,28K","-2,52%"
"20.05.2025","3.565,000","3.630,000","3.650,000","3.450,000","337,19K","-1,11%"
"19.05.2025","3.605,000","3.700,000","3.705,000","3.575,000","398,56K","0,56%"
"16.05.2025","3.585,000","3.750,000","3.785,000","3.555,000","465,04K","-2,58%"
"15.05.2025","3.680,000","3.390,000","3.820,000","3.250,000","735,73K","5,75%"
"14.05.2025","3.480,000","3.450,000","3.630,000","3.305,000","530,10K","1,16%"
"13.05.2025","3.440,206","3.382,200","3.471,440","3.257,264","457,03K","3,91%"
"12.05.2025","3.310,808","3.069,859","3.324,194","3.034,163","346,77K","10,25%"
"09.05.2025","3.002,929","2.949,385","3.078,783","2.869,069","259,68K","2,44%"
"08.05.2025","2.931,537","2.833,373","2.989,543","2.824,449","241,73K","3,79%"
"07.05.2025","2.824,449","2.695,051","2.886,917","2.695,051","427,12K","-6,78%"
"06.05.2025","3.030,000","2.975,000","3.095,000","2.970,000","193,17K","1,00%"
"05.05.2025","3.000,000","3.060,000","3.090,000","2.960,000","271,60K","-2,44%"
"30.04.2025","3.075,000","3.100,000","3.160,000","3.035,000","197,98K","-2,54%"
"29.04.2025","3.155,000","3.115,000","3.270,000","3.015,000","285,73K","-0,94%"
"28.04.2025","3.185,000","3.245,000","3.290,000","3.140,000","92,47K","-1,85%"
"25.04.2025","3.245,000","3.390,000","3.390,000","3.190,000","263,98K","-2,70%"
"24.04.2025","3.335,000","3.420,000","3.600,000","3.265,000","263,95K","-2,06%"
"23.04.2025","3.405,000","3.280,000","3.550,000","3.280,000","440,88K","5,42%"
"22.04.2025","3.230,000","3.030,000","3.260,000","3.030,000","255,72K","8,03%"
"21.04.2025","2.990,000","3.055,000","3.090,000","2.800,000","402,46K","-2,13%"
"16.04.2025","3.055,000","3.230,000","3.290,000","3.020,000","270,77K","-4,08%"
"15.04.2025","3.185,000","3.260,000","3.270,000","3.005,000","320,93K","-0,31%"
"14.04.2025","3.195,000","3.085,000","3.260,000","3.000,000","358,69K","10,55%"
"11.04.2025","2.890,000","2.850,000","2.960,000","2.780,000","555,64K","5,47%"
"10.04.2025","2.740,000","2.730,000","2.900,000","2.560,000","322,12K","0,37%"
"09.04.2025","2.730,000","2.540,000","2.800,000","2.300,000","711,81K","8,55%"
"08.04.2025","2.515,000","2.920,000","3.025,000","2.475,000","729,83K","-12,06%"
"07.04.2025","2.860,000","3.000,000","3.070,000","2.850,000","366,65K","-7,14%"
"04.04.2025","3.080,000","3.160,000","3.185,000","2.855,000","599,12K","-5,95%"
"03.04.2025","3.275,000","3.300,000","3.345,000","3.205,000","191,52K","-3,82%"
"01.04.2025","3.405,000","3.525,000","3.525,000","3.355,000","194,53K","-1,16%"
"31.03.2025","3.445,000","3.485,000","3.505,000","3.320,000","227,53K","-1,71%"
"28.03.2025","3.505,000","3.590,000","3.590,000","3.440,000","153,84K","-2,50%"
"27.03.2025","3.595,000","3.600,000","3.675,000","3.500,000","490,45K","0,70%"
"26.03.2025","3.570,000","3.685,000","3.700,000","3.555,000","236,15K","-3,25%"
"25.03.2025","3.690,000","3.705,000","3.745,000","3.660,000","580,84K","0,00%"
"21.03.2025","3.690,000","3.670,000","3.715,000","3.560,000","241,48K","0,54%"
"20.03.2025","3.670,000","3.800,000","3.830,000","3.600,000","206,42K","-1,61%"
"19.03.2025","3.730,000","3.450,000","3.860,000","3.380,000","281,03K","6,27%"
"18.03.2025","3.510,000","3.665,000","3.665,000","3.430,000","319,72K","-4,49%"
"17.03.2025","3.675,000","3.635,000","3.710,000","3.590,000","112,81K","1,10%"
"14.03.2025","3.635,000","3.550,000","3.660,000","3.520,000","198,59K","3,56%"
"13.03.2025","3.510,000","3.590,000","3.600,000","3.410,000","138,22K","-0,14%"
"12.03.2025","3.515,000","3.310,000","3.550,000","3.245,000","406,38K","7,33%"
"11.03.2025","3.275,000","3.350,000","3.430,000","3.200,000","377,12K","-1,65%"
"10.03.2025","3.330,000","3.515,000","3.515,000","3.130,000","319,85K","-5,53%"
"07.03.2025","3.525,000","3.485,000","3.600,000","3.370,000","178,54K","2,03%"
"06.03.2025","3.455,000","3.530,000","3.550,000","3.380,000","173,37K","-1,29%"
"05.03.2025","3.500,000","3.390,000","3.520,000","3.330,000","254,10K","3,24%"
"28.02.2025","3.390,000","3.500,000","3.540,000","3.210,000","305,53K","-0,73%"
"27.02.2025","3.415,000","3.590,000","3.620,000","3.360,000","201,26K","-5,01%"
"26.02.2025","3.595,000","3.720,000","3.745,000","3.560,000","159,91K","-2,31%"
"25.02.2025","3.680,000","3.820,000","3.820,000","3.530,000","224,38K","-2,65%"
"24.02.2025","3.780,000","3.850,000","3.850,000","3.725,000","122,58K","0,27%"
"21.02.2025","3.770,000","3.805,000","3.835,000","3.715,000","138,50K","0,67%"
"20.02.2025","3.745,000","3.670,000","3.800,000","3.635,000","155,69K","0,67%"
"19.02.2025","3.720,000","3.805,000","3.805,000","3.655,000","294,75K","-0,13%"
"18.02.2025","3.725,000","3.520,000","3.785,000","3.460,000","340,14K","5,82%"
"17.02.2025","3.520,000","3.570,000","3.605,000","3.400,000","462,98K","-4,74%"
"14.02.2025","3.695,000","3.690,000","3.800,000","3.540,000","453,00K","1,37%"
"13.02.2025","3.645,000","3.430,000","3.700,000","3.390,000","280,81K","8,16%"
"12.02.2025","3.370,000","3.290,000","3.500,000","3.210,000","513,01K","1,51%"
"11.02.2025","3.320,000","3.465,000","3.465,000","3.150,000","894,39K","-3,35%"
"10.02.2025","3.435,000","3.515,000","3.570,000","3.395,000","224,59K","-1,58%"
"07.02.2025","3.490,000","3.695,000","3.770,000","3.405,000","321,74K","-5,29%"
"06.02.2025","3.685,000","3.745,000","3.865,000","3.650,000","142,88K","-1,60%"
"05.02.2025","3.745,000","3.800,000","3.800,000","3.690,000","84,42K","-1,32%"
"04.02.2025","3.795,000","3.800,000","3.900,000","3.750,000","91,77K","1,47%"
"03.02.2025","3.740,000","3.750,000","3.825,000","3.610,000","175,10K","-4,47%"
"31.01.2025","3.915,000","4.050,000","4.190,000","3.900,000","115,53K","-1,88%"
"30.01.2025","3.990,000","3.855,000","4.000,000","3.800,000","331,32K","5,28%"
"29.01.2025","3.790,000","3.630,000","3.800,000","3.570,000","181,14K","4,99%"
"28.01.2025","3.610,000","3.640,000","3.760,000","3.510,000","221,56K","-0,82%"
"27.01.2025","3.640,000","3.880,000","3.880,000","3.610,000","350,95K","-5,82%"
"24.01.2025","3.865,000","3.860,000","3.910,000","3.565,000","217,31K","0,26%"
"23.01.2025","3.855,000","3.950,000","3.980,000","3.810,000","169,54K","-1,78%"
"22.01.2025","3.925,000","3.865,000","3.945,000","3.750,000","362,14K","1,55%"
"21.01.2025","3.865,000","3.810,000","3.895,000","3.740,000","282,32K","1,84%"
"20.01.2025","3.795,000","3.800,000","3.845,000","3.720,000","560,64K","1,07%"
"17.01.2025","3.755,000","4.040,000","4.175,000","3.720,000","442,62K","-8,30%"
"16.01.2025","4.095,000","4.150,000","4.155,000","4.000,000","218,10K","-1,44%"
"15.01.2025","4.155,000","4.150,000","4.240,000","3.950,000","330,07K","1,71%"
"14.01.2025","4.085,000","3.965,000","4.170,000","3.910,000","273,11K","3,16%"
"13.01.2025","3.960,000","4.110,000","4.125,000","3.880,000","354,69K","-3,30%"
"10.01.2025","4.095,000","4.380,000","4.380,000","4.025,000","594,77K","-5,10%"
"09.01.2025","4.315,000","4.395,000","4.455,000","4.265,000","295,69K","-1,37%"
"08.01.2025","4.375,000","4.540,000","4.540,000","4.300,000","382,11K","-2,56%"
"07.01.2025","4.490,000","4.490,000","4.520,000","4.400,000","410,76K","0,90%"
"06.01.2025","4.450,000","4.430,000","4.500,000","4.310,000","313,78K","1,37%"
"03.01.2025","4.390,000","4.210,000","4.420,000","4.110,000","515,87K","4,52%"
"02.01.2025","4.200,000","3.950,000","4.240,000","3.940,000","385,49K","6,33%"
"31.12.2024","3.950,000","4.115,000","4.115,000","3.940,000","284,59K","0,00%"
"30.12.2024","3.950,000","4.115,000","4.115,000","3.940,000","284,59K","-4,24%"
"27.12.2024","4.125,000","4.200,000","4.220,000","3.970,000","273,32K","-2,37%"
"26.12.2024","4.225,000","4.250,000","4.285,000","4.170,000","310,27K","0,60%"
"24.12.2024","4.200,000","4.125,000","4.210,000","4.125,000","115,98K","0,84%"
"23.12.2024","4.165,000","4.145,000","4.280,000","4.100,000","196,06K","1,34%"
"20.12.2024","4.110,000","4.095,000","4.160,000","3.905,000","272,23K","0,24%"
"19.12.2024","4.100,000","4.175,000","4.275,000","3.990,000","423,48K","-1,80%"
"18.12.2024","4.175,000","4.455,000","4.455,000","4.140,000","613,28K","-4,46%"
"17.12.2024","4.370,000","4.200,000","4.385,000","4.135,000","703,03K","4,67%"
"16.12.2024","4.175,000","4.100,000","4.220,000","4.095,000","790,02K","3,09%"
"13.12.2024","4.050,000","3.970,000","4.075,000","3.925,000","619,94K","2,40%"
"12.12.2024","3.955,000","4.060,000","4.100,000","3.950,000","560,48K","-2,10%"
"11.12.2024","4.040,000","3.950,000","4.050,000","3.890,000","1,39M","2,15%"
"10.12.2024","3.955,000","3.920,000","3.965,000","3.850,000","1,39M","1,15%"
"09.12.2024","3.910,000","3.895,000","3.940,000","3.830,000","331,26K","0,00%"
"06.12.2024","3.910,000","3.870,000","3.920,000","3.710,000","306,10K","0,77%"
"05.12.2024","3.880,000","3.900,000","3.995,000","3.800,000","438,86K","-2,02%"
"04.12.2024","3.960,000","4.170,000","4.200,000","3.880,000","303,83K","-4,69%"
"03.12.2024","4.155,000","4.190,000","4.300,000","4.110,000","432,84K","0,36%"
"02.12.2024","4.140,000","4.160,000","4.280,000","4.130,000","685,00K","-0,36%"
"29.11.2024","4.155,000","4.210,000","4.210,000","4.095,000","308,96K","0,12%"
"28.11.2024","4.150,000","4.105,000","4.160,000","4.050,000","272,78K","1,10%"
"27.11.2024","4.105,000","4.180,000","4.220,000","4.010,000","400,62K","-1,08%"
"26.11.2024","4.150,000","4.260,000","4.330,000","4.135,000","704,78K","-1,66%"
"25.11.2024","4.220,000","4.175,000","4.325,000","4.110,000","636,58K","2,93%"
"22.11.2024","4.100,000","4.090,000","4.190,000","3.965,000","462,96K","1,36%"
"21.11.2024","4.045,000","3.835,000","4.130,000","3.825,000","568,32K","5,89%"
"20.11.2024","3.820,000","3.825,000","3.890,000","3.700,000","293,31K","-0,39%"
"19.11.2024","3.835,000","3.820,000","3.915,000","3.785,000","499,81K","4,64%"
"15.11.2024","3.665,000","3.720,000","3.875,000","3.660,000","478,78K","-1,74%"
"14.11.2024","3.730,000","3.560,000","3.760,000","3.560,000","396,25K","4,78%"
"13.11.2024","3.560,000","3.505,000","3.590,000","3.500,000","329,31K","2,15%"
"12.11.2024","3.485,000","3.380,000","3.500,000","3.360,000","267,16K","2,80%"
"11.11.2024","3.390,000","3.290,000","3.445,000","3.255,000","175,66K","0,89%"
"08.11.2024","3.360,000","3.570,000","3.570,000","3.280,000","395,67K","-3,86%"
"07.11.2024","3.495,000","3.370,000","3.530,000","3.340,000","242,06K","3,10%"
"06.11.2024","3.390,000","3.500,000","3.650,000","3.350,000","256,97K","-2,31%"
"05.11.2024","3.470,000","3.375,000","3.495,000","3.370,000","417,17K","2,81%"
"04.11.2024","3.375,000","3.200,000","3.385,000","3.200,000","310,07K","3,05%"
"01.11.2024","3.275,000","3.280,000","3.350,000","3.235,000","208,12K","1,24%"
"31.10.2024","3.235,000","3.360,000","3.360,000","3.205,000","184,82K","-1,67%"
"30.10.2024","3.290,000","3.300,000","3.350,000","3.235,000","213,62K","0,30%"
"29.10.2024","3.280,000","3.010,000","3.325,000","2.975,000","1,08M","8,61%"
"28.10.2024","3.020,000","3.005,000","3.060,000","2.935,000","321,74K","0,50%"
"25.10.2024","3.005,000","3.030,000","3.080,000","2.970,000","309,88K","-0,66%"
"24.10.2024","3.025,000","2.990,000","3.055,000","2.960,000","173,04K","1,17%"
"23.10.2024","2.990,000","3.000,000","3.030,000","2.915,000","75,27K","-0,66%"
"22.10.2024","3.010,000","3.080,000","3.090,000","3.000,000","111,95K","-2,27%"
"21.10.2024","3.080,000","3.130,000","3.130,000","3.035,000","152,03K","0,00%"
"18.10.2024","3.080,000","3.060,000","3.090,000","3.010,000","312,27K","1,15%"
"17.10.2024","3.045,000","3.020,000","3.065,000","3.015,000","133,41K","1,84%"
"16.10.2024","2.990,000","3.070,000","3.140,000","2.970,000","121,55K","-3,70%"
"15.10.2024","3.105,000","3.080,000","3.105,000","3.030,000","254,87K","0,81%"
"14.10.2024","3.080,000","3.065,000","3.145,000","3.005,000","114,52K","0,49%"
"10.10.2024","3.065,000","3.130,000","3.150,000","3.055,000","182,09K","-1,29%"
"09.10.2024","3.105,000","3.080,000","3.190,000","3.065,000","334,42K","0,81%"
"08.10.2024","3.080,000","3.070,000","3.095,000","3.025,000","124,00K","0,00%"
"07.10.2024","3.080,000","3.120,000","3.120,000","3.020,000","117,99K","-1,28%"
"04.10.2024","3.120,000","3.180,000","3.180,000","3.110,000","178,01K","-0,95%"
"03.10.2024","3.150,000","3.075,000","3.170,000","3.040,000","166,23K","2,77%"
"02.10.2024","3.065,000","3.235,000","3.235,000","3.065,000","184,68K","-3,16%"
"01.10.2024","3.165,000","3.180,000","3.210,000","3.095,000","270,72K","-0,47%"
"30.09.2024","3.180,000","3.295,000","3.340,000","3.090,000","193,46K","-6,88%"
"27.09.2024","3.415,000","3.350,000","3.430,000","3.315,000","316,48K","1,49%"
"26.09.2024","3.365,000","3.340,000","3.420,000","3.310,000","332,07K","0,15%"
"25.09.2024","3.360,000","3.315,000","3.440,000","3.255,000","671,38K","1,05%"
"24.09.2024","3.325,000","3.205,000","3.335,000","3.205,000","352,63K","4,72%"
"23.09.2024","3.175,000","3.200,000","3.230,000","3.085,000","190,30K","-0,78%"
"20.09.2024","3.200,000","3.330,000","3.330,000","3.180,000","165,60K","-3,18%"
"19.09.2024","3.305,000","3.280,000","3.325,000","3.230,000","130,29K","2,16%"
"18.09.2024","3.235,000","3.260,000","3.300,000","3.200,000","82,58K","-0,92%"
"17.09.2024","3.265,000","3.235,000","3.305,000","3.200,000","166,92K","0,77%"
"16.09.2024","3.240,000","3.280,000","3.335,000","3.220,000","211,25K","-0,61%"
"13.09.2024","3.260,000","3.300,000","3.310,000","3.225,000","206,99K","-0,76%"
"12.09.2024","3.285,000","3.370,000","3.370,000","3.270,000","217,71K","-1,20%"
"11.09.2024","3.325,000","3.170,000","3.350,000","3.145,000","298,96K","5,22%"
"10.09.2024","3.160,000","3.155,000","3.160,000","3.010,000","274,47K","0,96%"
"09.09.2024","3.130,000","3.110,000","3.185,000","3.110,000","104,33K","0,48%"
"06.09.2024","3.115,000","3.200,000","3.245,000","3.040,000","138,73K","-1,89%"
"05.09.2024","3.175,000","3.200,000","3.295,000","3.175,000","218,42K","-0,78%"
"04.09.2024","3.200,000","3.215,000","3.260,000","3.135,000","346,26K","1,75%"
"03.09.2024","3.145,000","3.070,000","3.225,000","3.020,000","407,81K","2,28%"
"02.09.2024","3.075,000","3.055,000","3.090,000","3.015,000","215,25K","1,82%"
"30.08.2024","3.020,000","2.980,000","3.100,000","2.980,000","311,78K","2,90%"
"29.08.2024","2.935,000","2.925,000","2.970,000","2.895,000","159,83K","1,56%"
"28.08.2024","2.890,000","2.915,000","2.915,000","2.865,000","174,60K","-0,69%"
"27.08.2024","2.910,000","2.885,000","2.925,000","2.840,000","83,12K","1,39%"
"26.08.2024","2.870,000","2.920,000","2.920,000","2.810,000","205,79K","-0,17%"
"23.08.2024","2.875,000","2.940,000","2.960,000","2.870,000","154,11K","-0,86%"
"22.08.2024","2.900,000","2.800,000","2.900,000","2.755,000","254,65K","1,22%"
"21.08.2024","2.865,000","2.960,000","2.960,000","2.850,000","115,31K","-3,05%"
"20.08.2024","2.955,000","2.975,000","3.015,000","2.920,000","167,39K","-0,67%"
"19.08.2024","2.975,000","3.020,000","3.030,000","2.945,000","320,61K","-0,50%"
"16.08.2024","2.990,000","2.920,000","3.005,000","2.900,000","306,57K","2,57%"
"15.08.2024","2.915,000","2.890,000","2.985,000","2.890,000","216,16K","1,04%"
"14.08.2024","2.885,000","2.965,000","2.975,000","2.880,000","211,60K","-0,69%"
"13.08.2024","2.905,000","2.985,000","2.990,000","2.875,000","335,01K","-0,85%"
"12.08.2024","2.930,000","2.990,000","3.025,000","2.900,000","145,15K","-0,34%"
"09.08.2024","2.940,000","2.890,000","2.960,000","2.845,000","107,20K","1,73%"
"08.08.2024","2.890,000","2.850,000","2.945,000","2.850,000","193,05K","2,12%"
"07.08.2024","2.830,000","2.910,000","2.980,000","2.815,000","133,46K","-2,41%"
"06.08.2024","2.900,000","2.880,000","2.900,000","2.805,000","118,52K","4,32%"
"05.08.2024","2.780,000","2.505,000","2.790,000","2.505,000","270,05K","-0,54%"
"02.08.2024","2.795,000","2.765,000","2.855,000","2.700,000","138,68K","-1,06%"
"01.08.2024","2.825,000","2.810,000","2.925,000","2.705,000","128,20K","0,00%"
"31.07.2024","2.825,000","2.835,000","2.835,000","2.680,000","221,79K","6,00%"
"30.07.2024","2.665,000","2.850,000","2.850,000","2.665,000","319,26K","-5,16%"
"29.07.2024","2.810,000","2.930,000","2.930,000","2.750,000","208,72K","-4,26%"
"26.07.2024","2.935,000","3.015,000","3.035,000","2.900,000","247,19K","-2,98%"
"25.07.2024","3.025,000","3.140,000","3.140,000","2.960,000","252,14K","-3,04%"
"24.07.2024","3.120,000","3.190,000","3.260,000","3.060,000","177,34K","-1,89%"
"23.07.2024","3.180,000","3.200,000","3.210,000","3.155,000","164,70K","-0,31%"
"22.07.2024","3.190,000","3.175,000","3.225,000","3.140,000","85,42K","0,79%"
"19.07.2024","3.165,000","3.195,000","3.260,000","3.160,000","89,19K","-0,94%"
"18.07.2024","3.195,000","3.230,000","3.230,000","3.170,000","93,41K","1,43%"
"17.07.2024","3.150,000","3.195,000","3.230,000","3.000,000","137,74K","0,64%"
"16.07.2024","3.130,000","3.010,000","3.145,000","2.810,000","284,03K","3,99%"
"15.07.2024","3.010,000","3.350,000","3.430,000","2.950,000","211,45K","-12,63%"
"12.07.2024","3.445,000","3.365,000","3.450,000","3.260,000","187,21K","2,38%"
"11.07.2024","3.365,000","3.315,000","3.520,000","3.315,000","243,28K","1,66%"
"10.07.2024","3.310,000","3.150,000","3.310,000","3.115,000","183,36K","6,57%"
"08.07.2024","3.106,000","3.070,000","3.119,000","3.042,000","98,41K","1,70%"
"05.07.2024","3.054,000","3.075,000","3.079,500","2.970,000","114,86K","1,80%"
"04.07.2024","3.000,000","2.995,500","3.017,500","2.945,000","100,01K","0,32%"
"03.07.2024","2.990,500","3.015,500","3.073,000","2.943,500","101,39K","-0,83%"
"02.07.2024","3.015,500","2.950,000","3.090,000","2.932,000","101,41K","2,20%"
"01.07.2024","2.950,500","3.031,500","3.140,000","2.900,000","143,32K","-2,88%"
"28.06.2024","3.038,000","3.050,000","3.080,000","2.940,000","141,76K","-0,33%"
"27.06.2024","3.048,000","2.890,000","3.049,000","2.833,000","210,51K","6,02%"
"26.06.2024","2.875,000","2.910,000","2.978,000","2.850,500","103,16K","-1,88%"
"25.06.2024","2.930,000","2.950,000","3.035,000","2.874,500","148,97K","-0,44%"
"24.06.2024","2.943,000","2.978,500","2.978,500","2.850,000","157,78K","-1,90%"
"19.06.2024","3.000,000","2.984,000","3.039,500","2.885,000","97,46K","0,54%"
"18.06.2024","2.984,000","3.007,500","3.015,000","2.901,000","91,15K","-1,40%"
"14.06.2024","3.026,500","3.005,000","3.050,000","2.941,000","183,65K","0,88%"
"13.06.2024","3.000,000","2.887,000","3.132,000","2.887,000","300,66K","5,26%"
"12.06.2024","2.850,000","2.805,000","2.898,000","2.789,000","174,49K","1,46%"
"11.06.2024","2.809,000","2.860,000","2.899,000","2.773,000","119,74K","-1,68%"
"10.06.2024","2.857,000","2.787,000","2.862,000","2.731,000","204,09K","2,09%"
"07.06.2024","2.798,500","2.666,000","2.800,000","2.620,000","158,53K","5,01%"
"06.06.2024","2.665,000","2.775,000","2.888,500","2.598,500","495,15K","-4,82%"
"05.06.2024","2.800,000","2.850,000","2.919,000","2.671,000","395,39K","-1,72%"
"04.06.2024","2.849,000","3.069,000","3.069,000","2.840,000","287,64K","-7,20%"
"03.06.2024","3.070,000","3.080,000","3.093,000","3.000,000","116,98K","-0,32%"
"31.05.2024","3.080,000","3.065,000","3.116,000","2.932,000","189,71K","0,49%"
"30.05.2024","3.065,000","2.932,000","3.100,000","2.931,000","299,98K","5,51%"
"29.05.2024","2.905,000","2.909,000","2.950,000","2.871,000","152,07K","-0,14%"
"28.05.2024","2.909,000","2.830,000","2.934,000","2.730,000","222,46K","3,52%"
"27.05.2024","2.810,000","2.775,000","2.844,500","2.720,000","136,84K","3,88%"
"24.05.2024","2.705,000","2.650,000","2.736,000","2.610,000","120,40K","1,35%"
"23.05.2024","2.669,000","2.666,000","2.699,000","2.610,000","144,38K","0,13%"
"22.05.2024","2.665,500","2.760,000","2.785,000","2.607,000","256,19K","-3,42%"
"21.05.2024","2.760,000","2.720,000","2.846,000","2.700,000","256,97K","-0,72%"
"20.05.2024","2.780,000","2.680,000","2.785,000","2.630,000","200,92K","1,98%"
"17.05.2024","2.726,000","2.800,500","2.849,000","2.680,000","504,61K","-2,66%"
"16.05.2024","2.800,500","2.690,000","2.800,500","2.560,000","440,51K","5,68%"
"15.05.2024","2.650,000","2.500,000","2.670,000","2.470,000","282,54K","8,16%"
"14.05.2024","2.450,000","2.400,000","2.498,000","2.351,500","183,68K","2,08%"
"13.05.2024","2.400,000","2.469,000","2.490,000","2.331,000","247,05K","-2,52%"
"10.05.2024","2.462,000","2.479,500","2.498,500","2.365,000","319,32K","-0,89%"
"09.05.2024","2.484,000","2.520,000","2.550,000","2.419,000","360,33K","-1,43%"
"08.05.2024","2.520,000","2.720,000","2.725,000","2.510,000","298,36K","-3,52%"
"07.05.2024","2.612,000","2.670,000","2.693,500","2.500,000","414,66K","0,85%"
"06.05.2024","2.590,000","2.680,000","2.735,000","2.551,000","634,26K","-2,81%"
"03.05.2024","2.665,000","2.540,000","2.700,000","2.532,500","363,54K","5,75%"
"02.05.2024","2.520,000","2.415,000","2.525,000","2.351,000","226,89K","5,00%"
"30.04.2024","2.400,000","2.410,000","2.439,000","2.345,000","224,34K","1,14%"
"29.04.2024","2.373,000","2.300,000","2.390,000","2.200,000","139,45K","3,26%"
"26.04.2024","2.298,000","2.250,000","2.350,000","2.164,000","197,93K","4,79%"
"25.04.2024","2.193,000","2.120,000","2.199,000","2.051,000","236,88K","4,08%"
"24.04.2024","2.107,000","2.200,000","2.235,500","2.090,000","208,36K","-4,31%"
"23.04.2024","2.202,000","2.290,000","2.330,000","2.190,000","208,10K","-3,10%"
"22.04.2024","2.272,500","2.050,000","2.285,000","2.015,000","285,23K","13,68%"
"19.04.2024","1.999,000","2.000,000","2.040,500","1.967,000","437,26K","1,60%"
"18.04.2024","1.967,500","2.030,000","2.097,500","1.960,000","415,42K","-2,98%"
"17.04.2024","2.028,000","2.100,000","2.155,000","2.018,000","276,78K","-3,43%"
"16.04.2024","2.100,000","2.031,000","2.115,000","1.985,000","308,87K","1,25%"
"15.04.2024","2.074,000","2.240,000","2.278,000","2.050,000","307,02K","-7,82%"
"12.04.2024","2.250,000","2.242,000","2.300,000","2.181,000","149,46K","0,36%"
"11.04.2024","2.242,000","2.310,000","2.310,000","2.181,000","369,74K","-0,93%"
"10.04.2024","2.263,000","2.325,000","2.325,000","2.213,000","270,46K","-2,90%"
"09.04.2024","2.330,500","2.450,000","2.490,000","2.218,000","654,32K","-4,84%"
"08.04.2024","2.449,000","2.470,000","2.505,000","2.402,000","355,78K","0,78%"
"05.04.2024","2.430,000","2.410,000","2.525,000","2.410,000","961,76K","2,53%"
"04.04.2024","2.370,000","2.320,000","2.456,000","2.320,000","509,06K","3,49%"
"03.04.2024","2.290,000","2.201,000","2.293,000","2.148,000","523,76K","10,57%"
"27.03.2024","2.071,000","2.030,000","2.165,000","1.992,500","338,01K","-0,24%"
"26.03.2024","2.076,000","2.071,000","2.120,000","2.010,000","137,98K","0,05%"
"25.03.2024","2.075,000","2.057,000","2.140,000","2.001,000","222,05K","0,85%"
"22.03.2024","2.057,500","2.019,000","2.059,000","1.964,000","186,40K","2,88%"
"21.03.2024","2.000,000","1.963,000","2.032,500","1.914,500","213,69K","1,63%"
"20.03.2024","1.968,000","1.944,000","2.030,000","1.921,000","360,82K","1,23%"
"19.03.2024","1.944,000","2.014,000","2.040,000","1.930,000","542,70K","-2,19%"
"18.03.2024","1.987,500","1.940,000","2.050,000","1.900,000","350,92K","4,83%"
"15.03.2024","1.896,000","1.780,000","1.914,000","1.747,500","549,30K","7,21%"
"14.03.2024","1.768,500","1.698,000","1.780,000","1.614,000","463,36K","5,52%"
"13.03.2024","1.676,000","1.593,000","1.687,000","1.592,000","1,16M","6,08%"
"12.03.2024","1.580,000","1.517,000","1.630,000","1.517,000","666,63K","4,15%"
"11.03.2024","1.517,000","1.599,500","1.599,500","1.486,000","246,13K","-3,35%"
"08.03.2024","1.569,500","1.560,000","1.594,500","1.503,000","311,71K","0,29%"
"07.03.2024","1.565,000","1.630,000","1.640,000","1.500,000","409,67K","-3,84%"
"06.03.2024","1.627,500","1.704,000","1.704,000","1.561,000","349,35K","-1,66%"
"05.03.2024","1.655,000","1.774,000","1.785,000","1.631,000","286,60K","-4,91%"
"04.03.2024","1.740,500","1.782,000","1.869,000","1.721,000","512,12K","2,08%"
"01.03.2024","1.705,000","1.620,000","1.732,000","1.611,000","987,66K","7,23%"
"29.02.2024","1.590,000","1.612,000","1.693,000","1.565,000","486,75K","-0,06%"
"28.02.2024","1.591,000","1.634,000","1.685,000","1.561,000","273,54K","-2,63%"
"27.02.2024","1.634,000","1.710,000","1.749,500","1.610,000","562,48K","-6,09%"
"26.02.2024","1.740,000","1.820,000","1.820,000","1.729,500","212,65K","-4,40%"
"23.02.2024","1.820,000","1.865,000","1.865,000","1.749,500","218,88K","0,33%"
"22.02.2024","1.814,000","1.826,000","1.920,000","1.775,000","348,92K","0,44%"
"21.02.2024","1.806,000","1.878,000","1.943,000","1.806,000","209,52K","-3,83%"
"20.02.2024","1.878,000","1.959,000","1.967,000","1.835,500","119,53K","-4,09%"
"19.02.2024","1.958,000","1.970,000","2.014,000","1.926,000","152,24K","-0,53%"
"16.02.2024","1.968,500","2.012,000","2.075,000","1.852,000","147,49K","-1,92%"
"15.02.2024","2.007,000","2.050,000","2.065,000","1.880,000","146,74K","0,55%"
"14.02.2024","1.996,000","2.105,000","2.182,000","1.910,000","141,47K","-6,64%"
"09.02.2024","2.138,000","2.070,000","2.250,000","2.005,000","160,10K","3,04%"
"08.02.2024","2.075,000","2.155,000","2.180,000","2.040,000","176,94K","-3,89%"
"07.02.2024","2.159,000","2.300,000","2.379,500","2.065,000","318,55K","-7,95%"
"06.02.2024","2.345,500","2.390,000","2.437,000","2.311,500","171,18K","-1,90%"
"05.02.2024","2.391,000","2.484,500","2.575,000","2.340,000","163,75K","-3,78%"
"02.02.2024","2.485,000","2.440,000","2.489,000","2.410,000","202,14K","2,73%"
"01.02.2024","2.419,000","2.400,000","2.449,000","2.330,000","158,22K","1,00%"
"31.01.2024","2.395,000","2.424,000","2.498,000","2.294,000","132,81K","-1,24%"
"30.01.2024","2.425,000","2.454,000","2.470,000","2.395,000","99,31K","-1,18%"
"29.01.2024","2.454,000","2.450,000","2.472,000","2.260,000","154,15K","0,99%"
"26.01.2024","2.430,000","2.542,000","2.574,000","2.400,000","183,82K","-4,52%"
"25.01.2024","2.545,000","2.534,000","2.550,000","2.491,000","199,49K","1,23%"
"24.01.2024","2.514,000","2.550,000","2.574,000","2.440,000","141,92K","0,20%"
"23.01.2024","2.509,000","2.523,000","2.560,000","2.390,000","170,87K","0,04%"
"22.01.2024","2.508,000","2.395,000","2.508,000","2.395,000","145,76K","4,72%"
"19.01.2024","2.395,000","2.380,000","2.400,000","2.275,000","230,83K","0,44%"
"18.01.2024","2.384,500","2.360,000","2.399,000","2.220,000","160,93K","2,78%"
"17.01.2024","2.320,000","2.250,000","2.340,000","2.230,000","164,27K","4,62%"
"16.01.2024","2.217,500","2.200,000","2.230,000","2.156,000","238,48K","2,52%"
"15.01.2024","2.163,000","2.135,000","2.163,000","2.085,000","114,20K","1,31%"
"12.01.2024","2.135,000","2.164,500","2.166,000","2.050,000","195,76K","-1,54%"
"11.01.2024","2.168,500","2.195,000","2.240,000","2.001,500","165,94K","-0,12%"
"10.01.2024","2.171,000","2.225,000","2.280,000","2.107,000","382,45K","-2,43%"
"09.01.2024","2.225,000","2.200,000","2.320,000","2.110,000","318,43K","2,30%"
"08.01.2024","2.175,000","2.126,000","2.279,000","2.115,000","207,55K","2,86%"
"05.01.2024","2.114,500","2.135,000","2.198,000","2.060,000","214,56K","0,83%"
"04.01.2024","2.097,000","2.018,000","2.124,500","2.000,000","240,76K","4,17%"
"03.01.2024","2.013,000","1.980,000","2.015,000","1.930,000","474,67K","3,23%"
"02.01.2024","1.950,000","1.814,000","1.970,000","1.805,000","429,40K","7,65%"
"29.12.2023","1.811,500","1.730,000","1.816,500","1.730,000","179,83K","5,01%"
"28.12.2023","1.725,000","1.658,500","1.725,000","1.560,000","399,49K","6,48%"
"27.12.2023","1.620,000","1.710,000","1.711,000","1.565,000","132,25K","-5,54%"
"26.12.2023","1.715,000","1.710,000","1.760,000","1.605,000","250,06K","0,29%"
"22.12.2023","1.710,000","1.690,000","1.710,000","1.580,000","382,15K","2,09%"
"21.12.2023","1.675,000","1.785,000","1.850,000","1.619,500","409,12K","-4,83%"
"20.12.2023","1.760,000","1.733,000","1.782,000","1.700,000","220,37K","2,33%"
"19.12.2023","1.720,000","1.710,000","1.765,000","1.658,000","186,58K","0,61%"
"18.12.2023","1.709,500","1.740,000","1.774,500","1.605,000","294,09K","-1,75%"
"15.12.2023","1.740,000","1.870,000","1.880,000","1.651,500","301,89K","-6,20%"
"14.12.2023","1.855,000","1.860,000","1.980,000","1.800,000","552,81K","-0,30%"
"13.12.2023","1.860,500","1.800,000","1.890,000","1.616,000","371,11K","8,80%"
"12.12.2023","1.710,000","1.545,000","1.730,000","1.491,500","400,24K","11,18%"
"11.12.2023","1.538,000","1.560,000","1.560,000","1.416,500","454,49K","3,43%"
"07.12.2023","1.487,000","1.500,000","1.527,500","1.450,000","476,46K","0,20%"
"06.12.2023","1.484,000","1.420,000","1.500,000","1.310,500","547,52K","7,46%"
"05.12.2023","1.381,000","1.240,000","1.409,000","1.200,000","400,32K","10,57%"
"04.12.2023","1.249,000","1.208,500","1.250,000","1.140,000","233,53K","-0,08%"
"01.12.2023","1.250,000","1.160,000","1.250,000","1.111,000","163,80K","7,76%"
"30.11.2023","1.160,000","1.140,000","1.185,000","1.050,000","170,90K","0,96%"
"29.11.2023","1.149,000","1.099,000","1.175,000","1.030,000","240,80K","7,89%"
"28.11.2023","1.065,000","1.143,000","1.187,000","1.015,000","218,11K","-6,58%"
"27.11.2023","1.140,000","1.250,000","1.285,000","1.130,000","530,70K","-8,51%"
"24.11.2023","1.246,000","1.200,000","1.260,000","1.167,500","434,85K","7,14%"
"23.11.2023","1.163,000","1.090,000","1.180,000","1.050,000","469,39K","6,80%"
"22.11.2023","1.089,000","1.083,500","1.198,000","1.045,000","914,08K","-0,41%"
"21.11.2023","1.093,500","900,000","1.146,500","873,000","868,16K","41,65%"
"17.11.2023","772,000","775,500","787,500","750,000","144,50K","-0,90%"
"16.11.2023","779,000","812,000","824,000","751,000","232,48K","-3,95%"
"15.11.2023","811,000","813,500","823,000","790,000","134,02K","-0,49%"
"14.11.2023","815,000","842,500","865,000","800,000","155,97K","-3,21%"
"13.11.2023","842,000","873,000","890,000","825,000","133,08K","-3,55%"
"10.11.2023","873,000","833,000","882,500","826,500","199,33K","3,37%"
"09.11.2023","844,500","824,000","849,000","775,000","156,81K","2,43%"
"08.11.2023","824,500","850,000","889,000","785,000","105,67K","-1,61%"
"07.11.2023","838,000","841,500","841,500","800,000","131,92K","-1,06%"
"03.11.2023","847,000","870,000","891,000","830,500","70,86K","-2,19%"
"02.11.2023","866,000","856,000","885,000","850,000","205,72K","2,24%"
"01.11.2023","847,000","803,000","855,000","803,000","120,27K","5,48%"
"31.10.2023","803,000","840,000","840,000","771,000","201,57K","-1,53%"
"30.10.2023","815,500","876,000","876,000","815,000","177,49K","-5,28%"
"27.10.2023","861,000","905,000","905,000","857,000","57,87K","-3,48%"
"26.10.2023","892,000","877,000","910,000","852,500","155,88K","1,36%"
"25.10.2023","880,000","828,000","880,000","781,000","271,59K","6,09%"
"24.10.2023","829,500","880,500","924,000","795,000","364,21K","-6,17%"
"23.10.2023","884,000","925,000","928,000","837,000","377,64K","-7,82%"
"20.10.2023","959,000","930,000","984,000","924,000","708,65K","3,79%"
"19.10.2023","924,000","999,000","999,000","910,000","575,41K","-7,18%"
"18.10.2023","995,500","1.013,000","1.046,000","961,000","745,41K","-1,63%"
"17.10.2023","1.012,000","981,000","1.025,000","981,000","536,29K","4,98%"
"12.10.2023","964,000","920,000","979,500","898,000","854,44K","4,56%"
"11.10.2023","922,000","955,000","969,000","870,000","446,29K","-1,28%"
"10.10.2023","934,000","867,000","955,000","857,000","744,52K","8,35%"
"09.10.2023","862,000","853,000","900,000","850,000","380,60K","0,82%"
"06.10.2023","855,000","792,000","859,000","792,000","354,84K","7,01%"
"05.10.2023","799,000","770,000","799,000","770,000","215,17K","3,77%"
"04.10.2023","770,000","748,500","780,000","725,000","330,38K","3,01%"
"03.10.2023","747,500","760,000","786,000","733,000","249,86K","-2,29%"
"02.10.2023","765,000","763,000","775,000","740,500","148,94K","-0,91%"
"29.09.2023","772,000","794,000","794,000","746,000","237,32K","-1,03%"
"28.09.2023","780,000","747,500","786,000","747,500","303,03K","2,90%"
"27.09.2023","758,000","755,000","789,000","720,000","320,95K","2,29%"
"26.09.2023","741,000","749,000","758,000","722,000","158,62K","-1,20%"
"25.09.2023","750,000","737,000","756,000","707,000","347,26K","2,32%"
"22.09.2023","733,000","721,500","748,000","711,000","257,06K","1,81%"
"21.09.2023","720,000","751,000","759,000","705,000","410,37K","-4,00%"
"20.09.2023","750,000","800,000","809,500","745,000","551,25K","-6,13%"
"19.09.2023","799,000","850,000","850,000","785,000","476,76K","-4,88%"
"18.09.2023","840,000","803,000","850,000","791,000","331,10K","5,26%"
"15.09.2023","798,000","806,500","827,000","773,000","345,32K","-1,48%"
"14.09.2023","810,000","775,000","818,500","762,500","378,60K","5,26%"
"13.09.2023","769,500","718,500","769,500","718,500","439,05K","6,21%"
"12.09.2023","724,500","695,000","725,000","690,000","581,82K","4,62%"
"11.09.2023","692,500","715,500","755,000","673,000","596,01K","-3,21%"
"08.09.2023","715,500","760,000","799,000","703,000","298,74K","-4,66%"
"07.09.2023","750,500","802,000","809,500","750,500","246,33K","-7,80%"
"06.09.2023","814,000","842,000","842,000","800,000","178,62K","-1,33%"
"05.09.2023","825,000","852,000","852,000","784,000","186,95K","-2,48%"
"04.09.2023","846,000","851,000","860,000","837,000","147,64K","-0,47%"
"01.09.2023","850,000","869,500","886,000","835,000","161,19K","-2,24%"
"31.08.2023","869,500","900,500","911,000","860,000","213,79K","-3,92%"
"30.08.2023","905,000","950,000","950,500","891,000","234,89K","-3,21%"
"29.08.2023","935,000","950,000","995,000","930,500","328,12K","0,05%"
"28.08.2023","934,500","875,000","942,500","875,000","317,11K","7,17%"
"25.08.2023","872,000","833,000","878,500","827,000","213,27K","4,68%"
"24.08.2023","833,000","840,000","849,000","820,000","158,84K","-0,60%"
"23.08.2023","838,000","842,000","860,000","825,000","207,43K","-0,71%"
"22.08.2023","844,000","860,000","860,000","825,000","231,08K","-1,86%"
"18.08.2023","860,000","875,000","875,000","820,000","354,73K","-2,16%"
"17.08.2023","879,000","834,000","880,000","815,000","390,53K","7,20%"
"16.08.2023","820,000","749,000","820,000","749,000","520,89K","9,92%"
"15.08.2023","746,000","684,000","750,000","681,000","362,72K","9,63%"
"14.08.2023","680,500","650,000","693,000","599,000","277,30K","3,89%"
"11.08.2023","655,000","651,500","668,000","641,500","301,07K","0,46%"
"10.08.2023","652,000","645,000","662,500","643,000","270,52K","0,77%"
"09.08.2023","647,000","655,000","660,000","644,000","157,08K","0,00%"
"08.08.2023","647,000","648,000","675,000","633,000","264,76K","-0,61%"
"07.08.2023","651,000","680,000","685,000","645,000","236,48K","-2,98%"
"04.08.2023","671,000","654,000","676,000","644,000","163,70K","2,05%"
"03.08.2023","657,500","665,000","667,000","640,000","187,52K","0,00%"
"02.08.2023","657,500","688,500","688,500","643,000","244,86K","-4,57%"
"01.08.2023","689,000","710,000","710,000","676,500","185,41K","-2,13%"
"31.07.2023","704,000","710,000","719,500","685,000","167,36K","-1,05%"
"28.07.2023","711,500","722,000","745,000","697,000","129,38K","1,93%"
"27.07.2023","698,000","723,000","723,000","690,000","284,89K","-3,79%"
"26.07.2023","725,500","731,000","739,500","715,000","89,17K","-1,56%"
"25.07.2023","737,000","742,000","753,000","715,000","248,20K","0,48%"
"24.07.2023","733,500","735,000","760,000","729,000","527,28K","-0,20%"
"21.07.2023","735,000","689,500","737,000","689,500","652,33K","6,37%"
"20.07.2023","691,000","676,000","691,500","676,000","423,95K","2,37%"
"19.07.2023","675,000","660,000","681,000","651,500","137,57K","2,35%"
"18.07.2023","659,500","653,000","660,000","650,000","173,81K","0,84%"
"17.07.2023","654,000","655,000","668,000","645,500","363,21K","0,62%"
"14.07.2023","650,000","668,000","668,500","640,500","511,86K","-2,69%"
"13.07.2023","668,000","668,000","669,500","655,000","422,76K","1,60%"
"12.07.2023","657,500","660,000","671,500","657,000","138,17K","-0,30%"
"11.07.2023","659,500","684,000","684,000","650,000","179,85K","-1,57%"
"10.07.2023","670,000","670,500","680,000","660,000","192,59K","-0,07%"
"07.07.2023","670,500","685,000","685,000","656,000","577,35K","-0,67%"
"06.07.2023","675,000","699,500","700,000","670,000","166,64K","-3,85%"
"05.07.2023","702,000","712,000","720,000","695,000","338,87K","-1,54%"
"04.07.2023","713,000","698,500","714,500","693,000","162,75K","2,66%"
"03.07.2023","694,500","700,000","710,000","660,000","359,62K","-0,22%"
"30.06.2023","696,000","693,000","700,000","675,000","134,24K","2,81%"
"29.06.2023","677,000","680,000","681,500","660,000","234,55K","0,97%"
"28.06.2023","670,500","677,000","705,000","651,000","200,96K","-0,52%"
"27.06.2023","674,000","719,500","719,500","670,000","227,81K","-6,00%"
"26.06.2023","717,000","745,000","750,000","711,500","294,45K","-0,28%"
"23.06.2023","719,000","694,000","720,000","691,000","231,22K","3,45%"
"22.06.2023","695,000","729,000","730,000","690,000","207,77K","-3,07%"
"21.06.2023","717,000","680,000","729,000","678,000","446,95K","7,50%"
"16.06.2023","667,000","650,000","674,000","636,000","689,40K","2,62%"
"15.06.2023","650,000","655,000","663,000","645,000","369,25K","-0,61%"
"14.06.2023","654,000","675,000","685,000","645,000","251,40K","-2,97%"
"13.06.2023","674,000","689,500","699,500","671,000","148,33K","-2,32%"
"12.06.2023","690,000","695,000","704,000","678,000","190,52K","-0,29%"
"09.06.2023","692,000","695,000","699,000","677,000","358,23K","-1,28%"
"08.06.2023","701,000","723,000","729,000","694,000","304,38K","-2,23%"
"07.06.2023","717,000","734,000","743,000","713,000","242,32K","-2,18%"
"06.06.2023","733,000","736,000","746,000","703,000","371,41K","0,00%"
"05.06.2023","733,000","731,000","739,000","718,500","167,80K","1,52%"
"02.06.2023","722,000","736,000","750,000","705,000","189,20K","-1,50%"
"01.06.2023","733,000","709,000","739,500","690,000","193,47K","3,31%"
"31.05.2023","709,500","720,000","725,000","697,000","105,53K","-0,91%"
"30.05.2023","716,000","745,000","746,000","707,000","196,48K","-3,11%"
"29.05.2023","739,000","715,000","740,000","690,000","197,70K","3,50%"
"24.05.2023","714,000","728,000","728,000","668,500","488,55K","-0,76%"
"23.05.2023","719,500","777,000","777,000","710,000","603,71K","-6,32%"
"22.05.2023","768,000","740,000","770,000","718,000","271,61K","4,07%"
"19.05.2023","738,000","694,500","745,000","694,500","283,64K","6,80%"
"18.05.2023","691,000","686,000","698,000","686,000","182,05K","0,66%"
"17.05.2023","686,500","670,000","690,000","661,000","306,66K","3,23%"
"16.05.2023","665,000","641,000","700,500","635,000","279,65K","3,58%"
"15.05.2023","642,000","626,500","643,000","608,000","192,65K","2,56%"
"12.05.2023","626,000","613,500","630,000","604,000","184,04K","3,64%"
"11.05.2023","604,000","605,000","620,000","595,000","174,88K","-0,58%"
"10.05.2023","607,500","600,000","618,000","560,000","208,09K","0,08%"
"09.05.2023","607,000","580,000","619,500","578,000","305,86K","4,66%"
"08.05.2023","580,000","559,000","584,000","559,000","170,88K","5,84%"
"05.05.2023","548,000","537,000","556,000","520,000","113,15K","4,08%"
"04.05.2023","526,500","533,000","543,000","509,000","109,03K","-0,66%"
"03.05.2023","530,000","561,500","578,000","526,000","242,54K","-6,44%"
"02.05.2023","566,500","580,000","580,000","555,000","116,90K","-1,48%"
"28.04.2023","575,000","543,000","575,000","535,000","192,46K","6,09%"
"27.04.2023","542,000","540,000","549,000","516,000","231,62K","0,84%"
"26.04.2023","537,500","535,000","548,000","510,000","189,81K","-0,46%"
"25.04.2023","540,000","539,000","554,000","530,000","291,22K","-0,55%"
"24.04.2023","543,000","513,000","550,000","505,000","338,54K","6,05%"
"21.04.2023","512,000","509,000","513,000","496,000","222,15K","3,96%"
"20.04.2023","492,500","468,500","498,500","457,000","281,34K","6,14%"
"19.04.2023","464,000","486,000","500,000","462,000","252,79K","-5,31%"
"18.04.2023","490,000","483,500","509,000","483,000","336,92K","1,45%"
"17.04.2023","483,000","468,000","483,000","462,000","266,39K","4,55%"
"14.04.2023","462,000","447,000","475,000","445,000","395,83K","3,36%"
"13.04.2023","447,000","450,000","460,000","441,000","321,25K","-0,45%"
"12.04.2023","449,000","456,500","459,000","443,000","269,11K","0,90%"
"11.04.2023","445,000","432,000","464,500","432,000","414,76K","3,25%"
"10.04.2023","431,000","409,000","432,000","409,000","274,18K","4,87%"
"05.04.2023","411,000","398,000","415,000","388,000","147,45K","1,86%"
"04.04.2023","403,500","415,000","424,500","396,000","284,30K","-3,00%"
"03.04.2023","416,000","394,000","429,000","390,000","403,16K","6,39%"
"31.03.2023","391,000","420,000","422,000","379,000","489,18K","-5,78%"
"30.03.2023","415,000","431,000","444,000","409,000","307,00K","-4,16%"
"29.03.2023","433,000","423,000","445,000","423,000","304,73K","3,46%"
"28.03.2023","418,500","393,000","423,500","393,000","328,84K","6,76%"
"27.03.2023","392,000","374,500","400,000","367,000","191,95K","5,95%"
"23.03.2023","370,000","376,500","384,500","361,000","144,61K","-1,07%"
"22.03.2023","374,000","370,000","374,000","359,000","117,65K","1,63%"
"21.03.2023","368,000","372,000","375,000","362,500","158,16K","1,52%"
"20.03.2023","362,500","360,000","378,000","360,000","306,53K","1,54%"
"17.03.2023","357,000","323,000","364,000","321,000","456,21K","10,87%"
"16.03.2023","322,000","303,000","329,000","303,000","581,42K","8,05%"
"15.03.2023","298,000","315,000","315,000","297,500","579,65K","-7,45%"
"14.03.2023","322,000","345,000","360,000","315,000","428,05K","-6,12%"
"13.03.2023","343,000","352,000","366,000","336,500","567,14K","-6,79%"
"10.03.2023","368,000","395,000","400,000","365,000","426,06K","-6,95%"
"09.03.2023","395,500","415,000","418,000","392,000","488,39K","-4,70%"
"08.03.2023","415,000","425,000","428,000","410,000","167,62K","-2,12%"
"07.03.2023","424,000","425,000","437,000","419,000","163,60K","-0,59%"
"06.03.2023","426,500","427,000","431,500","420,000","326,79K","-0,12%"
"03.03.2023","427,000","430,000","443,000","420,000","225,38K","-0,93%"
"02.03.2023","431,000","462,500","462,500","420,000","279,93K","-5,27%"
"01.03.2023","455,000","465,000","485,000","452,000","119,69K","-1,94%"
"28.02.2023","464,000","472,000","479,500","460,000","106,88K","-2,32%"
"27.02.2023","475,000","485,000","500,000","470,500","93,87K","-2,06%"
"24.02.2023","485,000","475,000","485,500","455,000","187,03K","2,21%"
"23.02.2023","474,500","501,000","501,000","471,500","340,73K","-4,91%"
"22.02.2023","499,000","500,000","510,000","478,500","94,94K","1,01%"
"17.02.2023","494,000","518,500","518,500","473,000","181,44K","-3,42%"
"16.02.2023","511,500","520,000","521,500","505,000","114,04K","-0,68%"
"15.02.2023","515,000","522,000","522,000","505,000","143,95K","0,59%"
"14.02.2023","512,000","512,000","520,000","501,000","169,76K","0,39%"
"13.02.2023","510,000","523,000","534,000","504,000","227,33K","-2,30%"
"10.02.2023","522,000","529,000","529,000","501,000","228,65K","-0,57%"
"09.02.2023","525,000","517,000","538,000","501,500","374,35K","2,54%"
"08.02.2023","512,000","475,500","518,000","475,500","482,90K","9,40%"
"07.02.2023","468,000","447,000","474,000","435,000","365,73K","9,09%"
"06.02.2023","429,000","410,000","437,500","408,500","241,79K","5,02%"
"03.02.2023","408,500","427,000","430,000","403,000","114,00K","-4,56%"
"02.02.2023","428,000","442,000","452,000","423,000","302,65K","-3,17%"
"01.02.2023","442,000","445,000","447,000","430,000","73,52K","0,00%"
"31.01.2023","442,000","435,000","449,000","418,000","156,66K","3,76%"
"30.01.2023","426,000","436,000","441,500","422,000","90,24K","-2,07%"
"27.01.2023","435,000","439,500","439,500","422,000","208,53K","0,46%"
"26.01.2023","433,000","420,000","443,500","420,000","347,00K","3,34%"
"25.01.2023","419,000","404,000","420,000","392,000","230,89K","4,36%"
"24.01.2023","401,500","408,000","408,000","384,000","238,09K","0,38%"
"23.01.2023","400,000","399,000","405,000","375,000","251,41K","1,52%"
"20.01.2023","394,000","359,500","394,000","357,000","315,47K","11,14%"
"19.01.2023","354,500","364,000","365,000","331,000","523,62K","-3,41%"
"18.01.2023","367,000","394,500","399,000","353,000","316,84K","-6,62%"
"17.01.2023","393,000","397,000","401,000","385,500","282,20K","-1,50%"
"16.01.2023","399,000","401,000","403,500","392,000","252,74K","0,25%"
"13.01.2023","398,000","405,000","406,500","390,000","229,53K","-1,00%"
"12.01.2023","402,000","403,000","408,000","388,500","195,69K","0,12%"
"11.01.2023","401,500","405,000","412,500","394,000","138,71K","-1,23%"
"10.01.2023","406,500","396,000","408,000","385,000","138,16K","2,91%"
"09.01.2023","395,000","412,000","412,000","392,000","248,24K","-1,50%"
"06.01.2023","401,000","429,000","429,000","380,000","436,94K","-3,84%"
"05.01.2023","417,000","415,000","425,000","405,500","410,62K","1,71%"
"04.01.2023","410,000","385,000","415,000","381,000","295,38K","5,94%"
"03.01.2023","387,000","382,000","395,000","367,000","450,63K","0,78%"
"02.01.2023","384,000","363,000","389,500","363,000","454,46K","6,37%"
"30.12.2022","361,000","346,000","362,000","343,000","158,67K","4,34%"
"29.12.2022","346,000","348,500","352,500","340,500","246,11K","0,44%"
"28.12.2022","344,500","344,000","357,000","333,000","344,00K","0,00%"
"27.12.2022","344,500","327,000","346,000","327,000","166,35K","5,19%"
"26.12.2022","327,500","315,000","339,000","315,000","233,02K","2,34%"
"23.12.2022","320,000","309,000","320,500","309,000","155,67K","3,23%"
"22.12.2022","310,000","314,000","320,000","305,000","219,46K","0,32%"
"21.12.2022","309,000","291,000","310,000","291,000","217,54K","6,55%"
"20.12.2022","290,000","280,500","290,000","275,000","35,54K","3,20%"
"19.12.2022","281,000","276,000","282,000","271,500","154,82K","2,55%"
"16.12.2022","274,000","274,500","278,500","269,500","162,50K","-0,36%"
"15.12.2022","275,000","280,000","283,500","261,000","217,39K","-2,14%"
"14.12.2022","281,000","280,000","284,000","274,000","117,99K","2,18%"
"13.12.2022","275,000","276,000","285,000","274,000","144,96K","0,36%"
"12.12.2022","274,000","265,000","276,500","255,500","115,06K","3,20%"
"07.12.2022","265,500","254,000","270,000","245,500","165,26K","4,12%"
"06.12.2022","255,000","246,000","255,000","242,500","197,98K","3,87%"
"05.12.2022","245,500","265,000","266,000","235,000","254,11K","-7,18%"
"02.12.2022","264,500","267,000","273,000","257,000","239,58K","-0,56%"
"01.12.2022","266,000","255,000","269,000","245,000","425,95K","6,40%"
"30.11.2022","250,000","244,000","251,000","242,000","206,96K","3,41%"
"29.11.2022","241,750","233,000","242,750","230,000","242,88K","5,45%"
"28.11.2022","229,250","223,000","230,250","219,000","206,90K","3,27%"
"25.11.2022","222,000","218,000","223,000","213,000","304,15K","3,86%"
"24.11.2022","213,750","215,000","219,500","212,500","191,09K","-0,35%"
"23.11.2022","214,500","219,750","229,500","213,500","610,60K","-1,15%"
"22.11.2022","217,000","207,500","219,000","205,000","369,59K","4,58%"
"18.11.2022","207,500","201,750","214,000","198,500","160,70K","4,53%"
"17.11.2022","198,500","203,000","204,000","197,000","174,71K","-1,73%"
"16.11.2022","202,000","194,000","202,750","188,000","274,42K","4,12%"
"15.11.2022","194,000","178,500","194,000","176,250","419,28K","8,99%"
"14.11.2022","178,000","176,000","182,500","172,000","210,54K","2,89%"
"11.11.2022","173,000","168,500","173,000","163,000","45,69K","5,17%"
"10.11.2022","164,500","163,000","168,250","161,000","88,33K","1,54%"
"09.11.2022","162,000","170,000","172,000","160,000","71,57K","-4,00%"
"08.11.2022","168,750","170,000","174,000","166,000","51,36K","-0,15%"
"07.11.2022","169,000","178,000","183,000","163,250","213,77K","-4,52%"
"04.11.2022","177,000","172,000","177,000","169,000","168,23K","4,73%"
"03.11.2022","169,000","168,750","170,000","165,000","51,55K","0,00%"
"02.11.2022","169,000","173,000","174,750","165,000","83,56K","-3,43%"
"01.11.2022","175,000","175,000","175,000","171,250","132,83K","2,04%"
"31.10.2022","171,500","167,750","173,000","160,500","289,16K","3,31%"
"28.10.2022","166,000","168,500","168,500","159,000","210,43K","1,84%"
"27.10.2022","163,000","153,500","166,250","150,250","333,20K","5,16%"
"26.10.2022","155,000","150,500","155,000","150,000","293,08K","4,03%"
"25.10.2022","149,000","143,000","149,000","140,000","268,76K","7,58%"
"24.10.2022","138,500","134,000","139,000","130,000","319,85K","4,14%"
"21.10.2022","133,000","131,250","135,250","131,000","129,37K","0,57%"
"20.10.2022","132,250","133,000","139,000","131,000","114,68K","-0,56%"
"19.10.2022","133,000","137,500","140,500","133,000","156,38K","-4,32%"
"18.10.2022","139,000","143,250","146,000","134,500","209,64K","-2,11%"
"17.10.2022","142,000","144,000","144,750","141,250","43,09K","-0,70%"
"14.10.2022","143,000","148,000","148,000","141,250","30,99K","-2,72%"
"13.10.2022","147,000","145,000","150,500","143,250","145,42K","0,00%"
"12.10.2022","147,000","149,000","155,000","139,250","126,67K","-1,34%"
"11.10.2022","149,000","160,000","160,000","148,000","45,53K","-6,88%"
"06.10.2022","160,000","160,750","162,750","155,250","163,61K","1,27%"
"05.10.2022","158,000","154,750","160,000","152,000","88,76K","1,94%"
"04.10.2022","155,000","159,500","160,000","146,000","207,28K","-0,16%"
"03.10.2022","155,250","158,000","158,000","152,000","102,87K","2,14%"
"30.09.2022","152,000","153,000","157,750","151,500","46,37K","-0,82%"
"29.09.2022","153,250","151,000","156,000","145,500","66,21K","-0,33%"
"28.09.2022","153,750","150,000","153,750","148,000","121,75K","1,82%"
"27.09.2022","151,000","149,250","155,000","144,000","129,67K","0,00%"
"26.09.2022","151,000","159,250","160,500","148,000","146,00K","-6,07%"
"23.09.2022","160,750","164,000","165,000","155,500","235,05K","-3,16%"
"22.09.2022","166,000","169,500","171,750","165,000","74,47K","-0,60%"
"21.09.2022","167,000","171,000","172,750","165,500","104,68K","-3,47%"
"20.09.2022","173,000","178,000","178,000","168,000","56,23K","-2,26%"
"19.09.2022","177,000","174,500","177,000","168,000","116,31K","1,43%"
"16.09.2022","174,500","174,000","177,000","171,000","55,64K","1,45%"
"15.09.2022","172,000","175,750","177,000","166,500","179,00K","-0,29%"
"14.09.2022","172,500","168,000","173,500","165,000","202,79K","2,68%"
"13.09.2022","168,000","170,750","171,750","166,250","87,55K","-0,88%"
"12.09.2022","169,500","169,250","173,000","166,000","237,03K","0,00%"
"09.09.2022","169,500","169,750","170,000","165,750","207,03K","2,11%"
"08.09.2022","166,000","170,000","171,750","162,250","283,77K","-1,34%"
"07.09.2022","168,250","157,500","168,250","154,000","233,08K","7,51%"
"06.09.2022","156,500","155,250","156,750","151,500","93,81K","0,81%"
"05.09.2022","155,250","151,000","155,500","145,000","111,50K","2,64%"
"01.09.2022","151,250","150,000","154,000","143,250","146,25K","0,17%"
"31.08.2022","151,000","156,750","159,750","150,000","160,24K","-4,43%"
"30.08.2022","158,000","163,000","163,000","157,500","163,09K","-3,07%"
"29.08.2022","163,000","160,500","170,000","157,000","299,05K","2,03%"
"26.08.2022","159,750","160,250","162,750","151,000","173,79K","0,47%"
"25.08.2022","159,000","154,000","163,000","151,000","273,59K","2,91%"
"24.08.2022","154,500","145,000","160,000","144,000","452,31K","5,64%"
"23.08.2022","146,250","141,000","146,500","139,000","281,97K","4,84%"
"22.08.2022","139,500","138,000","141,000","136,500","190,61K","-1,76%"
"19.08.2022","142,000","141,750","145,000","136,750","356,32K","-0,18%"
"18.08.2022","142,250","134,000","143,000","130,000","356,26K","7,77%"
"17.08.2022","132,000","128,000","133,000","124,250","294,71K","3,13%"
"16.08.2022","128,000","130,000","132,000","125,750","116,79K","-2,10%"
"12.08.2022","130,750","133,250","133,500","128,500","240,16K","-0,95%"
"11.08.2022","132,000","130,500","134,500","127,000","292,99K","2,52%"
"10.08.2022","128,750","131,000","132,000","125,000","256,83K","0,19%"
"09.08.2022","128,500","134,750","134,750","128,000","319,01K","-4,99%"
"08.08.2022","135,250","129,500","139,000","129,500","608,20K","4,84%"
"05.08.2022","129,000","118,000","130,500","116,750","1,16M","10,73%"
"04.08.2022","116,500","113,500","116,500","111,000","281,27K","3,10%"
"03.08.2022","113,000","113,250","113,500","110,500","178,90K","0,22%"
"02.08.2022","112,750","112,000","115,000","111,000","123,57K","-0,22%"
"01.08.2022","113,000","113,000","115,000","109,750","512,80K","0,00%"
"29.07.2022","113,000","118,000","119,500","110,250","496,17K","-4,03%"
"28.07.2022","117,750","115,000","119,000","110,000","461,36K","3,29%"
"27.07.2022","114,000","108,250","115,000","103,000","316,80K","6,54%"
"26.07.2022","107,000","108,500","110,500","104,000","304,36K","-1,15%"
"25.07.2022","108,250","104,000","109,750","103,250","290,87K","3,59%"
"22.07.2022","104,500","101,500","105,000","98,100","347,77K","3,21%"
"21.07.2022","101,250","97,300","103,000","93,500","426,02K","3,53%"
"20.07.2022","97,800","95,200","98,000","92,700","329,15K","2,52%"
"19.07.2022","95,400","92,000","98,000","88,700","472,55K","4,84%"
"18.07.2022","91,000","90,900","92,000","89,600","184,53K","2,13%"
"15.07.2022","89,100","88,700","89,900","86,600","143,04K","2,06%"
"14.07.2022","87,300","87,900","88,000","85,300","174,08K","-0,80%"
"13.07.2022","88,000","90,900","91,000","87,400","255,90K","-1,57%"
"12.07.2022","89,400","89,900","91,000","87,300","211,48K","-0,78%"
"11.07.2022","90,100","91,900","92,000","82,500","350,13K","-0,99%"
"08.07.2022","91,000","87,200","92,000","86,600","476,39K","5,20%"
"07.07.2022","86,500","82,200","87,900","82,200","649,32K","6,13%"
"06.07.2022","81,500","82,000","82,000","78,500","525,89K","0,74%"
"05.07.2022","80,900","80,400","84,000","80,000","382,97K","1,13%"
"04.07.2022","80,000","81,900","82,800","76,000","461,86K","-4,99%"
"01.07.2022","84,200","83,500","84,500","82,700","169,07K","1,45%"
"30.06.2022","83,000","82,300","83,600","81,100","289,87K","0,73%"
"29.06.2022","82,400","81,000","82,500","79,100","255,60K","3,13%"
"28.06.2022","79,900","75,100","80,000","75,100","238,04K","3,10%"
"27.06.2022","77,500","74,000","78,000","74,000","335,89K","4,45%"
"24.06.2022","74,200","75,900","76,600","73,100","547,73K","-1,07%"
"23.06.2022","75,000","81,800","81,800","74,400","512,55K","-6,25%"
"22.06.2022","80,000","84,000","84,600","79,500","350,19K","-4,53%"
"21.06.2022","83,800","82,500","85,000","82,200","78,14K","3,46%"
"16.06.2022","81,000","87,500","87,700","80,000","298,27K","-7,53%"
"15.06.2022","87,600","86,500","89,000","86,500","135,93K","1,04%"
"14.06.2022","86,700","87,900","88,000","85,500","379,24K","3,58%"
"13.06.2022","83,700","91,700","91,700","83,700","318,79K","-8,32%"
"10.06.2022","91,300","89,800","91,600","88,000","75,08K","1,33%"
"09.06.2022","90,100","92,300","92,900","89,500","344,15K","-3,94%"
"08.06.2022","93,800","95,900","98,800","91,100","176,69K","-2,29%"
"07.06.2022","96,000","96,800","97,700","95,200","36,60K","-0,93%"
"06.06.2022","96,900","103,000","104,000","95,900","546,43K","-4,06%"
"03.06.2022","101,000","98,000","102,250","97,000","374,55K","2,54%"
"02.06.2022","98,500","93,600","98,900","93,600","43,05K","2,39%"
"01.06.2022","96,200","97,000","97,900","93,500","119,97K","-0,82%"
"31.05.2022","97,000","99,500","100,500","96,000","190,27K","-3,72%"
"30.05.2022","100,750","100,250","101,250","99,200","134,79K","1,05%"
"27.05.2022","99,700","99,700","101,250","99,000","205,91K","1,22%"
"26.05.2022","98,500","93,100","100,000","93,100","781,33K","7,07%"
"24.05.2022","92,000","89,100","92,400","87,500","152,10K","4,07%"
"23.05.2022","88,400","88,400","90,500","87,500","169,22K","0,11%"
"20.05.2022","88,300","90,700","91,500","87,000","88,85K","-2,65%"
"19.05.2022","90,700","90,600","92,800","88,700","164,29K","-1,41%"
"17.05.2022","92,000","93,400","94,600","91,000","171,43K","-0,76%"
"16.05.2022","92,700","93,100","94,500","91,200","192,49K","0,65%"
"13.05.2022","92,100","91,400","94,100","91,000","120,67K","0,77%"
"12.05.2022","91,400","93,000","93,400","90,000","101,07K","-1,93%"
"11.05.2022","93,200","92,000","94,600","92,000","96,83K","1,30%"
"10.05.2022","92,000","92,000","95,000","90,600","24,88K","0,44%"
"09.05.2022","91,600","93,500","95,900","88,500","76,52K","-4,58%"
"06.05.2022","96,000","94,900","97,100","93,500","118,38K","0,52%"
"05.05.2022","95,500","98,900","98,900","95,100","191,11K","-2,05%"
"04.05.2022","97,500","97,000","100,000","96,100","253,82K","-0,91%"
"03.05.2022","98,400","96,200","100,000","95,600","281,73K","0,72%"
"02.05.2022","97,700","98,600","101,750","95,300","76,46K","-1,81%"
"29.04.2022","99,500","103,750","104,000","98,500","45,08K","-2,45%"
"28.04.2022","102,000","101,000","104,000","99,600","163,55K","0,99%"
"27.04.2022","101,000","99,400","104,000","98,100","161,11K","0,50%"
"26.04.2022","100,500","100,000","102,000","99,000","173,49K","-0,50%"
"25.04.2022","101,000","100,000","103,000","99,000","118,43K","-1,70%"
"22.04.2022","102,750","103,000","105,000","101,000","175,68K","-0,72%"
"21.04.2022","103,500","106,250","107,750","101,250","206,41K","-2,13%"
"20.04.2022","105,750","111,750","111,750","105,000","159,06K","-4,08%"
"19.04.2022","110,250","110,000","111,500","109,000","40,88K","-0,90%"
"18.04.2022","111,250","112,000","113,500","110,000","114,39K","-0,89%"
"13.04.2022","112,250","112,750","112,750","109,000","82,30K","0,22%"
"12.04.2022","112,000","110,500","113,750","110,500","35,02K","-0,44%"
"11.04.2022","112,500","113,500","114,500","110,750","96,78K","-0,88%"
"08.04.2022","113,500","114,000","114,000","111,000","229,87K","0,89%"
"07.04.2022","112,500","112,750","112,750","110,000","119,95K","1,12%"
"06.04.2022","111,250","110,000","111,500","105,000","113,67K","-0,22%"
"05.04.2022","111,500","110,000","114,000","110,000","79,38K","-1,33%"
"04.04.2022","113,000","111,750","113,250","111,000","255,67K","1,12%"
"01.04.2022","111,750","105,500","111,750","105,500","232,04K","5,42%"
"31.03.2022","106,000","105,000","108,000","104,250","85,61K","-0,70%"
"30.03.2022","106,750","105,500","108,000","104,000","115,91K","-0,23%"
"29.03.2022","107,000","110,000","111,500","104,750","216,25K","-3,60%"
"28.03.2022","111,000","112,000","112,000","108,000","249,04K","-0,45%"
"25.03.2022","111,500","103,000","112,000","102,750","311,46K","9,85%"
"23.03.2022","101,500","101,000","103,000","100,000","100,16K","1,00%"
"22.03.2022","100,500","102,750","103,250","100,000","109,73K","-2,19%"
"21.03.2022","102,750","101,500","104,750","101,500","60,73K","1,73%"
"18.03.2022","101,000","104,500","106,250","99,000","100,85K","-2,88%"
"17.03.2022","104,000","105,000","105,000","101,000","108,78K","-0,48%"
"16.03.2022","104,500","100,000","104,500","98,500","186,80K","3,98%"
"15.03.2022","100,500","99,000","103,000","96,000","183,68K","-1,95%"
"14.03.2022","102,500","108,000","110,000","99,700","181,46K","-4,65%"
"11.03.2022","107,500","114,000","118,000","106,750","227,19K","-3,15%"
"10.03.2022","111,000","110,000","112,000","106,000","104,15K","0,91%"
"09.03.2022","110,000","115,750","115,750","105,250","186,97K","-3,93%"
"08.03.2022","114,500","115,000","116,250","113,000","128,06K","0,22%"
"07.03.2022","114,250","115,000","116,250","110,000","166,09K","0,22%"
"04.03.2022","114,000","111,250","114,250","108,500","146,20K","1,79%"
"03.03.2022","112,000","113,000","113,000","107,500","262,94K","0,45%"
"02.03.2022","111,500","108,000","112,000","106,000","178,66K","2,06%"
"25.02.2022","109,250","112,000","112,000","107,500","170,54K","-1,58%"
"24.02.2022","111,000","113,750","113,750","104,000","241,99K","-4,72%"
"23.02.2022","116,500","117,250","117,500","111,250","350,31K","0,43%"
"22.02.2022","116,000","117,500","119,250","112,250","235,32K","-1,07%"
"21.02.2022","117,250","115,000","119,500","112,250","471,78K","1,96%"
"18.02.2022","115,000","108,000","115,250","102,000","861,45K","7,73%"
"17.02.2022","106,750","108,500","109,500","104,250","355,69K","-1,84%"
"16.02.2022","108,750","98,500","109,000","95,100","293,62K","10,74%"
"15.02.2022","98,200","97,000","98,500","96,000","58,28K","0,72%"
"14.02.2022","97,500","100,000","101,000","96,000","53,19K","-1,52%"
"11.02.2022","99,000","94,000","99,100","93,500","109,40K","3,23%"
"10.02.2022","95,900","98,500","101,500","93,500","111,97K","-2,14%"
"09.02.2022","98,000","101,000","104,000","98,000","120,42K","-3,92%"
"08.02.2022","102,000","102,000","103,250","100,000","297,75K","1,49%"
"07.02.2022","100,500","96,000","101,000","92,000","300,72K","5,79%"
"04.02.2022","95,000","97,500","97,500","93,400","183,48K","-2,06%"
"03.02.2022","97,000","99,600","99,800","95,200","150,06K","-3,24%"
"02.02.2022","100,250","103,250","103,250","98,100","479,84K","1,26%"
"01.02.2022","99,000","92,900","101,000","87,000","573,64K","5,32%"
"31.01.2022","94,000","87,500","95,000","87,500","264,46K","9,68%"
"28.01.2022","85,700","83,500","85,700","81,700","409,87K","8,21%"
"27.01.2022","79,200","80,000","82,300","78,200","74,55K","-0,88%"
"26.01.2022","79,900","81,000","83,000","79,500","186,59K","-1,36%"
"25.01.2022","81,000","77,500","81,000","76,900","174,27K","5,33%"
"24.01.2022","76,900","82,900","82,900","76,000","202,35K","-7,35%"
"21.01.2022","83,000","83,500","86,000","82,500","165,34K","-3,49%"
"20.01.2022","86,000","86,200","87,300","84,700","101,14K","0,58%"
"19.01.2022","85,500","86,900","86,900","83,500","76,64K","1,79%"
"18.01.2022","84,000","87,700","88,000","83,500","113,09K","-4,22%"
"17.01.2022","87,700","88,800","92,400","87,100","81,93K","-1,35%"
"14.01.2022","88,900","91,000","91,200","88,600","46,58K","-1,33%"
"13.01.2022","90,100","90,100","91,500","88,500","110,10K","-0,44%"
"12.01.2022","90,500","90,900","91,000","90,000","71,20K","-0,44%"
"11.01.2022","90,900","91,500","91,900","90,100","57,05K","-0,66%"
"10.01.2022","91,500","91,500","92,600","89,500","65,53K","-0,11%"
"07.01.2022","91,600","93,200","93,200","90,800","49,63K","-2,24%"
"06.01.2022","93,700","97,000","97,000","93,300","39,54K","-1,68%"
"05.01.2022","95,300","97,100","98,000","95,000","54,78K","-1,24%"
"04.01.2022","96,500","94,500","98,800","93,000","164,50K","-0,31%"
"03.01.2022","96,800","95,000","96,800","93,100","87,27K","2,11%"
"30.12.2021","94,800","93,600","96,000","91,000","123,56K","1,07%"
"29.12.2021","93,800","90,000","93,800","90,000","61,96K","3,08%"
"28.12.2021","91,000","94,000","95,000","90,000","79,17K","-2,99%"
"27.12.2021","93,800","95,000","95,400","90,000","148,93K","0,97%"
"23.12.2021","92,900","95,500","96,500","92,500","80,54K","-4,03%"
"22.12.2021","96,800","98,600","98,700","94,000","71,83K","-0,21%"
"21.12.2021","97,000","99,800","99,800","96,600","135,13K","-3,48%"
"20.12.2021","100,500","98,500","100,500","93,800","184,85K","1,72%"
"17.12.2021","98,800","99,000","99,000","95,200","168,12K","-0,20%"
"16.12.2021","99,000","94,000","99,000","93,500","142,25K","5,54%"
"15.12.2021","93,800","94,000","95,400","89,900","127,49K","-2,29%"
"14.12.2021","96,000","92,800","96,000","88,200","110,68K","1,05%"
"13.12.2021","95,000","99,200","99,200","90,000","105,97K","-1,55%"
"10.12.2021","96,500","94,500","96,700","90,100","152,25K","2,66%"
"09.12.2021","94,000","99,300","100,250","93,600","212,93K","-5,24%"
"07.12.2021","99,200","101,000","102,500","98,100","244,62K","-0,30%"
"06.12.2021","99,500","98,000","101,000","97,500","175,58K","2,26%"
"03.12.2021","97,300","98,000","99,800","95,600","234,26K","1,14%"
"02.12.2021","96,200","95,000","99,700","94,200","354,41K","2,34%"
"01.12.2021","94,000","87,000","95,000","87,000","433,60K","8,05%"
"30.11.2021","87,000","83,200","87,000","82,500","109,94K","4,32%"
"29.11.2021","83,400","83,500","86,000","82,600","51,28K","0,00%"
"26.11.2021","83,400","86,000","87,000","79,000","90,87K","-5,66%"
"25.11.2021","88,400","88,000","88,500","86,100","48,49K","0,45%"
"24.11.2021","88,000","86,300","88,000","85,100","70,27K","1,03%"
"23.11.2021","87,100","86,900","87,500","81,500","132,96K","0,11%"
"19.11.2021","87,000","89,800","90,000","84,000","252,61K","-3,33%"
"18.11.2021","90,000","87,500","90,000","82,600","275,54K","4,05%"
"17.11.2021","86,500","85,700","88,000","81,200","413,60K","0,82%"
"16.11.2021","85,800","93,900","93,900","85,100","539,53K","-7,24%"
"15.11.2021","92,500","94,200","96,500","90,000","273,37K","-1,07%"
"12.11.2021","93,500","94,500","95,000","92,000","690,43K","0,65%"
"11.11.2021","92,900","97,500","97,500","92,000","689,37K","-3,23%"
"10.11.2021","96,000","100,000","102,000","96,000","228,55K","-4,00%"
"09.11.2021","100,000","102,500","103,000","97,000","196,08K","-1,96%"
"08.11.2021","102,000","102,250","102,250","97,700","332,26K","2,62%"
"05.11.2021","99,400","102,000","102,750","99,000","201,42K","-2,31%"
"04.11.2021","101,750","103,000","103,000","98,900","108,55K","-0,73%"
"03.11.2021","102,500","101,500","102,500","97,900","180,54K","1,23%"
"02.11.2021","101,250","98,900","102,000","98,000","184,54K","2,69%"
"01.11.2021","98,600","100,000","100,000","94,500","310,09K","1,44%"
"29.10.2021","97,200","102,000","103,250","97,000","182,53K","-4,71%"
"28.10.2021","102,000","100,500","105,000","99,000","248,55K","0,25%"
"27.10.2021","101,750","109,000","112,000","100,000","397,66K","-6,00%"
"26.10.2021","108,250","108,000","109,500","105,000","328,85K","0,70%"
"25.10.2021","107,500","105,000","109,750","103,750","363,29K","3,61%"
"22.10.2021","103,750","101,750","104,000","99,100","540,12K","3,23%"
"21.10.2021","100,500","99,000","101,000","93,000","815,45K","1,93%"
"20.10.2021","98,600","97,500","102,000","97,500","586,47K","0,82%"
"19.10.2021","97,800","94,900","97,900","94,900","156,96K","3,06%"
"18.10.2021","94,900","94,400","96,200","93,100","276,77K","-0,11%"
"15.10.2021","95,000","93,000","95,300","92,500","229,14K","1,82%"
"14.10.2021","93,300","95,500","95,500","93,100","113,02K","-2,00%"
"13.10.2021","95,200","96,000","100,000","94,100","114,48K","-0,73%"
"12.10.2021","95,900","91,800","96,000","91,800","143,22K","5,85%"
"07.10.2021","90,600","90,000","91,000","89,000","86,43K","1,80%"
"06.10.2021","89,000","90,100","90,200","88,000","84,75K","-1,22%"
"05.10.2021","90,100","88,100","90,700","88,100","79,12K","0,11%"
"04.10.2021","90,000","89,000","90,800","88,800","213,54K","1,58%"
"01.10.2021","88,600","88,000","89,300","87,000","114,45K","1,84%"
"30.09.2021","87,000","85,000","87,900","85,000","102,85K","1,75%"
"29.09.2021","85,500","84,300","85,900","82,200","107,28K","2,27%"
"28.09.2021","83,600","84,200","84,200","81,800","110,32K","-0,83%"
"27.09.2021","84,300","82,000","85,000","81,500","187,32K","3,18%"
"24.09.2021","81,700","85,900","85,900","81,200","224,33K","-3,88%"
"23.09.2021","85,000","88,000","88,000","82,000","377,56K","0,00%"
"22.09.2021","85,000","85,000","87,400","83,500","356,16K","3,28%"
"21.09.2021","82,300","83,000","84,500","82,100","129,68K","1,23%"
"20.09.2021","81,300","87,500","87,500","80,500","506,77K","-8,96%"
"17.09.2021","89,300","86,600","91,000","85,500","938,53K","3,84%"
"16.09.2021","86,000","78,900","86,000","76,300","505,35K","8,18%"
"15.09.2021","79,500","79,000","79,900","74,000","1,23M","2,05%"
"14.09.2021","77,900","79,100","79,800","75,800","422,00K","-1,27%"
"13.09.2021","78,900","81,800","85,000","76,000","1,46M","7,20%"
"10.09.2021","73,600","75,000","75,400","72,600","564,32K","-0,54%"
"09.09.2021","74,000","79,200","80,000","74,000","370,09K","-5,49%"
"08.09.2021","78,300","79,000","79,700","75,000","369,32K","0,00%"
"07.09.2021","78,300","75,000","79,800","75,000","793,12K","4,96%"
"06.09.2021","74,600","70,000","74,600","70,000","469,64K","6,27%"
"03.09.2021","70,200","71,500","71,500","69,000","201,42K","0,29%"
"02.09.2021","70,000","72,200","73,500","68,700","242,38K","-2,78%"
"01.09.2021","72,000","73,900","75,200","70,500","442,04K","-2,57%"
"31.08.2021","73,900","74,800","75,200","71,000","974,79K","-1,60%"
"30.08.2021","75,100","72,000","76,700","72,000","745,90K","5,18%"
"27.08.2021","71,400","71,500","72,500","69,700","465,06K","2,00%"
"26.08.2021","70,000","69,500","71,000","67,500","586,37K","0,00%"
"25.08.2021","70,000","69,900","71,500","67,500","879,69K","0,72%"
"24.08.2021","69,500","65,700","70,200","65,700","804,44K","5,95%"
"23.08.2021","65,600","61,100","66,400","61,100","565,47K","8,61%"
"20.08.2021","60,400","58,300","60,900","58,300","200,75K","2,90%"
"19.08.2021","58,700","59,000","59,000","56,200","270,85K","-0,34%"
"18.08.2021","58,900","57,500","60,100","57,200","196,32K","1,03%"
"17.08.2021","58,300","59,500","59,800","57,200","154,59K","-1,19%"
"13.08.2021","59,000","61,700","62,200","59,000","191,13K","-4,68%"
"12.08.2021","61,900","60,900","62,400","59,300","418,79K","1,81%"
"11.08.2021","60,800","59,100","62,000","58,200","657,51K","2,53%"
"10.08.2021","59,300","55,000","59,700","55,000","601,82K","8,21%"
"09.08.2021","54,800","53,500","56,000","52,400","273,38K","2,81%"
"06.08.2021","53,300","53,200","53,900","51,600","80,89K","0,19%"
"05.08.2021","53,200","52,800","53,200","52,100","157,06K","1,92%"
"04.08.2021","52,200","52,500","54,100","52,000","96,86K","-2,79%"
"03.08.2021","53,700","51,300","53,700","50,500","194,84K","4,68%"
"02.08.2021","51,300","53,600","53,600","51,200","151,97K","-0,19%"
"30.07.2021","51,400","53,000","53,300","51,200","202,46K","-3,02%"
"29.07.2021","53,000","53,100","53,500","52,600","264,72K","0,00%"
"28.07.2021","53,000","54,000","54,700","52,600","138,62K","-1,67%"
"27.07.2021","53,900","54,100","54,600","53,500","120,46K","-0,92%"
"26.07.2021","54,400","55,500","56,500","53,800","180,54K","-1,98%"
"23.07.2021","55,500","56,400","56,800","55,000","149,94K","-1,60%"
"22.07.2021","56,400","56,700","57,600","56,000","187,35K","0,18%"
"21.07.2021","56,300","55,900","56,500","55,600","240,38K","1,44%"
"20.07.2021","55,500","55,100","55,500","54,000","120,58K","1,09%"
"19.07.2021","54,900","54,000","55,200","52,300","136,93K","-0,18%"
"16.07.2021","55,000","55,100","55,700","54,200","178,61K","-1,61%"
"15.07.2021","55,900","55,500","57,000","54,600","125,19K","-0,36%"
"14.07.2021","56,100","57,000","57,400","55,700","297,16K","-0,53%"
"13.07.2021","56,400","56,100","57,000","55,100","148,01K","0,00%"
"12.07.2021","56,400","53,500","56,900","52,600","145,95K","4,44%"
"08.07.2021","54,000","55,900","55,900","53,700","273,10K","-3,74%"
"07.07.2021","56,100","56,000","57,200","55,800","126,11K","-0,53%"
"06.07.2021","56,400","56,500","56,500","55,700","214,14K","-0,35%"
"05.07.2021","56,600","56,000","56,900","55,200","362,23K","1,25%"
"02.07.2021","55,900","56,300","56,300","54,100","557,57K","1,64%"
"01.07.2021","55,000","57,700","57,700","54,200","405,74K","-3,68%"
"30.06.2021","57,100","57,000","57,900","55,500","308,00K","0,35%"
"29.06.2021","56,900","59,000","59,300","56,500","512,60K","-4,05%"
"28.06.2021","59,300","60,700","60,700","58,800","826,46K","-2,47%"
"25.06.2021","60,800","57,200","61,000","55,100","1,02M","1,67%"
"24.06.2021","59,800","56,100","59,800","56,000","498,92K","4,18%"
"23.06.2021","57,400","56,700","57,500","55,500","704,86K","1,59%"
"22.06.2021","56,500","58,500","58,500","56,000","548,07K","-3,42%"
"18.06.2021","58,500","56,800","58,500","54,800","754,60K","1,92%"
"17.06.2021","57,400","56,500","59,500","54,700","734,42K","2,14%"
"16.06.2021","56,200","54,000","56,500","54,000","1,25M","3,88%"
"15.06.2021","54,100","52,900","54,300","51,200","576,85K","5,46%"
"14.06.2021","51,300","50,600","52,900","50,500","1,17M","1,58%"
"11.06.2021","50,500","49,000","51,500","48,000","448,47K","-0,39%"
"10.06.2021","50,700","53,000","54,800","50,100","1,16M","-4,52%"
"09.06.2021","53,100","51,000","54,800","51,000","1,60M","3,71%"
"08.06.2021","51,200","50,300","52,000","49,350","1,16M","1,39%"
"07.06.2021","50,500","49,100","52,000","48,500","2,42M","2,02%"
"04.06.2021","49,500","47,000","49,800","46,500","911,40K","5,32%"
"03.06.2021","47,000","45,900","47,900","44,500","629,14K","1,18%"
"02.06.2021","46,450","43,000","47,000","42,600","943,68K","8,53%"
"01.06.2021","42,800","41,050","43,100","41,050","1,11M","6,34%"
"31.05.2021","40,250","39,200","40,400","38,500","342,64K","3,21%"
"28.05.2021","39,000","39,000","39,650","38,500","183,51K","1,43%"
"27.05.2021","38,450","37,450","38,850","37,300","361,07K","3,64%"
"26.05.2021","37,100","36,250","37,300","35,700","206,57K","1,92%"
"21.05.2021","36,400","36,800","36,950","35,900","173,70K","-1,49%"
"20.05.2021","36,950","36,650","37,400","36,000","351,82K","0,82%"
"19.05.2021","36,650","36,500","37,700","36,000","55,29K","-1,21%"
"18.05.2021","37,100","38,250","38,250","36,600","219,95K","-2,37%"
"17.05.2021","38,000","38,000","38,350","36,150","223,50K","-0,65%"
"14.05.2021","38,250","37,200","38,500","37,000","307,35K","2,82%"
"13.05.2021","37,200","37,100","37,550","35,800","152,44K","0,27%"
"12.05.2021","37,100","36,950","37,600","35,600","177,29K","1,78%"
"11.05.2021","36,450","37,000","37,000","36,200","44,20K","-2,15%"
"10.05.2021","37,250","36,500","37,550","36,200","190,66K","1,50%"
"07.05.2021","36,700","36,500","36,900","36,200","92,43K","1,38%"
"06.05.2021","36,200","37,100","37,100","35,900","54,23K","-1,09%"
"05.05.2021","36,600","36,600","37,150","36,500","136,17K","-0,27%"
"04.05.2021","36,700","35,500","37,500","33,800","927,14K","2,80%"
"03.05.2021","35,700","35,050","36,950","35,050","58,36K","-1,79%"
"30.04.2021","36,350","36,050","37,450","36,050","98,65K","-1,49%"
"29.04.2021","36,900","36,500","37,750","36,050","104,35K","1,10%"
"28.04.2021","36,500","36,950","37,000","35,650","278,67K","-1,35%"
"27.04.2021","37,000","36,500","37,050","36,000","168,22K","1,37%"
"26.04.2021","36,500","36,650","37,600","35,500","216,00K","-3,18%"
"23.04.2021","37,700","35,400","37,850","34,600","336,10K","6,80%"
"22.04.2021","35,300","34,600","35,750","33,100","491,24K","1,44%"
"21.04.2021","34,800","32,350","35,000","31,050","538,92K","10,13%"
"20.04.2021","31,600","32,100","32,450","31,000","201,91K","-2,77%"
"19.04.2021","32,500","33,200","33,200","32,000","90,25K","0,00%"
"16.04.2021","32,500","32,000","32,900","31,350","112,09K","1,56%"
"15.04.2021","32,000","33,000","33,900","30,650","220,86K","-3,32%"
"14.04.2021","33,100","33,500","34,300","32,900","74,64K","-0,30%"
"13.04.2021","33,200","33,150","34,300","32,800","58,71K","-1,34%"
"12.04.2021","33,650","34,450","34,500","32,550","134,12K","-1,46%"
"09.04.2021","34,150","33,800","34,300","33,600","52,36K","-0,15%"
"08.04.2021","34,200","34,300","34,650","34,050","133,32K","-0,15%"
"07.04.2021","34,250","35,500","35,500","33,600","410,48K","-2,14%"
"06.04.2021","35,000","33,500","35,000","33,100","343,57K","5,42%"
"05.04.2021","33,200","33,400","34,200","32,550","223,63K","-1,34%"
"31.03.2021","33,650","34,900","34,900","33,100","209,35K","-1,90%"
"30.03.2021","34,300","34,000","34,750","33,900","56,36K","1,03%"
"29.03.2021","33,950","33,000","34,400","32,950","99,27K","2,26%"
"26.03.2021","33,200","34,100","35,000","32,200","129,08K","-1,63%"
"25.03.2021","33,750","35,500","36,000","33,700","194,49K","-6,12%"
"23.03.2021","35,950","37,000","37,000","35,600","63,86K","-2,04%"
"22.03.2021","36,700","36,000","36,950","35,300","146,38K","0,55%"
"19.03.2021","36,500","36,500","37,250","36,300","120,16K","0,00%"
"18.03.2021","36,500","37,850","37,850","35,900","185,58K","-3,44%"
"17.03.2021","37,800","38,000","38,500","37,700","149,91K","-2,33%"
"16.03.2021","38,700","39,850","39,850","38,000","53,49K","-1,65%"
"15.03.2021","39,350","37,700","39,400","37,400","276,57K","4,93%"
"12.03.2021","37,500","37,900","37,900","35,900","418,68K","0,13%"
"11.03.2021","37,450","36,800","37,500","36,200","180,48K","2,60%"
"10.03.2021","36,500","37,100","38,500","34,000","470,38K","-0,82%"
"09.03.2021","36,800","37,550","38,000","36,600","242,93K","-3,16%"
"08.03.2021","38,000","39,000","39,800","38,000","86,33K","-2,69%"
"05.03.2021","39,050","38,400","40,000","38,050","272,56K","-2,38%"
"04.03.2021","40,000","40,300","40,300","38,700","175,78K","-1,23%"
"03.03.2021","40,500","40,300","41,150","39,700","126,97K","0,50%"
"02.03.2021","40,300","41,800","41,800","40,150","101,46K","-2,66%"
"01.03.2021","41,400","41,400","41,800","40,000","124,32K","0,24%"
"26.02.2021","41,300","41,000","42,050","41,000","93,72K","-1,90%"
"25.02.2021","42,100","41,100","43,850","41,100","40,88K","-1,98%"
"24.02.2021","42,950","41,900","43,000","41,800","162,76K","2,51%"
"23.02.2021","41,900","43,000","43,900","41,000","101,34K","-1,64%"
"22.02.2021","42,600","44,900","44,900","42,600","55,11K","-4,48%"
"19.02.2021","44,600","44,500","44,800","43,100","241,51K","0,00%"
"18.02.2021","44,600","43,950","44,600","42,100","217,78K","1,36%"
"17.02.2021","44,000","42,300","44,000","42,300","240,91K","3,29%"
"12.02.2021","42,600","41,600","43,250","41,000","111,47K","0,00%"
"11.02.2021","42,600","43,000","43,500","41,000","73,33K","-0,93%"
"10.02.2021","43,000","42,500","43,100","41,500","51,52K","-0,12%"
"09.02.2021","43,050","42,800","43,900","42,500","92,35K","0,47%"
"08.02.2021","42,850","41,300","43,150","41,300","198,46K","3,25%"
"05.02.2021","41,500","41,400","42,250","41,000","63,06K","0,00%"
"04.02.2021","41,500","42,250","42,350","41,050","124,52K","-1,66%"
"03.02.2021","42,200","42,000","42,200","41,500","155,44K","0,36%"
"02.02.2021","42,050","41,450","42,100","40,600","97,67K","1,08%"
"01.02.2021","41,600","42,000","42,500","41,200","54,46K","-0,36%"
"29.01.2021","41,750","41,500","42,000","40,050","279,52K","2,58%"
"28.01.2021","40,700","40,000","41,600","39,000","185,88K","1,88%"
"27.01.2021","39,950","38,800","39,950","37,700","198,48K","5,41%"
"26.01.2021","37,900","37,600","38,050","37,050","113,20K","0,66%"
"25.01.2021","37,650","37,750","38,500","36,450","142,29K","-0,13%"
"22.01.2021","37,700","36,700","38,300","35,700","157,98K","2,45%"
"21.01.2021","36,800","38,500","38,500","36,450","373,12K","-4,66%"
"20.01.2021","38,600","39,100","39,750","37,300","284,84K","-1,28%"
"19.01.2021","39,100","39,200","39,600","38,900","72,40K","0,00%"
"18.01.2021","39,100","40,300","40,550","38,700","105,21K","-1,51%"
"15.01.2021","39,700","40,500","40,700","39,050","168,35K","-1,98%"
"14.01.2021","40,500","40,900","40,900","40,100","147,64K","0,00%"
"13.01.2021","40,500","40,750","41,700","40,400","99,34K","-2,29%"
"12.01.2021","41,450","40,300","42,150","40,100","225,97K","1,10%"
"11.01.2021","41,000","41,000","41,500","40,400","214,36K","-0,85%"
"08.01.2021","41,350","42,400","42,650","41,300","83,21K","-2,36%"
"07.01.2021","42,350","42,950","42,950","41,750","72,60K","-0,35%"
"06.01.2021","42,500","43,400","43,400","41,500","113,30K","-1,16%"
"05.01.2021","43,000","41,000","43,000","41,000","107,00K","4,88%"
"04.01.2021","41,000","41,800","42,000","40,800","133,86K","-1,91%"
"30.12.2020","41,800","43,600","43,600","41,800","385,38K","-2,79%"
"29.12.2020","43,000","42,000","43,500","41,800","213,06K","3,24%"
"28.12.2020","41,650","42,800","42,950","41,200","79,74K","-1,54%"
"23.12.2020","42,300","42,000","43,000","40,600","319,25K","1,08%"
"22.12.2020","41,850","40,500","42,000","40,150","262,84K","0,60%"
"21.12.2020","41,600","42,450","42,450","40,000","147,01K","-2,35%"
"18.12.2020","42,600","43,000","44,000","42,600","265,84K","-1,16%"
"17.12.2020","43,100","43,400","44,000","43,000","218,62K","-1,15%"
"16.12.2020","43,600","44,700","44,700","43,550","106,24K","-0,91%"
"15.12.2020","44,000","44,500","45,500","43,250","142,54K","-1,90%"
"14.12.2020","44,850","45,500","45,500","44,500","262,62K","0,11%"
"11.12.2020","44,800","43,350","45,450","43,350","188,80K","3,70%"
"10.12.2020","43,200","42,500","44,300","42,400","249,75K","0,23%"
"09.12.2020","43,100","44,300","44,300","42,500","322,35K","-2,82%"
"04.12.2020","44,350","46,500","46,500","43,000","165,99K","-3,17%"
"03.12.2020","45,800","46,400","46,400","45,750","147,74K","0,22%"
"02.12.2020","45,700","46,450","46,450","45,400","142,93K","-0,65%"
"01.12.2020","46,000","45,500","46,500","45,200","127,11K","1,77%"
"30.11.2020","45,200","46,850","46,850","44,500","132,56K","-3,32%"
"27.11.2020","46,750","47,000","47,000","45,500","173,67K","0,65%"
"26.11.2020","46,450","46,400","46,800","45,500","244,77K","1,20%"
"25.11.2020","45,900","43,150","46,350","43,100","420,74K","6,74%"
"24.11.2020","43,000","42,950","44,600","42,600","328,66K","1,30%"
"20.11.2020","42,450","42,800","42,800","42,000","160,30K","-0,12%"
"19.11.2020","42,500","43,200","43,300","42,100","122,94K","-1,62%"
"18.11.2020","43,200","43,000","43,300","42,050","563,80K","1,17%"
"17.11.2020","42,700","42,800","42,900","42,050","283,75K","0,00%"
"16.11.2020","42,700","43,450","43,950","42,500","296,37K","0,47%"
"13.11.2020","42,500","44,700","44,700","42,500","294,86K","-3,19%"
"12.11.2020","43,900","46,000","46,000","43,600","98,38K","-3,94%"
"11.11.2020","45,700","46,450","46,500","45,200","272,79K","-0,33%"
"10.11.2020","45,850","45,900","46,000","44,800","551,21K","0,99%"
"09.11.2020","45,400","45,300","47,000","44,800","484,13K","2,71%"
"06.11.2020","44,200","44,800","44,800","42,000","99,26K","0,45%"
"05.11.2020","44,000","44,900","44,900","43,600","162,86K","-0,45%"
"04.11.2020","44,200","44,950","45,250","42,700","170,34K","0,57%"
"03.11.2020","43,950","44,000","45,900","43,600","155,69K","0,92%"
"02.11.2020","43,550","41,400","43,600","41,400","210,47K","4,44%"
"30.10.2020","41,700","42,000","43,200","41,050","99,20K","-1,88%"
"29.10.2020","42,500","40,300","42,850","39,600","198,95K","4,94%"
"28.10.2020","40,500","42,700","43,100","39,350","243,71K","-5,81%"
"27.10.2020","43,000","45,050","45,600","42,000","429,08K","-5,49%"
"26.10.2020","45,500","49,500","49,500","43,000","304,48K","-7,52%"
"23.10.2020","49,200","49,600","49,600","47,000","353,55K","-0,20%"
"22.10.2020","49,300","49,600","50,100","47,600","369,69K","-1,10%"
"21.10.2020","49,850","48,300","49,900","48,000","587,17K","3,00%"
"20.10.2020","48,400","46,600","48,600","45,500","514,61K","4,20%"
"19.10.2020","46,450","43,400","48,000","43,400","982,56K","7,03%"
"16.10.2020","43,400","43,000","43,800","41,750","274,77K","2,60%"
"14.10.2020","42,300","41,000","42,500","41,000","338,92K","2,30%"
"13.10.2020","41,350","40,000","41,450","38,600","387,57K","5,08%"
"09.10.2020","39,350","39,000","40,050","38,100","253,38K","0,90%"
"08.10.2020","39,000","38,200","39,200","38,000","134,03K","1,56%"
"07.10.2020","38,400","38,000","38,650","36,700","378,05K","1,32%"
"06.10.2020","37,900","39,200","39,200","37,200","214,72K","-1,56%"
"05.10.2020","38,500","38,600","39,250","38,200","110,89K","-0,39%"
"02.10.2020","38,650","38,000","38,650","36,550","116,19K","1,98%"
"01.10.2020","37,900","36,700","37,950","36,450","170,31K","4,70%"
"30.09.2020","36,200","37,550","38,050","36,150","111,87K","-2,82%"
"29.09.2020","37,250","38,000","38,000","37,100","92,28K","0,13%"
"28.09.2020","37,200","38,000","38,800","36,500","175,75K","-2,87%"
"25.09.2020","38,300","37,450","38,400","36,200","201,91K","4,93%"
"24.09.2020","36,500","35,900","37,050","35,000","342,16K","4,29%"
"23.09.2020","35,000","33,000","35,000","32,700","200,72K","6,38%"
"22.09.2020","32,900","33,750","34,400","32,500","376,78K","-4,50%"
"21.09.2020","34,450","34,800","34,800","33,600","313,80K","-2,13%"
"18.09.2020","35,200","33,500","36,300","33,500","334,29K","3,83%"
"17.09.2020","33,900","36,100","36,550","33,500","402,23K","-7,12%"
"16.09.2020","36,500","39,000","39,000","36,000","588,12K","-7,59%"
"15.09.2020","39,500","40,450","40,450","38,500","155,85K","-1,74%"
"14.09.2020","40,200","42,150","42,500","38,150","108,77K","-4,06%"
"11.09.2020","41,900","41,500","42,050","41,250","138,66K","0,84%"
"10.09.2020","41,550","42,000","42,150","41,150","156,53K","0,36%"
"09.09.2020","41,400","41,950","41,950","41,300","91,71K","1,22%"
"08.09.2020","40,900","42,000","42,000","40,000","91,13K","-3,99%"
"07.09.2020","42,600","42,950","43,000","42,500","120,38K","1,91%"
"04.09.2020","41,800","40,300","42,200","39,250","205,58K","5,03%"
"03.09.2020","39,800","39,000","41,200","39,000","130,43K","-1,49%"
"02.09.2020","40,400","42,000","42,000","38,750","164,57K","-4,60%"
"01.09.2020","42,350","44,100","44,100","41,800","115,73K","-1,51%"
"31.08.2020","43,000","43,500","44,150","41,500","198,00K","0,35%"
"28.08.2020","42,850","41,700","43,200","41,300","467,35K","2,51%"
"27.08.2020","41,800","42,800","43,600","41,300","157,19K","-2,90%"
"26.08.2020","43,050","43,050","44,200","42,400","204,12K","-0,58%"
"25.08.2020","43,300","45,000","45,000","41,750","254,97K","-3,13%"
"24.08.2020","44,700","45,150","46,000","42,500","314,39K","-0,89%"
"21.08.2020","45,100","45,250","46,200","44,700","411,30K","0,78%"
"20.08.2020","44,750","45,500","45,500","44,000","227,63K","-1,43%"
"19.08.2020","45,400","44,500","46,250","44,500","468,85K","2,71%"
"18.08.2020","44,200","45,500","45,500","42,100","406,75K","-3,60%"
"14.08.2020","45,850","45,100","47,200","43,000","1,18M","1,44%"
"13.08.2020","45,200","41,350","45,500","41,350","1,68M","9,05%"
"12.08.2020","41,450","42,400","42,500","40,150","516,46K","-1,31%"
"11.08.2020","42,000","42,000","43,000","41,550","1,03M","1,69%"
"10.08.2020","41,300","42,500","42,750","40,700","355,02K","-1,43%"
"07.08.2020","41,900","41,850","42,000","41,250","500,01K","0,96%"
"06.08.2020","41,500","40,800","41,900","40,800","163,93K","1,47%"
"05.08.2020","40,900","41,850","43,100","40,300","381,46K","-0,97%"
"04.08.2020","41,300","44,000","44,000","40,500","1,14M","1,60%"
"03.08.2020","40,650","38,500","40,900","37,500","950,31K","6,00%"
"31.07.2020","38,350","37,500","38,700","37,000","385,67K","3,09%"
"30.07.2020","37,200","36,950","37,350","35,400","606,17K","1,22%"
"29.07.2020","36,750","37,650","38,300","36,000","805,78K","-2,39%"
"28.07.2020","37,650","39,000","39,400","37,300","459,54K","-3,71%"
"27.07.2020","39,100","40,000","40,600","38,750","318,49K","-1,01%"
"24.07.2020","39,500","39,750","40,100","38,700","333,99K","-1,62%"
"23.07.2020","40,150","42,500","42,900","39,600","844,75K","-4,06%"
"22.07.2020","41,850","40,100","42,000","39,750","515,66K","5,15%"
"21.07.2020","39,800","38,500","39,900","38,000","456,18K","3,38%"
"20.07.2020","38,500","39,500","39,500","38,500","214,93K","-2,53%"
"17.07.2020","39,500","40,000","40,500","38,700","369,26K","-1,25%"
"16.07.2020","40,000","40,700","40,750","39,500","171,56K","-1,84%"
"15.07.2020","40,750","41,500","41,750","40,050","344,66K","-1,09%"
"14.07.2020","41,200","41,400","41,800","36,000","535,68K","-0,72%"
"13.07.2020","41,500","41,000","42,300","40,900","400,62K","1,97%"
"08.07.2020","40,700","38,800","41,000","38,100","660,52K","5,17%"
"07.07.2020","38,700","38,000","38,900","37,000","578,66K","1,84%"
"06.07.2020","38,000","37,000","38,400","36,500","696,49K","8,88%"
"03.07.2020","34,900","34,000","35,000","33,400","305,48K","5,12%"
"02.07.2020","33,200","33,600","33,900","32,600","275,83K","2,63%"
"01.07.2020","32,350","32,400","32,850","31,400","189,91K","-0,15%"
"30.06.2020","32,400","33,000","33,650","31,100","118,38K","-2,99%"
"29.06.2020","33,400","32,600","34,000","32,600","108,37K","1,52%"
"26.06.2020","32,900","33,950","33,950","32,300","77,61K","-2,81%"
"25.06.2020","33,850","31,900","33,850","31,900","151,34K","5,95%"
"24.06.2020","31,950","32,900","32,900","30,750","187,76K","-1,08%"
"23.06.2020","32,300","33,500","34,050","32,300","514,30K","-2,12%"
"22.06.2020","33,000","35,000","35,950","32,200","434,36K","-5,71%"
"19.06.2020","35,000","33,150","35,000","33,000","347,10K","6,22%"
"18.06.2020","32,950","33,950","33,950","32,000","554,56K","-6,13%"
"17.06.2020","35,100","37,200","37,200","35,050","270,20K","-5,65%"
"16.06.2020","37,200","37,000","37,950","36,250","324,90K","0,54%"
"12.06.2020","37,000","36,400","37,500","34,200","701,72K","3,64%"
"11.06.2020","35,700","37,900","37,900","35,050","499,16K","-4,29%"
"10.06.2020","37,300","37,250","38,100","36,200","397,78K","-0,53%"
"09.06.2020","37,500","38,750","39,550","36,750","723,63K","-3,85%"
"08.06.2020","39,000","36,300","39,900","36,300","707,27K","8,64%"
"05.06.2020","35,900","36,200","37,000","35,500","781,45K","1,13%"
"04.06.2020","35,500","36,500","37,300","34,200","482,93K","-1,80%"
"03.06.2020","36,150","34,200","37,900","34,200","1,04M","6,32%"
"02.06.2020","34,000","32,500","34,150","32,500","374,24K","6,75%"
"01.06.2020","31,850","30,500","32,300","30,500","309,27K","4,77%"
"29.05.2020","30,400","31,500","31,550","29,900","314,37K","-1,94%"
"28.05.2020","31,000","34,600","34,600","30,500","664,65K","-8,15%"
"27.05.2020","33,750","33,000","34,750","32,700","1,09M","3,69%"
"26.05.2020","32,550","30,500","32,600","30,500","590,87K","7,07%"
"22.05.2020","30,400","31,200","31,300","30,250","388,76K","-0,33%"
"21.05.2020","30,500","30,450","31,200","30,450","349,02K","-0,33%"
"20.05.2020","30,600","31,150","31,850","30,350","442,87K","-1,77%"
"19.05.2020","31,150","31,000","31,900","30,300","260,92K","-1,74%"
"18.05.2020","31,700","32,000","32,400","30,100","328,29K","3,43%"
"15.05.2020","30,650","31,000","31,500","30,600","505,11K","1,16%"
"14.05.2020","30,300","29,450","31,200","29,000","534,97K","2,02%"
"13.05.2020","29,700","31,600","31,600","28,750","518,10K","-6,01%"
"12.05.2020","31,600","32,000","33,800","31,000","665,65K","-0,47%"
"11.05.2020","31,750","30,000","33,000","29,000","878,39K","6,54%"
"08.05.2020","29,800","30,000","30,700","28,500","647,99K","0,34%"
"07.05.2020","29,700","30,300","31,000","29,150","757,56K","-0,34%"
"06.05.2020","29,800","28,000","30,950","27,900","1,63M","7,00%"
"05.05.2020","27,850","25,550","27,950","25,100","767,29K","10,96%"
"04.05.2020","25,100","25,000","25,250","23,500","298,51K","0,00%"
"30.04.2020","25,100","24,500","25,200","23,800","604,92K","2,87%"
"29.04.2020","24,400","25,600","26,500","23,500","794,04K","-1,61%"
"28.04.2020","24,800","22,400","25,000","22,400","1,29M","13,24%"
"27.04.2020","21,900","22,800","22,900","21,650","645,37K","-1,79%"
"24.04.2020","22,300","22,600","22,900","21,500","244,18K","0,22%"
"23.04.2020","22,250","23,300","23,800","22,100","495,23K","-3,26%"
"22.04.2020","23,000","24,650","24,750","22,900","429,69K","-3,77%"
"21.04.2020","23,900","23,950","24,300","23,550","116,10K","-1,04%"
"20.04.2020","24,150","25,200","25,400","24,100","273,20K","-2,03%"
"17.04.2020","24,650","25,000","25,000","24,350","116,70K","-0,60%"
"16.04.2020","24,800","26,700","26,950","24,000","225,53K","-5,88%"
"15.04.2020","26,350","26,450","26,450","25,400","137,95K","-0,19%"
"14.04.2020","26,400","26,100","26,900","25,900","331,73K","1,93%"
"13.04.2020","25,900","25,900","26,450","24,650","163,56K","-0,77%"
"08.04.2020","26,100","25,500","26,550","24,500","220,64K","2,76%"
"07.04.2020","25,400","25,600","26,000","24,000","268,51K","2,63%"
"06.04.2020","24,750","23,400","24,800","23,300","204,18K","5,32%"
"03.04.2020","23,500","23,850","24,000","23,000","112,74K","1,29%"
"02.04.2020","23,200","23,000","23,900","22,800","162,89K","1,53%"
"01.04.2020","22,850","23,000","23,000","22,150","50,47K","3,16%"
"30.03.2020","22,150","21,400","22,400","21,000","51,26K","3,02%"
"27.03.2020","21,500","21,000","21,800","20,500","101,20K","0,00%"
"26.03.2020","21,500","23,100","24,500","21,500","292,66K","-6,11%"
"25.03.2020","22,900","23,200","23,200","21,900","222,70K","6,76%"
"20.03.2020","21,450","21,200","23,000","21,050","153,16K","1,18%"
"19.03.2020","21,200","20,000","21,350","19,100","414,84K","6,00%"
"18.03.2020","20,000","24,850","24,850","19,500","222,21K","-18,03%"
"17.03.2020","24,400","25,000","25,000","23,150","115,43K","2,31%"
"16.03.2020","23,850","25,000","25,000","22,600","198,92K","-8,97%"
"13.03.2020","26,200","27,000","28,300","25,100","161,34K","-1,13%"
"12.03.2020","26,500","29,200","29,200","26,300","428,36K","-12,83%"
"11.03.2020","30,400","32,800","32,800","29,600","379,90K","-7,60%"
"10.03.2020","32,900","31,600","33,900","31,000","239,25K","8,58%"
"09.03.2020","30,300","33,400","33,450","30,000","271,50K","-16,30%"
"06.03.2020","36,200","36,700","36,800","35,100","95,49K","-2,16%"
"05.03.2020","37,000","37,000","37,000","35,700","67,82K","-0,27%"
"04.03.2020","37,100","34,800","37,100","34,800","153,77K","6,46%"
"03.03.2020","34,850","36,000","37,100","34,600","314,41K","-2,11%"
"02.03.2020","35,600","33,000","35,800","33,000","186,57K","8,21%"
"28.02.2020","32,900","31,850","33,000","31,100","100,06K","0,00%"
"27.02.2020","32,900","34,500","34,900","31,600","215,03K","-3,80%"
"26.02.2020","34,200","34,500","34,500","32,500","118,51K","-4,87%"
"21.02.2020","35,950","36,500","37,500","35,650","95,35K","-2,04%"
"20.02.2020","36,700","36,500","37,050","35,750","112,02K","1,10%"
"19.02.2020","36,300","35,950","37,000","35,950","249,76K","1,26%"
"18.02.2020","35,850","34,800","36,200","33,850","357,83K","5,44%"
"17.02.2020","34,000","33,800","34,100","33,400","96,03K","0,59%"
"14.02.2020","33,800","34,600","34,950","33,200","202,64K","0,90%"
"13.02.2020","33,500","35,900","35,900","33,500","521,90K","-7,84%"
"12.02.2020","36,350","35,000","37,000","35,000","40,70K","0,41%"
"11.02.2020","36,200","37,850","37,850","34,650","108,11K","-4,36%"
"10.02.2020","37,850","37,800","38,900","37,500","141,70K","0,13%"
"07.02.2020","37,800","38,900","39,000","37,150","106,45K","-0,13%"
"06.02.2020","37,850","38,600","39,600","37,500","132,16K","-1,69%"
"05.02.2020","38,500","40,000","40,000","38,100","77,88K","-3,75%"
"04.02.2020","40,000","41,000","41,800","39,150","82,99K","-1,48%"
"03.02.2020","40,600","40,000","41,100","39,400","133,31K","3,05%"
"31.01.2020","39,400","40,600","40,650","39,250","40,65K","-1,99%"
"30.01.2020","40,200","39,550","40,600","38,700","59,09K","0,50%"
"29.01.2020","40,000","40,200","41,450","39,200","117,60K","-0,37%"
"28.01.2020","40,150","39,100","40,900","39,000","169,64K","1,90%"
"27.01.2020","39,400","40,600","40,600","38,000","206,48K","-3,79%"
"24.01.2020","40,950","44,000","44,000","40,250","290,52K","-6,08%"
"23.01.2020","43,600","44,000","44,900","43,150","58,09K","-0,91%"
"22.01.2020","44,000","42,700","44,500","42,200","128,66K","2,33%"
"21.01.2020","43,000","45,750","45,800","42,500","235,52K","-4,34%"
"20.01.2020","44,950","45,250","45,750","44,700","151,69K","0,33%"
"17.01.2020","44,800","43,950","46,300","43,050","507,82K","3,58%"
"16.01.2020","43,250","43,800","44,200","42,600","211,19K","-1,03%"
"15.01.2020","43,700","43,400","44,000","42,300","186,90K","-0,23%"
"14.01.2020","43,800","44,800","44,800","42,000","176,12K","-1,57%"
"13.01.2020","44,500","43,550","44,700","43,450","360,34K","2,42%"
"10.01.2020","43,450","41,950","43,500","41,800","367,00K","3,95%"
"09.01.2020","41,800","42,000","42,200","41,100","272,26K","-0,12%"
"08.01.2020","41,850","42,000","42,100","40,300","145,67K","0,36%"
"07.01.2020","41,700","42,000","42,000","39,900","279,71K","2,33%"
"06.01.2020","40,750","39,850","41,850","38,600","340,91K","2,13%"
"03.01.2020","39,900","40,600","41,000","38,600","292,76K","-1,48%"
"02.01.2020","40,500","40,550","41,950","40,450","378,92K","1,25%"
"30.12.2019","40,000","40,200","41,700","38,400","263,07K","-0,74%"
"27.12.2019","40,300","40,500","42,000","38,200","551,36K","0,75%"
"26.12.2019","40,000","38,000","41,000","37,900","873,51K","5,68%"
"23.12.2019","37,850","36,750","37,950","36,350","153,46K","2,85%"
"20.12.2019","36,800","37,900","37,900","36,300","187,73K","-1,60%"
"19.12.2019","37,400","37,900","38,300","37,000","339,39K","0,00%"
"18.12.2019","37,400","36,200","37,500","36,100","283,75K","2,47%"
"17.12.2019","36,500","38,000","38,000","36,000","516,45K","-4,70%"
"16.12.2019","38,300","37,500","39,000","37,000","707,69K","4,22%"
"13.12.2019","36,750","34,000","37,100","34,000","584,86K","8,25%"
"12.12.2019","33,950","32,900","33,950","32,900","213,94K","3,82%"
"11.12.2019","32,700","34,000","34,900","32,200","484,41K","-3,82%"
"10.12.2019","34,000","35,500","35,850","33,150","260,02K","-3,95%"
"09.12.2019","35,400","35,900","36,600","35,300","865,79K","-0,14%"
"06.12.2019","35,450","35,700","36,200","34,800","1,15M","1,29%"
"05.12.2019","35,000","34,800","35,750","34,000","610,18K","2,34%"
"04.12.2019","34,200","35,350","35,400","33,800","1,45M","-3,12%"
"03.12.2019","35,300","35,400","35,400","33,200","91,61K","0,00%"
"02.12.2019","35,300","36,000","36,600","33,800","221,08K","-1,67%"
"29.11.2019","35,900","36,600","36,700","35,800","126,66K","-1,10%"
"28.11.2019","36,300","38,100","38,900","35,950","434,94K","-4,47%"
"27.11.2019","38,000","36,800","38,000","36,500","137,90K","3,54%"
"26.11.2019","36,700","38,300","39,200","36,550","41,75K","-4,43%"
"25.11.2019","38,400","39,300","39,300","38,000","76,07K","-1,54%"
"22.11.2019","39,000","39,950","39,950","38,600","67,49K","0,00%"
"21.11.2019","39,000","41,700","42,000","38,700","265,25K","-4,18%"
"20.11.2019","40,700","38,200","41,100","38,200","113,95K","6,54%"
"19.11.2019","38,200","37,000","38,200","35,000","51,91K","3,24%"
"15.11.2019","37,000","36,000","37,000","33,000","81,78K","3,21%"
"14.11.2019","35,850","38,200","40,000","34,550","195,18K","-6,88%"
"13.11.2019","38,500","39,800","42,000","38,350","149,37K","-2,90%"
"12.11.2019","39,650","42,100","42,300","39,500","181,30K","-5,82%"
"11.11.2019","42,100","43,000","44,600","41,600","103,04K","-3,22%"
"08.11.2019","43,500","46,700","47,350","42,900","115,77K","-6,45%"
"07.11.2019","46,500","45,400","46,900","45,400","160,03K","2,42%"
"06.11.2019","45,400","45,000","45,450","42,800","55,04K","2,25%"
"05.11.2019","44,400","44,250","45,250","43,550","150,12K","0,23%"
"04.11.2019","44,300","44,000","45,100","44,000","199,92K","0,91%"
"01.11.2019","43,900","46,250","47,500","43,800","239,38K","-5,18%"
"31.10.2019","46,300","46,200","47,800","46,150","255,73K","1,76%"
"30.10.2019","45,500","41,800","46,500","41,800","250,94K","10,98%"
"29.10.2019","41,000","39,000","41,400","38,600","151,67K","5,40%"
"28.10.2019","38,900","39,000","43,000","37,500","298,74K","2,37%"
"25.10.2019","38,000","40,000","41,900","37,650","252,66K","-4,16%"
"24.10.2019","39,650","40,400","40,600","38,800","150,03K","-2,34%"
"23.10.2019","40,600","42,900","44,000","38,500","217,68K","-5,58%"
"22.10.2019","43,000","43,200","45,000","42,900","177,18K","-1,83%"
"21.10.2019","43,800","45,950","46,650","43,300","191,52K","-2,88%"
"18.10.2019","45,100","47,000","47,000","44,000","317,95K","-4,75%"
"17.10.2019","47,350","47,000","48,900","46,000","119,10K","0,74%"
"16.10.2019","47,000","49,850","49,850","46,500","272,14K","-5,62%"
"15.10.2019","49,800","50,800","50,800","49,000","65,22K","-2,92%"
"11.10.2019","51,300","50,000","51,500","48,600","148,39K","2,40%"
"10.10.2019","50,100","50,200","51,700","49,950","294,27K","-0,60%"
"09.10.2019","50,400","49,700","50,500","47,600","232,40K","0,80%"
"08.10.2019","50,000","51,000","51,000","49,000","309,20K","-1,96%"
"07.10.2019","51,000","54,000","55,500","50,400","263,94K","-4,32%"
"04.10.2019","53,300","53,300","55,000","53,000","342,40K","-0,19%"
"03.10.2019","53,400","53,100","54,000","50,000","268,72K","0,38%"
"02.10.2019","53,200","49,100","53,200","48,500","342,26K","7,91%"
"01.10.2019","49,300","46,900","49,600","46,000","255,00K","8,35%"
"30.09.2019","45,500","42,900","45,750","42,500","187,32K","6,56%"
"27.09.2019","42,700","42,500","43,450","41,500","87,10K","2,40%"
"26.09.2019","41,700","42,300","43,200","41,200","50,01K","1,71%"
"25.09.2019","41,000","40,000","43,000","37,650","184,94K","0,24%"
"24.09.2019","40,900","43,600","44,000","40,650","177,63K","-6,51%"
"23.09.2019","43,750","48,150","49,000","43,150","233,50K","-9,61%"
"20.09.2019","48,400","48,900","49,000","48,000","22,21K","-0,10%"
"19.09.2019","48,450","49,000","49,250","47,300","98,42K","-1,12%"
"18.09.2019","49,000","48,600","49,750","47,100","145,64K","-0,41%"
"17.09.2019","49,200","48,550","49,200","46,000","144,29K","1,55%"
"16.09.2019","48,450","46,300","49,800","45,000","384,48K","5,10%"
"13.09.2019","46,100","46,000","49,000","45,000","469,39K","3,02%"
"12.09.2019","44,750","40,000","44,800","40,000","340,81K","14,74%"
"11.09.2019","39,000","36,000","39,200","35,500","155,81K","8,64%"
"10.09.2019","35,900","32,600","35,900","32,300","185,99K","9,79%"
"09.09.2019","32,700","33,800","33,800","30,700","137,84K","4,47%"
"06.09.2019","31,300","31,500","32,000","30,100","218,08K","7,56%"
"05.09.2019","29,100","27,000","29,500","26,900","238,41K","9,19%"
"04.09.2019","26,650","27,000","29,250","25,500","230,25K","-1,30%"
"03.09.2019","27,000","26,500","27,000","23,000","217,15K","3,85%"
"02.09.2019","26,000","24,750","26,600","24,600","162,53K","4,84%"
"30.08.2019","24,800","26,000","28,000","23,900","493,32K","-6,94%"
"29.08.2019","26,650","29,200","29,200","24,500","481,65K","-9,66%"
"28.08.2019","29,500","32,500","33,000","29,150","415,16K","-9,23%"
"27.08.2019","32,500","37,600","37,600","32,000","114,28K","-13,56%"
"26.08.2019","37,600","38,000","39,500","37,050","60,16K","-5,05%"
"23.08.2019","39,600","41,150","41,150","39,050","42,68K","-3,88%"
"22.08.2019","41,200","42,000","43,000","40,800","67,04K","0,49%"
"21.08.2019","41,000","42,000","44,000","40,000","169,70K","-1,20%"
"20.08.2019","41,500","46,500","46,500","41,300","187,42K","-11,23%"
"16.08.2019","46,750","47,000","49,500","46,500","206,31K","0,54%"
"15.08.2019","46,500","44,800","47,400","44,000","886,12K","8,77%"
"14.08.2019","42,750","51,000","51,000","42,000","840,38K","-14,50%"
"13.08.2019","50,000","51,000","57,000","48,000","411,48K","-9,09%"
"12.08.2019","55,000","58,000","60,000","38,800","404,39K","-29,40%"
"09.08.2019","77,900","72,700","78,500","72,100","450,19K","6,71%"
"08.08.2019","73,000","73,000","73,900","70,100","628,23K","0,14%"
"07.08.2019","72,900","74,000","74,400","72,200","288,47K","-1,49%"
"06.08.2019","74,000","74,800","76,100","74,000","85,34K","-1,07%"
"05.08.2019","74,800","76,500","76,500","74,000","45,10K","-2,48%"
"02.08.2019","76,700","77,000","77,000","74,000","304,56K","-0,26%"
"01.08.2019","76,900","77,000","77,900","72,700","140,39K","0,52%"
"31.07.2019","76,500","77,100","78,000","75,500","100,22K","-0,65%"
"30.07.2019","77,000","78,500","79,000","76,100","293,75K","-1,91%"
"29.07.2019","78,500","73,800","78,500","72,000","1,66M","5,94%"
"26.07.2019","74,100","69,900","74,100","69,900","217,72K","6,31%"
"25.07.2019","69,700","69,000","69,900","68,000","88,92K","2,05%"
"24.07.2019","68,300","68,500","69,900","68,100","117,68K","0,44%"
"23.07.2019","68,000","68,000","69,500","67,500","74,28K","-1,31%"
"22.07.2019","68,900","69,600","69,600","66,100","240,98K","-1,43%"
"19.07.2019","69,900","70,000","70,600","68,100","162,72K","-0,14%"
"18.07.2019","70,000","70,500","70,600","67,100","83,25K","0,72%"
"17.07.2019","69,500","68,500","71,000","68,200","510,18K","0,72%"
"16.07.2019","69,000","71,800","71,800","68,700","147,99K","-1,43%"
"15.07.2019","70,000","70,800","73,300","69,000","162,39K","-1,55%"
"12.07.2019","71,100","71,200","71,500","70,500","808,94K","0,28%"
"11.07.2019","70,900","71,900","71,900","69,100","452,54K","-0,42%"
"10.07.2019","71,200","71,000","72,000","69,000","309,72K","1,14%"
"05.07.2019","70,400","69,700","70,500","69,000","178,82K","0,86%"
"04.07.2019","69,800","68,000","70,000","67,200","93,12K","2,50%"
"03.07.2019","68,100","68,000","68,700","67,200","111,31K","0,15%"
"02.07.2019","68,000","68,000","68,600","67,000","146,32K","0,74%"
"01.07.2019","67,500","68,500","69,600","66,300","364,44K","-1,75%"
"28.06.2019","68,700","69,300","69,500","68,100","241,06K","0,29%"
"27.06.2019","68,500","70,000","70,000","68,200","238,44K","-2,14%"
"26.06.2019","70,000","69,000","70,700","66,500","178,87K","0,72%"
"25.06.2019","69,500","70,000","70,000","67,000","805,21K","-0,71%"
"24.06.2019","70,000","71,000","71,000","69,500","220,76K","-1,41%"
"21.06.2019","71,000","69,000","71,500","69,000","182,17K","1,00%"
"19.06.2019","70,300","71,900","71,900","70,000","444,05K","-1,40%"
"18.06.2019","71,300","70,800","72,500","70,800","728,73K","0,42%"
"14.06.2019","71,000","70,100","71,800","69,500","162,55K","1,28%"
"13.06.2019","70,100","71,600","71,600","68,000","1,08M","-1,96%"
"12.06.2019","71,500","70,100","76,000","68,100","318,59K","1,27%"
"11.06.2019","70,600","69,000","70,600","68,500","312,31K","1,73%"
"10.06.2019","69,400","67,800","69,500","67,100","372,48K","2,06%"
"07.06.2019","68,000","67,400","69,300","67,000","72,07K","1,19%"
"06.06.2019","67,200","68,000","69,000","67,200","60,25K","-1,18%"
"05.06.2019","68,000","68,000","69,000","66,900","112,30K","0,00%"
"04.06.2019","68,000","67,600","68,500","66,600","94,25K","0,15%"
"03.06.2019","67,900","69,000","69,000","67,000","78,16K","-1,59%"
"31.05.2019","69,000","69,200","69,200","68,000","59,29K","-1,43%"
"30.05.2019","70,000","70,000","70,300","68,400","332,58K","0,00%"
"29.05.2019","70,000","68,700","70,000","67,000","46,41K","1,01%"
"28.05.2019","69,300","69,700","69,700","66,000","91,51K","-0,72%"
"27.05.2019","69,800","70,000","70,000","68,100","49,28K","0,72%"
"24.05.2019","69,300","69,900","70,000","68,200","241,18K","-0,86%"
"23.05.2019","69,900","69,900","70,000","68,000","38,47K","-0,14%"
"22.05.2019","70,000","70,000","71,000","68,200","69,83K","0,00%"
"21.05.2019","70,000","67,800","70,500","67,800","204,31K","2,94%"
"20.05.2019","68,000","67,700","69,500","66,200","246,86K","-1,16%"
"17.05.2019","68,800","68,000","68,800","66,500","83,33K","0,44%"
"16.05.2019","68,500","68,000","68,500","66,700","76,94K","0,15%"
"15.05.2019","68,400","66,800","69,000","65,100","136,52K","2,55%"
"14.05.2019","66,700","66,500","67,000","65,600","83,78K","-0,45%"
"13.05.2019","67,000","65,400","67,500","63,200","115,01K","1,52%"
"10.05.2019","66,000","65,600","67,000","64,000","191,85K","0,30%"
"09.05.2019","65,800","63,000","66,000","61,300","117,84K","4,44%"
"08.05.2019","63,000","60,000","63,400","59,600","222,48K","4,48%"
"07.05.2019","60,300","59,600","60,400","57,000","123,69K","0,50%"
"06.05.2019","60,000","57,500","60,400","55,100","173,56K","2,74%"
"03.05.2019","58,400","55,000","58,400","55,000","912,32K","7,16%"
"02.05.2019","54,500","55,000","55,000","53,500","501,02K","2,25%"
"30.04.2019","53,300","51,000","53,400","50,900","987,83K","3,50%"
"29.04.2019","51,500","50,600","52,300","50,000","103,44K","2,79%"
"26.04.2019","50,100","52,000","53,000","50,000","161,66K","0,40%"
"25.04.2019","49,900","49,950","53,500","47,000","466,38K","-2,35%"
"24.04.2019","51,100","50,000","51,100","49,200","376,59K","-1,16%"
"23.04.2019","51,700","52,800","54,800","51,700","371,89K","-3,18%"
"22.04.2019","53,400","50,900","53,400","47,000","290,56K","4,30%"
"17.04.2019","51,200","51,800","51,800","48,100","367,66K","0,00%"
"16.04.2019","51,200","53,000","54,500","50,700","724,72K","-8,73%"
"15.04.2019","56,100","56,500","58,000","56,000","123,90K","-0,71%"
"12.04.2019","56,500","55,400","58,000","54,700","515,92K","-0,70%"
"11.04.2019","56,900","54,200","57,800","52,900","897,92K","4,40%"
"10.04.2019","54,500","53,500","56,000","52,900","189,89K","2,64%"
"09.04.2019","53,100","57,800","58,800","53,100","213,44K","-7,65%"
"08.04.2019","57,500","59,000","60,000","57,200","66,73K","-2,38%"
"05.04.2019","58,900","59,900","60,500","58,000","37,36K","-1,83%"
"04.04.2019","60,000","60,900","60,900","58,000","77,33K","0,00%"
"03.04.2019","60,000","61,000","62,000","60,000","125,88K","-3,38%"
"01.04.2019","62,100","65,000","66,400","62,100","146,31K","-4,90%"
"29.03.2019","65,300","65,000","66,400","64,200","194,23K","-0,76%"
"28.03.2019","65,800","64,000","65,900","62,100","79,23K","1,23%"
"27.03.2019","65,000","63,000","65,800","59,300","391,52K","2,69%"
"26.03.2019","63,300","67,000","67,700","63,300","108,44K","-4,67%"
"25.03.2019","66,400","67,000","68,200","66,400","198,70K","-5,14%"
"22.03.2019","70,000","64,500","70,000","62,500","127,14K","0,00%"
"21.03.2019","70,000","66,600","70,000","64,000","104,79K","4,17%"
"20.03.2019","67,200","68,500","68,800","66,500","149,13K","-1,90%"
"19.03.2019","68,500","71,000","71,000","68,000","164,25K","-3,39%"
"18.03.2019","70,900","71,000","71,000","68,300","149,42K","1,43%"
"15.03.2019","69,900","69,600","70,500","69,000","443,36K","0,14%"
"14.03.2019","69,800","70,100","70,100","67,700","61,88K","-0,71%"
"13.03.2019","70,300","69,400","70,300","67,500","116,32K","1,88%"
"12.03.2019","69,000","70,000","70,700","67,300","318,91K","-0,72%"
"11.03.2019","69,500","70,500","70,500","68,000","278,47K","2,06%"
"08.03.2019","68,100","69,400","70,800","68,000","100,58K","-2,01%"
"07.03.2019","69,500","65,500","70,400","64,000","173,23K","5,30%"
"06.03.2019","66,000","68,000","68,000","63,500","134,84K","-5,58%"
"01.03.2019","69,900","70,800","71,400","67,600","110,15K","-0,99%"
"28.02.2019","70,600","71,000","72,000","69,200","150,04K","-2,35%"
"27.02.2019","72,300","71,800","72,500","70,300","175,17K","0,42%"
"26.02.2019","72,000","71,700","72,500","69,800","51,83K","0,14%"
"25.02.2019","71,900","71,000","72,500","70,200","128,07K","0,28%"
"22.02.2019","71,700","68,700","71,700","66,500","113,20K","5,44%"
"21.02.2019","68,000","67,200","68,200","65,000","102,38K","-0,73%"
"20.02.2019","68,500","66,000","70,000","65,300","266,41K","2,24%"
"19.02.2019","67,000","69,100","69,100","66,200","115,80K","-3,18%"
"18.02.2019","69,200","69,400","69,400","68,000","41,62K","-0,43%"
"15.02.2019","69,500","68,800","69,900","68,800","80,24K","-0,43%"
"14.02.2019","69,800","69,300","69,800","68,200","37,68K","0,72%"
"13.02.2019","69,300","70,000","70,000","68,100","43,53K","-0,86%"
"12.02.2019","69,900","70,000","70,000","68,200","81,74K","1,60%"
"11.02.2019","68,800","68,400","71,000","68,100","40,85K","0,73%"
"08.02.2019","68,300","66,700","68,500","66,700","157,40K","1,94%"
"07.02.2019","67,000","68,400","69,000","66,300","151,05K","-3,60%"
"06.02.2019","69,500","70,000","70,000","67,800","150,66K","-0,71%"
"05.02.2019","70,000","71,300","72,900","69,200","236,70K","-1,69%"
"04.02.2019","71,200","69,600","71,700","69,400","653,29K","2,45%"
"01.02.2019","69,500","67,000","69,500","66,700","922,81K","4,51%"
"31.01.2019","66,500","65,800","67,200","65,000","444,33K","0,45%"
"30.01.2019","66,200","64,900","67,000","63,000","104,50K","2,16%"
"29.01.2019","64,800","63,000","64,800","62,500","58,98K","3,68%"
"28.01.2019","62,500","64,300","64,300","60,600","89,01K","-1,11%"
"25.01.2019","63,200","65,200","66,000","63,200","46,20K","-3,36%"
"24.01.2019","65,400","65,000","65,900","64,800","78,15K","0,00%"
"23.01.2019","65,400","64,500","66,000","64,200","172,36K","2,03%"
"22.01.2019","64,100","66,300","66,900","63,500","90,34K","-3,46%"
"21.01.2019","66,400","65,200","66,500","65,000","324,07K","2,00%"
"18.01.2019","65,100","66,000","67,400","65,100","79,48K","-1,36%"
"17.01.2019","66,000","64,700","66,100","63,800","55,24K","-0,15%"
"16.01.2019","66,100","64,900","66,100","64,000","101,98K","1,69%"
"15.01.2019","65,000","65,200","66,000","64,000","73,94K","0,00%"
"14.01.2019","65,000","63,900","65,500","63,100","73,93K","1,72%"
"11.01.2019","63,900","63,000","63,900","61,000","75,95K","1,43%"
"10.01.2019","63,000","62,400","63,300","60,400","133,11K","0,00%"
"09.01.2019","63,000","61,200","63,200","60,300","214,43K","2,94%"
"08.01.2019","61,200","62,000","62,300","59,000","148,66K","-1,13%"
"07.01.2019","61,900","58,200","62,000","58,200","121,91K","4,92%"
"04.01.2019","59,000","55,300","59,100","55,300","215,77K","7,27%"
"03.01.2019","55,000","56,400","56,450","54,600","78,94K","-2,57%"
"02.01.2019","56,450","56,000","57,850","53,200","186,97K","-1,74%"