"Fecha","Último","Apertura","Máximo","Mínimo","Vol.","% var."
"30.06.2025","1.685,00","1.700,00","1.720,00","1.655,00","283,73K","0,00%"
"27.06.2025","1.685,00","1.675,00","1.720,00","1.670,00","84,97K","-0,59%"
"26.06.2025","1.695,00","1.700,00","1.715,00","1.675,00","93,69K","0,89%"
"25.06.2025","1.680,00","1.690,00","1.705,00","1.660,00","115,21K","-0,59%"
"24.06.2025","1.690,00","1.660,00","1.725,00","1.650,00","149,88K","1,81%"
"23.06.2025","1.660,00","1.615,00","1.675,00","1.610,00","497,89K","2,47%"
"19.06.2025","1.620,00","1.610,00","1.640,00","1.580,00","51,76K","0,62%"
"18.06.2025","1.610,00","1.625,00","1.645,00","1.595,00","122,99K","-1,53%"
"17.06.2025","1.635,00","1.650,00","1.675,00","1.600,00","348,11K","-0,91%"
"13.06.2025","1.650,00","1.710,00","1.725,00","1.620,00","321,03K","-3,23%"
"12.06.2025","1.705,00","1.700,00","1.805,00","1.675,00","147,29K","0,29%"
"11.06.2025","1.700,00","1.810,00","1.810,00","1.690,00","234,47K","-4,76%"
"10.06.2025","1.785,00","1.735,00","1.805,00","1.735,00","145,99K","2,88%"
"09.06.2025","1.735,00","1.790,00","1.800,00","1.735,00","88,33K","-3,07%"
"06.06.2025","1.790,00","1.745,00","1.810,00","1.710,00","78,41K","2,29%"
"05.06.2025","1.750,00","1.785,00","1.800,00","1.730,00","112,43K","-2,23%"
"04.06.2025","1.790,00","1.810,00","1.825,00","1.780,00","269,25K","-1,65%"
"03.06.2025","1.820,00","1.840,00","1.845,00","1.795,00","168,60K","0,28%"
"02.06.2025","1.815,00","1.805,00","1.835,00","1.785,00","247,32K","0,00%"
"30.05.2025","1.815,00","1.820,00","1.850,00","1.780,00","376,84K","-0,55%"
"29.05.2025","1.825,00","1.820,00","1.840,00","1.790,00","170,70K","1,11%"
"28.05.2025","1.805,00","1.810,00","1.840,00","1.785,00","100,56K","-1,10%"
"27.05.2025","1.825,00","1.810,00","1.835,00","1.790,00","154,39K","0,83%"
"26.05.2025","1.810,00","1.790,00","1.840,00","1.750,00","99,78K","1,40%"
"23.05.2025","1.785,00","1.750,00","1.810,00","1.745,00","319,00K","0,28%"
"22.05.2025","1.780,00","1.790,00","1.820,00","1.770,00","238,87K","-1,39%"
"21.05.2025","1.805,00","1.840,00","1.890,00","1.785,00","167,09K","-1,90%"
"20.05.2025","1.840,00","1.840,00","1.865,00","1.795,00","269,64K","2,22%"
"19.05.2025","1.800,00","1.815,00","1.830,00","1.775,00","204,70K","1,41%"
"16.05.2025","1.775,00","1.810,00","1.810,00","1.750,00","104,79K","0,28%"
"15.05.2025","1.770,00","1.775,00","1.775,00","1.725,00","131,67K","0,85%"
"14.05.2025","1.755,00","1.790,00","1.800,00","1.720,00","208,74K","-1,96%"
"13.05.2025","1.790,00","1.800,00","1.805,00","1.735,00","348,67K","1,13%"
"12.05.2025","1.770,00","1.705,00","1.780,00","1.705,00","369,18K","1,14%"
"09.05.2025","1.750,00","1.750,00","1.780,00","1.700,00","262,89K","2,94%"
"08.05.2025","1.700,00","1.680,00","1.730,00","1.645,00","284,50K","1,49%"
"07.05.2025","1.675,00","1.750,00","1.750,00","1.615,00","289,21K","-1,47%"
"06.05.2025","1.700,00","1.695,00","1.725,00","1.655,00","148,41K","2,10%"
"05.05.2025","1.665,00","1.650,00","1.710,00","1.635,00","208,11K","0,91%"
"30.04.2025","1.650,00","1.680,00","1.690,00","1.620,00","304,50K","-2,37%"
"29.04.2025","1.690,00","1.690,00","1.695,00","1.650,00","96,67K","2,11%"
"28.04.2025","1.655,00","1.700,00","1.740,00","1.635,00","217,64K","-3,50%"
"25.04.2025","1.715,00","1.745,00","1.745,00","1.675,00","202,82K","0,29%"
"24.04.2025","1.710,00","1.680,00","1.770,00","1.680,00","489,57K","2,70%"
"23.04.2025","1.665,00","1.625,00","1.730,00","1.625,00","400,73K","1,22%"
"22.04.2025","1.645,00","1.600,00","1.650,00","1.570,00","98,78K","5,45%"
"21.04.2025","1.560,00","1.650,00","1.650,00","1.535,00","529,30K","-4,59%"
"16.04.2025","1.635,00","1.695,00","1.740,00","1.615,00","102,07K","-4,66%"
"15.04.2025","1.715,00","1.815,00","1.815,00","1.690,00","310,54K","-1,44%"
"14.04.2025","1.740,00","1.810,00","1.810,00","1.670,00","513,30K","2,05%"
"11.04.2025","1.705,00","1.650,00","1.740,00","1.645,00","201,57K","3,65%"
"10.04.2025","1.645,00","1.695,00","1.695,00","1.535,00","277,96K","-2,95%"
"09.04.2025","1.695,00","1.520,00","1.685,00","1.455,00","265,18K","7,62%"
"08.04.2025","1.575,00","1.615,00","1.705,00","1.550,00","215,87K","-0,94%"
"07.04.2025","1.590,00","1.620,00","1.690,00","1.565,00","479,33K","-4,79%"
"04.04.2025","1.670,00","1.635,00","1.710,00","1.540,00","310,39K","-2,62%"
"03.04.2025","1.715,00","1.735,00","1.770,00","1.660,00","203,79K","-1,15%"
"01.04.2025","1.735,00","1.660,00","1.750,00","1.660,00","188,16K","2,06%"
"31.03.2025","1.700,00","1.680,00","1.715,00","1.670,00","162,46K","-0,87%"
"28.03.2025","1.715,00","1.780,00","1.785,00","1.685,00","176,39K","-1,72%"
"27.03.2025","1.745,00","1.755,00","1.805,00","1.715,00","159,53K","-0,29%"
"26.03.2025","1.750,00","1.750,00","1.780,00","1.730,00","129,83K","0,00%"
"25.03.2025","1.750,00","1.760,00","1.780,00","1.725,00","220,17K","-0,57%"
"21.03.2025","1.760,00","1.750,00","1.770,00","1.690,00","82,99K","2,33%"
"20.03.2025","1.720,00","1.720,00","1.750,00","1.700,00","180,06K","-0,29%"
"19.03.2025","1.725,00","1.720,00","1.760,00","1.685,00","197,85K","1,77%"
"18.03.2025","1.695,00","1.700,00","1.720,00","1.670,00","193,08K","-1,17%"
"17.03.2025","1.715,00","1.660,00","1.735,00","1.660,00","156,20K","3,63%"
"14.03.2025","1.655,00","1.615,00","1.665,00","1.615,00","123,12K","2,48%"
"13.03.2025","1.615,00","1.705,00","1.720,00","1.610,00","229,90K","-6,10%"
"12.03.2025","1.720,00","1.660,00","1.735,00","1.640,00","327,65K","5,85%"
"11.03.2025","1.625,00","1.595,00","1.650,00","1.580,00","327,27K","3,17%"
"10.03.2025","1.575,00","1.560,00","1.640,00","1.545,00","303,62K","-2,78%"
"07.03.2025","1.620,00","1.610,00","1.675,00","1.580,00","138,97K","-0,31%"
"06.03.2025","1.625,00","1.680,00","1.680,00","1.565,00","75,22K","-1,52%"
"05.03.2025","1.650,00","1.560,00","1.660,00","1.550,00","100,95K","3,13%"
"28.02.2025","1.600,00","1.590,00","1.635,00","1.550,00","177,81K","0,95%"
"27.02.2025","1.585,00","1.625,00","1.650,00","1.580,00","218,53K","-2,46%"
"26.02.2025","1.625,00","1.635,00","1.655,00","1.600,00","144,96K","-0,31%"
"25.02.2025","1.630,00","1.760,00","1.760,00","1.600,00","145,71K","-3,83%"
"24.02.2025","1.695,00","1.750,00","1.780,00","1.670,00","83,81K","-0,88%"
"21.02.2025","1.710,00","1.755,00","1.785,00","1.700,00","128,93K","-2,29%"
"20.02.2025","1.750,00","1.730,00","1.780,00","1.685,00","214,68K","0,57%"
"19.02.2025","1.740,00","1.730,00","1.750,00","1.700,00","252,39K","0,58%"
"18.02.2025","1.730,00","1.635,00","1.735,00","1.575,00","261,71K","7,45%"
"17.02.2025","1.610,00","1.660,00","1.680,00","1.585,00","217,48K","-6,12%"
"14.02.2025","1.715,00","1.685,00","1.740,00","1.650,00","259,13K","1,78%"
"13.02.2025","1.685,00","1.655,00","1.700,00","1.650,00","201,27K","1,81%"
"12.02.2025","1.655,00","1.555,00","1.670,00","1.500,00","578,79K","6,77%"
"11.02.2025","1.550,00","1.585,00","1.585,00","1.500,00","293,46K","-1,90%"
"10.02.2025","1.580,00","1.610,00","1.640,00","1.565,00","325,40K","-1,56%"
"07.02.2025","1.605,00","1.700,00","1.735,00","1.585,00","773,46K","-5,31%"
"06.02.2025","1.695,00","1.685,00","1.740,00","1.680,00","241,57K","0,59%"
"05.02.2025","1.685,00","1.740,00","1.785,00","1.680,00","299,36K","-3,16%"
"04.02.2025","1.740,00","1.745,00","1.780,00","1.735,00","206,69K","0,00%"
"03.02.2025","1.740,00","1.705,00","1.765,00","1.680,00","203,08K","-1,97%"
"31.01.2025","1.775,00","1.760,00","1.870,00","1.760,00","287,82K","-3,27%"
"30.01.2025","1.835,00","1.835,00","1.855,00","1.760,00","225,56K","3,67%"
"29.01.2025","1.770,00","1.745,00","1.785,00","1.700,00","360,33K","1,72%"
"28.01.2025","1.740,00","1.845,00","1.845,00","1.680,00","390,80K","-1,14%"
"27.01.2025","1.760,00","1.870,00","1.870,00","1.750,00","525,08K","-6,13%"
"24.01.2025","1.875,00","1.845,00","1.890,00","1.760,00","401,59K","1,63%"
"23.01.2025","1.845,00","1.870,00","1.870,00","1.810,00","659,49K","-0,27%"
"22.01.2025","1.850,00","1.815,00","1.885,00","1.805,00","532,99K","0,00%"
"21.01.2025","1.850,00","1.760,00","1.860,00","1.720,00","347,10K","5,71%"
"20.01.2025","1.750,00","1.765,00","1.800,00","1.720,00","107,48K","-0,28%"
"17.01.2025","1.755,00","1.790,00","1.850,00","1.690,00","776,21K","-2,77%"
"16.01.2025","1.805,00","1.820,00","1.890,00","1.800,00","500,02K","-2,96%"
"15.01.2025","1.860,00","1.840,00","1.885,00","1.810,00","256,65K","1,36%"
"14.01.2025","1.835,00","1.840,00","1.885,00","1.800,00","1,05M","-0,27%"
"13.01.2025","1.840,00","1.900,00","1.930,00","1.805,00","543,82K","-2,65%"
"10.01.2025","1.890,00","1.925,00","1.925,00","1.800,00","867,23K","-1,05%"
"09.01.2025","1.910,00","1.895,00","1.920,00","1.870,00","181,26K","1,33%"
"08.01.2025","1.885,00","1.880,00","1.900,00","1.790,00","1,14M","0,27%"
"07.01.2025","1.880,00","1.950,00","1.965,00","1.875,00","931,19K","-2,84%"
"06.01.2025","1.935,00","1.910,00","1.940,00","1.860,00","387,97K","1,57%"
"03.01.2025","1.905,00","1.880,00","1.920,00","1.815,00","381,84K","1,87%"
"02.01.2025","1.870,00","1.850,00","1.880,00","1.730,00","343,00K","3,89%"
"31.12.2024","1.800,00","1.850,00","1.880,00","1.770,00","380,82K","0,00%"
"30.12.2024","1.800,00","1.850,00","1.880,00","1.770,00","380,82K","-2,96%"
"27.12.2024","1.855,00","1.900,00","1.925,00","1.840,00","319,48K","-1,33%"
"26.12.2024","1.880,00","1.815,00","1.895,00","1.800,00","296,82K","3,58%"
"24.12.2024","1.815,00","1.830,00","1.860,00","1.800,00","52,23K","0,00%"
"23.12.2024","1.815,00","1.770,00","1.830,00","1.725,00","299,31K","1,68%"
"20.12.2024","1.785,00","1.770,00","1.810,00","1.680,00","435,36K","0,85%"
"19.12.2024","1.770,00","1.840,00","1.890,00","1.745,00","588,01K","-3,28%"
"18.12.2024","1.830,00","1.975,00","1.975,00","1.820,00","307,44K","-4,44%"
"17.12.2024","1.915,00","1.920,00","1.950,00","1.875,00","409,00K","1,32%"
"16.12.2024","1.890,00","1.795,00","1.905,00","1.795,00","672,68K","5,29%"
"13.12.2024","1.795,00","1.805,00","1.900,00","1.755,00","791,75K","-0,28%"
"12.12.2024","1.800,00","1.810,00","1.840,00","1.780,00","461,74K","-0,55%"
"11.12.2024","1.810,00","1.805,00","1.830,00","1.760,00","322,63K","1,40%"
"10.12.2024","1.785,00","1.850,00","1.860,00","1.780,00","273,23K","-3,77%"
"09.12.2024","1.855,00","1.860,00","1.875,00","1.780,00","281,91K","1,37%"
"06.12.2024","1.830,00","1.905,00","1.920,00","1.790,00","372,32K","-2,92%"
"05.12.2024","1.885,00","1.850,00","1.935,00","1.805,00","318,88K","2,72%"
"04.12.2024","1.835,00","1.905,00","1.905,00","1.810,00","329,38K","-2,91%"
"03.12.2024","1.890,00","1.920,00","1.925,00","1.855,00","390,55K","-1,05%"
"02.12.2024","1.910,00","1.950,00","1.950,00","1.840,00","579,63K","-0,26%"
"29.11.2024","1.915,00","1.975,00","1.985,00","1.845,00","531,25K","-0,78%"
"28.11.2024","1.930,00","1.900,00","1.985,00","1.870,00","240,45K","3,76%"
"27.11.2024","1.860,00","1.830,00","1.890,00","1.810,00","344,24K","1,36%"
"26.11.2024","1.835,00","1.845,00","1.875,00","1.765,00","901,27K","1,38%"
"25.11.2024","1.810,00","1.685,00","1.830,00","1.655,00","781,63K","7,10%"
"22.11.2024","1.690,00","1.685,00","1.720,00","1.655,00","260,76K","0,90%"
"21.11.2024","1.675,00","1.740,00","1.760,00","1.655,00","334,53K","-2,62%"
"20.11.2024","1.720,00","1.715,00","1.730,00","1.660,00","475,68K","0,88%"
"19.11.2024","1.705,00","1.750,00","1.765,00","1.650,00","672,27K","1,49%"
"15.11.2024","1.680,00","1.780,00","1.795,00","1.640,00","448,67K","-3,17%"
"14.11.2024","1.735,00","1.730,00","1.830,00","1.670,00","584,31K","2,66%"
"13.11.2024","1.690,00","1.595,00","1.700,00","1.565,00","285,10K","5,96%"
"12.11.2024","1.595,00","1.585,00","1.595,00","1.530,00","222,33K","1,92%"
"11.11.2024","1.565,00","1.590,00","1.605,00","1.515,00","260,66K","-1,26%"
"08.11.2024","1.585,00","1.670,00","1.790,00","1.560,00","449,89K","-4,80%"
"07.11.2024","1.665,00","1.580,00","1.700,00","1.530,00","384,46K","7,77%"
"06.11.2024","1.545,00","1.650,00","1.675,00","1.530,00","196,44K","-2,22%"
"05.11.2024","1.580,00","1.545,00","1.620,00","1.530,00","124,92K","1,94%"
"04.11.2024","1.550,00","1.570,00","1.600,00","1.480,00","210,50K","0,32%"
"01.11.2024","1.545,00","1.480,00","1.575,00","1.480,00","253,79K","0,00%"
"31.10.2024","1.545,00","1.530,00","1.565,00","1.480,00","149,69K","11,41%"
"30.10.2024","1.386,74","1.400,52","1.405,11","1.363,78","222,98K","0,67%"
"29.10.2024","1.377,56","1.418,88","1.418,88","1.368,37","261,13K","-0,66%"
"28.10.2024","1.386,74","1.423,48","1.441,84","1.382,15","171,79K","-1,95%"
"25.10.2024","1.414,29","1.377,56","1.423,48","1.377,56","215,72K","3,01%"
"24.10.2024","1.372,96","1.345,41","1.377,56","1.331,64","124,19K","2,05%"
"23.10.2024","1.345,41","1.354,60","1.354,60","1.313,27","139,47K","-0,34%"
"22.10.2024","1.350,01","1.336,23","1.354,60","1.322,45","79,98K","1,03%"
"21.10.2024","1.336,23","1.340,82","1.377,56","1.327,05","113,97K","-2,68%"
"18.10.2024","1.372,96","1.368,37","1.377,56","1.354,60","215,65K","1,36%"
"17.10.2024","1.354,60","1.368,37","1.377,56","1.322,45","263,69K","2,08%"
"16.10.2024","1.327,05","1.377,56","1.386,74","1.322,45","135,22K","-3,34%"
"15.10.2024","1.372,96","1.331,64","1.391,33","1.313,27","743,28K","2,05%"
"14.10.2024","1.345,41","1.340,82","1.377,56","1.327,05","245,87K","0,00%"
"10.10.2024","1.345,41","1.345,41","1.372,96","1.313,27","155,76K","0,34%"
"09.10.2024","1.340,82","1.336,23","1.345,41","1.308,68","137,06K","0,00%"
"08.10.2024","1.340,82","1.345,41","1.359,19","1.317,86","97,68K","0,00%"
"07.10.2024","1.340,82","1.340,82","1.372,96","1.322,45","174,29K","-2,01%"
"04.10.2024","1.368,37","1.313,27","1.372,96","1.304,09","206,23K","4,20%"
"03.10.2024","1.313,27","1.336,23","1.336,23","1.281,13","193,24K","1,06%"
"02.10.2024","1.299,49","1.359,19","1.359,19","1.294,90","79,42K","-2,08%"
"01.10.2024","1.327,05","1.313,27","1.345,41","1.271,94","216,24K","2,12%"
"30.09.2024","1.299,49","1.350,01","1.359,19","1.281,13","327,89K","-3,74%"
"27.09.2024","1.350,01","1.304,09","1.363,78","1.304,09","228,82K","3,89%"
"26.09.2024","1.299,49","1.285,72","1.322,45","1.285,72","200,48K","1,07%"
"25.09.2024","1.285,72","1.304,09","1.308,68","1.262,76","224,79K","-1,06%"
"24.09.2024","1.299,49","1.308,68","1.336,23","1.290,31","131,22K","-1,39%"
"23.09.2024","1.317,86","1.313,27","1.327,05","1.290,31","84,52K","0,00%"
"20.09.2024","1.317,86","1.345,41","1.345,41","1.304,09","122,49K","-1,37%"
"19.09.2024","1.336,23","1.327,05","1.354,60","1.317,86","172,25K","2,11%"
"18.09.2024","1.308,68","1.350,01","1.372,96","1.285,72","280,27K","-3,06%"
"17.09.2024","1.350,01","1.386,74","1.391,33","1.340,82","179,95K","-1,67%"
"16.09.2024","1.372,96","1.414,29","1.414,29","1.368,37","176,33K","-0,66%"
"13.09.2024","1.382,15","1.368,37","1.391,33","1.340,82","185,93K","1,35%"
"12.09.2024","1.363,78","1.368,37","1.395,92","1.345,41","320,74K","-0,34%"
"11.09.2024","1.368,37","1.382,15","1.409,70","1.359,19","410,75K","-0,33%"
"10.09.2024","1.372,96","1.386,74","1.391,33","1.336,23","596,26K","-1,32%"
"09.09.2024","1.391,33","1.363,78","1.469,39","1.363,78","737,15K","2,02%"
"06.09.2024","1.363,78","1.391,33","1.391,33","1.313,27","614,09K","-1,66%"
"05.09.2024","1.386,74","1.359,19","1.428,07","1.359,19","904,85K","3,07%"
"04.09.2024","1.345,41","1.235,21","1.359,19","1.235,21","456,76K","9,33%"
"03.09.2024","1.230,62","1.221,43","1.253,58","1.193,88","256,09K","-0,37%"
"02.09.2024","1.235,21","1.230,62","1.317,86","1.166,33","204,02K","3,07%"
"30.08.2024","1.198,47","1.221,43","1.248,98","1.193,88","171,33K","1,56%"
"29.08.2024","1.180,11","1.166,33","1.207,66","1.152,56","220,14K","1,58%"
"28.08.2024","1.161,74","1.180,11","1.180,11","1.138,78","83,70K","-0,78%"
"27.08.2024","1.170,92","1.166,33","1.170,92","1.102,05","254,25K","1,19%"
"26.08.2024","1.157,15","1.166,33","1.184,70","1.147,96","121,39K","-1,18%"
"23.08.2024","1.170,92","1.152,56","1.189,29","1.152,56","83,67K","1,59%"
"22.08.2024","1.152,56","1.203,07","1.212,25","1.147,96","122,88K","-4,20%"
"21.08.2024","1.203,07","1.248,98","1.262,76","1.193,88","116,09K","-3,32%"
"20.08.2024","1.244,39","1.267,35","1.294,90","1.221,43","147,89K","-1,81%"
"19.08.2024","1.267,35","1.276,54","1.285,72","1.258,17","456,00K","0,00%"
"16.08.2024","1.267,35","1.285,72","1.294,90","1.262,76","443,81K","-1,08%"
"15.08.2024","1.281,13","1.235,21","1.285,72","1.235,21","675,60K","7,31%"
"14.08.2024","1.193,88","1.175,51","1.207,66","1.152,56","377,89K","1,96%"
"13.08.2024","1.170,92","1.175,51","1.184,70","1.143,37","408,05K","0,00%"
"12.08.2024","1.170,92","1.175,51","1.180,11","1.134,19","318,96K","0,39%"
"09.08.2024","1.166,33","1.143,37","1.170,92","1.102,05","356,71K","2,83%"
"08.08.2024","1.134,19","1.129,60","1.143,37","1.115,82","505,95K","1,23%"
"07.08.2024","1.120,41","1.129,60","1.138,78","1.106,64","497,24K","-2,01%"
"06.08.2024","1.143,37","1.120,41","1.157,15","1.102,05","421,88K","3,32%"
"05.08.2024","1.106,64","1.083,68","1.111,23","1.014,80","570,14K","0,00%"
"02.08.2024","1.106,64","1.102,05","1.125,00","1.065,31","433,66K","-1,63%"
"01.08.2024","1.125,00","1.147,96","1.166,33","1.115,82","582,99K","-2,00%"
"31.07.2024","1.147,96","1.079,09","1.157,15","1.051,53","366,52K","8,69%"
"30.07.2024","1.056,13","1.088,27","1.097,45","1.051,53","497,15K","-2,95%"
"29.07.2024","1.088,27","1.157,15","1.161,74","1.069,90","488,99K","-5,20%"
"26.07.2024","1.147,96","1.143,37","1.161,74","1.129,60","453,93K","0,40%"
"25.07.2024","1.143,37","1.166,33","1.166,33","1.106,64","476,77K","-1,58%"
"24.07.2024","1.161,74","1.198,47","1.198,47","1.157,15","638,05K","-3,06%"
"23.07.2024","1.198,47","1.152,56","1.207,66","1.138,78","651,93K","3,98%"
"22.07.2024","1.152,56","1.161,74","1.180,11","1.147,96","628,39K","0,00%"
"19.07.2024","1.152,56","1.147,96","1.175,51","1.147,96","490,90K","1,62%"
"18.07.2024","1.134,19","1.166,33","1.184,70","1.120,41","535,78K","-2,37%"
"17.07.2024","1.161,74","1.157,15","1.175,51","1.134,19","535,80K","2,02%"
"16.07.2024","1.138,78","1.143,37","1.161,74","1.051,53","791,41K","-0,80%"
"15.07.2024","1.147,96","1.239,80","1.239,80","1.102,05","531,30K","-8,09%"
"12.07.2024","1.248,98","1.230,62","1.258,17","1.226,03","183,59K","3,03%"
"11.07.2024","1.212,25","1.157,15","1.235,21","1.157,15","293,57K","3,53%"
"10.07.2024","1.170,92","1.125,00","1.184,70","1.106,64","378,46K","5,91%"
"08.07.2024","1.105,58","1.129,60","1.134,19","1.092,86","159,29K","-0,14%"
"05.07.2024","1.107,10","1.125,00","1.126,11","1.102,05","149,50K","-0,65%"
"04.07.2024","1.114,31","1.120,41","1.127,76","1.097,45","58,34K","1,88%"
"03.07.2024","1.093,73","1.120,41","1.143,37","1.079,09","137,98K","-1,93%"
"02.07.2024","1.115,22","1.097,45","1.129,50","1.097,45","117,13K","1,92%"
"01.07.2024","1.094,24","1.122,25","1.137,59","1.060,72","289,56K","-2,40%"
"28.06.2024","1.121,10","1.167,16","1.184,65","1.105,76","228,61K","-2,26%"
"27.06.2024","1.147,00","1.140,57","1.152,65","1.104,94","228,50K","3,91%"
"26.06.2024","1.103,79","1.112,38","1.114,08","1.085,97","163,26K","-1,07%"
"25.06.2024","1.115,68","1.104,80","1.126,57","1.104,80","237,65K","1,11%"
"24.06.2024","1.103,47","1.115,82","1.115,82","1.074,49","476,37K","-5,06%"
"19.06.2024","1.162,24","1.174,60","1.174,60","1.142,45","91,33K","1,53%"
"18.06.2024","1.144,70","1.160,82","1.160,82","1.125,00","146,30K","-1,16%"
"14.06.2024","1.158,11","1.189,29","1.193,88","1.147,96","198,50K","-1,96%"
"13.06.2024","1.181,30","1.192,96","1.222,35","1.142,45","359,47K","3,50%"
"12.06.2024","1.141,35","1.143,37","1.179,05","1.134,83","208,34K","0,59%"
"11.06.2024","1.134,65","1.189,29","1.189,29","1.128,82","189,73K","-3,32%"
"10.06.2024","1.173,63","1.140,62","1.192,96","1.125,00","263,55K","3,18%"
"07.06.2024","1.137,49","1.143,37","1.180,06","1.134,69","144,94K","-0,58%"
"06.06.2024","1.144,11","1.166,33","1.188,79","1.133,32","190,79K","-3,49%"
"05.06.2024","1.185,53","1.193,88","1.238,84","1.138,78","189,28K","-2,15%"
"04.06.2024","1.211,61","1.271,94","1.276,49","1.193,88","271,54K","-5,24%"
"03.06.2024","1.278,56","1.310,52","1.310,52","1.260,01","278,14K","-1,51%"
"31.05.2024","1.298,12","1.290,31","1.331,64","1.262,76","188,06K","0,28%"
"30.05.2024","1.294,44","1.235,21","1.298,12","1.235,21","182,26K","4,81%"
"29.05.2024","1.235,07","1.239,80","1.248,66","1.198,47","220,68K","-0,84%"
"28.05.2024","1.245,59","1.248,07","1.248,98","1.170,46","259,03K","0,77%"
"27.05.2024","1.236,04","1.175,51","1.322,45","1.102,96","115,75K","4,73%"
"24.05.2024","1.180,20","1.157,15","1.191,54","1.157,15","226,13K","0,67%"
"23.05.2024","1.172,39","1.166,33","1.248,98","1.111,23","181,91K","0,53%"
"22.05.2024","1.166,19","1.221,43","1.221,43","1.138,78","242,40K","-2,54%"
"21.05.2024","1.196,55","1.181,94","1.213,99","1.181,94","116,82K","1,50%"
"20.05.2024","1.178,82","1.137,17","1.180,11","1.106,68","196,52K","2,72%"
"17.05.2024","1.147,55","1.143,37","1.167,07","1.119,91","160,66K","0,16%"
"16.05.2024","1.145,71","1.135,11","1.163,58","1.037,76","250,69K","1,00%"
"15.05.2024","1.134,42","1.126,84","1.147,96","1.092,86","274,90K","4,63%"
"14.05.2024","1.084,18","1.067,15","1.100,21","1.048,78","213,94K","1,90%"
"13.05.2024","1.063,98","1.104,80","1.117,66","1.061,04","273,55K","-3,81%"
"10.05.2024","1.106,18","1.125,00","1.145,35","1.083,68","475,63K","-0,81%"
"09.05.2024","1.115,22","1.102,05","1.129,60","1.034,09","376,55K","-0,18%"
"08.05.2024","1.117,20","1.102,05","1.138,73","1.088,22","318,24K","3,08%"
"07.05.2024","1.083,77","1.193,88","1.197,56","1.069,90","773,79K","-11,53%"
"06.05.2024","1.225,02","1.065,31","1.239,80","1.065,31","443,32K","15,08%"
"03.05.2024","1.064,48","1.014,80","1.097,45","987,98","411,69K","8,06%"
"02.05.2024","985,04","999,19","999,19","945,92","210,50K","1,82%"
"30.04.2024","967,41","973,47","990,92","953,27","263,00K","1,35%"
"29.04.2024","954,51","937,66","967,09","933,57","185,39K","1,94%"
"26.04.2024","936,33","950,51","966,17","932,15","361,93K","-0,72%"
"25.04.2024","943,08","918,37","944,96","900,00","105,74K","3,08%"
"24.04.2024","914,93","964,29","964,29","901,84","257,75K","-4,82%"
"23.04.2024","961,26","989,09","989,09","958,78","306,62K","-2,85%"
"22.04.2024","989,41","955,11","990,23","955,06","256,37K","4,75%"
"19.04.2024","944,54","915,62","949,09","915,62","508,53K","2,95%"
"18.04.2024","917,45","907,35","919,52","895,46","432,39K","0,96%"
"17.04.2024","908,77","945,92","945,92","891,74","583,77K","-0,32%"
"16.04.2024","911,67","909,19","935,82","909,19","511,62K","-1,99%"
"15.04.2024","930,22","909,19","947,76","909,19","694,30K","1,28%"
"12.04.2024","918,46","964,29","964,29","915,02","516,84K","-3,60%"
"11.04.2024","952,72","956,02","999,19","941,33","265,07K","-0,27%"
"10.04.2024","955,29","988,72","988,72","951,75","526,24K","-3,46%"
"09.04.2024","989,54","1.004,70","1.004,70","970,17","533,30K","0,88%"
"08.04.2024","980,91","964,29","989,09","948,81","700,42K","3,98%"
"05.04.2024","943,35","935,82","945,23","890,82","563,91K","5,28%"
"04.04.2024","896,01","911,94","932,15","892,20","644,34K","-1,56%"
"03.04.2024","910,24","898,81","923,88","872,45","749,94K","-2,93%"
"27.03.2024","937,75","930,86","943,63","927,55","549,96K","0,55%"
"26.03.2024","932,61","927,55","945,88","909,78","522,59K","1,08%"
"25.03.2024","922,64","927,55","963,97","918,42","946,13K","0,30%"
"22.03.2024","919,84","931,23","931,23","905,70","295,35K","-1,51%"
"21.03.2024","933,94","890,82","939,68","868,87","751,39K","5,53%"
"20.03.2024","885,03","837,55","888,71","828,37","280,47K","5,75%"
"19.03.2024","836,91","845,82","868,78","828,23","412,03K","-0,70%"
"18.03.2024","842,83","791,64","844,72","779,38","689,99K","6,83%"
"15.03.2024","788,93","793,47","793,93","769,50","189,06K","-0,49%"
"14.03.2024","792,78","790,72","799,53","775,52","144,95K","1,19%"
"13.03.2024","783,46","766,84","803,57","757,66","442,97K","3,53%"
"12.03.2024","756,78","718,17","765,92","718,17","177,03K","5,45%"
"11.03.2024","717,66","749,39","749,39","697,27","174,93K","-3,99%"
"08.03.2024","747,46","752,97","752,97","726,43","156,93K","3,01%"
"07.03.2024","725,65","753,06","753,06","711,74","80,34K","-0,77%"
"06.03.2024","731,25","743,88","757,47","713,12","134,90K","-2,42%"
"05.03.2024","749,39","780,62","780,62","741,17","141,67K","-1,48%"
"04.03.2024","760,64","803,57","816,66","758,12","128,06K","-1,55%"
"01.03.2024","772,58","762,25","778,78","748,47","177,70K","2,60%"
"29.02.2024","753,02","771,43","780,62","743,88","270,28K","-1,49%"
"28.02.2024","764,41","816,43","835,72","762,75","399,41K","-5,99%"
"27.02.2024","813,08","850,41","877,04","790,26","202,46K","-4,60%"
"26.02.2024","852,29","897,25","938,58","839,53","477,26K","-4,97%"
"23.02.2024","896,88","890,82","945,00","859,18","539,93K","-0,35%"
"22.02.2024","900,00","865,11","914,19","865,11","330,11K","4,02%"
"21.02.2024","865,24","913,78","918,37","865,89","393,93K","-4,26%"
"20.02.2024","903,72","918,37","929,76","890,82","361,45K","-1,18%"
"19.02.2024","914,51","890,82","927,55","835,72","59,09K","2,66%"
"16.02.2024","890,82","918,37","918,37","859,82","251,39K","-1,41%"
"15.02.2024","903,54","900,00","919,29","877,50","584,87K","0,90%"
"14.02.2024","895,46","913,78","945,00","877,04","494,50K","-0,89%"
"09.02.2024","903,54","884,85","919,34","845,82","407,53K","2,13%"
"08.02.2024","884,71","945,92","945,92","882,55","402,24K","-3,64%"
"07.02.2024","918,14","918,37","923,74","826,53","240,04K","-2,40%"
"06.02.2024","940,69","1.010,21","1.047,86","922,96","92,99K","-5,00%"
"05.02.2024","990,23","1.043,27","1.074,49","964,34","154,12K","-4,68%"
"02.02.2024","1.038,82","1.046,94","1.101,13","1.029,86","109,10K","-0,09%"
"01.02.2024","1.039,73","1.010,21","1.051,53","1.001,02","68,87K","2,92%"
"31.01.2024","1.010,21","1.013,88","1.026,74","988,08","136,15K","1,75%"
"30.01.2024","992,80","992,76","1.033,17","984,49","121,96K","0,94%"
"29.01.2024","983,53","1.009,29","1.083,68","918,37","54,60K","-2,28%"
"26.01.2024","1.006,44","1.074,49","1.102,05","998,54","100,13K","-5,96%"
"25.01.2024","1.070,27","1.046,94","1.092,86","999,19","198,91K","3,99%"
"24.01.2024","1.029,22","1.037,76","1.059,25","1.019,62","82,31K","0,00%"
"23.01.2024","1.029,22","1.092,86","1.101,03","1.021,23","555,48K","-5,42%"
"22.01.2024","1.088,22","1.019,39","1.100,67","1.011,13","434,02K","7,79%"
"19.01.2024","1.009,57","963,37","1.010,21","963,37","298,07K","5,79%"
"18.01.2024","954,28","964,29","1.009,29","950,51","357,74K","0,38%"
"17.01.2024","950,65","927,55","970,72","909,19","299,62K","2,38%"
"16.01.2024","928,56","945,92","950,51","904,60","356,97K","-0,94%"
"15.01.2024","937,34","892,20","955,06","875,67","136,60K","5,06%"
"12.01.2024","892,20","897,25","918,37","881,64","324,93K","-0,52%"
"11.01.2024","896,88","900,00","935,77","873,83","302,42K","0,23%"
"10.01.2024","894,81","888,98","913,78","880,72","410,73K","1,66%"
"09.01.2024","880,21","913,78","968,88","873,37","433,55K","-3,55%"
"08.01.2024","912,59","860,51","914,70","835,72","338,16K","8,16%"
"05.01.2024","843,75","850,37","877,04","815,51","138,89K","-0,15%"
"04.01.2024","845,04","797,15","850,46","797,15","203,84K","5,84%"
"03.01.2024","798,43","779,70","802,61","754,90","170,30K","2,59%"
"02.01.2024","778,27","784,75","798,98","745,76","76,02K","-0,81%"
"29.12.2023","784,61","756,74","786,58","731,02","103,22K","4,11%"
"28.12.2023","753,62","743,88","771,43","730,10","250,27K","1,37%"
"27.12.2023","743,47","754,99","776,94","734,74","56,05K","-1,53%"
"26.12.2023","754,99","791,64","792,09","748,47","147,47K","-3,26%"
"22.12.2023","780,43","789,80","798,06","754,95","174,24K","0,03%"
"21.12.2023","780,20","839,39","844,90","767,30","154,39K","-3,16%"
"20.12.2023","805,69","802,66","826,53","794,39","345,33K","1,11%"
"19.12.2023","796,87","821,48","844,90","791,82","345,28K","-1,30%"
"18.12.2023","807,39","825,62","853,12","771,43","340,56K","-2,72%"
"15.12.2023","829,93","869,70","885,31","826,53","307,20K","-3,85%"
"14.12.2023","863,13","858,68","888,98","824,70","200,09K","0,18%"
"13.12.2023","861,62","864,19","881,64","840,31","367,41K","0,78%"
"12.12.2023","854,91","852,71","867,86","837,55","442,12K","3,34%"
"11.12.2023","827,31","821,94","862,35","798,98","378,22K","1,02%"
"07.12.2023","818,96","794,39","854,09","780,62","230,22K","3,07%"
"06.12.2023","794,57","776,94","832,04","766,84","513,69K","2,41%"
"05.12.2023","775,84","791,54","795,31","721,84","361,08K","-1,98%"
"04.12.2023","791,54","773,27","823,78","772,35","319,17K","2,24%"
"01.12.2023","774,23","723,68","789,80","687,86","417,34K","7,79%"
"30.11.2023","718,26","707,15","743,88","703,47","405,46K","2,30%"
"29.11.2023","702,14","684,19","733,78","684,19","200,29K","2,83%"
"28.11.2023","682,81","698,88","713,57","624,49","174,90K","-2,63%"
"27.11.2023","701,27","780,62","832,04","680,51","457,73K","-8,58%"
"24.11.2023","767,07","788,88","837,55","720,92","424,08K","-1,69%"
"23.11.2023","780,25","675,92","798,98","669,49","373,88K","17,81%"
"22.11.2023","662,28","596,94","675,92","596,94","468,85K","11,54%"
"21.11.2023","593,77","569,39","675,92","548,27","325,93K","16,94%"
"17.11.2023","507,77","496,84","525,72","483,52","55,49K","1,30%"
"16.11.2023","501,25","511,49","523,47","495,92","45,02K","-2,00%"
"15.11.2023","511,49","514,29","541,84","506,02","86,95K","0,11%"
"14.11.2023","510,94","523,47","537,25","495,92","82,42K","-1,80%"
"13.11.2023","520,30","529,90","539,08","513,69","82,82K","-1,66%"
"10.11.2023","529,07","505,56","532,66","505,10","98,45K","4,87%"
"09.11.2023","504,51","505,10","523,47","479,39","104,04K","1,17%"
"08.11.2023","498,68","499,59","513,37","486,32","42,26K","-0,29%"
"07.11.2023","500,14","501,43","518,88","492,25","52,41K","-2,20%"
"03.11.2023","511,39","523,47","533,57","492,25","75,87K","-1,38%"
"02.11.2023","518,56","506,99","526,23","504,19","136,75K","2,68%"
"01.11.2023","505,01","472,96","505,10","472,96","93,30K","7,13%"
"31.10.2023","471,40","489,49","509,65","459,64","160,85K","-3,18%"
"30.10.2023","486,87","560,21","560,21","478,93","559,11K","-13,57%"
"27.10.2023","563,28","565,72","573,98","514,29","105,45K","-0,51%"
"26.10.2023","566,18","572,15","587,76","539,08","56,23K","0,89%"
"25.10.2023","561,17","578,57","605,21","554,70","83,26K","-2,78%"
"24.10.2023","577,20","606,12","642,86","537,25","162,06K","-1,91%"
"23.10.2023","588,45","646,53","661,23","579,49","189,66K","-11,08%"
"20.10.2023","661,78","660,31","679,59","638,27","187,14K","2,43%"
"19.10.2023","646,07","657,55","659,71","621,74","129,22K","-1,73%"
"18.10.2023","657,46","655,72","669,49","631,84","187,14K","0,22%"
"17.10.2023","656,04","607,96","657,55","592,35","375,28K","8,10%"
"12.10.2023","606,91","606,12","610,72","588,68","600,69K","1,72%"
"11.10.2023","596,67","650,99","650,99","573,98","866,64K","-8,01%"
"10.10.2023","648,65","719,54","729,19","624,49","149,10K","-8,09%"
"09.10.2023","705,77","693,37","716,33","643,78","73,10K","2,04%"
"06.10.2023","691,67","624,77","707,10","615,31","96,84K","14,44%"
"05.10.2023","604,38","588,68","619,90","588,68","80,89K","2,07%"
"04.10.2023","592,12","557,45","616,23","551,94","43,36K","5,36%"
"03.10.2023","562,00","578,57","596,94","532,66","41,76K","-1,63%"
"02.10.2023","571,32","551,02","573,98","532,66","292,95K","-0,81%"
"29.09.2023","575,96","606,12","642,86","557,18","151,17K","-2,78%"
"28.09.2023","592,40","528,06","596,94","527,60","70,34K","12,33%"
"27.09.2023","527,37","491,51","528,06","491,51","40,54K","5,53%"
"26.09.2023","499,73","546,43","546,43","486,74","45,67K","-5,34%"
"25.09.2023","527,93","514,29","528,98","479,39","55,86K","3,88%"
"22.09.2023","508,23","478,47","508,78","460,10","86,70K","5,18%"
"21.09.2023","483,20","483,98","496,38","451,84","30,76K","-0,42%"
"20.09.2023","485,22","504,14","517,50","480,31","159,89K","-2,26%"
"19.09.2023","496,43","490,41","508,78","468,37","159,77K","1,97%"
"18.09.2023","486,83","463,27","498,63","461,02","132,84K","6,14%"
"15.09.2023","458,68","468,37","468,37","450,46","288,29K","-2,27%"
"14.09.2023","469,33","477,55","479,39","465,66","370,41K","-0,13%"
"13.09.2023","469,93","468,37","477,55","459,19","224,49K","1,29%"
"12.09.2023","463,96","444,49","464,47","440,82","117,67K","4,18%"
"11.09.2023","445,36","436,18","450,00","420,61","386,30K","3,31%"
"08.09.2023","431,08","439,03","460,10","421,81","99,71K","-1,52%"
"07.09.2023","437,74","479,16","502,35","436,23","313,37K","-8,34%"
"06.09.2023","477,55","486,74","496,84","467,08","298,91K","0,68%"
"05.09.2023","474,34","505,10","505,10","473,88","48,65K","-6,78%"
"04.09.2023","508,82","509,70","546,43","487,66","12,47K","-0,13%"
"01.09.2023","509,47","518,93","528,98","496,98","31,92K","-0,03%"
"31.08.2023","509,60","542,44","542,44","506,99","25,71K","-4,62%"
"30.08.2023","534,26","541,84","551,02","521,68","56,48K","-1,31%"
"29.08.2023","541,33","540,92","551,25","525,35","51,56K","0,39%"
"28.08.2023","539,22","511,53","540,92","506,94","70,18K","5,23%"
"25.08.2023","512,41","503,73","516,49","497,11","30,98K","1,05%"
"24.08.2023","507,08","514,29","528,89","497,94","108,54K","-1,49%"
"23.08.2023","514,75","509,70","521,63","499,82","81,50K","2,72%"
"22.08.2023","501,11","494,08","509,05","480,72","203,54K","1,63%"
"18.08.2023","493,07","495,92","499,59","482,88","84,83K","1,13%"
"17.08.2023","487,56","462,86","489,26","462,86","155,70K","5,39%"
"16.08.2023","462,63","458,27","468,37","443,94","211,64K","4,80%"
"15.08.2023","441,46","423,37","455,60","423,37","94,64K","4,13%"
"14.08.2023","423,97","410,51","456,38","369,19","314,75K","4,33%"
"11.08.2023","406,38","412,26","416,25","403,03","50,19K","-1,51%"
"10.08.2023","412,62","404,08","413,27","400,59","116,50K","2,35%"
"09.08.2023","403,16","409,27","416,02","399,49","46,81K","-1,49%"
"08.08.2023","409,27","396,74","412,35","392,33","90,22K","3,02%"
"07.08.2023","397,29","398,44","406,43","396,28","139,79K","0,06%"
"04.08.2023","397,06","398,11","398,11","379,33","293,83K","3,47%"
"03.08.2023","383,74","381,58","394,44","377,04","148,63K","0,27%"
"02.08.2023","382,69","385,72","389,66","381,12","231,48K","-0,88%"
"01.08.2023","386,08","389,39","396,74","382,41","100,58K","-1,29%"
"31.07.2023","391,13","396,74","396,74","385,72","130,85K","0,16%"
"28.07.2023","390,49","369,83","394,90","369,83","32,13K","2,52%"
"27.07.2023","380,89","389,89","389,89","376,53","218,03K","-1,51%"
"26.07.2023","386,73","399,49","399,49","382,59","120,17K","-1,22%"
"25.07.2023","391,50","390,72","393,94","384,66","72,30K","1,72%"
"24.07.2023","384,89","395,82","395,82","383,88","80,23K","-1,18%"
"21.07.2023","389,48","372,86","389,66","371,94","252,58K","4,72%"
"20.07.2023","371,94","378,09","382,18","371,30","250,56K","-1,51%"
"19.07.2023","377,63","380,21","382,50","374,70","321,65K","-0,58%"
"18.07.2023","379,84","386,63","388,29","377,91","309,44K","-2,18%"
"17.07.2023","388,29","390,31","397,75","385,72","243,73K","0,64%"
"14.07.2023","385,81","396,55","396,55","385,07","191,74K","-2,73%"
"13.07.2023","396,64","393,38","403,16","386,63","181,04K","0,77%"
"12.07.2023","393,61","391,18","397,70","379,33","43,24K","1,73%"
"11.07.2023","386,91","376,44","387,78","369,19","195,82K","3,50%"
"10.07.2023","373,82","381,95","390,31","372,77","255,77K","-3,74%"
"07.07.2023","388,33","381,12","392,88","377,91","209,73K","2,90%"
"06.07.2023","377,40","385,72","385,72","370,88","278,11K","-3,02%"
"05.07.2023","389,16","396,74","399,49","386,18","239,79K","-0,75%"
"04.07.2023","392,10","395,82","405,92","388,47","77,98K","-0,96%"
"03.07.2023","395,91","385,72","403,16","379,33","189,20K","3,87%"
"30.06.2023","381,17","367,35","383,42","364,59","264,51K","5,05%"
"29.06.2023","362,85","367,35","376,53","346,73","753,10K","0,37%"
"28.06.2023","361,52","385,72","391,23","357,25","844,06K","-3,59%"
"27.06.2023","374,97","389,39","390,31","374,92","322,36K","-1,26%"
"26.06.2023","379,75","387,55","394,90","369,55","336,41K","2,12%"
"23.06.2023","371,85","346,69","373,32","339,02","571,21K","7,23%"
"22.06.2023","346,78","367,35","373,73","342,28","314,67K","-4,09%"
"21.06.2023","361,56","351,19","394,90","351,19","526,42K","8,10%"
"16.06.2023","334,47","321,43","336,31","315,00","413,26K","6,46%"
"15.06.2023","314,17","301,23","315,97","301,23","112,64K","4,34%"
"14.06.2023","301,09","303,06","303,06","294,02","54,66K","3,05%"
"13.06.2023","292,18","302,14","302,88","291,12","26,81K","-2,29%"
"12.06.2023","299,02","309,49","309,49","289,56","50,55K","-0,44%"
"09.06.2023","300,35","297,55","301,68","291,67","52,25K","1,64%"
"08.06.2023","295,49","306,28","306,28","286,85","153,23K","-0,31%"
"07.06.2023","296,40","302,14","314,68","293,88","115,53K","-2,91%"
"06.06.2023","305,27","284,70","307,65","275,51","194,15K","9,69%"
"05.06.2023","278,31","271,19","292,78","271,19","432,39K","2,63%"
"02.06.2023","271,19","279,64","279,64","268,16","236,56K","-0,89%"
"01.06.2023","273,63","275,51","280,10","269,08","340,82K","0,76%"
"31.05.2023","271,56","275,51","275,51","265,41","151,86K","1,08%"
"30.05.2023","268,67","275,51","275,51","259,90","282,17K","-0,81%"
"29.05.2023","270,87","268,16","275,42","262,19","56,62K","0,80%"
"24.05.2023","268,72","266,33","273,22","262,19","32,42K","0,69%"
"23.05.2023","266,88","261,74","273,67","261,32","182,78K","2,31%"
"22.05.2023","260,86","256,23","261,74","248,88","105,19K","2,19%"
"19.05.2023","255,26","259,90","259,90","248,42","329,22K","-0,27%"
"18.05.2023","255,95","254,85","257,79","244,75","176,02K","0,43%"
"17.05.2023","254,85","244,29","256,23","239,05","52,93K","4,32%"
"16.05.2023","244,29","257,14","257,14","244,19","53,74K","-1,33%"
"15.05.2023","247,59","248,33","248,88","234,18","126,23K","-0,30%"
"12.05.2023","248,33","244,56","251,50","239,69","35,74K","4,02%"
"11.05.2023","238,73","245,21","245,21","236,94","127,56K","-2,26%"
"10.05.2023","244,24","246,12","247,96","238,78","81,66K","-0,86%"
"09.05.2023","246,35","238,32","247,96","226,15","85,69K","4,35%"
"08.05.2023","236,07","225,00","237,86","225,00","94,78K","6,22%"
"05.05.2023","222,25","215,82","225,00","213,70","34,54K","4,00%"
"04.05.2023","213,70","216,74","224,59","213,06","37,23K","-1,34%"
"03.05.2023","216,60","216,74","230,51","211,23","86,76K","-6,22%"
"02.05.2023","230,97","236,02","236,02","224,08","106,84K","0,54%"
"28.04.2023","229,73","229,59","236,85","229,59","92,01K","-0,08%"
"27.04.2023","229,91","235,10","236,94","227,20","81,56K","-1,05%"
"26.04.2023","232,35","234,18","236,89","228,67","114,75K","-1,42%"
"25.04.2023","235,70","238,78","244,29","235,10","112,49K","-0,72%"
"24.04.2023","237,40","238,78","240,61","226,65","62,37K","-0,17%"
"21.04.2023","237,81","231,43","241,99","229,59","125,14K","2,86%"
"20.04.2023","231,20","230,51","236,25","226,52","87,27K","-0,61%"
"19.04.2023","232,62","236,02","238,59","230,69","87,37K","-0,98%"
"18.04.2023","234,92","233,27","238,78","229,59","74,71K","1,35%"
"17.04.2023","231,80","230,51","234,18","229,18","32,86K","0,20%"
"14.04.2023","231,34","227,76","233,27","224,27","73,96K","2,28%"
"13.04.2023","226,19","226,38","231,43","223,16","159,00K","-0,69%"
"12.04.2023","227,76","221,83","229,59","219,22","81,87K","3,90%"
"11.04.2023","219,22","214,72","219,95","214,72","24,70K","1,60%"
"10.04.2023","215,77","219,31","223,16","213,06","138,96K","0,36%"
"05.04.2023","214,99","223,16","223,16","212,14","107,78K","-2,84%"
"04.04.2023","221,28","225,00","228,63","219,49","53,31K","0,35%"
"03.04.2023","220,50","217,65","224,08","217,65","89,48K","1,11%"
"31.03.2023","218,07","225,00","227,66","215,54","65,05K","-1,68%"
"30.03.2023","221,79","220,87","224,08","217,70","107,56K","0,63%"
"29.03.2023","220,41","218,62","224,22","216,74","226,75K","3,03%"
"28.03.2023","213,93","208,33","214,90","204,84","194,62K","2,66%"
"27.03.2023","208,38","193,55","209,39","191,07","323,68K","7,66%"
"23.03.2023","193,55","195,15","201,12","188,95","307,07K","-1,59%"
"22.03.2023","196,67","202,04","203,33","195,25","43,36K","-3,23%"
"21.03.2023","203,24","200,20","204,75","198,37","23,74K","3,29%"
"20.03.2023","196,76","201,12","202,23","192,86","39,76K","-1,59%"
"17.03.2023","199,93","199,47","206,54","193,55","19,78K","0,30%"
"16.03.2023","199,33","192,86","203,88","187,49","35,07K","3,18%"
"15.03.2023","193,18","206,63","206,63","191,94","69,30K","-6,51%"
"14.03.2023","206,63","202,04","218,48","202,04","67,30K","2,11%"
"13.03.2023","202,36","213,89","213,89","201,26","88,84K","-5,59%"
"10.03.2023","214,35","217,75","221,28","211,82","112,68K","-1,54%"
"09.03.2023","217,70","215,82","229,59","214,90","105,40K","0,57%"
"08.03.2023","216,46","218,57","225,00","212,60","50,92K","0,73%"
"07.03.2023","214,90","217,65","227,76","212,19","73,34K","-4,31%"
"06.03.2023","224,59","225,92","229,18","216,78","109,26K","0,27%"
"03.03.2023","223,99","220,50","227,76","218,57","54,14K","1,58%"
"02.03.2023","220,50","230,05","230,05","219,49","39,25K","-1,44%"
"01.03.2023","223,72","223,39","228,67","218,20","84,57K","0,21%"
"28.02.2023","223,26","227,30","237,40","222,70","127,75K","-1,36%"
"27.02.2023","226,33","217,19","232,35","215,50","154,26K","3,85%"
"24.02.2023","217,93","224,08","232,35","216,32","83,88K","-2,14%"
"23.02.2023","222,70","217,42","225,92","217,42","60,54K","2,34%"
"22.02.2023","217,61","228,67","228,67","202,09","96,26K","-1,29%"
"17.02.2023","220,45","232,35","236,02","214,90","176,30K","-5,35%"
"16.02.2023","232,90","234,18","239,69","220,41","228,48K","0,98%"
"15.02.2023","230,65","234,83","242,45","225,92","187,91K","-1,78%"
"14.02.2023","234,83","218,57","237,81","218,57","385,94K","6,01%"
"13.02.2023","221,51","211,23","222,25","209,39","223,84K","5,95%"
"10.02.2023","209,07","201,12","209,39","197,45","89,17K","4,67%"
"09.02.2023","199,75","211,23","211,23","198,92","130,46K","-3,80%"
"08.02.2023","207,64","211,23","216,74","204,38","61,37K","-1,27%"
"07.02.2023","210,31","212,14","218,48","207,60","39,23K","-0,59%"
"06.02.2023","211,55","219,49","226,84","207,55","80,07K","-3,03%"
"03.02.2023","218,16","232,35","245,21","215,86","66,82K","-7,01%"
"02.02.2023","234,60","236,02","243,37","227,34","155,22K","3,09%"
"01.02.2023","227,57","220,41","229,59","215,82","128,89K","5,63%"
"31.01.2023","215,45","213,06","219,77","208,47","147,87K","1,54%"
"30.01.2023","212,19","217,65","225,00","211,09","68,99K","-2,57%"
"27.01.2023","217,79","215,82","225,00","213,98","133,25K","1,00%"
"26.01.2023","215,63","208,47","220,82","208,47","129,25K","3,82%"
"25.01.2023","207,69","202,27","208,47","192,86","257,11K","7,18%"
"24.01.2023","193,78","196,53","198,28","184,36","307,78K","-1,19%"
"23.01.2023","196,12","194,69","203,65","189,64","107,71K","0,64%"
"20.01.2023","194,88","179,08","199,29","179,08","80,63K","5,71%"
"19.01.2023","184,36","191,02","192,86","170,13","130,02K","-0,69%"
"18.01.2023","185,65","205,49","216,51","184,59","66,06K","-9,65%"
"17.01.2023","205,49","198,83","207,51","192,86","194,39K","4,15%"
"16.01.2023","197,31","187,81","198,55","187,35","40,00K","5,84%"
"13.01.2023","186,43","181,84","188,27","180,00","70,42K","1,63%"
"12.01.2023","183,44","174,49","185,33","174,49","95,61K","5,55%"
"11.01.2023","173,80","170,82","177,25","167,37","89,69K","1,69%"
"10.01.2023","170,91","174,49","182,76","170,54","142,27K","-0,43%"
"09.01.2023","171,64","168,20","175,45","168,06","77,01K","2,05%"
"06.01.2023","168,20","165,31","173,53","165,31","76,04K","2,57%"
"05.01.2023","163,98","159,80","167,14","153,37","253,71K","4,75%"
"04.01.2023","156,54","152,45","157,96","150,61","84,65K","3,46%"
"03.01.2023","151,30","153,37","154,29","146,02","197,39K","-0,27%"
"02.01.2023","151,71","152,91","156,08","147,03","89,32K","0,18%"
"30.12.2022","151,44","156,12","156,12","146,48","34,77K","-1,32%"
"29.12.2022","153,46","155,66","160,71","150,61","65,89K","-1,65%"
"28.12.2022","156,03","153,37","160,53","152,22","144,14K","0,83%"
"27.12.2022","154,75","154,29","160,71","149,92","102,26K","0,78%"
"26.12.2022","153,55","152,45","155,20","148,32","48,72K","1,64%"
"23.12.2022","151,07","149,69","151,76","144,74","17,63K","3,17%"
"22.12.2022","146,43","152,36","152,36","144,83","48,57K","-1,76%"
"21.12.2022","149,05","151,53","153,96","146,94","257,91K","0,18%"
"20.12.2022","148,78","149,24","150,61","146,94","30,56K","-0,24%"
"19.12.2022","149,14","146,94","151,53","146,94","321,37K","0,09%"
"16.12.2022","149,01","148,78","150,15","145,10","96,87K","1,09%"
"15.12.2022","147,40","148,50","148,50","142,39","172,18K","-0,65%"
"14.12.2022","148,36","146,94","151,53","145,10","66,47K","0,12%"
"13.12.2022","148,18","149,01","151,53","145,79","50,87K","-0,34%"
"12.12.2022","148,68","146,94","150,84","139,13","100,73K","0,65%"
"07.12.2022","147,72","143,27","149,83","139,13","60,23K","3,11%"
"06.12.2022","143,27","135,92","146,94","135,00","91,59K","4,63%"
"05.12.2022","136,93","138,67","146,02","131,10","111,59K","2,13%"
"02.12.2022","134,08","127,65","138,67","127,42","231,42K","5,38%"
"01.12.2022","127,24","128,34","131,33","122,60","186,97K","-1,00%"
"30.11.2022","128,53","124,90","128,57","123,98","63,46K","3,55%"
"29.11.2022","124,12","121,22","125,45","117,23","163,29K","3,21%"
"28.11.2022","120,26","117,74","121,22","117,74","139,16K","2,14%"
"25.11.2022","117,74","117,64","119,99","117,55","71,59K","-1,88%"
"24.11.2022","119,99","118,47","123,06","117,55","70,38K","-0,27%"
"23.11.2022","120,31","122,14","124,44","118,47","247,47K","0,00%"
"22.11.2022","120,31","121,68","123,98","118,10","244,91K","-1,13%"
"18.11.2022","121,68","126,74","126,74","117,46","45,98K","-1,86%"
"17.11.2022","123,98","119,39","123,98","116,40","328,09K","4,81%"
"16.11.2022","118,29","117,55","120,77","112,55","183,60K","-0,08%"
"15.11.2022","118,38","118,47","120,77","114,80","180,82K","0,51%"
"14.11.2022","117,78","117,00","118,93","114,80","138,23K","1,50%"
"11.11.2022","116,04","112,50","116,04","109,75","158,61K","4,43%"
"10.11.2022","111,12","112,96","112,96","107,45","29,95K","2,89%"
"09.11.2022","108,00","108,37","112,96","106,53","129,98K","-1,14%"
"08.11.2022","109,24","112,04","113,88","108,37","201,76K","-3,84%"
"07.11.2022","113,60","115,90","118,47","110,39","417,64K","-1,98%"
"04.11.2022","115,90","113,88","119,80","113,88","52,20K","-0,43%"
"03.11.2022","116,40","118,47","123,06","114,80","284,16K","-1,75%"
"02.11.2022","118,47","122,60","122,60","116,45","49,89K","-1,34%"
"01.11.2022","120,08","120,31","120,31","116,22","39,69K","1,48%"
"31.10.2022","118,33","118,47","122,60","115,71","135,88K","-0,81%"
"28.10.2022","119,30","116,17","120,77","113,56","89,90K","2,12%"
"27.10.2022","116,82","115,26","117,55","114,06","72,94K","0,64%"
"26.10.2022","116,08","112,27","119,39","112,27","43,67K","1,98%"
"25.10.2022","113,83","110,20","114,80","109,24","61,82K","5,04%"
"24.10.2022","108,37","112,04","113,19","107,17","202,03K","-3,04%"
"21.10.2022","111,77","108,37","112,50","108,37","99,28K","2,79%"
"20.10.2022","108,74","111,12","113,88","108,55","370,60K","-1,49%"
"19.10.2022","110,39","114,75","114,75","110,20","247,82K","-0,91%"
"18.10.2022","111,40","115,71","116,63","111,12","47,97K","-2,72%"
"17.10.2022","114,52","116,63","117,05","113,88","31,19K","-1,42%"
"14.10.2022","116,17","115,58","119,39","113,88","61,73K","-0,79%"
"13.10.2022","117,09","111,86","117,37","109,97","125,48K","4,68%"
"12.10.2022","111,86","107,82","112,32","107,82","71,50K","1,29%"
"11.10.2022","110,43","115,62","115,62","109,56","46,82K","-4,75%"
"06.10.2022","115,94","115,71","119,39","114,80","38,93K","-0,16%"
"05.10.2022","116,13","119,39","119,39","114,80","41,63K","-1,98%"
"04.10.2022","118,47","117,55","121,22","116,82","81,07K","0,78%"
"03.10.2022","117,55","117,55","119,39","111,63","173,48K","2,60%"
"30.09.2022","114,57","111,95","115,71","109,88","120,18K","3,53%"
"29.09.2022","110,66","108,78","111,12","106,99","19,42K","1,73%"
"28.09.2022","108,78","104,88","109,15","103,78","70,43K","4,55%"
"27.09.2022","104,05","103,68","106,49","102,95","55,96K","-0,09%"
"26.09.2022","104,14","106,99","110,20","102,86","181,00K","-2,66%"
"23.09.2022","106,99","110,20","110,57","104,65","206,10K","-3,24%"
"22.09.2022","110,57","110,66","111,95","108,87","56,08K","-1,36%"
"21.09.2022","112,09","113,88","115,03","111,12","192,53K","-1,05%"
"20.09.2022","113,28","115,71","116,63","112,04","39,55K","-1,91%"
"19.09.2022","115,49","113,83","117,28","109,29","636,99K","2,61%"
"16.09.2022","112,55","115,53","116,22","111,58","107,74K","-1,76%"
"15.09.2022","114,57","116,63","116,63","114,34","273,93K","-0,24%"
"14.09.2022","114,84","114,80","117,55","114,61","450,38K","0,44%"
"13.09.2022","114,34","117,92","117,92","114,34","193,28K","-2,35%"
"12.09.2022","117,09","119,39","120,77","117,09","198,38K","-0,97%"
"09.09.2022","118,24","116,17","121,22","115,26","333,48K","2,79%"
"08.09.2022","115,03","111,12","116,36","111,12","353,37K","4,29%"
"07.09.2022","110,30","110,20","113,88","108,37","371,88K","0,00%"
"06.09.2022","110,30","107,40","112,04","104,24","243,68K","-1,88%"
"05.09.2022","112,41","110,20","117,09","106,71","17,41K","2,85%"
"01.09.2022","109,29","109,06","111,81","106,99","148,43K","-0,79%"
"31.08.2022","110,16","115,71","115,71","108,00","170,93K","-2,95%"
"30.08.2022","113,51","116,63","116,63","110,66","186,15K","-1,12%"
"29.08.2022","114,80","113,88","115,94","110,89","247,47K","1,79%"
"26.08.2022","112,78","121,22","121,22","112,00","195,01K","-4,88%"
"25.08.2022","118,56","121,00","121,00","117,09","159,96K","-1,34%"
"24.08.2022","120,17","121,22","121,22","116,63","133,27K","0,65%"
"23.08.2022","119,39","114,80","120,31","112,04","219,36K","4,00%"
"22.08.2022","114,80","114,80","115,71","109,29","329,43K","0,24%"
"19.08.2022","114,52","113,83","116,04","112,96","275,39K","0,53%"
"18.08.2022","113,92","111,12","115,03","110,20","242,78K","3,38%"
"17.08.2022","110,20","110,20","112,91","109,29","183,05K","0,58%"
"16.08.2022","109,56","112,96","113,56","108,41","121,71K","-2,86%"
"12.08.2022","112,78","112,96","113,10","108,92","115,55K","0,00%"
"11.08.2022","112,78","113,88","113,92","111,26","170,31K","-0,97%"
"10.08.2022","113,88","111,12","114,34","111,12","77,62K","1,64%"
"09.08.2022","112,04","113,88","115,71","111,58","265,10K","-1,06%"
"08.08.2022","113,24","119,39","119,39","112,41","165,03K","0,78%"
"05.08.2022","112,36","113,19","116,63","112,04","277,78K","-0,81%"
"04.08.2022","113,28","111,12","115,71","111,12","116,88K","1,69%"
"03.08.2022","111,40","108,37","117,09","108,37","174,44K","-1,62%"
"02.08.2022","113,24","107,68","115,12","106,53","196,85K","5,39%"
"01.08.2022","107,45","108,28","108,28","102,31","164,82K","-1,43%"
"29.07.2022","109,01","114,61","118,38","108,37","199,53K","-4,85%"
"28.07.2022","114,57","115,71","117,55","111,58","309,30K","-0,99%"
"27.07.2022","115,71","110,20","119,39","110,07","549,31K","6,01%"
"26.07.2022","109,15","106,71","109,75","106,71","213,83K","2,29%"
"25.07.2022","106,71","101,02","107,45","100,10","446,47K","6,31%"
"22.07.2022","100,38","105,61","105,61","98,27","291,09K","-0,63%"
"21.07.2022","101,02","101,94","108,14","99,32","218,39K","0,14%"
"20.07.2022","100,88","99,64","101,02","98,68","133,18K","1,10%"
"19.07.2022","99,78","99,18","101,85","97,58","196,24K","0,79%"
"18.07.2022","99,00","92,11","99,18","92,11","129,85K","4,16%"
"15.07.2022","95,05","94,04","95,69","94,04","145,72K","2,22%"
"14.07.2022","92,99","92,30","94,00","90,00","161,11K","1,21%"
"13.07.2022","91,88","92,66","93,72","90,00","184,66K","-0,95%"
"12.07.2022","92,76","94,59","97,81","92,76","122,95K","-1,27%"
"11.07.2022","93,95","95,97","96,43","92,89","196,54K","-2,16%"
"08.07.2022","96,02","96,43","97,81","92,80","244,38K","-0,57%"
"07.07.2022","96,57","92,76","97,81","92,30","189,02K","5,15%"
"06.07.2022","91,84","93,21","93,67","90,00","238,57K","-0,94%"
"05.07.2022","92,71","87,25","93,21","87,25","263,88K","4,66%"
"04.07.2022","88,58","86,33","88,99","82,65","55,27K","1,91%"
"01.07.2022","86,92","85,41","87,25","82,65","163,66K","1,77%"
"30.06.2022","85,41","80,82","85,41","80,82","188,00K","4,85%"
"29.06.2022","81,46","84,49","84,49","80,08","153,27K","-2,48%"
"28.06.2022","83,53","83,11","86,79","80,08","209,95K","0,44%"
"27.06.2022","83,16","79,49","83,66","77,19","194,75K","6,53%"
"24.06.2022","78,06","79,90","80,36","77,19","192,09K","0,48%"
"23.06.2022","77,69","75,31","79,49","75,31","165,31K","0,65%"
"22.06.2022","77,19","80,27","80,27","77,14","230,32K","-1,76%"
"21.06.2022","78,57","77,60","79,49","77,60","220,16K","3,89%"
"16.06.2022","75,63","80,36","80,36","75,31","329,98K","-6,36%"
"15.06.2022","80,77","80,82","82,65","78,89","189,88K","1,20%"
"14.06.2022","79,81","79,90","80,82","78,43","196,37K","-1,25%"
"13.06.2022","80,82","81,74","82,52","79,81","281,99K","-1,45%"
"10.06.2022","82,01","82,47","83,30","79,26","210,65K","-1,38%"
"09.06.2022","83,16","83,57","83,57","80,36","225,55K","-0,05%"
"08.06.2022","83,20","83,57","84,31","81,69","196,96K","-0,44%"
"07.06.2022","83,57","80,82","84,31","80,82","156,06K","2,24%"
"06.06.2022","81,74","80,63","83,30","80,63","165,07K","-0,11%"
"03.06.2022","81,83","82,47","84,03","81,74","174,54K","-1,76%"
"02.06.2022","83,30","82,29","84,49","80,82","293,26K","-0,87%"
"01.06.2022","84,03","86,79","88,62","82,19","148,05K","-4,14%"
"31.05.2022","87,66","90,92","91,38","87,47","241,84K","-4,50%"
"30.05.2022","91,79","90,92","91,84","88,21","51,76K","0,96%"
"27.05.2022","90,92","90,92","91,61","88,16","100,97K","2,01%"
"26.05.2022","89,13","85,41","90,92","85,41","102,60K","3,14%"
"24.05.2022","86,42","83,62","87,93","83,62","107,28K","0,10%"
"23.05.2022","86,33","86,33","89,50","86,33","145,72K","0,00%"
"20.05.2022","86,33","88,07","88,07","85,41","95,80K","-0,42%"
"19.05.2022","86,69","86,33","88,58","84,49","12,19K","0,42%"
"17.05.2022","86,33","89,27","89,27","85,41","23,86K","-1,93%"
"16.05.2022","88,03","87,52","91,06","86,79","42,44K","1,11%"
"13.05.2022","87,06","85,41","87,15","82,84","56,23K","4,75%"
"12.05.2022","83,11","83,66","86,24","82,65","24,83K","-0,93%"
"11.05.2022","83,89","84,95","86,14","83,11","21,40K","-0,65%"
"10.05.2022","84,44","83,57","84,49","80,86","123,54K","3,59%"
"09.05.2022","81,51","87,25","87,25","80,82","134,41K","-5,43%"
"06.05.2022","86,19","87,15","87,15","84,77","31,60K","-1,10%"
"05.05.2022","87,15","90,46","90,46","86,33","494,08K","-2,86%"
"04.05.2022","89,72","89,08","90,37","87,25","111,38K","0,72%"
"03.05.2022","89,08","88,16","89,50","86,33","116,22K","2,05%"
"02.05.2022","87,29","88,26","88,35","85,41","86,24K","0,37%"
"29.04.2022","86,97","91,84","91,84","86,97","15,99K","-2,47%"
"28.04.2022","89,17","91,84","91,97","89,17","30,54K","-2,95%"
"27.04.2022","91,88","93,95","93,95","90,92","42,43K","-2,20%"
"26.04.2022","93,95","96,43","96,43","93,31","16,68K","-2,43%"
"25.04.2022","96,29","93,67","96,43","93,67","29,96K","-1,55%"
"22.04.2022","97,81","98,54","98,54","95,33","34,60K","0,62%"
"21.04.2022","97,21","96,34","99,51","96,34","194,54K","3,22%"
"20.04.2022","94,18","90,37","94,32","90,37","98,72K","3,38%"
"19.04.2022","91,10","90,92","91,29","89,08","48,99K","2,53%"
"18.04.2022","88,85","89,59","90,28","88,26","57,35K","-0,83%"
"13.04.2022","89,59","89,08","90,46","85,41","44,50K","3,84%"
"12.04.2022","86,28","87,25","88,94","85,96","75,17K","-1,52%"
"11.04.2022","87,61","90,09","90,09","87,25","47,21K","-0,99%"
"08.04.2022","88,49","87,20","88,94","86,33","117,76K","2,78%"
"07.04.2022","86,10","84,03","87,20","84,03","36,83K","1,41%"
"06.04.2022","84,90","87,66","87,66","84,17","96,39K","-1,34%"
"05.04.2022","86,05","89,08","89,08","82,65","27,66K","-2,29%"
"04.04.2022","88,07","88,26","89,68","86,79","36,50K","0,69%"
"01.04.2022","87,47","87,25","88,03","86,33","25,15K","1,27%"
"31.03.2022","86,37","84,67","87,25","84,67","50,31K","1,12%"
"30.03.2022","85,41","85,45","88,16","85,13","71,63K","-2,11%"
"29.03.2022","87,25","88,62","90,00","86,33","53,88K","-1,50%"
"28.03.2022","88,58","92,76","92,76","88,53","122,72K","-3,55%"
"25.03.2022","91,84","91,84","93,67","91,38","35,76K","0,10%"
"23.03.2022","91,75","91,84","93,17","90,92","69,73K","-0,24%"
"22.03.2022","91,97","91,84","93,67","90,64","100,11K","0,10%"
"21.03.2022","91,88","91,84","93,17","90,92","55,72K","1,06%"
"18.03.2022","90,92","89,54","91,70","88,16","137,08K","4,71%"
"17.03.2022","86,83","87,70","88,35","86,60","48,67K","1,07%"
"16.03.2022","85,91","83,57","88,16","83,57","167,43K","3,13%"
"15.03.2022","83,30","84,49","84,49","81,05","97,07K","3,07%"
"14.03.2022","80,82","82,38","84,40","78,15","82,32K","-2,21%"
"11.03.2022","82,65","86,05","87,25","82,47","182,42K","-3,54%"
"10.03.2022","85,68","82,65","86,33","80,82","64,25K","3,67%"
"09.03.2022","82,65","82,75","84,90","81,28","316,59K","-0,12%"
"08.03.2022","82,75","83,76","85,41","81,92","152,90K","-1,09%"
"07.03.2022","83,66","90,74","90,74","83,57","190,18K","-5,75%"
"04.03.2022","88,76","87,89","90,92","84,49","342,14K","0,99%"
"03.03.2022","87,89","87,06","88,90","84,49","191,73K","3,80%"
"02.03.2022","84,67","85,87","88,16","83,57","265,65K","0,38%"
"25.02.2022","84,35","83,57","86,33","82,65","91,66K","1,26%"
"24.02.2022","83,30","85,87","85,87","79,90","111,66K","-4,53%"
"23.02.2022","87,25","88,99","88,99","86,79","119,92K","-0,25%"
"22.02.2022","87,47","89,08","89,08","86,33","50,04K","-0,58%"
"21.02.2022","87,98","89,08","89,08","85,41","7,90K","0,89%"
"18.02.2022","87,20","88,26","88,26","86,33","14,49K","-0,47%"
"17.02.2022","87,61","88,99","88,99","86,56","39,60K","-0,52%"
"16.02.2022","88,07","87,25","88,71","85,59","122,89K","1,06%"
"15.02.2022","87,15","87,11","89,08","84,95","196,98K","2,04%"
"14.02.2022","85,41","86,05","86,05","83,57","80,59K","-0,85%"
"11.02.2022","86,14","87,11","87,11","83,57","14,95K","-0,22%"
"10.02.2022","86,33","84,49","86,69","83,39","41,18K","2,12%"
"09.02.2022","84,54","85,96","86,33","83,57","25,05K","-1,55%"
"08.02.2022","85,87","88,16","88,16","85,41","22,48K","-2,60%"
"07.02.2022","88,16","89,54","90,83","85,41","5,28K","2,67%"
"04.02.2022","85,87","88,16","90,00","84,49","6,19K","0,06%"
"03.02.2022","85,82","91,24","91,24","82,75","23,14K","-2,14%"
"02.02.2022","87,70","90,00","91,29","86,46","15,75K","-2,56%"
"01.02.2022","90,00","89,08","90,64","87,52","15,39K","0,31%"
"31.01.2022","89,72","89,54","90,00","85,41","13,34K","2,14%"
"28.01.2022","87,84","84,77","88,26","83,20","42,39K","3,62%"
"27.01.2022","84,77","86,33","87,06","82,65","130,72K","1,55%"
"26.01.2022","83,48","85,27","87,15","82,10","29,71K","0,72%"
"25.01.2022","82,88","83,48","84,03","79,90","35,47K","2,43%"
"24.01.2022","80,91","85,41","88,71","78,98","77,96K","-3,08%"
"21.01.2022","83,48","81,74","85,27","78,98","85,58K","1,40%"
"20.01.2022","82,33","78,06","82,93","78,06","110,57K","4,92%"
"19.01.2022","78,47","80,17","80,17","75,54","176,78K","0,76%"
"18.01.2022","77,88","76,22","78,52","75,40","67,07K","1,56%"
"17.01.2022","76,68","77,14","77,14","76,22","12,91K","-1,07%"
"14.01.2022","77,51","77,24","78,52","75,86","44,49K","-0,12%"
"13.01.2022","77,60","80,72","80,72","76,87","14,81K","-0,83%"
"12.01.2022","78,25","78,98","78,98","76,22","6,23K","0,29%"
"11.01.2022","78,02","77,14","78,43","76,41","45,18K","1,75%"
"10.01.2022","76,68","77,92","77,92","75,81","16,52K","-1,59%"
"07.01.2022","77,92","77,14","80,82","76,32","70,77K","0,05%"
"06.01.2022","77,88","79,90","80,72","76,32","18,03K","-1,85%"
"05.01.2022","79,35","81,37","82,19","78,15","10,51K","0,83%"
"04.01.2022","78,70","80,82","80,82","78,25","21,40K","-2,07%"
"03.01.2022","80,36","79,99","81,69","79,62","20,21K","1,16%"
"30.12.2021","79,44","77,46","80,68","77,46","55,50K","2,56%"
"29.12.2021","77,46","78,98","78,98","75,35","17,90K","1,02%"
"28.12.2021","76,68","79,90","82,56","76,32","77,34K","-4,03%"
"27.12.2021","79,90","82,65","82,65","78,98","65,46K","-0,29%"
"23.12.2021","80,13","80,13","83,53","79,99","219,77K","-0,90%"
"22.12.2021","80,86","82,65","88,99","80,17","86,43K","-1,85%"
"21.12.2021","82,38","78,98","82,65","78,98","144,27K","4,30%"
"20.12.2021","78,98","79,76","79,76","78,06","30,82K","-0,29%"
"17.12.2021","79,21","77,14","80,63","77,14","83,97K","1,23%"
"16.12.2021","78,25","78,89","80,82","76,68","56,03K","0,42%"
"15.12.2021","77,92","81,28","81,74","77,60","43,64K","-3,47%"
"14.12.2021","80,72","84,40","84,95","79,49","40,33K","-4,00%"
"13.12.2021","84,08","86,83","88,16","83,20","131,75K","-3,52%"
"10.12.2021","87,15","88,12","89,08","85,41","43,75K","-1,10%"
"09.12.2021","88,12","90,92","91,38","87,25","141,43K","-3,08%"
"07.12.2021","90,92","91,38","93,67","89,86","63,47K","-0,25%"
"06.12.2021","91,15","94,59","94,59","89,54","331,96K","-0,79%"
"03.12.2021","91,88","91,84","98,27","90,74","430,24K","1,51%"
"02.12.2021","90,51","95,51","97,35","89,27","296,05K","-3,37%"
"01.12.2021","93,67","83,57","94,96","83,57","515,45K","13,26%"
"30.11.2021","82,70","78,80","83,57","78,15","189,64K","5,32%"
"29.11.2021","78,52","82,65","85,22","76,00","534,04K","-5,00%"
"26.11.2021","82,65","82,61","83,39","78,89","128,19K","-2,02%"
"25.11.2021","84,35","80,82","87,25","80,54","121,18K","4,37%"
"24.11.2021","80,82","81,46","85,41","79,99","27,77K","-1,17%"
"23.11.2021","81,78","84,40","84,95","81,37","44,97K","-3,10%"
"19.11.2021","84,40","85,50","88,76","83,57","38,83K","-4,97%"
"18.11.2021","88,81","89,08","90,00","86,33","14,33K","-0,15%"
"17.11.2021","88,94","90,92","92,20","88,16","30,74K","-2,18%"
"16.11.2021","90,92","92,85","93,67","89,27","56,36K","-2,08%"
"15.11.2021","92,85","94,50","94,59","90,92","51,45K","0,65%"
"12.11.2021","92,25","91,84","95,05","89,54","45,83K","-1,66%"
"11.11.2021","93,81","94,13","94,59","92,71","75,56K","-0,34%"
"10.11.2021","94,13","92,76","94,78","91,84","76,90K","0,00%"
"09.11.2021","94,13","96,43","96,43","92,76","81,72K","-1,35%"
"08.11.2021","95,42","93,67","95,97","93,67","44,10K","2,12%"
"05.11.2021","93,44","99,92","99,92","92,66","75,28K","-2,08%"
"04.11.2021","95,42","97,35","98,27","93,67","27,14K","-1,05%"
"03.11.2021","96,43","96,43","99,18","95,51","43,97K","0,96%"
"02.11.2021","95,51","95,51","95,97","94,59","15,01K","0,00%"
"01.11.2021","95,51","92,76","95,88","90,92","46,31K","4,26%"
"29.10.2021","91,61","94,82","95,05","89,17","46,84K","-1,67%"
"28.10.2021","93,17","90,92","95,05","90,00","179,76K","2,47%"
"27.10.2021","90,92","92,76","92,76","89,17","63,99K","-1,54%"
"26.10.2021","92,34","91,84","94,13","91,42","134,99K","1,01%"
"25.10.2021","91,42","88,16","91,65","87,70","125,55K","4,24%"
"22.10.2021","87,70","86,05","88,03","85,32","30,83K","1,92%"
"21.10.2021","86,05","87,25","88,16","85,50","110,00K","-1,38%"
"20.10.2021","87,25","86,74","87,70","85,41","71,40K","0,59%"
"19.10.2021","86,74","84,77","86,74","83,07","59,67K","3,40%"
"18.10.2021","83,89","79,90","84,49","79,35","94,30K","2,76%"
"15.10.2021","81,64","81,00","81,64","80,82","17,97K","2,18%"
"14.10.2021","79,90","78,89","80,77","78,89","35,01K","1,99%"
"13.10.2021","78,34","77,79","78,98","77,69","80,26K","0,84%"
"12.10.2021","77,69","77,79","78,52","76,18","28,60K","-0,13%"
"07.10.2021","77,79","77,88","80,36","77,24","22,24K","-0,41%"
"06.10.2021","78,11","79,90","80,36","78,06","45,68K","-2,97%"
"05.10.2021","80,50","78,98","80,82","78,98","63,77K","-0,05%"
"04.10.2021","80,54","78,89","80,72","78,84","56,00K","0,91%"
"01.10.2021","79,81","74,39","80,72","72,55","230,64K","10,01%"
"30.09.2021","72,55","73,01","76,22","72,37","55,29K","-0,63%"
"29.09.2021","73,01","76,22","76,22","72,55","79,11K","-0,44%"
"28.09.2021","73,33","73,56","76,78","72,28","57,99K","-0,31%"
"27.09.2021","73,56","73,42","73,93","71,63","16,10K","2,57%"
"24.09.2021","71,72","73,93","73,93","71,13","31,77K","-3,04%"
"23.09.2021","73,97","73,84","74,30","72,78","19,09K","1,76%"
"22.09.2021","72,69","71,63","73,33","70,71","37,97K","3,14%"
"21.09.2021","70,48","71,63","71,63","69,98","70,36K","-0,40%"
"20.09.2021","70,76","73,84","73,84","70,16","51,52K","-5,69%"
"17.09.2021","75,03","76,22","77,56","74,48","23,30K","-1,51%"
"16.09.2021","76,18","73,70","77,05","72,46","33,80K","2,67%"
"15.09.2021","74,20","77,69","77,88","73,93","39,93K","-2,19%"
"14.09.2021","75,86","78,06","78,06","75,63","12,66K","-2,93%"
"13.09.2021","78,15","81,55","82,65","77,37","105,07K","4,41%"
"10.09.2021","74,85","77,79","77,79","74,57","77,97K","-2,63%"
"09.09.2021","76,87","77,97","77,97","75,90","37,92K","-1,35%"
"08.09.2021","77,92","79,85","79,99","76,41","40,46K","-3,04%"
"07.09.2021","80,36","76,45","82,47","74,94","266,89K","5,11%"
"06.09.2021","76,45","76,78","78,06","74,39","84,64K","-0,36%"
"03.09.2021","76,73","78,06","78,98","75,31","75,55K","-1,70%"
"02.09.2021","78,06","76,41","79,26","76,41","82,73K","3,02%"
"01.09.2021","75,77","76,45","76,64","74,57","83,78K","-0,12%"
"31.08.2021","75,86","74,85","76,22","74,39","169,49K","1,61%"
"30.08.2021","74,66","74,39","75,12","71,68","63,31K","4,16%"
"27.08.2021","71,68","71,63","73,47","69,80","74,06K","1,96%"
"26.08.2021","70,30","71,36","72,73","69,80","33,63K","-1,49%"
"25.08.2021","71,36","72,73","73,38","70,71","50,47K","-1,71%"
"24.08.2021","72,60","72,69","74,85","71,72","45,27K","0,76%"
"23.08.2021","72,05","71,63","73,01","70,71","44,57K","1,36%"
"20.08.2021","71,08","70,35","72,18","69,80","103,24K","3,19%"
"19.08.2021","68,88","65,20","72,73","63,92","243,24K","5,56%"
"18.08.2021","65,25","67,04","67,04","64,75","36,08K","-3,07%"
"17.08.2021","67,32","67,96","70,71","66,58","43,44K","-2,19%"
"13.08.2021","68,83","69,20","70,48","68,42","14,64K","-0,53%"
"12.08.2021","69,20","71,77","71,77","68,97","14,49K","-3,58%"
"11.08.2021","71,77","67,96","73,47","67,96","46,52K","3,44%"
"10.08.2021","69,38","67,96","69,70","67,50","37,36K","0,86%"
"09.08.2021","68,79","69,47","70,53","68,69","19,08K","-2,02%"
"06.08.2021","70,21","73,19","73,19","68,88","35,18K","-1,22%"
"05.08.2021","71,08","72,55","74,02","70,53","12,70K","-0,07%"
"04.08.2021","71,13","72,09","72,55","70,71","13,48K","-1,33%"
"03.08.2021","72,09","73,47","73,47","70,21","74,86K","-2,97%"
"02.08.2021","74,30","75,77","75,77","73,56","25,06K","-0,85%"
"30.07.2021","74,94","75,03","77,14","74,39","46,78K","-0,43%"
"29.07.2021","75,26","75,86","78,52","74,48","155,52K","0,00%"
"28.07.2021","75,26","79,44","79,90","74,39","90,91K","-4,99%"
"27.07.2021","79,21","74,89","79,71","74,07","52,42K","5,77%"
"26.07.2021","74,89","74,39","75,03","73,10","25,91K","0,48%"
"23.07.2021","74,53","75,31","76,22","74,39","24,38K","-1,04%"
"22.07.2021","75,31","75,31","76,22","72,92","47,41K","-0,12%"
"21.07.2021","75,40","72,64","75,95","72,64","47,86K","5,19%"
"20.07.2021","71,68","69,80","72,09","68,69","77,89K","0,72%"
"19.07.2021","71,17","71,63","71,72","68,88","61,85K","-2,76%"
"16.07.2021","73,19","75,72","75,72","72,55","46,06K","-3,34%"
"15.07.2021","75,72","76,22","76,68","74,39","110,56K","0,30%"
"14.07.2021","75,49","73,70","77,51","73,70","199,72K","1,48%"
"13.07.2021","74,39","73,47","75,58","72,28","164,21K","2,92%"
"12.07.2021","72,28","72,46","76,32","70,71","249,24K","4,72%"
"08.07.2021","69,02","63,23","69,80","62,86","441,30K","10,36%"
"07.07.2021","62,54","63,18","63,55","61,03","40,16K","0,14%"
"06.07.2021","62,45","62,72","63,23","60,61","32,38K","-0,95%"
"05.07.2021","63,05","60,61","63,37","60,61","16,55K","4,18%"
"02.07.2021","60,52","61,44","61,44","59,69","12,88K","1,15%"
"01.07.2021","59,83","61,53","61,53","58,78","39,62K","-0,38%"
"30.06.2021","60,06","59,69","60,38","58,50","35,12K","0,62%"
"29.06.2021","59,69","61,90","61,90","58,78","11,07K","-0,85%"
"28.06.2021","60,20","61,16","61,16","59,74","42,76K","-0,82%"
"25.06.2021","60,70","59,74","61,07","59,74","54,66K","-3,08%"
"24.06.2021","62,63","62,63","63,37","61,99","24,57K","0,66%"
"23.06.2021","62,22","64,15","64,15","62,17","74,08K","-2,52%"
"22.06.2021","63,83","64,10","64,10","61,53","33,14K","1,46%"
"18.06.2021","62,91","62,82","63,73","62,45","80,21K","0,59%"
"17.06.2021","62,54","62,91","63,83","61,07","45,54K","-1,23%"
"16.06.2021","63,32","62,91","63,83","62,45","139,68K","1,25%"
"15.06.2021","62,54","63,18","63,37","62,08","80,27K","-1,17%"
"14.06.2021","63,28","62,22","63,28","60,98","186,93K","4,16%"
"11.06.2021","60,75","62,36","62,40","59,88","105,36K","-2,44%"
"10.06.2021","62,27","62,91","64,29","61,07","401,24K","-2,15%"
"09.06.2021","63,64","61,99","64,29","61,81","279,82K","2,66%"
"08.06.2021","61,99","63,46","64,10","61,85","131,30K","-1,68%"
"07.06.2021","63,05","62,04","64,06","61,90","728,75K","1,11%"
"04.06.2021","62,36","65,85","67,68","62,08","441,84K","-4,36%"
"03.06.2021","65,20","62,45","65,66","62,40","161,70K","4,71%"
"02.06.2021","62,27","59,79","62,45","59,79","60,22K","4,32%"
"01.06.2021","59,69","59,33","59,69","58,13","71,67K","2,84%"
"31.05.2021","58,04","57,03","58,55","56,48","15,37K","2,18%"
"28.05.2021","56,80","58,41","58,50","55,84","63,10K","1,72%"
"27.05.2021","55,84","55,84","56,76","55,10","32,35K","-0,64%"
"26.05.2021","56,20","56,25","56,94","54,64","30,20K","-0,99%"
"21.05.2021","56,76","58,04","58,78","56,20","27,70K","-1,97%"
"20.05.2021","57,90","57,40","58,68","57,26","15,18K","1,21%"
"19.05.2021","57,21","57,86","57,86","56,66","47,20K","-0,73%"
"18.05.2021","57,63","59,69","59,69","57,44","33,20K","-3,39%"
"17.05.2021","59,65","57,40","60,61","56,94","49,53K","3,85%"
"14.05.2021","57,44","54,18","57,77","54,18","38,16K","4,59%"
"13.05.2021","54,92","54,18","55,10","54,18","9,33K","-0,83%"
"12.05.2021","55,38","54,28","56,02","54,28","29,38K","-0,98%"
"11.05.2021","55,93","58,68","58,68","55,19","11,12K","-4,10%"
"10.05.2021","58,32","57,86","58,73","57,12","21,49K","0,80%"
"07.05.2021","57,86","57,86","60,25","57,86","42,72K","-0,79%"
"06.05.2021","58,32","58,68","58,96","57,72","382,67K","-0,78%"
"05.05.2021","58,78","58,13","60,70","56,11","83,00K","1,12%"
"04.05.2021","58,13","58,87","59,60","56,66","283,63K","-0,63%"
"03.05.2021","58,50","55,70","58,78","55,70","158,94K","3,32%"
"30.04.2021","56,62","56,11","56,62","55,38","254,41K","2,07%"
"29.04.2021","55,47","54,18","55,93","53,77","378,01K","1,17%"
"28.04.2021","54,83","55,19","56,48","54,00","834,78K","0,59%"
"27.04.2021","54,51","53,27","54,83","52,35","259,29K","3,95%"
"26.04.2021","52,44","52,35","54,18","51,43","77,05K","0,27%"
"23.04.2021","52,30","51,38","52,81","49,59","228,86K","3,18%"
"22.04.2021","50,69","49,41","51,34","49,41","27,18K","2,03%"
"21.04.2021","49,68","51,20","51,20","48,49","28,46K","-3,06%"
"20.04.2021","51,25","52,35","53,36","49,59","63,73K","-1,14%"
"19.04.2021","51,84","52,48","52,62","50,60","185,08K","-1,22%"
"16.04.2021","52,48","53,63","53,63","52,35","7,15K","-2,14%"
"15.04.2021","53,63","56,02","56,02","53,17","83,83K","-4,81%"
"14.04.2021","56,34","59,05","59,60","56,07","196,97K","-2,63%"
"13.04.2021","57,86","54,18","58,59","53,95","405,63K","5,72%"
"12.04.2021","54,73","55,88","55,88","54,00","20,00K","-0,42%"
"09.04.2021","54,96","55,10","55,88","54,18","47,00K","1,44%"
"08.04.2021","54,18","55,47","56,39","53,91","8,82K","-1,83%"
"07.04.2021","55,19","55,56","55,56","54,69","5,29K","-0,83%"
"06.04.2021","55,65","55,01","56,02","54,23","57,35K","5,02%"
"05.04.2021","52,99","50,51","53,22","50,51","40,05K","3,40%"
"31.03.2021","51,25","52,30","52,67","50,74","18,34K","-2,01%"
"30.03.2021","52,30","50,23","52,81","50,23","37,18K","4,50%"
"29.03.2021","50,05","51,15","51,98","49,59","46,93K","-0,56%"
"26.03.2021","50,33","51,43","53,08","50,05","127,59K","-2,14%"
"25.03.2021","51,43","52,16","52,16","49,50","108,27K","-2,19%"
"23.03.2021","52,58","53,22","55,15","52,44","47,46K","-1,20%"
"22.03.2021","53,22","54,83","54,83","53,08","69,54K","-2,94%"
"19.03.2021","54,83","54,92","55,47","52,35","4,94K","1,11%"
"18.03.2021","54,23","56,39","57,40","54,00","5,35K","-3,83%"
"17.03.2021","56,39","56,94","57,86","55,10","4,99K","1,49%"
"16.03.2021","55,56","56,94","58,96","55,10","54,71K","-3,59%"
"15.03.2021","57,63","56,11","59,14","56,11","163,43K","4,59%"
"12.03.2021","55,10","55,56","56,20","54,83","120,30K","-0,83%"
"11.03.2021","55,56","56,48","56,48","53,82","21,71K","2,98%"
"10.03.2021","53,95","55,01","56,39","53,63","9,54K","-0,26%"
"09.03.2021","54,09","52,16","54,96","50,51","37,82K","2,62%"
"08.03.2021","52,71","54,18","56,48","52,48","14,42K","-2,55%"
"05.03.2021","54,09","57,31","57,77","52,35","14,59K","-2,49%"
"04.03.2021","55,47","57,86","57,86","54,87","46,60K","-2,10%"
"03.03.2021","56,66","56,02","56,94","54,09","33,20K","2,40%"
"02.03.2021","55,33","55,38","55,75","54,92","14,96K","-0,09%"
"01.03.2021","55,38","54,18","55,56","53,86","21,11K","2,82%"
"26.02.2021","53,86","56,43","56,43","52,71","31,88K","-4,64%"
"25.02.2021","56,48","56,57","57,86","55,10","15,13K","-1,28%"
"24.02.2021","57,21","56,85","57,86","55,38","6,28K","0,97%"
"23.02.2021","56,66","56,85","56,85","54,83","18,36K","-0,25%"
"22.02.2021","56,80","56,66","57,86","55,10","54,91K","0,25%"
"19.02.2021","56,66","56,89","56,89","53,31","31,71K","-0,18%"
"18.02.2021","56,76","61,53","61,53","56,20","33,44K","-5,64%"
"17.02.2021","60,15","61,26","62,27","59,60","91,54K","-0,99%"
"12.02.2021","60,75","61,99","62,27","59,56","42,66K","-1,56%"
"11.02.2021","61,71","63,37","63,37","61,53","28,08K","-2,26%"
"10.02.2021","63,14","62,63","63,37","61,58","19,36K","1,10%"
"09.02.2021","62,45","61,99","64,29","61,53","15,79K","1,50%"
"08.02.2021","61,53","61,99","62,22","60,61","9,42K","0,60%"
"05.02.2021","61,16","60,25","61,53","58,82","37,62K","1,68%"
"04.02.2021","60,15","63,83","63,83","60,15","28,05K","-2,69%"
"03.02.2021","61,81","60,89","63,83","60,20","25,69K","0,46%"
"02.02.2021","61,53","62,45","63,64","60,80","26,89K","0,15%"
"01.02.2021","61,44","60,25","62,45","58,78","87,67K","1,98%"
"29.01.2021","60,25","62,77","62,91","60,11","98,73K","-1,71%"
"28.01.2021","61,30","63,00","65,11","60,61","30,56K","-2,70%"
"27.01.2021","63,00","64,29","64,29","57,40","121,37K","-1,65%"
"26.01.2021","64,06","63,37","64,84","63,37","33,90K","1,91%"
"25.01.2021","62,86","65,66","66,12","61,76","20,15K","-2,42%"
"22.01.2021","64,42","65,94","68,01","64,38","63,07K","-1,20%"
"21.01.2021","65,20","68,69","68,69","64,42","44,46K","-5,08%"
"20.01.2021","68,69","69,34","72,55","67,04","98,19K","-0,94%"
"19.01.2021","69,34","63,37","69,80","63,37","274,23K","9,18%"
"18.01.2021","63,51","63,92","64,75","61,99","13,77K","-0,35%"
"15.01.2021","63,73","67,04","68,37","63,37","77,05K","-4,88%"
"14.01.2021","67,00","67,13","68,42","64,75","62,54K","0,63%"
"13.01.2021","66,58","65,66","68,42","65,20","52,44K","1,05%"
"12.01.2021","65,89","59,69","66,58","59,28","131,65K","8,05%"
"11.01.2021","60,98","63,37","63,37","60,61","26,22K","-1,99%"
"08.01.2021","62,22","63,37","65,11","60,80","55,23K","-0,65%"
"07.01.2021","62,63","59,33","62,91","58,96","66,36K","6,97%"
"06.01.2021","58,55","58,32","62,45","58,32","39,75K","0,09%"
"05.01.2021","58,50","57,86","59,46","57,72","17,11K","-1,17%"
"04.01.2021","59,19","57,21","59,69","57,21","34,49K","-0,84%"
"30.12.2020","59,69","57,72","61,16","57,72","32,61K","3,41%"
"29.12.2020","57,72","57,90","60,15","56,02","90,66K","-3,15%"
"28.12.2020","59,60","59,37","60,25","57,49","42,37K","0,39%"
"23.12.2020","59,37","59,56","59,97","56,94","12,98K","1,18%"
"22.12.2020","58,68","59,69","60,61","58,59","13,69K","-3,41%"
"21.12.2020","60,75","59,69","60,84","55,29","36,69K","-0,15%"
"18.12.2020","60,84","60,61","61,99","59,79","26,83K","0,15%"
"17.12.2020","60,75","60,61","62,40","60,34","3,68K","-0,67%"
"16.12.2020","61,16","59,79","63,28","59,79","47,99K","-0,60%"
"15.12.2020","61,53","59,23","61,53","58,59","48,39K","2,76%"
"14.12.2020","59,88","63,37","64,75","58,18","55,20K","-5,51%"
"11.12.2020","63,37","64,29","64,29","62,08","21,15K","-1,43%"
"10.12.2020","64,29","62,63","65,11","62,45","25,13K","2,34%"
"09.12.2020","62,82","61,35","67,96","61,35","93,40K","2,48%"
"04.12.2020","61,30","64,19","65,66","60,15","22,53K","-4,78%"
"03.12.2020","64,38","58,78","65,20","58,78","93,53K","9,10%"
"02.12.2020","59,01","58,78","59,65","56,48","30,13K","0,32%"
"01.12.2020","58,82","58,78","60,57","58,13","41,94K","0,07%"
"30.11.2020","58,78","62,45","62,45","58,09","24,32K","-2,44%"
"27.11.2020","60,25","61,07","62,72","59,69","113,43K","-1,34%"
"26.11.2020","61,07","63,37","65,20","58,50","11,11K","-1,93%"
"25.11.2020","62,27","63,73","66,86","61,44","19,74K","-2,29%"
"24.11.2020","63,73","65,20","66,12","61,48","66,76K","-1,42%"
"20.11.2020","64,65","64,29","67,68","64,29","100,36K","-2,90%"
"19.11.2020","66,58","66,21","67,96","64,47","138,88K","3,50%"
"18.11.2020","64,33","59,69","70,71","58,32","264,54K","5,89%"
"17.11.2020","60,75","58,00","61,53","57,86","70,49K","4,74%"
"16.11.2020","58,00","56,02","59,23","53,27","34,45K","3,02%"
"13.11.2020","56,30","55,10","56,89","54,64","36,84K","3,38%"
"12.11.2020","54,46","56,20","57,54","51,98","53,17K","-3,10%"
"11.11.2020","56,20","56,53","57,58","56,11","84,21K","-0,90%"
"10.11.2020","56,71","54,09","58,68","54,09","82,69K","4,92%"
"09.11.2020","54,05","50,56","57,12","50,56","49,73K","0,26%"
"06.11.2020","53,91","53,17","55,06","53,17","18,56K","1,91%"
"05.11.2020","52,90","51,89","53,63","50,97","37,99K","2,86%"
"04.11.2020","51,43","54,55","55,84","50,97","27,38K","-5,08%"
"03.11.2020","54,18","57,03","59,46","54,18","74,86K","-8,88%"
"02.11.2020","59,46","51,25","59,88","51,06","126,82K","16,13%"
"30.10.2020","51,20","48,63","51,84","44,82","96,63K","6,60%"
"29.10.2020","48,03","42,25","48,44","42,20","94,79K","12,11%"
"28.10.2020","42,84","42,98","44,54","41,42","50,81K","-4,12%"
"27.10.2020","44,68","47,76","48,67","44,17","41,45K","-4,61%"
"26.10.2020","46,84","50,51","50,51","46,65","38,16K","-8,01%"
"23.10.2020","50,92","50,51","51,25","46,47","59,45K","3,24%"
"22.10.2020","49,32","50,69","52,35","48,44","66,60K","-2,70%"
"21.10.2020","50,69","52,35","53,22","49,27","60,29K","-2,82%"
"20.10.2020","52,16","48,21","52,35","47,34","272,31K","7,17%"
"19.10.2020","48,67","47,76","50,14","46,38","92,82K","3,82%"
"16.10.2020","46,88","46,84","48,67","44,86","76,86K","0,09%"
"15.10.2020","46,84","44,77","47,80","44,13","157,11K","4,51%"
"14.10.2020","44,82","43,16","44,95","39,54","115,35K","3,85%"
"13.10.2020","43,16","43,26","43,71","41,88","31,65K","0,30%"
"09.10.2020","43,03","41,92","43,12","41,79","54,59K","2,75%"
"08.10.2020","41,88","40,41","42,52","40,41","20,83K","1,80%"
"07.10.2020","41,14","40,68","41,23","40,55","27,32K","1,58%"
"06.10.2020","40,50","40,22","41,28","40,22","50,25K","0,22%"
"05.10.2020","40,41","40,64","40,87","39,49","51,58K","2,93%"
"02.10.2020","39,26","38,57","39,77","37,19","38,81K","0,36%"
"01.10.2020","39,12","37,19","39,17","37,19","46,16K","5,56%"
"30.09.2020","37,06","38,16","38,34","36,83","39,82K","-0,24%"
"29.09.2020","37,15","38,39","38,39","36,78","30,04K","-1,82%"
"28.09.2020","37,84","39,95","40,22","37,33","95,19K","-5,49%"
"25.09.2020","40,04","37,65","40,18","36,73","95,87K","7,78%"
"24.09.2020","37,15","36,55","37,19","34,94","94,07K","3,19%"
"23.09.2020","36,00","36,05","37,93","35,95","76,21K","-2,49%"
"22.09.2020","36,92","35,82","36,92","34,90","55,75K","1,12%"
"21.09.2020","36,51","35,77","36,96","34,90","81,50K","2,07%"
"18.09.2020","35,77","34,44","35,86","34,44","47,19K","3,32%"
"17.09.2020","34,62","34,90","36,73","33,98","45,77K","-1,20%"
"16.09.2020","35,04","35,45","36,92","34,44","70,81K","-4,60%"
"15.09.2020","36,73","37,65","37,65","35,59","73,70K","-0,89%"
"14.09.2020","37,06","37,52","38,30","36,96","31,94K","-1,23%"
"11.09.2020","37,52","38,57","38,57","36,73","27,30K","-2,49%"
"10.09.2020","38,48","38,11","39,31","37,70","50,56K","0,37%"
"09.09.2020","38,34","37,70","39,86","37,38","36,74K","-0,13%"
"08.09.2020","38,39","39,77","39,77","37,33","44,91K","-3,35%"
"07.09.2020","39,72","39,95","40,41","39,72","21,45K","-0,23%"
"04.09.2020","39,81","38,94","39,95","37,19","57,91K","2,23%"
"03.09.2020","38,94","39,67","40,59","38,57","21,44K","-1,84%"
"02.09.2020","39,67","40,22","40,87","38,80","28,38K","-1,71%"
"01.09.2020","40,36","40,87","42,25","39,03","156,48K","-1,58%"
"31.08.2020","41,01","42,02","42,34","40,50","75,26K","-2,40%"
"28.08.2020","42,02","41,51","42,43","40,27","42,01K","3,88%"
"27.08.2020","40,45","42,25","43,07","39,95","55,62K","-4,26%"
"26.08.2020","42,25","43,58","44,91","41,42","95,33K","-3,05%"
"25.08.2020","43,58","41,51","45,00","39,95","439,52K","7,84%"
"24.08.2020","40,41","41,88","41,88","39,67","68,79K","-3,51%"
"21.08.2020","41,88","41,51","42,52","41,33","63,21K","1,33%"
"20.08.2020","41,33","41,88","42,98","41,10","35,94K","-1,31%"
"19.08.2020","41,88","39,49","41,97","39,49","94,91K","4,13%"
"18.08.2020","40,22","40,45","41,60","40,13","113,97K","-0,57%"
"14.08.2020","40,45","41,97","42,02","39,86","44,50K","-3,21%"
"13.08.2020","41,79","42,38","42,80","40,87","90,37K","-0,43%"
"12.08.2020","41,97","42,25","43,07","41,33","52,62K","-1,29%"
"11.08.2020","42,52","42,38","44,54","41,79","86,88K","0,33%"
"10.08.2020","42,38","42,20","43,30","41,33","126,98K","0,43%"
"07.08.2020","42,20","43,39","43,39","41,69","92,04K","-0,87%"
"06.08.2020","42,57","43,07","43,62","41,83","43,13K","-0,75%"
"05.08.2020","42,89","45,00","45,46","41,60","410,41K","-3,81%"
"04.08.2020","44,59","48,58","51,34","42,25","338,17K","-2,30%"
"03.08.2020","45,64","43,03","45,92","38,43","170,27K","6,07%"
"31.07.2020","43,03","43,16","43,53","42,02","91,01K","1,85%"
"30.07.2020","42,25","42,70","42,70","40,41","76,14K","-2,83%"
"29.07.2020","43,48","44,86","45,60","42,84","77,84K","-2,49%"
"28.07.2020","44,59","45,00","45,64","43,85","95,30K","-2,30%"
"27.07.2020","45,64","45,00","46,29","44,27","116,40K","3,63%"
"24.07.2020","44,04","43,16","44,08","42,29","103,71K","1,92%"
"23.07.2020","43,21","45,18","45,73","42,15","213,61K","-2,28%"
"22.07.2020","44,22","42,89","44,54","41,88","94,46K","3,10%"
"21.07.2020","42,89","41,79","43,90","41,42","130,15K","2,53%"
"20.07.2020","41,83","41,05","42,43","40,87","133,79K","2,57%"
"17.07.2020","40,78","39,95","40,87","39,95","88,36K","2,90%"
"16.07.2020","39,63","40,59","40,59","39,49","59,39K","-1,81%"
"15.07.2020","40,36","39,49","40,41","38,85","148,40K","4,13%"
"14.07.2020","38,76","39,40","39,40","37,79","71,39K","-1,72%"
"13.07.2020","39,44","36,73","40,87","36,73","215,45K","8,59%"
"08.07.2020","36,32","36,09","37,38","35,13","46,85K","1,14%"
"07.07.2020","35,91","37,61","37,61","34,53","177,70K","-5,10%"
"06.07.2020","37,84","32,69","39,17","32,69","380,33K","19,78%"
"03.07.2020","31,59","30,86","32,14","30,77","25,69K","1,02%"
"02.07.2020","31,27","31,55","33,43","31,27","38,75K","0,00%"
"01.07.2020","31,27","30,31","32,14","29,98","33,66K","3,65%"
"30.06.2020","30,17","31,59","31,59","29,89","79,16K","-4,50%"
"29.06.2020","31,59","33,06","34,07","30,81","51,08K","-1,59%"
"26.06.2020","32,10","33,25","33,70","31,68","45,78K","-4,24%"
"25.06.2020","33,52","32,14","33,70","30,86","56,03K","3,84%"
"24.06.2020","32,28","33,98","33,98","32,01","24,68K","-2,09%"
"23.06.2020","32,97","33,47","34,90","32,51","106,92K","-1,49%"
"22.06.2020","33,47","33,70","34,48","32,33","60,55K","0,12%"
"19.06.2020","33,43","34,44","34,44","32,14","156,93K","1,40%"
"18.06.2020","32,97","32,42","34,44","30,35","109,42K","-0,96%"
"17.06.2020","33,29","34,90","34,99","33,06","268,38K","-5,35%"
"16.06.2020","35,17","38,57","38,98","34,07","211,08K","-6,83%"
"12.06.2020","37,75","39,49","40,87","34,16","181,40K","-3,06%"
"11.06.2020","38,94","42,11","42,11","38,57","151,68K","-9,69%"
"10.06.2020","43,12","43,90","43,99","41,14","242,88K","-2,18%"
"09.06.2020","44,08","43,16","45,87","40,55","242,98K","2,13%"
"08.06.2020","43,16","41,33","44,08","40,41","343,79K","6,57%"
"05.06.2020","40,50","40,41","41,05","39,72","136,12K","2,32%"
"04.06.2020","39,58","39,95","40,45","38,57","61,50K","0,46%"
"03.06.2020","39,40","40,18","41,23","38,66","134,37K","-1,82%"
"02.06.2020","40,13","39,49","40,87","39,49","111,51K","2,09%"
"01.06.2020","39,31","36,09","39,58","35,86","119,71K","8,35%"
"29.05.2020","36,28","38,11","38,11","35,45","81,60K","-3,54%"
"28.05.2020","37,61","38,57","39,17","37,47","59,95K","-4,32%"
"27.05.2020","39,31","41,33","41,33","34,90","89,11K","-1,72%"
"26.05.2020","40,00","40,45","41,14","39,63","115,38K","0,00%"
"22.05.2020","40,00","40,22","40,87","38,34","124,01K","-0,32%"
"21.05.2020","40,13","42,25","42,38","39,58","277,62K","-5,31%"
"20.05.2020","42,38","42,47","43,16","41,33","94,86K","1,97%"
"19.05.2020","41,56","41,14","42,15","39,54","182,53K","4,16%"
"18.05.2020","39,90","39,40","40,82","39,40","231,85K","6,09%"
"15.05.2020","37,61","37,52","38,48","36,18","105,70K","0,86%"
"14.05.2020","37,29","39,90","39,90","35,08","144,07K","-3,67%"
"13.05.2020","38,71","39,21","40,41","36,78","116,56K","0,23%"
"12.05.2020","38,62","38,20","40,41","38,20","117,74K","1,71%"
"11.05.2020","37,97","33,98","38,11","33,15","235,08K","10,70%"
"08.05.2020","34,30","34,44","35,36","32,88","145,84K","0,68%"
"07.05.2020","34,07","33,89","34,35","32,65","119,90K","1,79%"
"06.05.2020","33,47","33,98","33,98","32,19","19,94K","0,97%"
"05.05.2020","33,15","33,80","33,80","32,14","23,78K","1,69%"
"04.05.2020","32,60","34,44","34,44","31,68","91,97K","-4,57%"
"30.04.2020","34,16","34,58","34,58","32,60","21,26K","0,12%"
"29.04.2020","34,12","33,98","34,62","33,52","36,37K","3,21%"
"28.04.2020","33,06","31,50","33,38","29,85","69,24K","5,56%"
"27.04.2020","31,32","28,47","31,41","28,47","46,68K","5,10%"
"24.04.2020","29,80","30,77","30,77","28,56","28,41K","-3,72%"
"23.04.2020","30,95","30,77","31,68","30,77","26,27K","1,81%"
"22.04.2020","30,40","31,50","31,68","30,21","22,54K","-1,20%"
"21.04.2020","30,77","30,67","30,86","30,21","16,89K","0,33%"
"20.04.2020","30,67","31,32","31,91","30,31","22,13K","-0,62%"
"17.04.2020","30,86","31,22","33,52","30,49","32,25K","0,29%"
"16.04.2020","30,77","35,08","35,08","30,31","44,71K","-9,45%"
"15.04.2020","33,98","33,98","35,31","30,86","43,17K","-0,26%"
"14.04.2020","34,07","33,98","35,36","33,52","34,59K","3,18%"
"13.04.2020","33,02","31,64","33,75","31,45","41,39K","4,99%"
"08.04.2020","31,45","30,77","31,64","30,31","33,77K","5,68%"
"07.04.2020","29,76","29,57","31,04","29,57","89,85K","3,37%"
"06.04.2020","28,79","28,47","29,76","27,69","55,39K","5,19%"
"03.04.2020","27,37","25,71","27,55","25,62","61,21K","7,80%"
"02.04.2020","25,39","26,91","27,41","24,11","192,68K","-7,23%"
"01.04.2020","27,37","27,00","27,96","26,45","19,92K","1,37%"
"30.03.2020","27,00","29,39","29,39","26,72","18,80K","-6,67%"
"27.03.2020","28,93","28,38","29,11","27,55","29,41K","0,49%"
"26.03.2020","28,79","28,47","29,66","28,47","44,23K","2,97%"
"25.03.2020","27,96","29,85","29,85","26,95","101,27K","-4,87%"
"20.03.2020","29,39","29,94","32,14","29,39","37,51K","0,00%"
"19.03.2020","29,39","27,55","30,31","27,55","91,74K","5,80%"
"18.03.2020","27,78","32,14","32,14","26,63","58,67K","-11,02%"
"17.03.2020","31,22","33,06","33,06","28,47","19,81K","-2,86%"
"16.03.2020","32,14","34,44","34,44","31,22","28,85K","-7,91%"
"13.03.2020","34,90","33,11","35,82","32,51","73,97K","5,57%"
"12.03.2020","33,06","34,90","34,90","30,31","39,68K","-5,65%"
"11.03.2020","35,04","36,64","37,65","34,90","110,12K","-4,86%"
"10.03.2020","36,83","38,25","38,25","35,68","16,70K","5,68%"
"09.03.2020","34,85","39,21","39,21","34,39","101,54K","-12,06%"
"06.03.2020","39,63","41,83","41,83","37,75","28,67K","-5,26%"
"05.03.2020","41,83","41,79","41,97","40,87","16,40K","1,21%"
"04.03.2020","41,33","41,33","41,33","40,41","10,06K","4,53%"
"03.03.2020","39,54","41,05","41,33","39,35","15,22K","-3,68%"
"02.03.2020","41,05","40,41","42,25","39,67","19,60K","1,81%"
"28.02.2020","40,32","38,94","40,36","38,76","68,49K","2,34%"
"27.02.2020","39,40","39,95","41,23","37,79","23,98K","-1,15%"
"26.02.2020","39,86","39,49","40,50","39,49","64,14K","2,13%"
"21.02.2020","39,03","39,49","40,59","38,34","4,87K","-0,94%"
"20.02.2020","39,40","39,58","40,59","39,21","3,34K","0,23%"
"19.02.2020","39,31","39,03","39,49","37,65","28,76K","0,00%"
"18.02.2020","39,31","40,41","41,33","38,94","16,01K","-0,68%"
"17.02.2020","39,58","39,31","39,58","38,57","7,65K","1,18%"
"14.02.2020","39,12","39,86","40,41","38,76","13,57K","-1,86%"
"13.02.2020","39,86","40,41","40,87","39,49","12,79K","-2,69%"
"12.02.2020","40,96","41,33","41,79","39,95","23,19K","-0,22%"
"11.02.2020","41,05","42,02","42,43","41,05","22,04K","-2,31%"
"10.02.2020","42,02","42,02","42,25","41,60","10,01K","0,55%"
"07.02.2020","41,79","43,16","43,16","41,33","23,90K","-1,39%"
"06.02.2020","42,38","43,16","43,90","41,79","36,64K","-1,19%"
"05.02.2020","42,89","42,06","42,93","41,69","8,06K","2,07%"
"04.02.2020","42,02","43,16","44,50","41,51","39,42K","-1,59%"
"03.02.2020","42,70","42,25","43,44","42,25","91,73K","1,18%"
"31.01.2020","42,20","44,17","45,00","41,65","35,54K","-4,18%"
"30.01.2020","44,04","45,92","46,38","43,44","69,64K","-2,93%"
"29.01.2020","45,37","46,01","47,66","45,00","72,10K","-1,39%"
"28.01.2020","46,01","45,46","46,75","45,32","72,55K","1,72%"
"27.01.2020","45,23","46,10","46,56","44,40","45,88K","-1,40%"
"24.01.2020","45,87","47,30","47,76","44,54","76,12K","-0,11%"
"23.01.2020","45,92","46,24","48,12","45,23","31,71K","-0,69%"
"22.01.2020","46,24","47,76","47,76","44,08","80,14K","0,30%"
"21.01.2020","46,10","46,24","48,63","45,92","50,26K","-5,20%"
"20.01.2020","48,63","47,48","48,86","47,39","15,57K","2,42%"
"17.01.2020","47,48","46,93","48,49","45,92","58,01K","1,17%"
"16.01.2020","46,93","45,92","47,16","45,46","21,60K","1,60%"
"15.01.2020","46,19","46,38","47,25","46,19","10,98K","-0,90%"
"14.01.2020","46,61","48,21","49,13","45,83","13,10K","-3,24%"
"13.01.2020","48,17","48,21","49,13","47,62","51,35K","2,64%"
"10.01.2020","46,93","47,76","47,76","45,92","10,70K","1,89%"
"09.01.2020","46,06","45,55","46,56","44,77","19,06K","1,72%"
"08.01.2020","45,28","45,51","46,38","45,00","22,33K","1,66%"
"07.01.2020","44,54","45,00","45,00","43,35","42,67K","0,72%"
"06.01.2020","44,22","44,36","44,77","42,89","35,24K","-0,32%"
"03.01.2020","44,36","45,83","47,76","43,62","65,33K","-4,36%"
"02.01.2020","46,38","46,75","48,67","45,46","44,45K","-0,58%"
"30.12.2019","46,65","48,49","50,42","46,65","45,74K","-2,87%"
"27.12.2019","48,03","51,61","53,27","47,39","84,62K","-3,86%"
"26.12.2019","49,96","47,20","53,72","46,84","129,23K","7,10%"
"23.12.2019","46,65","47,20","47,76","46,01","41,61K","-0,30%"
"20.12.2019","46,79","47,39","47,39","45,46","108,68K","1,39%"
"19.12.2019","46,15","46,97","47,43","45,46","27,61K","-1,75%"
"18.12.2019","46,97","46,75","47,30","45,73","9,78K","0,47%"
"17.12.2019","46,75","46,38","48,86","44,27","22,15K","1,21%"
"16.12.2019","46,19","44,08","47,71","44,08","25,22K","3,59%"
"13.12.2019","44,59","44,40","44,63","42,25","95,84K","4,75%"
"12.12.2019","42,57","43,16","43,35","41,69","7,80K","0,76%"
"11.12.2019","42,25","42,70","44,45","41,92","28,92K","0,00%"
"10.12.2019","42,25","44,63","44,63","42,25","12,75K","-5,52%"
"09.12.2019","44,72","40,78","45,00","40,36","67,04K","10,04%"
"06.12.2019","40,64","39,21","41,28","38,11","42,61K","4,13%"
"05.12.2019","39,03","38,11","39,35","38,11","10,52K","2,41%"
"04.12.2019","38,11","36,55","38,98","36,55","16,98K","2,83%"
"03.12.2019","37,06","37,65","37,65","36,92","28,39K","-1,09%"
"02.12.2019","37,47","38,30","38,30","36,18","8,39K","-2,85%"
"29.11.2019","38,57","38,57","39,40","38,11","2,70K","1,21%"
"28.11.2019","38,11","38,11","38,20","38,11","3,99K","-0,37%"
"27.11.2019","38,25","36,73","38,80","36,73","196,64K","4,14%"
"26.11.2019","36,73","38,57","38,57","36,28","10,05K","-3,62%"
"25.11.2019","38,11","36,73","39,03","36,73","35,20K","-0,13%"
"22.11.2019","38,16","40,04","40,78","37,65","4,94K","-4,14%"
"21.11.2019","39,81","39,35","40,00","37,75","39,61K","4,32%"
"20.11.2019","38,16","38,57","39,12","37,38","9,70K","1,60%"
"19.11.2019","37,56","35,22","37,56","35,22","13,07K","6,80%"
"15.11.2019","35,17","33,98","35,36","33,98","3,19K","2,54%"
"14.11.2019","34,30","35,59","36,83","34,26","42,94K","-3,73%"
"13.11.2019","35,63","35,36","36,83","35,36","2,05K","-1,79%"
"12.11.2019","36,28","38,07","38,57","35,82","8,78K","-4,12%"
"11.11.2019","37,84","37,93","38,25","36,64","35,77K","0,75%"
"08.11.2019","37,56","37,65","38,57","36,83","16,56K","-0,13%"
"07.11.2019","37,61","37,19","38,57","37,19","22,01K","1,13%"
"06.11.2019","37,19","39,40","39,40","37,19","20,05K","-1,48%"
"05.11.2019","37,75","38,48","38,71","37,65","72,46K","-1,18%"
"04.11.2019","38,20","38,57","39,44","37,19","57,27K","-0,96%"
"01.11.2019","38,57","38,39","39,08","37,47","63,70K","1,07%"
"31.10.2019","38,16","37,65","38,48","37,47","43,71K","1,84%"
"30.10.2019","37,47","37,42","38,11","35,82","33,70K","0,00%"
"29.10.2019","37,47","38,34","39,49","37,19","19,55K","-5,78%"
"28.10.2019","39,77","41,33","43,58","39,03","31,89K","-3,77%"
"25.10.2019","41,33","37,10","41,79","36,55","114,76K","11,52%"
"24.10.2019","37,06","36,05","37,61","35,31","86,90K","2,80%"
"23.10.2019","36,05","37,65","38,57","34,62","45,10K","-0,36%"
"22.10.2019","36,18","35,54","36,32","35,36","54,73K","1,80%"
"21.10.2019","35,54","33,98","35,77","33,98","28,39K","4,59%"
"18.10.2019","33,98","34,16","35,72","33,98","28,23K","-0,53%"
"17.10.2019","34,16","32,23","34,44","32,23","37,23K","5,99%"
"16.10.2019","32,23","32,60","33,06","31,96","23,17K","0,28%"
"15.10.2019","32,14","33,25","34,16","31,82","20,26K","-1,98%"
"11.10.2019","32,79","31,22","33,06","31,22","6,00K","3,50%"
"10.10.2019","31,68","31,68","32,14","31,27","10,70K","0,00%"
"09.10.2019","31,68","31,27","31,68","31,13","5,03K","0,28%"
"08.10.2019","31,59","31,82","32,10","31,22","18,69K","-2,83%"
"07.10.2019","32,51","33,20","33,25","32,51","28,60K","-1,40%"
"04.10.2019","32,97","32,60","33,15","31,04","29,99K","4,07%"
"03.10.2019","31,68","32,14","32,14","31,22","13,24K","-2,70%"
"02.10.2019","32,56","32,28","32,56","31,78","10,65K","2,33%"
"01.10.2019","31,82","31,22","32,60","31,22","16,81K","1,92%"
"30.09.2019","31,22","32,14","32,14","30,90","19,65K","-1,33%"
"27.09.2019","31,64","32,42","32,46","30,77","23,28K","2,39%"
"26.09.2019","30,90","31,96","31,96","30,90","12,91K","-2,46%"
"25.09.2019","31,68","31,50","32,69","30,90","19,33K","0,57%"
"24.09.2019","31,50","34,35","34,35","31,09","40,30K","-8,64%"
"23.09.2019","34,48","36,28","36,28","33,52","38,49K","-4,96%"
"20.09.2019","36,28","37,42","37,42","36,28","17,07K","-3,64%"
"19.09.2019","37,65","37,15","37,65","36,32","19,11K","3,92%"
"18.09.2019","36,23","39,40","39,40","36,14","21,74K","-8,14%"
"17.09.2019","39,44","36,46","39,67","35,82","22,48K","7,23%"
"16.09.2019","36,78","36,73","37,65","35,82","34,70K","-2,57%"
"13.09.2019","37,75","36,73","38,57","36,73","23,36K","0,00%"
"12.09.2019","37,75","38,43","38,43","36,73","32,16K","-1,77%"
"11.09.2019","38,43","39,03","40,41","36,73","31,10K","0,84%"
"10.09.2019","38,11","36,46","38,57","36,46","14,90K","4,78%"
"09.09.2019","36,37","36,73","36,73","34,94","17,27K","1,03%"
"06.09.2019","36,00","35,82","37,47","35,72","11,93K","0,78%"
"05.09.2019","35,72","32,88","37,33","32,88","40,77K","13,90%"
"04.09.2019","31,36","29,53","33,06","29,53","46,82K","6,20%"
"03.09.2019","29,53","30,03","30,03","27,55","11,72K","-1,83%"
"02.09.2019","30,08","28,93","32,42","28,93","15,99K","4,63%"
"30.08.2019","28,75","29,57","30,03","28,33","41,32K","-0,62%"
"29.08.2019","28,93","27,55","29,66","27,55","30,48K","-1,57%"
"28.08.2019","29,39","28,93","31,68","28,93","65,47K","10,36%"
"27.08.2019","26,63","30,31","30,31","26,63","302,06K","-12,14%"
"26.08.2019","30,31","31,04","31,73","30,31","13,35K","-6,51%"
"23.08.2019","32,42","33,61","33,61","32,14","38,26K","-6,49%"
"22.08.2019","34,67","34,07","35,13","34,07","17,76K","1,76%"
"21.08.2019","34,07","35,36","35,36","34,07","25,91K","-1,07%"
"20.08.2019","34,44","34,94","36,51","33,98","42,19K","-10,71%"
"16.08.2019","38,57","38,76","40,41","38,11","25,44K","-0,72%"
"15.08.2019","38,85","37,65","40,32","37,65","67,24K","7,65%"
"14.08.2019","36,09","36,09","37,06","34,90","41,59K","0,25%"
"13.08.2019","36,00","30,95","40,32","30,95","105,29K","16,50%"
"12.08.2019","30,90","27,55","34,90","27,55","57,73K","-25,47%"
"09.08.2019","41,46","39,21","41,79","38,85","76,98K","6,97%"
"08.08.2019","38,76","40,13","40,18","38,11","28,04K","-3,41%"
"07.08.2019","40,13","39,49","40,27","39,21","10,42K","-1,81%"
"06.08.2019","40,87","42,15","42,47","40,41","14,60K","-3,27%"
"05.08.2019","42,25","41,33","42,25","40,41","34,56K","0,67%"
"02.08.2019","41,97","41,79","42,06","40,22","67,47K","0,99%"
"01.08.2019","41,56","42,25","42,25","41,28","32,06K","-0,43%"
"31.07.2019","41,74","41,79","41,79","40,82","26,57K","0,68%"
"30.07.2019","41,46","41,33","41,51","40,87","75,43K","0,88%"
"29.07.2019","41,10","40,41","41,74","38,66","32,84K","2,88%"
"26.07.2019","39,95","39,17","39,95","38,89","51,72K","1,99%"
"25.07.2019","39,17","39,03","39,95","38,20","49,94K","0,36%"
"24.07.2019","39,03","38,76","39,49","38,76","84,42K","0,83%"
"23.07.2019","38,71","38,94","38,94","37,52","16,34K","-0,59%"
"22.07.2019","38,94","39,31","39,31","38,11","50,98K","-1,27%"
"19.07.2019","39,44","39,40","39,58","38,85","62,33K","-0,58%"
"18.07.2019","39,67","40,45","40,45","39,03","9,82K","-0,25%"
"17.07.2019","39,77","39,81","40,27","39,12","34,72K","0,00%"
"16.07.2019","39,77","39,49","40,18","39,49","18,29K","0,25%"
"15.07.2019","39,67","40,41","40,41","39,49","11,23K","-1,83%"
"12.07.2019","40,41","40,13","41,10","39,81","19,01K","0,70%"
"11.07.2019","40,13","41,33","41,79","39,95","36,94K","-1,59%"
"10.07.2019","40,78","41,33","41,74","39,95","83,52K","2,67%"
"05.07.2019","39,72","38,57","40,87","38,30","71,22K","2,98%"
"04.07.2019","38,57","38,57","38,57","38,39","10,52K","0,00%"
"03.07.2019","38,57","37,65","39,03","37,47","6,12K","1,82%"
"02.07.2019","37,88","38,85","39,08","37,79","55,11K","-3,17%"
"01.07.2019","39,12","39,49","39,49","38,16","28,69K","2,76%"
"28.06.2019","38,07","37,47","38,30","37,19","17,36K","1,85%"
"27.06.2019","37,38","36,73","38,30","36,73","20,60K","-0,48%"
"26.06.2019","37,56","36,55","37,61","36,55","55,18K","2,26%"
"25.06.2019","36,73","36,96","37,19","35,82","28,88K","-0,76%"
"24.06.2019","37,01","37,97","38,11","36,83","3,78K","-2,43%"
"21.06.2019","37,93","38,53","38,57","37,24","29,90K","-1,66%"
"19.06.2019","38,57","39,03","39,03","38,11","22,16K","-0,13%"
"18.06.2019","38,62","39,40","41,28","38,25","35,53K","-1,76%"
"14.06.2019","39,31","38,48","39,49","38,11","12,95K","2,16%"
"13.06.2019","38,48","39,49","39,49","38,43","192,50K","-2,34%"
"12.06.2019","39,40","37,65","39,77","37,65","84,07K","7,39%"
"11.06.2019","36,69","34,53","37,65","34,53","59,46K","1,02%"
"10.06.2019","36,32","35,82","36,41","35,63","37,63K","1,79%"
"07.06.2019","35,68","36,46","36,46","35,45","20,80K","-0,11%"
"06.06.2019","35,72","37,19","37,19","35,72","33,41K","-2,75%"
"05.06.2019","36,73","38,57","38,57","35,91","54,67K","-1,50%"
"04.06.2019","37,29","38,53","38,57","36,73","23,29K","0,27%"
"03.06.2019","37,19","38,11","38,11","36,28","40,92K","-3,80%"
"31.05.2019","38,66","38,85","40,18","38,66","2,68K","-0,49%"
"30.05.2019","38,85","38,62","39,72","38,57","8,82K","2,56%"
"29.05.2019","37,88","39,35","39,35","37,65","13,64K","-3,74%"
"28.05.2019","39,35","39,67","41,01","39,31","26,33K","-1,50%"
"27.05.2019","39,95","40,87","41,23","38,57","6,88K","-0,79%"
"24.05.2019","40,27","38,85","40,32","37,75","239,76K","4,90%"
"23.05.2019","38,39","38,11","38,57","37,65","11,71K","1,21%"
"22.05.2019","37,93","38,11","38,57","37,19","25,75K","-0,11%"
"21.05.2019","37,97","36,64","38,02","36,64","33,57K","3,63%"
"20.05.2019","36,64","38,48","38,48","35,36","41,99K","-4,33%"
"17.05.2019","38,30","38,11","38,57","37,29","29,11K","0,26%"
"16.05.2019","38,20","37,19","38,94","37,19","42,24K","2,83%"
"15.05.2019","37,15","36,73","37,29","36,14","58,64K","2,79%"
"14.05.2019","36,14","36,73","36,73","35,95","41,38K","-0,88%"
"13.05.2019","36,46","37,84","37,84","36,00","17,98K","-3,65%"
"10.05.2019","37,84","38,57","38,85","37,65","9,78K","-3,49%"
"09.05.2019","39,21","38,11","39,21","37,84","18,36K","1,42%"
"08.05.2019","38,66","37,15","39,31","37,15","40,30K","2,68%"
"07.05.2019","37,65","37,47","38,53","37,15","16,73K","-3,54%"
"06.05.2019","39,03","38,11","39,03","37,65","42,50K","2,41%"
"03.05.2019","38,11","38,11","38,94","38,11","42,02K","0,00%"
"02.05.2019","38,11","38,98","38,98","37,33","6,30K","0,24%"
"30.04.2019","38,02","38,02","38,20","36,78","11,67K","0,24%"
"29.04.2019","37,93","41,10","41,10","37,65","35,58K","-7,19%"
"26.04.2019","40,87","39,49","41,10","39,12","228,15K","3,49%"
"25.04.2019","39,49","39,40","41,10","39,40","37,40K","0,23%"
"24.04.2019","39,40","37,65","40,32","37,65","77,27K","2,15%"
"23.04.2019","38,57","38,53","39,03","38,11","22,43K","0,10%"
"22.04.2019","38,53","40,59","40,59","38,02","16,51K","-4,65%"
"17.04.2019","40,41","41,10","41,79","40,13","362,04K","-1,13%"
"16.04.2019","40,87","41,19","41,23","39,49","24,70K","1,14%"
"15.04.2019","40,41","41,33","41,33","39,49","8,96K","-2,23%"
"12.04.2019","41,33","43,16","43,16","41,33","6,21K","-2,18%"
"11.04.2019","42,25","44,04","44,04","41,33","24,33K","-2,54%"
"10.04.2019","43,35","43,16","44,04","41,28","27,86K","5,83%"
"09.04.2019","40,96","42,43","42,84","40,87","37,05K","-5,10%"
"08.04.2019","43,16","39,95","43,16","39,95","29,08K","2,71%"
"05.04.2019","42,02","42,20","42,66","41,79","10,80K","1,67%"
"04.04.2019","41,33","41,33","41,74","40,13","11,95K","-0,65%"
"03.04.2019","41,60","43,16","43,16","39,95","30,22K","-4,13%"
"01.04.2019","43,39","45,00","45,00","41,33","58,28K","-3,58%"
"29.03.2019","45,00","44,91","45,00","43,62","30,54K","-1,40%"
"28.03.2019","45,64","43,62","45,64","43,62","13,20K","1,42%"
"27.03.2019","45,00","45,00","45,46","44,08","23,12K","-1,01%"
"26.03.2019","45,46","45,92","45,92","43,35","52,88K","0,62%"
"25.03.2019","45,18","47,11","47,11","44,91","56,85K","-2,40%"
"22.03.2019","46,29","46,65","46,65","44,95","29,65K","-1,17%"
"21.03.2019","46,84","46,79","47,85","45,55","6,21K","0,11%"
"20.03.2019","46,79","47,71","48,21","46,01","10,57K","-0,11%"
"19.03.2019","46,84","47,76","48,63","46,84","8,86K","-1,72%"
"18.03.2019","47,66","45,18","48,31","45,18","14,76K","0,38%"
"15.03.2019","47,48","46,19","47,76","46,06","40,62K","2,79%"
"14.03.2019","46,19","48,21","48,21","46,01","15,52K","-2,35%"
"13.03.2019","47,30","46,84","48,58","46,84","11,44K","1,18%"
"12.03.2019","46,75","48,40","48,40","46,01","43,16K","-3,03%"
"11.03.2019","48,21","46,84","48,67","46,84","10,07K","0,94%"
"08.03.2019","47,76","48,21","48,40","47,30","8,81K","-0,08%"
"07.03.2019","47,80","50,42","50,42","47,48","52,74K","-1,89%"
"06.03.2019","48,72","51,70","51,70","48,72","19,80K","-5,18%"
"01.03.2019","51,38","48,67","51,43","47,57","65,80K","6,27%"
"28.02.2019","48,35","45,92","48,35","45,92","17,44K","3,22%"
"27.02.2019","46,84","46,84","48,17","46,10","16,41K","-0,09%"
"26.02.2019","46,88","48,67","48,67","46,38","0,72K","-3,22%"
"25.02.2019","48,44","48,08","49,59","47,48","26,05K","-1,78%"
"22.02.2019","49,32","48,67","50,05","48,67","21,91K","1,23%"
"21.02.2019","48,72","48,40","48,86","47,76","2,19K","-0,47%"
"20.02.2019","48,95","48,26","50,79","48,26","22,06K","1,81%"
"19.02.2019","48,08","49,87","50,23","47,85","19,06K","-4,28%"
"18.02.2019","50,23","49,59","50,51","49,59","4,00K","1,29%"
"15.02.2019","49,59","50,51","50,51","49,41","9,94K","-0,56%"
"14.02.2019","49,87","49,96","51,43","49,59","75,40K","-1,99%"
"13.02.2019","50,88","52,16","52,16","50,51","20,98K","-3,14%"
"12.02.2019","52,53","51,80","52,71","51,61","15,12K","1,41%"
"11.02.2019","51,80","52,16","53,36","51,43","38,35K","0,99%"
"08.02.2019","51,29","50,97","51,70","50,51","17,03K","0,63%"
"07.02.2019","50,97","50,88","51,89","49,41","26,93K","0,18%"
"06.02.2019","50,88","51,89","51,89","50,74","4,83K","-2,12%"
"05.02.2019","51,98","52,26","52,81","50,28","23,49K","-0,61%"
"04.02.2019","52,30","50,97","52,81","50,79","10,35K","2,61%"
"01.02.2019","50,97","51,98","52,16","50,69","19,23K","0,00%"
"31.01.2019","50,97","50,51","51,98","49,59","87,67K","3,07%"
"30.01.2019","49,45","48,21","50,69","48,03","68,68K","5,57%"
"29.01.2019","46,84","47,48","48,49","46,84","57,15K","-1,35%"
"28.01.2019","47,48","47,76","47,76","45,92","18,65K","0,68%"
"25.01.2019","47,16","47,48","47,53","46,84","10,25K","0,40%"
"24.01.2019","46,97","47,20","47,20","46,38","32,94K","-0,89%"
"23.01.2019","47,39","47,39","47,94","47,02","15,87K","0,30%"
"22.01.2019","47,25","47,76","48,86","47,20","21,36K","-2,46%"
"21.01.2019","48,44","48,17","48,58","46,88","9,94K","0,67%"
"18.01.2019","48,12","48,12","49,13","46,84","12,82K","0,00%"
"17.01.2019","48,12","49,32","49,32","47,30","3,12K","-0,19%"
"16.01.2019","48,21","46,84","49,59","46,52","73,37K","2,73%"
"15.01.2019","46,93","47,20","47,20","45,00","15,03K","-1,16%"
"14.01.2019","47,48","46,84","47,62","46,84","5,54K","1,78%"
"11.01.2019","46,65","45,92","47,30","45,18","72,83K","1,19%"
"10.01.2019","46,10","46,84","46,84","45,92","6,60K","-1,58%"
"09.01.2019","46,84","45,64","47,11","45,46","49,29K","2,63%"
"08.01.2019","45,64","45,46","45,92","44,54","55,27K","0,40%"
"07.01.2019","45,46","43,90","46,75","43,90","65,16K","3,55%"
"04.01.2019","43,90","45,00","45,00","43,16","10,39K","-0,41%"
"03.01.2019","44,08","45,00","45,00","44,08","13,36K","-2,04%"
"02.01.2019","45,00","45,00","45,00","44,08","13,24K","1,97%"