"Fecha","Último","Apertura","Máximo","Mínimo","Vol.","% var."
"30.06.2025","2.650,000","2.740,000","2.770,000","2.630,000","226,07K","-2,57%"
"27.06.2025","2.720,000","2.650,000","2.735,000","2.645,000","143,48K","1,30%"
"26.06.2025","2.685,000","2.675,000","2.760,000","2.645,000","284,88K","0,37%"
"25.06.2025","2.675,000","2.750,000","2.750,000","2.645,000","279,66K","-3,78%"
"24.06.2025","2.780,000","2.650,000","2.800,000","2.650,000","189,35K","5,50%"
"23.06.2025","2.635,000","2.680,000","2.680,000","2.575,000","570,08K","-4,87%"
"19.06.2025","2.770,000","2.620,000","2.775,000","2.620,000","303,08K","2,40%"
"18.06.2025","2.705,000","2.735,000","2.785,000","2.685,000","343,60K","1,50%"
"17.06.2025","2.665,000","2.730,000","2.745,000","2.640,000","820,25K","-3,79%"
"13.06.2025","2.770,000","2.900,000","2.900,000","2.715,000","335,62K","-5,30%"
"12.06.2025","2.925,000","2.900,000","2.965,000","2.860,000","395,63K","2,09%"
"11.06.2025","2.865,000","2.940,000","2.950,000","2.850,000","221,91K","-2,22%"
"10.06.2025","2.930,000","2.900,000","2.965,000","2.850,000","312,36K","2,99%"
"09.06.2025","2.845,000","2.880,000","2.910,000","2.825,000","344,66K","-1,22%"
"06.06.2025","2.880,000","2.895,000","2.935,000","2.835,000","229,39K","-0,52%"
"05.06.2025","2.895,000","2.940,000","3.010,000","2.880,000","454,89K","-3,18%"
"04.06.2025","2.990,000","2.990,000","3.025,000","2.935,000","671,50K","-0,66%"
"03.06.2025","3.010,000","2.970,000","3.030,000","2.880,000","355,32K","1,35%"
"02.06.2025","2.970,000","3.045,000","3.055,000","2.940,000","287,38K","-2,46%"
"30.05.2025","3.045,000","3.135,000","3.135,000","3.010,000","473,46K","-2,40%"
"29.05.2025","3.120,000","3.100,000","3.140,000","3.010,000","875,88K","1,30%"
"28.05.2025","3.080,000","3.170,000","3.185,000","3.040,000","1,07M","-4,94%"
"27.05.2025","3.240,000","3.270,000","3.270,000","3.175,000","606,25K","-1,67%"
"26.05.2025","3.295,000","3.195,000","3.500,000","3.190,000","651,06K","3,13%"
"23.05.2025","3.195,000","3.020,000","3.220,000","3.000,000","442,19K","3,23%"
"22.05.2025","3.095,000","3.025,000","3.125,000","2.965,000","755,40K","2,31%"
"21.05.2025","3.025,000","3.125,000","3.180,000","3.005,000","1,35M","-1,47%"
"20.05.2025","3.070,000","3.010,000","3.120,000","3.010,000","1,29M","3,89%"
"19.05.2025","2.955,000","2.885,000","2.965,000","2.855,000","471,48K","2,43%"
"16.05.2025","2.885,000","2.805,000","2.910,000","2.795,000","233,70K","1,05%"
"15.05.2025","2.855,000","2.810,000","2.875,000","2.740,000","281,58K","1,60%"
"14.05.2025","2.810,000","2.900,000","2.900,000","2.720,000","580,10K","-1,58%"
"13.05.2025","2.855,000","2.790,000","2.895,000","2.715,000","580,81K","3,44%"
"12.05.2025","2.760,000","2.670,000","2.790,000","2.620,000","603,73K","3,76%"
"09.05.2025","2.660,000","2.650,000","2.710,000","2.570,000","254,96K","2,70%"
"08.05.2025","2.590,000","2.555,000","2.625,000","2.515,000","565,17K","0,39%"
"07.05.2025","2.580,000","2.750,000","2.750,000","2.565,000","278,92K","-6,52%"
"06.05.2025","2.760,000","2.670,000","2.800,000","2.635,000","242,06K","3,56%"
"05.05.2025","2.665,000","2.670,000","2.710,000","2.585,000","330,45K","-0,19%"
"30.04.2025","2.670,000","2.730,000","2.735,000","2.630,000","419,15K","-1,84%"
"29.04.2025","2.720,000","2.770,000","2.830,000","2.710,000","251,22K","-1,27%"
"28.04.2025","2.755,000","2.800,000","2.835,000","2.665,000","300,13K","-0,72%"
"25.04.2025","2.775,000","2.800,000","2.840,000","2.715,000","496,10K","-2,29%"
"24.04.2025","2.840,000","2.775,000","2.955,000","2.755,000","558,19K","3,27%"
"23.04.2025","2.750,000","2.550,000","2.795,000","2.550,000","589,57K","11,11%"
"22.04.2025","2.475,000","2.375,000","2.485,000","2.350,000","715,93K","6,22%"
"21.04.2025","2.330,000","2.555,000","2.555,000","2.285,000","443,16K","-8,81%"
"16.04.2025","2.555,000","2.650,000","2.735,000","2.500,000","725,13K","-5,19%"
"15.04.2025","2.695,000","2.800,000","2.850,000","2.600,000","468,95K","-3,06%"
"14.04.2025","2.780,000","3.000,000","3.000,000","2.670,000","419,37K","4,12%"
"11.04.2025","2.670,000","2.485,000","2.695,000","2.485,000","342,00K","9,20%"
"10.04.2025","2.445,000","2.520,000","2.535,000","2.350,000","353,36K","-2,78%"
"09.04.2025","2.515,000","2.400,000","2.520,000","2.105,000","893,60K","6,79%"
"08.04.2025","2.355,000","2.625,000","2.625,000","2.315,000","985,35K","-4,27%"
"07.04.2025","2.460,000","2.500,000","2.675,000","2.400,000","1,09M","-6,82%"
"04.04.2025","2.640,000","2.750,000","2.750,000","2.435,000","559,93K","-5,88%"
"03.04.2025","2.805,000","2.900,000","2.900,000","2.750,000","224,67K","-3,77%"
"01.04.2025","2.915,000","2.960,000","2.960,000","2.835,000","297,32K","-0,17%"
"31.03.2025","2.920,000","2.830,000","2.940,000","2.735,000","904,86K","2,64%"
"28.03.2025","2.845,000","2.875,000","2.910,000","2.805,000","282,62K","-1,04%"
"27.03.2025","2.875,000","3.005,000","3.015,000","2.840,000","312,62K","-2,04%"
"26.03.2025","2.935,000","3.010,000","3.020,000","2.890,000","432,89K","-2,98%"
"25.03.2025","3.025,000","2.910,000","3.070,000","2.910,000","902,01K","3,95%"
"21.03.2025","2.910,000","2.800,000","2.930,000","2.720,000","535,71K","3,56%"
"20.03.2025","2.810,000","2.890,000","2.895,000","2.790,000","206,20K","-3,10%"
"19.03.2025","2.900,000","2.695,000","2.920,000","2.695,000","598,86K","8,61%"
"18.03.2025","2.670,000","2.700,000","2.710,000","2.625,000","295,32K","-2,73%"
"17.03.2025","2.745,000","2.710,000","2.790,000","2.670,000","199,33K","2,04%"
"14.03.2025","2.690,000","2.540,000","2.705,000","2.540,000","261,20K","6,75%"
"13.03.2025","2.520,000","2.640,000","2.640,000","2.500,000","273,45K","-4,00%"
"12.03.2025","2.625,000","2.600,000","2.685,000","2.570,000","318,45K","1,16%"
"11.03.2025","2.595,000","2.555,000","2.680,000","2.535,000","274,65K","2,17%"
"10.03.2025","2.540,000","2.615,000","2.615,000","2.500,000","219,71K","-3,97%"
"07.03.2025","2.645,000","2.595,000","2.695,000","2.530,000","162,89K","1,93%"
"06.03.2025","2.595,000","2.650,000","2.690,000","2.560,000","172,57K","-2,44%"
"05.03.2025","2.660,000","2.515,000","2.675,000","2.460,000","414,76K","5,77%"
"28.02.2025","2.515,000","2.575,000","2.615,000","2.500,000","467,21K","-2,71%"
"27.02.2025","2.585,000","2.695,000","2.735,000","2.565,000","383,17K","-3,90%"
"26.02.2025","2.690,000","2.700,000","2.740,000","2.635,000","311,57K","-0,37%"
"25.02.2025","2.700,000","2.815,000","2.815,000","2.670,000","294,91K","-4,09%"
"24.02.2025","2.815,000","2.770,000","2.830,000","2.730,000","266,55K","2,74%"
"21.02.2025","2.740,000","2.900,000","2.935,000","2.720,000","308,41K","-4,36%"
"20.02.2025","2.865,000","2.855,000","2.900,000","2.810,000","258,30K","0,17%"
"19.02.2025","2.860,000","2.850,000","2.885,000","2.810,000","301,08K","0,35%"
"18.02.2025","2.850,000","2.710,000","2.870,000","2.650,000","856,47K","8,78%"
"17.02.2025","2.620,000","2.790,000","2.800,000","2.595,000","1,11M","-8,07%"
"14.02.2025","2.850,000","2.785,000","2.865,000","2.720,000","250,60K","1,97%"
"13.02.2025","2.795,000","2.700,000","2.805,000","2.700,000","166,29K","2,76%"
"12.02.2025","2.720,000","2.685,000","2.780,000","2.605,000","387,02K","1,30%"
"11.02.2025","2.685,000","2.830,000","2.850,000","2.650,000","708,73K","-5,12%"
"10.02.2025","2.830,000","2.885,000","2.975,000","2.825,000","326,18K","-1,91%"
"07.02.2025","2.885,000","2.935,000","2.995,000","2.830,000","381,24K","-1,20%"
"06.02.2025","2.920,000","2.885,000","2.940,000","2.870,000","269,05K","1,39%"
"05.02.2025","2.880,000","2.970,000","3.010,000","2.855,000","201,84K","-1,87%"
"04.02.2025","2.935,000","2.840,000","2.960,000","2.840,000","314,70K","4,08%"
"03.02.2025","2.820,000","2.840,000","2.840,000","2.690,000","253,75K","-0,88%"
"31.01.2025","2.845,000","3.000,000","3.020,000","2.830,000","643,07K","-3,56%"
"30.01.2025","2.950,000","2.860,000","2.970,000","2.850,000","592,96K","4,42%"
"29.01.2025","2.825,000","2.700,000","2.850,000","2.630,000","731,39K","6,60%"
"28.01.2025","2.650,000","2.660,000","2.775,000","2.590,000","324,31K","0,19%"
"27.01.2025","2.645,000","2.695,000","2.700,000","2.605,000","630,73K","-3,64%"
"24.01.2025","2.745,000","2.725,000","2.780,000","2.600,000","428,22K","0,92%"
"23.01.2025","2.720,000","2.800,000","2.800,000","2.655,000","684,28K","-3,03%"
"22.01.2025","2.805,000","2.750,000","2.835,000","2.705,000","676,82K","3,89%"
"21.01.2025","2.700,000","2.625,000","2.710,000","2.550,000","410,88K","5,06%"
"20.01.2025","2.570,000","2.500,000","2.675,000","2.500,000","292,98K","1,78%"
"17.01.2025","2.525,000","2.670,000","2.730,000","2.515,000","691,74K","-5,08%"
"16.01.2025","2.660,000","2.775,000","2.805,000","2.655,000","540,30K","-3,80%"
"15.01.2025","2.765,000","2.940,000","3.025,000","2.760,000","555,83K","-3,32%"
"14.01.2025","2.860,000","2.800,000","2.915,000","2.800,000","702,83K","2,51%"
"13.01.2025","2.790,000","3.100,000","3.100,000","2.775,000","1,15M","-8,22%"
"10.01.2025","3.040,000","3.010,000","3.060,000","2.890,000","1,02M","1,33%"
"09.01.2025","3.000,000","3.050,000","3.050,000","2.915,000","321,52K","0,00%"
"08.01.2025","3.000,000","3.100,000","3.100,000","2.930,000","757,73K","-2,60%"
"07.01.2025","3.080,000","3.075,000","3.150,000","3.020,000","930,46K","0,65%"
"06.01.2025","3.060,000","3.060,000","3.220,000","3.030,000","1,01M","1,83%"
"03.01.2025","3.005,000","3.020,000","3.100,000","2.875,000","781,71K","0,84%"
"02.01.2025","2.980,000","2.950,000","3.025,000","2.900,000","1,11M","3,47%"
"31.12.2024","2.880,000","3.010,000","3.100,000","2.855,000","590,04K","0,00%"
"30.12.2024","2.880,000","3.010,000","3.100,000","2.855,000","590,04K","-3,52%"
"27.12.2024","2.985,000","2.950,000","3.000,000","2.870,000","650,62K","1,88%"
"26.12.2024","2.930,000","2.805,000","2.940,000","2.790,000","586,63K","4,46%"
"24.12.2024","2.805,000","2.800,000","2.860,000","2.795,000","120,06K","0,90%"
"23.12.2024","2.780,000","2.750,000","2.850,000","2.690,000","675,22K","1,09%"
"20.12.2024","2.750,000","2.660,000","2.770,000","2.560,000","873,34K","1,48%"
"19.12.2024","2.710,000","2.800,000","2.880,000","2.650,000","632,13K","-3,39%"
"18.12.2024","2.805,000","2.935,000","3.070,000","2.795,000","884,92K","-4,43%"
"17.12.2024","2.935,000","2.990,000","3.125,000","2.900,000","891,72K","-1,84%"
"16.12.2024","2.990,000","2.880,000","3.035,000","2.830,000","1,20M","4,18%"
"13.12.2024","2.870,000","2.900,000","2.970,000","2.855,000","842,24K","-0,17%"
"12.12.2024","2.875,000","2.815,000","2.895,000","2.740,000","1,22M","3,42%"
"11.12.2024","2.780,000","2.630,000","2.800,000","2.535,000","590,58K","6,11%"
"10.12.2024","2.620,000","2.645,000","2.695,000","2.610,000","489,77K","-0,95%"
"09.12.2024","2.645,000","2.640,000","2.700,000","2.520,000","871,33K","1,93%"
"06.12.2024","2.595,000","2.650,000","2.740,000","2.540,000","953,01K","-2,44%"
"05.12.2024","2.660,000","2.745,000","2.745,000","2.585,000","2,26M","-3,10%"
"04.12.2024","2.745,000","2.850,000","2.875,000","2.690,000","1,77M","-3,68%"
"03.12.2024","2.850,000","2.795,000","2.880,000","2.740,000","1,17M","2,33%"
"02.12.2024","2.785,000","2.725,000","2.795,000","2.650,000","1,63M","4,50%"
"29.11.2024","2.665,000","2.650,000","2.685,000","2.520,000","813,40K","2,50%"
"28.11.2024","2.600,000","2.540,000","2.640,000","2.450,000","577,65K","2,56%"
"27.11.2024","2.535,000","2.635,000","2.665,000","2.485,000","1,19M","-1,55%"
"26.11.2024","2.575,000","2.480,000","2.635,000","2.425,000","1,36M","4,04%"
"25.11.2024","2.475,000","2.440,000","2.485,000","2.350,000","1,50M","4,65%"
"22.11.2024","2.365,000","2.380,000","2.385,000","2.315,000","1,33M","1,72%"
"21.11.2024","2.325,000","2.500,000","2.525,000","2.315,000","1,73M","-5,68%"
"20.11.2024","2.465,000","2.470,000","2.530,000","2.440,000","1,31M","0,61%"
"19.11.2024","2.450,000","2.480,000","2.500,000","2.430,000","1,38M","3,16%"
"15.11.2024","2.375,000","2.435,000","2.450,000","2.330,000","1,05M","-2,46%"
"14.11.2024","2.435,000","2.500,000","2.500,000","2.400,000","1,46M","-0,61%"
"13.11.2024","2.450,000","2.450,000","2.480,000","2.390,000","1,73M","2,94%"
"12.11.2024","2.380,000","2.380,000","2.445,000","2.340,000","939,87K","-0,21%"
"11.11.2024","2.385,000","2.415,000","2.460,000","2.340,000","517,74K","-0,83%"
"08.11.2024","2.405,000","2.470,000","2.500,000","2.350,000","685,20K","0,00%"
"07.11.2024","2.405,000","2.330,000","2.480,000","2.310,000","958,09K","4,34%"
"06.11.2024","2.305,000","2.300,000","2.340,000","2.255,000","748,31K","0,66%"
"05.11.2024","2.290,000","2.240,000","2.300,000","2.200,000","628,41K","3,15%"
"04.11.2024","2.220,000","2.200,000","2.225,000","2.150,000","365,45K","3,26%"
"01.11.2024","2.150,000","2.180,000","2.205,000","2.130,000","306,38K","0,23%"
"31.10.2024","2.145,000","2.060,000","2.150,000","2.060,000","284,85K","1,90%"
"30.10.2024","2.105,000","2.090,000","2.130,000","2.060,000","237,83K","0,48%"
"29.10.2024","2.095,000","2.120,000","2.130,000","2.080,000","304,75K","-0,71%"
"28.10.2024","2.110,000","2.155,000","2.220,000","2.095,000","474,67K","-1,86%"
"25.10.2024","2.150,000","2.045,000","2.180,000","2.045,000","768,65K","5,65%"
"24.10.2024","2.035,000","2.010,000","2.045,000","2.010,000","630,90K","2,78%"
"23.10.2024","1.980,000","1.940,000","1.990,000","1.910,000","463,83K","2,06%"
"22.10.2024","1.940,000","1.960,000","1.960,000","1.920,000","602,58K","-0,51%"
"21.10.2024","1.950,000","1.950,000","1.965,000","1.920,000","416,77K","0,52%"
"18.10.2024","1.940,000","1.990,000","1.990,000","1.915,000","232,91K","-0,77%"
"17.10.2024","1.955,000","1.965,000","1.985,000","1.935,000","417,15K","0,51%"
"16.10.2024","1.945,000","1.990,000","2.030,000","1.935,000","303,69K","-1,52%"
"15.10.2024","1.975,000","2.025,000","2.025,000","1.960,000","652,91K","-1,50%"
"14.10.2024","2.005,000","2.060,000","2.060,000","1.985,000","587,59K","-2,43%"
"10.10.2024","2.055,000","2.050,000","2.090,000","2.020,000","543,53K","0,24%"
"09.10.2024","2.050,000","2.055,000","2.060,000","1.990,000","763,06K","0,24%"
"08.10.2024","2.045,000","2.050,000","2.090,000","2.025,000","496,77K","-0,73%"
"07.10.2024","2.060,000","2.055,000","2.065,000","1.990,000","604,42K","1,98%"
"04.10.2024","2.020,000","2.035,000","2.045,000","2.005,000","504,91K","-1,70%"
"03.10.2024","2.055,000","1.990,000","2.060,000","1.980,000","369,06K","3,27%"
"02.10.2024","1.990,000","2.040,000","2.055,000","1.980,000","176,67K","-1,49%"
"01.10.2024","2.020,000","2.015,000","2.045,000","1.990,000","243,30K","0,25%"
"30.09.2024","2.015,000","2.050,000","2.050,000","1.980,000","505,38K","-1,47%"
"27.09.2024","2.045,000","2.120,000","2.150,000","2.030,000","489,69K","-3,54%"
"26.09.2024","2.120,000","2.125,000","2.200,000","2.095,000","323,41K","-0,24%"
"25.09.2024","2.125,000","2.095,000","2.155,000","2.060,000","966,60K","1,92%"
"24.09.2024","2.085,000","2.090,000","2.130,000","2.065,000","417,23K","0,24%"
"23.09.2024","2.080,000","2.185,000","2.200,000","2.045,000","877,19K","-4,59%"
"20.09.2024","2.180,000","2.200,000","2.210,000","2.120,000","375,66K","-0,68%"
"19.09.2024","2.195,000","2.210,000","2.225,000","2.185,000","1,05M","0,69%"
"18.09.2024","2.180,000","2.130,000","2.200,000","2.085,000","1,93M","4,31%"
"17.09.2024","2.090,000","2.035,000","2.105,000","2.035,000","1,07M","2,20%"
"16.09.2024","2.045,000","2.050,000","2.070,000","2.025,000","1,05M","2,25%"
"13.09.2024","2.000,000","1.990,000","2.030,000","1.975,000","445,18K","1,01%"
"12.09.2024","1.980,000","1.890,000","1.990,000","1.865,000","965,41K","6,45%"
"11.09.2024","1.860,000","1.825,000","1.910,000","1.815,000","457,98K","1,92%"
"10.09.2024","1.825,000","1.820,000","1.840,000","1.760,000","328,91K","0,83%"
"09.09.2024","1.810,000","1.825,000","1.860,000","1.795,000","249,29K","-1,09%"
"06.09.2024","1.830,000","1.910,000","1.910,000","1.810,000","204,60K","-4,19%"
"05.09.2024","1.910,000","1.905,000","1.925,000","1.870,000","302,03K","0,00%"
"04.09.2024","1.910,000","1.860,000","1.910,000","1.840,000","394,47K","3,52%"
"03.09.2024","1.845,000","1.850,000","1.885,000","1.775,000","836,16K","-1,60%"
"02.09.2024","1.875,000","1.860,000","1.895,000","1.845,000","145,44K","2,46%"
"30.08.2024","1.830,000","1.820,000","1.860,000","1.800,000","292,99K","1,95%"
"29.08.2024","1.795,000","1.785,000","1.835,000","1.775,000","314,59K","1,70%"
"28.08.2024","1.765,000","1.760,000","1.775,000","1.745,000","449,82K","-1,12%"
"27.08.2024","1.785,000","1.815,000","1.820,000","1.780,000","163,75K","-1,38%"
"26.08.2024","1.810,000","1.825,000","1.840,000","1.770,000","509,97K","0,84%"
"23.08.2024","1.795,000","1.790,000","1.820,000","1.765,000","128,98K","2,57%"
"22.08.2024","1.750,000","1.780,000","1.790,000","1.735,000","255,63K","-3,05%"
"21.08.2024","1.805,000","1.830,000","1.850,000","1.785,000","181,57K","-1,90%"
"20.08.2024","1.840,000","1.830,000","1.855,000","1.775,000","809,19K","0,82%"
"19.08.2024","1.825,000","1.790,000","1.825,000","1.765,000","486,38K","1,39%"
"16.08.2024","1.800,000","1.805,000","1.825,000","1.780,000","247,12K","1,12%"
"15.08.2024","1.780,000","1.750,000","1.840,000","1.750,000","218,17K","0,00%"
"14.08.2024","1.780,000","1.755,000","1.780,000","1.740,000","288,23K","2,01%"
"13.08.2024","1.745,000","1.755,000","1.770,000","1.725,000","281,24K","0,00%"
"12.08.2024","1.745,000","1.775,000","1.775,000","1.730,000","204,01K","-2,24%"
"09.08.2024","1.785,000","1.750,000","1.800,000","1.705,000","767,34K","0,85%"
"08.08.2024","1.770,000","1.670,000","1.775,000","1.670,000","598,40K","9,60%"
"07.08.2024","1.615,000","1.640,000","1.675,000","1.605,000","483,49K","-2,42%"
"06.08.2024","1.655,000","1.630,000","1.660,000","1.615,000","162,80K","1,53%"
"05.08.2024","1.630,000","1.580,000","1.660,000","1.580,000","594,84K","-0,91%"
"02.08.2024","1.645,000","1.620,000","1.680,000","1.610,000","430,74K","0,61%"
"01.08.2024","1.635,000","1.645,000","1.655,000","1.605,000","116,18K","-1,51%"
"31.07.2024","1.660,000","1.600,000","1.685,000","1.565,000","405,99K","4,73%"
"30.07.2024","1.585,000","1.660,000","1.660,000","1.570,000","382,96K","-4,23%"
"29.07.2024","1.655,000","1.745,000","1.745,000","1.645,000","250,19K","-4,34%"
"26.07.2024","1.730,000","1.770,000","1.770,000","1.715,000","169,92K","0,29%"
"25.07.2024","1.725,000","1.770,000","1.770,000","1.715,000","368,05K","-3,36%"
"24.07.2024","1.785,000","1.850,000","1.850,000","1.765,000","179,66K","-3,51%"
"23.07.2024","1.850,000","1.855,000","1.880,000","1.835,000","248,59K","-0,27%"
"22.07.2024","1.855,000","1.850,000","1.855,000","1.805,000","201,65K","1,92%"
"19.07.2024","1.820,000","1.800,000","1.820,000","1.770,000","405,59K","2,54%"
"18.07.2024","1.775,000","1.790,000","1.830,000","1.740,000","337,52K","-0,28%"
"17.07.2024","1.780,000","1.730,000","1.795,000","1.705,000","437,16K","2,89%"
"16.07.2024","1.730,000","1.750,000","1.750,000","1.645,000","434,26K","-0,57%"
"15.07.2024","1.740,000","1.930,000","1.930,000","1.720,000","504,71K","-12,12%"
"12.07.2024","1.980,000","2.015,000","2.045,000","1.970,000","311,64K","-1,49%"
"11.07.2024","2.010,000","1.920,000","2.015,000","1.910,000","357,21K","4,15%"
"10.07.2024","1.930,000","1.890,000","1.930,000","1.860,000","203,17K","2,66%"
"08.07.2024","1.880,000","1.900,000","1.903,950","1.856,000","408,68K","-1,21%"
"05.07.2024","1.903,000","1.920,000","1.935,000","1.889,000","342,83K","-0,89%"
"04.07.2024","1.920,000","1.912,000","1.948,000","1.845,000","159,26K","0,44%"
"03.07.2024","1.911,650","1.902,000","1.955,600","1.870,100","170,95K","1,76%"
"02.07.2024","1.878,600","1.898,500","1.920,000","1.860,600","118,95K","0,89%"
"01.07.2024","1.862,000","1.859,800","1.868,000","1.820,000","203,74K","0,92%"
"28.06.2024","1.845,000","1.895,000","1.937,000","1.825,000","208,66K","-0,81%"
"27.06.2024","1.860,000","1.821,900","1.870,000","1.804,050","200,23K","2,25%"
"26.06.2024","1.819,000","1.817,000","1.830,450","1.791,050","656,90K","0,17%"
"25.06.2024","1.815,900","1.824,000","1.840,000","1.790,000","532,84K","-0,62%"
"24.06.2024","1.827,150","1.810,000","1.832,000","1.760,000","258,58K","0,34%"
"19.06.2024","1.821,000","1.819,500","1.848,000","1.805,000","115,11K","0,24%"
"18.06.2024","1.816,700","1.800,000","1.829,000","1.789,000","246,39K","-0,67%"
"14.06.2024","1.829,000","1.835,000","1.851,650","1.781,000","306,97K","-0,33%"
"13.06.2024","1.835,000","1.887,500","1.895,000","1.805,200","594,51K","-0,06%"
"12.06.2024","1.836,100","1.851,000","1.884,050","1.806,050","276,56K","-0,48%"
"11.06.2024","1.845,000","1.890,000","1.890,000","1.820,350","163,45K","-2,63%"
"10.06.2024","1.894,800","1.847,000","1.898,150","1.805,000","484,39K","3,20%"
"07.06.2024","1.836,000","1.837,500","1.864,200","1.828,250","312,87K","-0,22%"
"06.06.2024","1.840,000","1.881,750","1.881,750","1.789,800","476,86K","-1,02%"
"05.06.2024","1.859,000","1.828,000","1.880,000","1.750,000","469,01K","1,70%"
"04.06.2024","1.828,000","1.890,000","1.890,000","1.800,000","399,42K","-3,28%"
"03.06.2024","1.890,000","1.876,700","1.903,950","1.865,000","730,87K","1,19%"
"31.05.2024","1.867,750","1.829,500","1.879,000","1.790,000","345,07K","1,51%"
"30.05.2024","1.840,000","1.781,000","1.842,000","1.772,000","678,75K","3,95%"
"29.05.2024","1.770,000","1.761,000","1.779,800","1.715,000","327,88K","0,63%"
"28.05.2024","1.759,000","1.760,000","1.781,250","1.709,300","498,67K","-0,06%"
"27.05.2024","1.760,000","1.750,000","1.780,000","1.698,000","149,78K","2,62%"
"24.05.2024","1.715,000","1.756,800","1.756,800","1.681,350","658,30K","-1,29%"
"23.05.2024","1.737,500","1.755,000","1.787,450","1.704,300","255,23K","-1,01%"
"22.05.2024","1.755,250","1.745,000","1.790,000","1.732,200","636,55K","0,88%"
"21.05.2024","1.740,000","1.728,950","1.750,000","1.703,000","650,69K","1,87%"
"20.05.2024","1.708,000","1.670,000","1.710,400","1.633,050","351,29K","2,95%"
"17.05.2024","1.659,000","1.735,500","1.735,500","1.649,000","582,64K","-0,96%"
"16.05.2024","1.675,000","1.720,000","1.720,000","1.642,000","833,46K","-1,47%"
"15.05.2024","1.700,000","1.599,000","1.700,000","1.570,100","647,87K","8,70%"
"14.05.2024","1.564,000","1.589,000","1.600,000","1.540,000","707,51K","-1,57%"
"13.05.2024","1.589,000","1.669,300","1.671,500","1.562,000","650,66K","-5,21%"
"10.05.2024","1.676,400","1.665,000","1.695,850","1.650,000","605,42K","1,79%"
"09.05.2024","1.647,000","1.648,000","1.648,000","1.610,000","480,34K","1,48%"
"08.05.2024","1.623,000","1.692,250","1.692,250","1.605,000","704,71K","-2,11%"
"07.05.2024","1.658,000","1.705,000","1.736,450","1.645,000","1,80M","-2,76%"
"06.05.2024","1.705,000","1.690,000","1.710,000","1.640,600","2,15M","1,79%"
"03.05.2024","1.675,000","1.657,000","1.724,000","1.640,000","853,96K","2,63%"
"02.05.2024","1.632,000","1.590,000","1.638,000","1.581,500","320,75K","4,35%"
"30.04.2024","1.563,900","1.620,750","1.620,750","1.559,400","491,52K","-1,33%"
"29.04.2024","1.585,000","1.570,000","1.620,000","1.551,300","116,57K","1,34%"
"26.04.2024","1.564,000","1.562,000","1.586,000","1.532,600","231,78K","0,13%"
"25.04.2024","1.562,000","1.500,000","1.572,450","1.456,950","243,04K","5,04%"
"24.04.2024","1.487,000","1.480,000","1.520,050","1.475,000","227,08K","0,34%"
"23.04.2024","1.482,000","1.578,000","1.578,000","1.470,000","268,77K","-4,20%"
"22.04.2024","1.547,000","1.460,000","1.548,000","1.460,000","132,64K","5,24%"
"19.04.2024","1.470,000","1.468,000","1.514,250","1.432,000","193,96K","-0,10%"
"18.04.2024","1.471,500","1.470,000","1.520,000","1.400,000","61,59K","0,10%"
"17.04.2024","1.470,000","1.475,500","1.515,000","1.432,000","113,43K","-2,39%"
"16.04.2024","1.506,000","1.485,000","1.548,450","1.450,000","154,83K","1,21%"
"15.04.2024","1.487,950","1.560,000","1.560,000","1.470,000","111,41K","-4,92%"
"12.04.2024","1.565,000","1.590,000","1.605,000","1.560,000","175,05K","3,30%"
"11.04.2024","1.515,000","1.554,500","1.600,000","1.515,000","291,21K","-2,88%"
"10.04.2024","1.560,000","1.599,500","1.620,000","1.530,000","402,80K","-2,50%"
"09.04.2024","1.600,000","1.600,000","1.620,000","1.520,500","599,43K","0,13%"
"08.04.2024","1.598,000","1.461,000","1.600,000","1.436,000","545,39K","13,33%"
"05.04.2024","1.410,000","1.370,000","1.412,500","1.370,000","246,16K","1,48%"
"04.04.2024","1.389,500","1.410,000","1.435,000","1.334,000","295,00K","-3,41%"
"03.04.2024","1.438,500","1.490,000","1.490,000","1.407,500","265,32K","-3,07%"
"27.03.2024","1.484,000","1.538,000","1.538,550","1.460,050","323,07K","-3,88%"
"26.03.2024","1.543,850","1.530,000","1.557,000","1.520,150","118,53K","1,27%"
"25.03.2024","1.524,500","1.581,000","1.610,000","1.517,900","318,33K","-3,57%"
"22.03.2024","1.581,000","1.600,000","1.616,950","1.530,000","529,42K","-0,25%"
"21.03.2024","1.585,000","1.613,250","1.613,250","1.545,600","286,03K","0,00%"
"20.03.2024","1.585,000","1.523,150","1.585,000","1.520,500","352,20K","4,06%"
"19.03.2024","1.523,150","1.550,000","1.570,000","1.505,000","895,66K","-0,95%"
"18.03.2024","1.537,750","1.425,000","1.542,100","1.425,000","465,34K","3,00%"
"15.03.2024","1.493,000","1.445,000","1.493,050","1.412,150","233,12K","2,45%"
"14.03.2024","1.457,350","1.477,450","1.477,450","1.418,300","247,96K","0,55%"
"13.03.2024","1.449,450","1.480,000","1.532,500","1.435,000","275,60K","1,15%"
"12.03.2024","1.433,000","1.347,000","1.459,950","1.347,000","124,98K","6,42%"
"11.03.2024","1.346,600","1.426,000","1.426,000","1.345,000","170,57K","-5,50%"
"08.03.2024","1.425,000","1.302,500","1.425,000","1.302,500","506,05K","5,09%"
"07.03.2024","1.356,000","1.390,000","1.429,000","1.326,450","324,68K","-2,80%"
"06.03.2024","1.395,000","1.420,500","1.439,000","1.315,000","308,55K","-1,20%"
"05.03.2024","1.412,000","1.520,000","1.555,000","1.406,700","99,52K","-7,11%"
"04.03.2024","1.520,000","1.502,000","1.615,000","1.488,050","422,62K","1,27%"
"01.03.2024","1.501,000","1.420,000","1.502,300","1.395,500","387,89K","5,37%"
"29.02.2024","1.424,500","1.400,000","1.461,250","1.341,000","406,71K","5,27%"
"28.02.2024","1.353,250","1.360,000","1.415,000","1.342,600","685,68K","-2,99%"
"27.02.2024","1.395,000","1.423,400","1.480,000","1.374,950","1,01M","-2,23%"
"26.02.2024","1.426,850","1.460,000","1.560,000","1.410,000","174,46K","-4,62%"
"23.02.2024","1.496,000","1.503,950","1.585,000","1.451,000","188,77K","-0,60%"
"22.02.2024","1.505,000","1.448,700","1.568,350","1.440,000","930,35K","5,50%"
"21.02.2024","1.426,550","1.497,050","1.497,050","1.390,550","639,50K","-0,73%"
"20.02.2024","1.437,000","1.490,000","1.500,000","1.426,600","135,05K","-1,64%"
"19.02.2024","1.461,000","1.430,000","1.507,000","1.405,000","113,20K","1,81%"
"16.02.2024","1.435,000","1.480,500","1.520,000","1.400,000","58,21K","-3,04%"
"15.02.2024","1.480,000","1.515,000","1.559,000","1.465,000","135,54K","-2,25%"
"14.02.2024","1.514,050","1.498,000","1.569,500","1.495,000","66,91K","-2,95%"
"09.02.2024","1.560,000","1.550,000","1.585,000","1.500,000","242,24K","0,38%"
"08.02.2024","1.554,100","1.618,000","1.671,000","1.550,900","278,65K","-3,77%"
"07.02.2024","1.614,950","1.660,000","1.734,950","1.588,900","370,27K","-3,76%"
"06.02.2024","1.678,000","1.750,000","1.790,000","1.665,550","140,91K","-4,44%"
"05.02.2024","1.756,000","1.878,000","1.878,000","1.740,000","180,03K","-5,59%"
"02.02.2024","1.860,000","1.900,000","1.924,000","1.830,000","183,91K","1,53%"
"01.02.2024","1.832,000","1.812,000","1.900,000","1.750,000","141,85K","1,10%"
"31.01.2024","1.812,000","1.850,000","1.920,000","1.763,950","106,57K","-2,05%"
"30.01.2024","1.850,000","1.790,000","1.850,000","1.780,000","197,23K","3,87%"
"29.01.2024","1.781,000","1.816,000","1.816,000","1.770,000","86,70K","0,34%"
"26.01.2024","1.775,000","1.880,000","1.905,000","1.760,000","93,05K","-5,59%"
"25.01.2024","1.880,000","1.925,000","1.933,350","1.873,000","130,33K","0,05%"
"24.01.2024","1.879,000","1.870,000","1.914,000","1.832,000","109,28K","0,45%"
"23.01.2024","1.870,550","1.921,000","1.972,000","1.851,000","162,44K","-2,32%"
"22.01.2024","1.915,000","1.793,000","1.925,500","1.766,000","440,55K","6,04%"
"19.01.2024","1.806,000","1.750,000","1.808,500","1.690,000","657,02K","4,12%"
"18.01.2024","1.734,500","1.697,000","1.740,000","1.656,000","448,12K","3,37%"
"17.01.2024","1.678,000","1.560,000","1.678,000","1.560,000","653,22K","7,81%"
"16.01.2024","1.556,500","1.512,000","1.579,000","1.500,000","382,07K","2,81%"
"15.01.2024","1.514,000","1.514,450","1.560,000","1.483,000","63,24K","-0,33%"
"12.01.2024","1.519,000","1.542,000","1.599,950","1.490,500","188,06K","-1,49%"
"11.01.2024","1.542,000","1.600,000","1.618,000","1.510,000","251,74K","-2,34%"
"10.01.2024","1.579,000","1.560,000","1.600,000","1.518,350","131,28K","0,96%"
"09.01.2024","1.564,000","1.580,000","1.620,000","1.542,000","93,39K","-0,89%"
"08.01.2024","1.578,050","1.540,000","1.612,000","1.510,000","232,06K","2,47%"
"05.01.2024","1.540,000","1.484,000","1.564,100","1.453,000","254,02K","6,57%"
"04.01.2024","1.445,000","1.450,000","1.485,000","1.424,900","125,71K","0,42%"
"03.01.2024","1.439,000","1.395,000","1.449,900","1.350,000","157,12K","3,15%"
"02.01.2024","1.395,000","1.407,000","1.440,000","1.338,000","80,97K","-0,29%"
"29.12.2023","1.399,000","1.320,000","1.400,000","1.313,500","83,19K","5,58%"
"28.12.2023","1.325,000","1.275,000","1.354,000","1.260,000","158,08K","0,00%"
"27.12.2023","1.325,000","1.270,000","1.333,500","1.261,000","356,14K","2,24%"
"26.12.2023","1.296,000","1.344,000","1.344,000","1.286,150","275,07K","-1,44%"
"22.12.2023","1.315,000","1.350,000","1.400,000","1.300,000","132,05K","-2,59%"
"21.12.2023","1.350,000","1.341,000","1.372,000","1.286,000","194,80K","3,84%"
"20.12.2023","1.300,050","1.280,000","1.336,000","1.280,000","264,89K","-0,15%"
"19.12.2023","1.302,000","1.335,000","1.350,000","1.286,450","152,97K","-0,53%"
"18.12.2023","1.309,000","1.314,000","1.335,000","1.250,000","184,22K","-0,38%"
"15.12.2023","1.314,000","1.420,000","1.450,000","1.305,050","276,35K","-6,34%"
"14.12.2023","1.403,000","1.398,800","1.470,000","1.355,100","135,95K","0,29%"
"13.12.2023","1.399,000","1.425,000","1.495,000","1.340,000","137,79K","-0,07%"
"12.12.2023","1.400,000","1.300,000","1.420,000","1.289,000","322,43K","5,42%"
"11.12.2023","1.328,000","1.310,000","1.360,000","1.281,000","392,51K","0,91%"
"07.12.2023","1.316,000","1.300,000","1.317,000","1.230,000","291,32K","3,62%"
"06.12.2023","1.270,000","1.298,000","1.300,000","1.201,000","252,38K","0,04%"
"05.12.2023","1.269,500","1.214,500","1.272,100","1.184,000","160,83K","4,53%"
"04.12.2023","1.214,500","1.280,000","1.280,000","1.180,500","165,04K","-3,84%"
"01.12.2023","1.263,000","1.200,000","1.270,000","1.148,000","149,79K","7,03%"
"30.11.2023","1.180,000","1.105,000","1.180,000","1.051,000","589,96K","6,88%"
"29.11.2023","1.104,000","1.080,000","1.125,000","1.070,000","198,32K","3,18%"
"28.11.2023","1.070,000","1.185,000","1.248,000","1.068,900","187,56K","-9,70%"
"27.11.2023","1.185,000","1.290,000","1.348,000","1.172,550","912,84K","-8,00%"
"24.11.2023","1.288,000","1.348,000","1.384,000","1.245,000","348,83K","-3,23%"
"23.11.2023","1.331,000","1.278,000","1.350,000","1.240,000","84,99K","5,55%"
"22.11.2023","1.261,000","1.200,500","1.354,050","1.190,000","248,55K","5,26%"
"21.11.2023","1.198,000","1.156,000","1.223,000","1.132,400","359,74K","9,91%"
"17.11.2023","1.090,000","1.055,000","1.090,000","999,000","293,06K","6,03%"
"16.11.2023","1.028,000","1.065,500","1.065,500","999,000","106,58K","-2,10%"
"15.11.2023","1.050,000","1.050,000","1.070,000","1.025,000","83,83K","0,00%"
"14.11.2023","1.050,000","1.053,000","1.098,000","1.040,100","45,06K","-0,57%"
"13.11.2023","1.056,000","1.125,000","1.128,000","1.038,300","42,79K","-2,41%"
"10.11.2023","1.082,100","1.080,000","1.111,000","1.051,000","64,56K","3,06%"
"09.11.2023","1.050,000","1.000,000","1.084,950","961,800","130,89K","2,89%"
"08.11.2023","1.020,500","1.036,000","1.072,000","1.001,150","47,28K","-5,07%"
"07.11.2023","1.075,000","1.075,000","1.141,500","1.070,000","115,72K","0,47%"
"03.11.2023","1.070,000","1.100,000","1.115,950","1.020,000","223,27K","0,94%"
"02.11.2023","1.060,000","1.031,000","1.100,000","1.031,000","192,37K","1,92%"
"01.11.2023","1.040,000","1.009,500","1.049,950","991,500","139,67K","4,10%"
"31.10.2023","999,000","990,000","1.030,050","890,000","65,59K","-0,10%"
"30.10.2023","1.000,000","1.050,500","1.075,000","980,000","54,27K","-6,19%"
"27.10.2023","1.066,000","1.050,000","1.085,000","1.010,000","84,92K","-1,66%"
"26.10.2023","1.084,000","1.100,000","1.163,150","1.070,000","78,70K","-3,39%"
"25.10.2023","1.122,000","1.114,000","1.150,000","1.000,000","63,04K","3,03%"
"24.10.2023","1.089,000","1.149,500","1.203,150","1.046,150","129,26K","-5,30%"
"23.10.2023","1.150,000","1.260,000","1.276,600","1.132,000","275,19K","-14,81%"
"20.10.2023","1.350,000","1.300,000","1.400,000","1.282,500","371,81K","6,82%"
"19.10.2023","1.263,750","1.275,000","1.313,750","1.220,000","361,15K","-0,18%"
"18.10.2023","1.266,000","1.303,000","1.362,000","1.251,000","833,08K","-4,07%"
"17.10.2023","1.319,750","1.333,000","1.374,000","1.288,200","1,18M","-1,07%"
"12.10.2023","1.334,000","1.252,000","1.380,000","1.180,000","1,59M","8,46%"
"11.10.2023","1.230,000","1.248,000","1.248,000","1.105,850","403,41K","2,50%"
"10.10.2023","1.200,000","1.108,000","1.265,000","1.093,700","518,74K","10,80%"
"09.10.2023","1.083,000","1.099,000","1.110,950","1.066,400","190,80K","4,03%"
"06.10.2023","1.041,000","1.070,000","1.105,000","1.041,000","163,33K","-3,61%"
"05.10.2023","1.080,000","1.087,000","1.124,000","1.050,000","188,99K","-2,70%"
"04.10.2023","1.110,000","1.031,050","1.110,000","1.000,000","337,28K","10,12%"
"03.10.2023","1.008,000","987,000","1.034,000","978,000","321,28K","2,13%"
"02.10.2023","987,000","996,700","1.007,000","975,000","186,39K","-1,60%"
"29.09.2023","1.003,000","1.007,100","1.033,000","980,000","219,00K","-0,42%"
"28.09.2023","1.007,200","970,000","1.020,000","964,700","144,11K","5,14%"
"27.09.2023","958,000","910,000","964,750","909,250","169,41K","5,04%"
"26.09.2023","912,000","890,000","916,000","890,000","195,38K","0,88%"
"25.09.2023","904,000","899,050","908,000","895,000","92,59K","0,22%"
"22.09.2023","902,000","899,000","913,100","882,400","297,31K","-0,15%"
"21.09.2023","903,400","909,900","910,000","884,200","147,94K","-0,66%"
"20.09.2023","909,400","909,550","926,800","904,000","114,55K","-0,94%"
"19.09.2023","918,000","926,000","936,800","900,000","192,51K","-0,92%"
"18.09.2023","926,500","890,000","929,500","882,000","296,75K","4,10%"
"15.09.2023","890,000","911,000","913,000","882,050","86,95K","-2,41%"
"14.09.2023","912,000","910,000","918,300","901,000","188,94K","0,61%"
"13.09.2023","906,500","899,000","913,600","884,500","242,50K","1,63%"
"12.09.2023","891,950","875,000","899,000","866,600","142,70K","1,94%"
"11.09.2023","875,000","870,000","885,000","842,350","246,88K","0,92%"
"08.09.2023","867,000","870,200","896,350","860,000","231,15K","-0,34%"
"07.09.2023","870,000","910,000","929,500","870,000","198,51K","-5,94%"
"06.09.2023","924,950","948,500","949,700","914,050","361,00K","-3,65%"
"05.09.2023","960,000","975,950","978,300","944,000","455,39K","-6,80%"
"04.09.2023","1.030,000","1.020,000","1.049,500","990,000","53,99K","1,58%"
"01.09.2023","1.014,000","1.054,000","1.054,900","1.002,300","117,63K","-2,59%"
"31.08.2023","1.041,000","1.088,950","1.088,950","1.013,150","187,06K","-3,16%"
"30.08.2023","1.075,000","1.111,000","1.130,500","1.050,450","334,47K","-0,09%"
"29.08.2023","1.076,000","1.047,750","1.076,850","1.047,750","344,75K","3,16%"
"28.08.2023","1.043,000","1.023,500","1.056,450","1.014,100","228,47K","3,27%"
"25.08.2023","1.010,000","992,000","1.015,700","977,050","212,32K","2,41%"
"24.08.2023","986,250","992,200","996,300","975,900","181,69K","-0,37%"
"23.08.2023","989,900","968,000","999,500","965,000","270,81K","1,74%"
"22.08.2023","973,000","972,000","975,000","943,250","464,71K","0,52%"
"18.08.2023","968,000","960,000","975,000","940,000","576,68K","0,83%"
"17.08.2023","960,000","911,000","960,000","911,000","499,49K","5,49%"
"16.08.2023","910,000","858,000","910,000","858,000","310,99K","6,81%"
"15.08.2023","852,000","814,000","877,900","814,000","195,65K","4,03%"
"14.08.2023","819,000","779,800","840,000","770,800","170,66K","4,60%"
"11.08.2023","783,000","760,000","788,500","756,000","198,41K","3,71%"
"10.08.2023","755,000","763,000","789,550","755,000","401,55K","-0,79%"
"09.08.2023","761,000","790,000","804,850","760,800","191,10K","-3,67%"
"08.08.2023","790,000","770,000","792,000","762,000","337,83K","2,60%"
"07.08.2023","770,000","760,800","774,000","760,000","193,89K","0,79%"
"04.08.2023","764,000","755,000","767,000","750,300","125,33K","2,41%"
"03.08.2023","746,000","723,000","754,400","722,000","181,57K","3,18%"
"02.08.2023","723,000","730,900","733,400","710,000","181,40K","-1,63%"
"01.08.2023","735,000","733,500","744,000","722,000","192,17K","0,14%"
"31.07.2023","734,000","740,000","740,000","722,500","189,99K","0,27%"
"28.07.2023","732,000","739,050","740,000","728,000","111,73K","0,69%"
"27.07.2023","727,000","758,000","758,000","724,000","84,51K","-3,07%"
"26.07.2023","750,000","753,000","759,900","743,000","296,00K","0,13%"
"25.07.2023","749,000","754,550","764,100","747,000","282,11K","-0,27%"
"24.07.2023","751,000","750,000","754,000","736,050","443,91K","2,80%"
"21.07.2023","730,550","713,450","732,400","705,050","315,41K","2,36%"
"20.07.2023","713,700","715,000","726,950","703,600","225,33K","0,11%"
"19.07.2023","712,900","732,850","732,850","704,000","200,98K","-1,12%"
"18.07.2023","720,950","740,000","740,000","715,650","248,05K","-1,05%"
"17.07.2023","728,600","723,200","739,150","722,000","316,22K","-0,85%"
"14.07.2023","734,850","730,000","744,450","724,000","200,90K","0,59%"
"13.07.2023","730,550","701,800","746,000","701,800","328,59K","4,51%"
"12.07.2023","699,000","698,000","704,000","693,600","97,84K","0,39%"
"11.07.2023","696,300","705,000","706,750","689,000","129,99K","-0,31%"
"10.07.2023","698,500","707,050","709,950","693,000","66,98K","-0,64%"
"07.07.2023","703,000","710,200","718,000","690,000","165,88K","-1,01%"
"06.07.2023","710,200","712,000","712,000","696,000","226,21K","-0,60%"
"05.07.2023","714,500","729,300","729,300","700,000","281,86K","-1,87%"
"04.07.2023","728,100","740,000","740,000","724,500","110,89K","0,50%"
"03.07.2023","724,500","708,000","740,000","695,000","189,63K","2,56%"
"30.06.2023","706,450","720,000","720,000","691,000","321,60K","-1,82%"
"29.06.2023","719,517","703,055","722,423","701,118","167,30K","2,48%"
"28.06.2023","702,086","706,928","720,922","689,981","243,63K","-0,62%"
"27.06.2023","706,444","687,560","710,899","687,560","299,57K","3,92%"
"26.06.2023","679,813","697,244","701,118","660,494","608,02K","0,56%"
"23.06.2023","676,037","670,129","687,512","661,656","251,19K","1,02%"
"22.06.2023","669,209","687,560","687,560","663,351","265,78K","-3,34%"
"21.06.2023","692,306","653,667","692,306","653,667","302,25K","8,07%"
"16.06.2023","640,593","629,457","647,372","629,457","270,07K","2,46%"
"15.06.2023","625,196","610,089","631,394","608,152","1,63M","2,31%"
"14.06.2023","611,057","612,026","622,242","605,247","60,61K","-0,16%"
"13.06.2023","612,026","629,457","629,457","608,152","111,05K","-1,27%"
"12.06.2023","619,918","634,299","640,254","618,369","363,40K","-2,27%"
"09.06.2023","634,299","636,236","648,825","630,425","197,97K","-1,06%"
"08.06.2023","641,077","650,761","650,761","629,457","83,74K","0,61%"
"07.06.2023","637,204","639,141","650,761","632,362","157,86K","0,00%"
"06.06.2023","637,204","589,753","639,092","589,753","252,71K","3,62%"
"05.06.2023","614,931","605,247","620,741","590,721","531,48K","0,79%"
"02.06.2023","610,089","619,773","634,153","607,087","240,19K","-1,01%"
"01.06.2023","616,287","597,500","616,287","590,721","279,37K","4,69%"
"31.05.2023","588,687","582,974","588,784","575,759","299,70K","1,09%"
"30.05.2023","582,344","595,611","608,104","574,258","426,85K","-4,36%"
"29.05.2023","608,878","604,085","611,977","580,069","91,35K","0,33%"
"24.05.2023","606,893","601,373","612,026","592,658","130,31K","0,27%"
"23.05.2023","605,247","610,089","614,350","594,595","105,67K","0,24%"
"22.05.2023","603,794","590,721","608,152","590,721","126,91K","1,17%"
"19.05.2023","596,822","595,563","599,243","578,907","175,47K","0,54%"
"18.05.2023","593,626","592,270","597,451","580,117","139,41K","-0,33%"
"17.05.2023","595,563","595,563","602,342","586,847","316,95K","0,16%"
"16.05.2023","594,595","581,037","594,595","578,180","297,67K","2,33%"
"15.05.2023","581,037","571,353","584,426","550,726","265,22K","1,37%"
"12.05.2023","573,193","535,522","578,955","535,522","371,02K","7,03%"
"11.05.2023","535,522","544,238","544,238","527,775","115,11K","-0,09%"
"10.05.2023","536,007","545,206","550,048","530,196","161,55K","-1,34%"
"09.05.2023","543,270","544,238","551,985","542,785","141,56K","0,18%"
"08.05.2023","542,301","559,732","566,511","541,333","89,20K","-2,20%"
"05.05.2023","554,503","523,902","560,701","523,902","58,31K","5,84%"
"04.05.2023","523,902","540,364","540,364","513,298","90,48K","-1,28%"
"03.05.2023","530,680","510,344","537,459","510,344","444,47K","-0,75%"
"02.05.2023","534,699","545,691","546,175","522,933","163,88K","-1,58%"
"28.04.2023","543,270","556,052","556,052","532,617","194,47K","-1,15%"
"27.04.2023","549,613","562,637","565,301","548,789","157,02K","-1,47%"
"26.04.2023","557,796","570,191","578,616","540,364","367,62K","-1,52%"
"25.04.2023","566,414","578,132","585,879","561,669","220,46K","-1,86%"
"24.04.2023","577,163","577,163","583,942","561,960","117,60K","-0,33%"
"21.04.2023","579,100","566,511","582,586","553,922","100,99K","3,64%"
"20.04.2023","558,764","545,787","562,395","541,333","128,97K","2,40%"
"19.04.2023","545,642","561,669","561,669","539,396","143,23K","-3,02%"
"18.04.2023","562,637","553,922","566,027","549,564","266,57K","2,83%"
"17.04.2023","547,143","552,954","566,511","542,301","135,90K","-0,88%"
"14.04.2023","551,985","559,248","559,248","544,238","167,62K","0,00%"
"13.04.2023","551,985","557,311","557,311","544,383","112,62K","1,06%"
"12.04.2023","546,175","528,841","550,920","528,841","97,00K","3,77%"
"11.04.2023","526,323","525,838","537,411","524,919","68,23K","0,83%"
"10.04.2023","521,965","530,196","533,828","521,626","129,85K","-1,46%"
"05.04.2023","529,712","532,617","539,396","520,997","135,70K","-1,80%"
"04.04.2023","539,396","550,048","557,796","532,133","111,47K","-2,28%"
"03.04.2023","551,985","562,734","562,734","546,175","91,73K","1,05%"
"31.03.2023","546,223","563,606","571,353","542,301","118,10K","-2,55%"
"30.03.2023","560,507","551,985","566,511","549,128","63,44K","2,44%"
"29.03.2023","547,143","548,112","551,985","543,463","105,16K","0,00%"
"28.03.2023","547,143","542,495","555,859","535,087","143,72K","1,62%"
"27.03.2023","538,428","517,607","544,141","515,186","156,32K","5,70%"
"23.03.2023","509,376","518,091","521,916","502,597","167,81K","0,31%"
"22.03.2023","507,778","513,685","521,820","500,515","267,68K","-0,38%"
"21.03.2023","509,715","507,778","515,380","501,774","291,15K","0,45%"
"20.03.2023","507,439","522,933","522,933","493,881","190,72K","0,00%"
"17.03.2023","507,439","495,818","511,506","489,475","126,54K","2,26%"
"16.03.2023","496,206","474,514","498,530","474,514","295,12K","4,36%"
"15.03.2023","475,482","481,631","483,229","460,956","238,39K","-4,01%"
"14.03.2023","495,334","507,778","515,186","486,425","272,92K","-0,10%"
"13.03.2023","495,818","488,216","498,239","483,132","216,26K","2,20%"
"10.03.2023","485,166","504,534","510,828","485,166","173,88K","-3,84%"
"09.03.2023","504,534","490,008","506,955","484,198","154,48K","1,56%"
"08.03.2023","496,787","479,259","496,787","469,672","88,51K","3,66%"
"07.03.2023","479,259","490,976","493,881","475,482","63,65K","-1,54%"
"06.03.2023","486,764","482,261","495,818","476,450","123,19K","1,04%"
"03.03.2023","481,777","494,850","498,675","481,292","116,06K","-2,16%"
"02.03.2023","492,429","490,008","493,881","482,503","114,72K","0,49%"
"01.03.2023","490,008","483,713","492,913","476,450","41,56K","2,02%"
"28.02.2023","480,324","492,913","494,850","476,015","51,28K","-1,74%"
"27.02.2023","488,846","493,978","506,471","485,166","105,81K","-1,79%"
"24.02.2023","497,755","484,198","503,565","479,356","176,24K","2,52%"
"23.02.2023","485,505","468,703","485,699","455,581","162,59K","4,01%"
"22.02.2023","466,766","482,309","494,850","444,493","134,54K","-3,41%"
"17.02.2023","483,229","495,818","502,597","475,240","54,61K","-2,49%"
"16.02.2023","495,576","484,198","503,565","482,261","173,72K","2,61%"
"15.02.2023","482,987","492,913","505,502","480,324","200,77K","-1,58%"
"14.02.2023","490,734","499,692","517,898","489,039","594,55K","-1,60%"
"13.02.2023","498,723","498,627","503,565","484,198","105,55K","1,38%"
"10.02.2023","491,945","484,198","495,576","484,198","81,52K","0,82%"
"09.02.2023","487,926","502,597","502,597","483,132","97,21K","-1,20%"
"08.02.2023","493,833","493,881","493,881","484,198","91,87K","0,58%"
"07.02.2023","490,976","497,755","497,755","485,989","84,21K","1,40%"
"06.02.2023","484,198","484,198","498,772","476,450","135,27K","0,14%"
"03.02.2023","483,520","506,471","512,281","480,808","141,58K","-3,98%"
"02.02.2023","503,565","522,933","527,775","498,191","156,12K","-1,89%"
"01.02.2023","513,249","505,502","518,576","498,723","74,55K","1,34%"
"31.01.2023","506,471","503,565","511,313","493,881","278,98K","0,00%"
"30.01.2023","506,471","515,670","527,775","501,580","113,28K","-2,24%"
"27.01.2023","518,091","532,617","538,428","514,169","107,85K","-3,08%"
"26.01.2023","534,554","541,817","544,238","523,902","237,03K","-0,40%"
"25.01.2023","536,685","518,091","537,217","508,407","260,38K","3,59%"
"24.01.2023","518,091","524,337","527,775","504,534","163,05K","-1,63%"
"23.01.2023","526,662","513,249","527,049","513,249","329,60K","2,61%"
"20.01.2023","513,249","494,850","514,218","494,850","310,37K","4,13%"
"19.01.2023","492,913","491,945","499,547","463,474","334,96K","-0,20%"
"18.01.2023","493,881","547,143","568,254","487,151","287,68K","-10,05%"
"17.01.2023","549,080","551,985","557,311","542,301","342,58K","0,18%"
"16.01.2023","548,112","525,838","553,922","518,091","157,72K","4,81%"
"13.01.2023","522,933","506,471","524,676","499,885","144,24K","2,27%"
"12.01.2023","511,313","483,229","515,186","477,031","238,86K","6,26%"
"11.01.2023","481,195","454,661","482,261","449,529","360,00K","5,72%"
"10.01.2023","455,146","474,029","474,514","452,240","176,49K","-1,35%"
"09.01.2023","461,392","468,703","474,029","454,323","319,11K","0,09%"
"06.01.2023","460,956","445,462","465,314","443,525","288,83K","3,93%"
"05.01.2023","443,525","449,335","455,049","432,582","218,19K","0,22%"
"04.01.2023","442,559","444,471","457,853","433,957","118,52K","-0,28%"
"03.01.2023","443,802","469,323","469,323","439,692","179,83K","-4,78%"
"02.01.2023","466,073","458,809","473,146","458,809","66,73K","2,44%"
"30.12.2022","454,985","454,029","468,367","434,865","97,88K","2,26%"
"29.12.2022","444,949","468,367","477,926","442,559","108,70K","-3,65%"
"28.12.2022","461,820","449,250","468,845","448,294","158,97K","3,02%"
"27.12.2022","448,294","432,045","448,294","423,490","245,32K","4,23%"
"26.12.2022","430,085","424,350","432,045","417,229","51,90K","1,82%"
"23.12.2022","422,391","420,575","429,655","415,700","182,59K","0,89%"
"22.12.2022","418,663","420,575","428,699","413,406","185,97K","0,00%"
"21.12.2022","418,663","415,795","425,306","410,490","272,71K","1,60%"
"20.12.2022","412,068","420,336","420,575","411,016","8,04K","0,26%"
"19.12.2022","411,016","416,751","422,486","406,715","177,64K","-1,38%"
"16.12.2022","416,751","412,928","416,751","406,237","65,72K","1,81%"
"15.12.2022","409,343","407,671","413,836","401,936","110,69K","0,29%"
"14.12.2022","408,149","418,663","419,619","396,678","113,21K","1,08%"
"13.12.2022","403,799","405,281","413,884","402,509","94,15K","-0,25%"
"12.12.2022","404,803","410,538","410,538","388,076","152,27K","-2,04%"
"07.12.2022","413,215","413,884","419,475","406,237","213,13K","0,10%"
"06.12.2022","412,784","406,237","416,703","398,590","92,29K","3,81%"
"05.12.2022","397,634","407,193","411,016","396,678","146,85K","-2,56%"
"02.12.2022","408,101","416,751","417,707","403,656","251,54K","-2,68%"
"01.12.2022","419,332","417,038","422,486","411,016","151,03K","0,62%"
"30.11.2022","416,751","408,149","417,707","401,458","118,19K","0,69%"
"29.11.2022","413,884","393,811","413,884","389,509","95,15K","5,35%"
"28.11.2022","392,855","399,546","409,104","387,215","186,03K","-2,26%"
"25.11.2022","401,936","409,343","413,884","398,590","369,55K","-1,75%"
"24.11.2022","409,104","396,678","420,575","396,678","54,29K","2,07%"
"23.11.2022","400,788","411,016","411,064","400,024","77,93K","-2,03%"
"22.11.2022","409,104","406,237","410,395","398,590","117,53K","0,82%"
"18.11.2022","405,759","391,899","405,759","388,554","164,45K","3,68%"
"17.11.2022","391,373","401,458","401,458","377,561","87,45K","1,44%"
"16.11.2022","385,829","374,694","388,076","370,870","106,70K","2,27%"
"15.11.2022","377,275","379,473","387,072","374,216","178,00K","0,75%"
"14.11.2022","374,455","379,808","386,355","369,437","130,91K","-1,32%"
"11.11.2022","379,473","372,782","381,385","365,135","88,20K","4,12%"
"10.11.2022","364,466","369,914","382,245","358,444","195,49K","-1,37%"
"09.11.2022","369,532","390,943","393,811","367,286","117,83K","-5,48%"
"08.11.2022","390,943","413,884","413,884","387,120","128,13K","-1,61%"
"07.11.2022","397,347","406,237","420,575","395,722","85,50K","-2,26%"
"04.11.2022","406,524","396,678","406,524","392,855","91,50K","3,61%"
"03.11.2022","392,377","382,341","394,767","377,561","120,58K","2,62%"
"02.11.2022","382,341","398,494","398,590","379,473","230,72K","-3,05%"
"01.11.2022","394,384","407,671","407,671","393,620","206,85K","-2,46%"
"31.10.2022","404,325","389,987","409,104","389,987","255,61K","4,32%"
"28.10.2022","387,598","378,756","392,473","375,219","107,09K","0,87%"
"27.10.2022","384,252","382,818","396,726","379,903","127,73K","0,00%"
"26.10.2022","384,252","387,120","391,421","382,818","185,62K","-0,62%"
"25.10.2022","386,642","383,296","389,079","378,565","95,43K","1,74%"
"24.10.2022","380,047","376,605","384,061","368,003","49,76K","0,40%"
"21.10.2022","378,517","369,054","378,517","368,767","80,16K","1,90%"
"20.10.2022","371,444","370,870","382,293","368,767","123,31K","-0,10%"
"19.10.2022","371,826","387,120","387,120","369,628","171,65K","-2,99%"
"18.10.2022","383,296","368,003","383,296","368,003","140,84K","3,22%"
"17.10.2022","371,348","379,473","388,410","371,348","125,29K","-1,62%"
"14.10.2022","377,466","399,116","404,325","377,466","251,41K","-5,42%"
"13.10.2022","399,116","388,076","404,277","379,473","179,09K","2,97%"
"12.10.2022","387,598","381,385","391,899","377,609","116,76K","1,63%"
"11.10.2022","381,385","386,260","400,024","377,609","108,45K","-4,59%"
"06.10.2022","399,737","397,634","406,237","391,899","160,30K","0,17%"
"05.10.2022","399,068","396,678","400,502","378,565","124,81K","0,60%"
"04.10.2022","396,678","394,767","406,237","389,987","276,52K","0,97%"
"03.10.2022","392,855","379,808","393,811","377,944","117,81K","5,66%"
"30.09.2022","371,826","368,003","377,561","365,135","70,64K","1,83%"
"29.09.2022","365,135","362,268","370,870","353,665","81,77K","0,55%"
"28.09.2022","363,128","353,665","372,782","346,974","64,50K","4,08%"
"27.09.2022","348,886","352,709","357,010","342,482","58,48K","-3,38%"
"26.09.2022","361,073","363,224","368,003","346,257","189,28K","-0,59%"
"23.09.2022","363,224","383,296","383,296","357,823","185,43K","-5,24%"
"22.09.2022","383,296","380,429","390,895","376,605","72,90K","0,77%"
"21.09.2022","380,381","383,296","387,120","375,650","132,34K","-1,98%"
"20.09.2022","388,076","384,204","390,895","375,028","197,67K","0,50%"
"19.09.2022","386,164","367,764","387,120","366,043","125,40K","4,39%"
"16.09.2022","369,914","368,959","373,164","364,610","33,48K","-0,03%"
"15.09.2022","370,010","369,914","377,561","366,617","81,04K","0,55%"
"14.09.2022","368,003","354,621","368,003","353,665","217,41K","3,22%"
"13.09.2022","356,533","377,561","377,561","354,812","110,00K","-4,11%"
"12.09.2022","371,826","368,959","375,650","368,481","63,40K","0,52%"
"09.09.2022","369,914","366,091","375,076","364,179","68,14K","0,55%"
"08.09.2022","367,907","368,959","368,959","359,400","85,54K","2,64%"
"07.09.2022","358,444","350,797","360,452","350,128","86,84K","1,49%"
"06.09.2022","353,187","349,220","364,466","349,220","78,38K","1,79%"
"05.09.2022","346,974","359,400","359,400","343,151","50,56K","-1,21%"
"01.09.2022","351,228","357,966","360,356","350,797","178,59K","-1,78%"
"31.08.2022","357,584","366,091","366,234","354,095","128,66K","-2,08%"
"30.08.2022","365,183","380,429","380,429","365,183","160,31K","-3,52%"
"29.08.2022","378,517","382,341","386,260","375,697","70,67K","0,15%"
"26.08.2022","377,944","385,208","388,076","368,337","200,37K","-1,59%"
"25.08.2022","384,061","382,341","386,642","375,506","74,04K","1,08%"
"24.08.2022","379,951","380,333","381,385","371,014","196,15K","1,74%"
"23.08.2022","373,451","370,870","382,771","368,959","277,69K","0,70%"
"22.08.2022","370,870","377,561","381,337","368,959","111,58K","-1,93%"
"19.08.2022","378,183","377,561","384,252","369,245","159,12K","-0,19%"
"18.08.2022","378,899","359,209","378,899","357,536","126,32K","6,10%"
"17.08.2022","357,106","334,548","360,356","333,592","226,25K","5,99%"
"16.08.2022","336,938","349,842","352,183","332,684","118,81K","-2,62%"
"12.08.2022","346,018","339,327","347,978","331,680","105,51K","5,23%"
"11.08.2022","328,813","340,283","355,099","326,901","526,49K","-4,18%"
"10.08.2022","343,151","334,644","344,106","332,636","125,06K","2,87%"
"09.08.2022","333,592","334,452","339,279","328,813","58,43K","-1,11%"
"08.08.2022","337,320","334,548","337,416","326,423","45,07K","2,89%"
"05.08.2022","327,857","322,122","334,548","321,214","192,42K","1,48%"
"04.08.2022","323,078","324,989","324,989","316,387","102,28K","-0,59%"
"03.08.2022","324,989","324,989","325,898","316,387","77,67K","1,80%"
"02.08.2022","319,254","329,769","329,769","315,479","108,37K","-0,06%"
"01.08.2022","319,446","328,239","332,206","315,431","87,78K","-3,00%"
"29.07.2022","329,339","339,327","343,915","320,306","245,05K","-1,42%"
"28.07.2022","334,070","330,772","343,151","318,776","282,97K","1,60%"
"27.07.2022","328,813","312,563","330,247","310,174","136,42K","5,04%"
"26.07.2022","313,041","313,519","318,299","305,872","292,67K","0,17%"
"25.07.2022","312,516","301,571","312,850","297,318","221,61K","3,63%"
"22.07.2022","301,571","310,652","310,652","296,314","508,90K","-0,82%"
"21.07.2022","304,056","290,866","310,652","284,844","168,81K","6,92%"
"20.07.2022","284,366","282,932","288,667","280,064","139,99K","-0,22%"
"19.07.2022","284,987","281,976","284,987","278,248","92,64K","0,73%"
"18.07.2022","282,932","281,976","284,844","273,469","169,55K","1,37%"
"15.07.2022","279,109","266,969","283,697","264,771","276,91K","2,46%"
"14.07.2022","272,418","262,907","272,418","259,992","62,82K","1,62%"
"13.07.2022","268,069","261,617","268,069","258,080","86,38K","0,86%"
"12.07.2022","265,774","272,179","272,752","262,859","117,77K","-3,12%"
"11.07.2022","274,329","268,594","275,237","257,172","355,65K","0,00%"
"08.07.2022","274,329","277,197","277,197","250,911","385,18K","1,44%"
"07.07.2022","270,424","265,924","277,623","264,124","191,09K","2,58%"
"06.07.2022","263,630","247,476","263,630","242,977","162,40K","7,01%"
"05.07.2022","246,351","233,752","247,476","229,478","189,38K","8,42%"
"04.07.2022","227,228","230,378","233,977","221,379","121,87K","-3,63%"
"01.07.2022","235,777","238,477","238,477","226,013","48,36K","0,11%"
"30.06.2022","235,507","229,478","237,577","225,203","138,29K","3,03%"
"29.06.2022","228,578","236,677","236,677","225,428","123,22K","-3,05%"
"28.06.2022","235,777","225,293","237,577","224,978","152,53K","5,01%"
"27.06.2022","224,528","215,304","228,128","213,729","243,31K","5,27%"
"24.06.2022","213,279","215,979","218,679","212,469","250,47K","-0,73%"
"23.06.2022","214,854","218,679","219,579","211,300","116,53K","-1,75%"
"22.06.2022","218,679","222,728","224,033","215,979","64,60K","-1,22%"
"21.06.2022","221,379","224,078","224,978","220,479","133,20K","0,82%"
"16.06.2022","219,579","223,178","225,428","219,129","68,19K","-2,85%"
"15.06.2022","226,013","233,302","233,302","223,178","161,01K","-0,73%"
"14.06.2022","227,678","224,978","227,678","222,279","82,45K","0,04%"
"13.06.2022","227,588","228,578","228,578","216,969","113,71K","-0,49%"
"10.06.2022","228,713","227,678","229,478","219,759","174,73K","1,76%"
"09.06.2022","224,753","232,178","232,178","223,403","233,03K","-2,06%"
"08.06.2022","229,478","231,458","235,777","227,228","169,83K","-0,97%"
"07.06.2022","231,728","226,778","231,728","223,493","52,95K","1,38%"
"06.06.2022","228,578","229,928","230,378","222,953","58,42K","-0,74%"
"03.06.2022","230,288","228,128","230,378","222,953","25,53K","0,16%"
"02.06.2022","229,928","220,479","232,178","217,329","84,70K","4,71%"
"01.06.2022","219,579","224,078","224,078","217,554","20,49K","-2,01%"
"31.05.2022","224,078","226,778","227,228","220,434","92,19K","-2,10%"
"30.05.2022","228,893","227,678","230,378","224,978","25,76K","1,13%"
"27.05.2022","226,328","224,978","229,478","223,583","64,14K","-9,65%"
"26.05.2022","250,500","248,000","251,850","245,000","89,45K","1,21%"
"24.05.2022","247,500","246,000","248,750","240,050","48,98K","0,61%"
"23.05.2022","246,000","241,500","247,000","238,500","59,54K","0,82%"
"20.05.2022","244,000","242,750","244,750","236,300","45,41K","3,83%"
"19.05.2022","235,000","245,750","246,500","235,000","56,58K","-4,08%"
"17.05.2022","245,000","243,000","251,000","243,000","210,38K","0,74%"
"16.05.2022","243,200","230,500","244,000","230,500","139,05K","4,60%"
"13.05.2022","232,500","222,000","235,000","219,950","44,12K","4,28%"
"12.05.2022","222,950","220,000","228,500","218,000","100,52K","-0,69%"
"11.05.2022","224,500","219,500","225,950","219,500","95,66K","2,16%"
"10.05.2022","219,750","223,700","226,150","216,250","165,07K","-1,46%"
"09.05.2022","223,000","225,000","228,950","222,000","100,86K","-4,29%"
"06.05.2022","233,000","229,450","236,100","218,450","38,81K","-0,85%"
"05.05.2022","235,000","242,000","242,000","231,500","99,69K","-2,29%"
"04.05.2022","240,500","243,450","243,450","236,000","114,18K","-1,23%"
"03.05.2022","243,500","236,650","244,200","235,000","221,15K","4,04%"
"02.05.2022","234,050","238,500","238,500","231,000","79,47K","-0,62%"
"29.04.2022","235,500","240,700","249,750","232,000","123,25K","-1,69%"
"28.04.2022","239,550","236,100","245,000","230,050","77,76K","1,50%"
"27.04.2022","236,000","241,500","244,750","236,000","94,75K","-2,28%"
"26.04.2022","241,500","243,000","243,450","237,000","87,78K","-2,23%"
"25.04.2022","247,000","242,550","247,000","231,000","123,95K","2,92%"
"22.04.2022","240,000","245,450","245,450","240,000","128,03K","-6,25%"
"21.04.2022","256,000","251,000","256,000","248,850","228,62K","2,20%"
"20.04.2022","250,500","249,950","252,000","246,250","55,86K","0,20%"
"19.04.2022","250,000","245,000","250,300","244,000","135,84K","2,88%"
"18.04.2022","243,000","239,600","245,000","236,800","102,08K","2,62%"
"13.04.2022","236,800","233,650","237,000","227,000","70,38K","3,41%"
"12.04.2022","229,000","232,000","232,000","227,550","73,71K","-1,14%"
"11.04.2022","231,650","233,900","233,900","227,000","61,46K","-0,58%"
"08.04.2022","233,000","232,000","235,000","230,500","59,03K","-0,41%"
"07.04.2022","233,950","228,000","234,000","222,500","121,37K","3,98%"
"06.04.2022","225,000","225,000","227,950","219,000","111,80K","-0,22%"
"05.04.2022","225,500","229,000","231,750","223,400","149,07K","-1,74%"
"04.04.2022","229,500","220,000","229,800","219,000","259,92K","4,46%"
"01.04.2022","219,700","219,000","222,250","214,200","207,98K","1,13%"
"31.03.2022","217,250","221,500","224,650","216,150","55,76K","-1,90%"
"30.03.2022","221,450","223,000","228,650","220,000","67,11K","-0,70%"
"29.03.2022","223,000","227,750","229,000","222,300","57,16K","-0,45%"
"28.03.2022","224,000","229,900","229,900","223,100","205,85K","-1,32%"
"25.03.2022","227,000","233,000","233,900","225,000","128,22K","1,57%"
"23.03.2022","223,500","227,100","230,000","222,950","209,69K","-2,85%"
"22.03.2022","230,050","229,000","233,900","229,000","91,83K","0,02%"
"21.03.2022","230,000","234,450","234,450","228,450","56,04K","0,00%"
"18.03.2022","230,000","230,000","233,150","228,000","101,92K","0,26%"
"17.03.2022","229,400","218,000","230,000","218,000","89,10K","1,50%"
"16.03.2022","226,000","210,200","226,000","210,200","217,81K","6,10%"
"15.03.2022","213,000","210,200","214,050","208,100","95,80K","0,71%"
"14.03.2022","211,500","218,000","218,000","208,250","187,85K","-4,30%"
"11.03.2022","221,000","225,000","226,950","219,000","137,49K","-1,62%"
"10.03.2022","224,650","227,000","227,000","219,450","249,87K","2,11%"
"09.03.2022","220,000","211,700","222,650","210,000","533,81K","3,77%"
"08.03.2022","212,000","210,000","218,000","210,000","262,55K","-1,30%"
"07.03.2022","214,800","220,000","224,950","210,000","481,47K","-1,78%"
"04.03.2022","218,700","226,000","227,000","213,300","578,18K","-2,80%"
"03.03.2022","225,000","235,000","237,750","216,500","615,91K","-2,17%"
"02.03.2022","230,000","236,000","237,000","225,750","392,59K","-2,95%"
"25.02.2022","237,000","254,000","254,000","237,000","299,81K","-4,82%"
"24.02.2022","249,000","259,700","259,700","240,000","472,80K","-4,78%"
"23.02.2022","261,500","265,000","268,900","259,800","671,66K","-1,32%"
"22.02.2022","265,000","270,000","270,000","263,800","196,75K","-2,21%"
"21.02.2022","271,000","270,000","272,000","266,500","14,41K","1,12%"
"18.02.2022","268,000","275,000","280,000","265,500","184,85K","-2,56%"
"17.02.2022","275,050","274,850","280,000","274,000","1,58M","0,35%"
"16.02.2022","274,100","277,950","283,000","274,000","126,42K","-0,31%"
"15.02.2022","274,950","274,000","280,000","268,000","97,09K","2,21%"
"14.02.2022","269,000","271,000","274,000","266,000","60,10K","-0,37%"
"11.02.2022","270,000","272,000","277,850","266,800","113,59K","-0,37%"
"10.02.2022","271,000","271,800","271,800","266,000","68,31K","0,63%"
"09.02.2022","269,300","268,100","270,900","266,000","92,91K","0,49%"
"08.02.2022","268,000","264,000","271,000","264,000","105,00K","-0,32%"
"07.02.2022","268,850","269,500","275,000","263,000","95,80K","-0,41%"
"04.02.2022","269,950","271,900","272,000","265,500","97,80K","-0,39%"
"03.02.2022","271,000","279,000","279,000","269,750","113,47K","-1,99%"
"02.02.2022","276,500","283,000","284,000","276,000","193,84K","-2,12%"
"01.02.2022","282,500","279,000","285,500","269,200","137,05K","1,07%"
"31.01.2022","279,500","268,000","279,500","267,000","87,08K","5,23%"
"28.01.2022","265,600","272,000","277,000","259,500","220,67K","-1,45%"
"27.01.2022","269,500","260,000","270,500","260,000","122,17K","0,75%"
"26.01.2022","267,500","264,000","271,900","260,500","114,63K","-0,37%"
"25.01.2022","268,500","261,000","271,000","251,400","94,55K","4,47%"
"24.01.2022","257,000","256,000","260,500","240,000","141,10K","-1,72%"
"21.01.2022","261,500","268,400","268,500","259,000","224,84K","-2,13%"
"20.01.2022","267,200","265,000","270,000","263,500","118,22K","0,85%"
"19.01.2022","264,950","272,000","272,000","260,200","216,41K","-0,77%"
"18.01.2022","267,000","265,400","273,500","264,000","170,88K","-2,91%"
"17.01.2022","275,000","263,000","277,700","263,000","69,07K","1,87%"
"14.01.2022","269,950","274,500","274,500","264,000","136,91K","0,45%"
"13.01.2022","268,750","271,000","275,000","267,000","193,83K","-1,01%"
"12.01.2022","271,500","275,000","275,000","268,000","141,83K","-0,55%"
"11.01.2022","273,000","272,500","275,000","270,500","160,01K","0,91%"
"10.01.2022","270,550","274,600","277,500","269,500","180,60K","-1,80%"
"07.01.2022","275,500","274,000","276,000","268,200","103,02K","0,73%"
"06.01.2022","273,500","272,000","276,000","263,050","122,61K","0,18%"
"05.01.2022","273,000","265,500","276,500","260,000","112,33K","1,19%"
"04.01.2022","269,800","272,000","279,500","269,000","318,11K","-1,35%"
"03.01.2022","273,500","272,200","276,800","268,000","161,15K","0,00%"
"30.12.2021","273,500","270,000","274,000","265,000","248,29K","3,60%"
"29.12.2021","264,000","262,000","270,750","257,000","213,75K","-0,19%"
"28.12.2021","264,500","262,000","269,200","262,000","201,13K","0,38%"
"27.12.2021","263,500","270,000","272,000","261,600","223,32K","-1,68%"
"23.12.2021","268,000","263,000","269,900","263,000","173,84K","2,49%"
"22.12.2021","261,500","257,500","262,000","257,500","92,48K","0,97%"
"21.12.2021","259,000","250,000","259,800","250,000","96,06K","4,02%"
"20.12.2021","249,000","253,000","253,000","243,500","186,76K","-2,73%"
"17.12.2021","256,000","254,000","256,000","245,100","113,33K","3,20%"
"16.12.2021","248,050","241,000","251,000","241,000","170,25K","2,93%"
"15.12.2021","241,000","248,000","255,000","237,000","121,21K","-2,82%"
"14.12.2021","248,000","250,000","256,500","239,500","79,04K","-2,17%"
"13.12.2021","253,500","261,000","263,450","250,000","270,95K","-2,87%"
"10.12.2021","261,000","267,000","268,000","259,100","194,18K","-2,25%"
"09.12.2021","267,000","276,000","282,000","260,000","494,90K","-4,13%"
"07.12.2021","278,500","278,000","282,700","274,000","316,42K","1,72%"
"06.12.2021","273,800","279,500","285,500","267,050","298,06K","0,85%"
"03.12.2021","271,500","278,000","280,000","266,500","146,00K","-0,18%"
"02.12.2021","272,000","273,900","275,750","263,000","194,09K","0,74%"
"01.12.2021","270,000","260,000","271,000","260,000","257,98K","4,25%"
"30.11.2021","259,000","254,700","259,300","246,000","309,31K","1,77%"
"29.11.2021","254,500","264,900","269,700","251,100","463,10K","-3,78%"
"26.11.2021","264,500","265,950","272,900","254,000","461,70K","-5,03%"
"25.11.2021","278,500","265,000","280,000","265,000","126,47K","3,92%"
"24.11.2021","268,000","270,000","273,000","265,000","326,84K","-0,37%"
"23.11.2021","269,000","272,000","280,000","263,600","579,90K","-4,75%"
"19.11.2021","282,400","296,000","301,500","281,000","344,76K","-4,59%"
"18.11.2021","296,000","291,000","298,000","280,100","273,68K","2,42%"
"17.11.2021","289,000","290,000","290,000","278,500","294,47K","1,76%"
"16.11.2021","284,000","286,100","294,000","275,500","264,33K","-2,47%"
"15.11.2021","291,200","309,000","310,000","281,000","560,51K","-3,89%"
"12.11.2021","303,000","320,700","320,950","292,000","720,52K","-4,22%"
"11.11.2021","316,350","310,000","321,100","310,000","369,33K","2,05%"
"10.11.2021","310,000","312,000","316,000","304,900","328,24K","0,52%"
"09.11.2021","308,400","312,000","319,000","305,000","475,90K","-1,15%"
"08.11.2021","312,000","317,000","322,000","309,000","930,39K","-0,95%"
"05.11.2021","315,000","304,000","315,000","298,000","296,00K","5,53%"
"04.11.2021","298,500","305,000","306,800","295,450","254,13K","-2,13%"
"03.11.2021","305,000","303,000","308,550","303,000","174,76K","1,67%"
"02.11.2021","300,000","290,000","303,000","289,100","143,24K","3,45%"
"01.11.2021","290,000","271,100","290,500","271,100","138,02K","2,84%"
"29.10.2021","282,000","284,950","284,950","274,000","276,99K","-0,53%"
"28.10.2021","283,500","277,000","285,500","277,000","160,65K","2,53%"
"27.10.2021","276,500","281,800","282,700","275,500","239,90K","-2,64%"
"26.10.2021","284,000","280,100","285,500","280,100","182,89K","1,43%"
"25.10.2021","280,000","275,050","282,000","275,050","351,55K","0,36%"
"22.10.2021","279,000","277,700","281,000","275,000","149,32K","0,27%"
"21.10.2021","278,250","284,150","285,650","277,050","381,55K","-2,54%"
"20.10.2021","285,500","281,000","285,750","276,950","206,38K","1,13%"
"19.10.2021","282,300","281,000","283,000","276,000","207,41K","0,11%"
"18.10.2021","282,000","285,000","288,000","281,000","215,07K","0,00%"
"15.10.2021","282,000","277,000","284,000","277,000","168,68K","1,81%"
"14.10.2021","277,000","270,000","277,400","269,600","215,00K","2,78%"
"13.10.2021","269,500","267,000","270,000","266,500","158,48K","1,47%"
"12.10.2021","265,600","267,000","268,000","263,800","167,90K","0,42%"
"07.10.2021","264,500","260,750","269,000","260,750","178,20K","0,28%"
"06.10.2021","263,750","264,100","266,000","259,100","206,42K","-0,60%"
"05.10.2021","265,350","268,900","269,000","265,000","300,18K","-1,90%"
"04.10.2021","270,500","269,000","275,900","269,000","244,37K","-1,53%"
"01.10.2021","274,700","277,000","280,000","272,500","185,51K","-1,04%"
"30.09.2021","277,600","279,000","279,800","275,500","617,58K","0,22%"
"29.09.2021","277,000","273,000","278,500","270,000","280,63K","1,65%"
"28.09.2021","272,500","271,500","275,850","267,000","108,73K","0,55%"
"27.09.2021","271,000","259,850","271,000","259,850","92,59K","3,04%"
"24.09.2021","263,000","269,900","269,900","261,000","92,99K","-2,41%"
"23.09.2021","269,500","271,550","271,550","264,000","182,13K","0,94%"
"22.09.2021","267,000","272,500","272,500","264,000","308,27K","-1,84%"
"21.09.2021","272,000","261,000","272,000","255,000","177,18K","3,74%"
"20.09.2021","262,200","257,500","262,200","254,500","240,46K","-0,68%"
"17.09.2021","264,000","260,000","267,000","260,000","193,58K","1,73%"
"16.09.2021","259,500","257,450","260,000","248,000","295,46K","1,07%"
"15.09.2021","256,750","259,000","264,000","253,500","145,81K","-0,87%"
"14.09.2021","259,000","264,500","264,500","253,050","196,70K","-1,71%"
"13.09.2021","263,500","274,000","287,850","262,000","222,43K","1,15%"
"10.09.2021","260,500","263,050","265,600","254,000","126,83K","-0,76%"
"09.09.2021","262,500","270,000","271,800","257,150","119,47K","-1,76%"
"08.09.2021","267,200","277,400","278,150","266,000","575,85K","-4,21%"
"07.09.2021","278,950","277,000","279,000","275,000","267,54K","0,41%"
"06.09.2021","277,800","271,350","278,000","271,350","52,10K","1,39%"
"03.09.2021","274,000","270,000","274,600","267,650","217,78K","-0,90%"
"02.09.2021","276,500","283,000","283,000","273,500","305,35K","0,18%"
"01.09.2021","276,000","279,000","282,850","275,500","425,60K","-1,36%"
"31.08.2021","279,800","283,500","285,250","277,300","235,46K","-0,96%"
"30.08.2021","282,500","279,000","288,000","277,300","305,62K","2,54%"
"27.08.2021","275,500","271,000","279,000","271,000","262,57K","2,04%"
"26.08.2021","270,000","280,000","280,000","268,700","228,69K","-2,09%"
"25.08.2021","275,750","277,100","279,500","272,750","224,67K","-0,49%"
"24.08.2021","277,100","270,000","277,400","268,000","209,25K","2,82%"
"23.08.2021","269,500","265,600","271,000","264,750","128,78K","0,97%"
"20.08.2021","266,900","263,000","267,000","260,000","195,29K","1,12%"
"19.08.2021","263,950","269,900","269,900","256,000","222,96K","-2,96%"
"18.08.2021","272,000","276,800","276,800","266,100","548,08K","-1,63%"
"17.08.2021","276,500","285,250","285,250","272,000","551,85K","-3,49%"
"13.08.2021","286,500","285,500","286,500","276,100","231,19K","0,67%"
"12.08.2021","284,600","283,000","286,500","283,000","224,80K","-1,18%"
"11.08.2021","288,000","283,000","290,450","281,900","184,33K","1,77%"
"10.08.2021","283,000","277,000","285,000","275,550","289,53K","2,17%"
"09.08.2021","277,000","283,500","283,600","271,500","162,06K","-2,46%"
"06.08.2021","284,000","288,450","292,800","280,100","379,13K","-1,54%"
"05.08.2021","288,450","296,000","296,000","280,000","713,11K","-1,38%"
"04.08.2021","292,500","295,000","296,000","284,000","444,71K","-0,07%"
"03.08.2021","292,700","289,000","292,950","286,000","120,35K","1,28%"
"02.08.2021","289,000","289,000","294,000","285,000","168,67K","-0,34%"
"30.07.2021","290,000","297,300","297,300","288,450","292,55K","-2,42%"
"29.07.2021","297,200","294,850","299,000","294,000","174,68K","2,48%"
"28.07.2021","290,000","284,400","294,000","284,000","114,58K","1,90%"
"27.07.2021","284,600","284,800","287,000","282,100","109,70K","-0,49%"
"26.07.2021","286,000","280,000","287,000","280,000","108,46K","3,62%"
"23.07.2021","276,000","277,750","281,000","275,500","161,92K","-0,11%"
"22.07.2021","276,300","273,400","277,000","270,500","100,92K","1,21%"
"21.07.2021","273,000","267,000","273,000","266,000","141,13K","1,49%"
"20.07.2021","269,000","255,000","269,000","255,000","144,13K","5,08%"
"19.07.2021","256,000","248,000","257,450","247,000","162,57K","-0,78%"
"16.07.2021","258,000","268,000","268,000","258,000","119,78K","-2,64%"
"15.07.2021","265,000","257,400","265,000","257,400","340,06K","3,11%"
"14.07.2021","257,000","251,500","258,000","251,500","154,24K","3,32%"
"13.07.2021","248,750","251,100","253,000","248,000","186,25K","-1,33%"
"12.07.2021","252,100","242,650","255,000","242,650","103,08K","4,91%"
"08.07.2021","240,300","236,850","241,050","229,000","104,51K","-0,70%"
"07.07.2021","242,000","241,750","243,000","235,250","129,57K","0,85%"
"06.07.2021","239,950","243,500","243,500","234,200","203,25K","-1,21%"
"05.07.2021","242,900","229,500","247,000","229,500","72,94K","5,70%"
"02.07.2021","229,800","226,000","229,900","226,000","17,03K","2,00%"
"01.07.2021","225,300","235,000","235,000","224,250","124,05K","-3,59%"
"30.06.2021","233,700","233,000","235,050","230,000","98,88K","-0,02%"
"29.06.2021","233,750","234,950","234,950","231,500","85,91K","-0,45%"
"28.06.2021","234,800","236,000","237,000","233,000","108,64K","-0,97%"
"25.06.2021","237,100","238,000","238,900","228,000","174,53K","-3,07%"
"24.06.2021","244,600","235,000","246,550","235,000","142,18K","2,17%"
"23.06.2021","239,400","238,000","240,000","234,650","185,33K","1,70%"
"22.06.2021","235,400","230,300","235,400","220,250","125,30K","1,82%"
"18.06.2021","231,200","231,000","231,750","223,050","128,79K","-1,32%"
"17.06.2021","234,300","236,950","236,950","232,050","95,91K","-1,41%"
"16.06.2021","237,650","239,200","239,200","236,000","157,68K","-0,15%"
"15.06.2021","238,000","234,500","238,000","229,350","130,13K","1,54%"
"14.06.2021","234,400","236,800","238,600","232,900","405,48K","-1,01%"
"11.06.2021","236,800","243,300","243,300","235,100","190,08K","-2,39%"
"10.06.2021","242,600","240,000","245,700","239,300","573,21K","0,87%"
"09.06.2021","240,500","236,650","242,200","234,900","214,40K","1,89%"
"08.06.2021","236,050","236,700","239,700","234,050","323,00K","-1,83%"
"07.06.2021","240,450","240,100","247,000","238,050","634,36K","1,89%"
"04.06.2021","236,000","234,750","237,000","228,250","342,70K","0,85%"
"03.06.2021","234,000","230,000","234,000","229,000","339,43K","-1,41%"
"02.06.2021","237,350","234,000","240,000","233,000","242,10K","1,89%"
"01.06.2021","232,950","225,000","233,350","224,850","238,05K","3,58%"
"31.05.2021","224,900","222,000","229,900","219,000","75,94K","2,00%"
"28.05.2021","220,500","214,200","222,000","213,000","168,29K","3,04%"
"27.05.2021","214,000","216,250","220,000","213,000","257,75K","-2,73%"
"26.05.2021","220,000","208,500","220,000","202,000","148,34K","2,80%"
"21.05.2021","214,000","217,400","221,000","210,000","274,18K","-1,74%"
"20.05.2021","217,800","211,850","217,800","207,150","243,82K","2,49%"
"19.05.2021","212,500","205,000","212,950","200,550","237,92K","2,16%"
"18.05.2021","208,000","208,500","210,750","207,500","232,96K","-0,76%"
"17.05.2021","209,600","199,000","210,000","197,500","302,98K","5,04%"
"14.05.2021","199,550","192,150","201,800","192,150","160,61K","4,48%"
"13.05.2021","191,000","189,000","191,000","185,500","95,97K","1,06%"
"12.05.2021","189,000","187,000","189,000","184,000","90,23K","1,07%"
"11.05.2021","187,000","187,000","189,000","185,000","110,37K","-0,53%"
"10.05.2021","188,000","187,400","189,500","187,000","277,84K","0,53%"
"07.05.2021","187,000","188,000","190,000","187,000","224,91K","0,05%"
"06.05.2021","186,900","186,700","188,250","185,050","152,60K","0,08%"
"05.05.2021","186,750","186,400","189,500","186,400","159,35K","-0,13%"
"04.05.2021","187,000","183,500","187,050","183,500","229,20K","1,08%"
"03.05.2021","185,000","185,000","186,000","183,600","97,57K","-0,54%"
"30.04.2021","186,000","186,000","186,950","183,000","102,45K","0,16%"
"29.04.2021","185,700","190,900","190,900","182,000","185,88K","-0,70%"
"28.04.2021","187,000","187,950","191,000","186,000","135,58K","-0,24%"
"27.04.2021","187,450","186,200","190,000","186,200","180,40K","0,83%"
"26.04.2021","185,900","183,500","186,000","180,000","125,59K","1,31%"
"23.04.2021","183,500","180,000","185,450","178,100","106,29K","1,94%"
"22.04.2021","180,000","183,400","183,400","179,800","268,21K","-1,96%"
"21.04.2021","183,600","180,000","185,000","178,000","123,32K","2,34%"
"20.04.2021","179,400","183,750","188,000","178,000","881,94K","-2,37%"
"19.04.2021","183,750","182,000","185,000","180,000","113,85K","-0,03%"
"16.04.2021","183,800","184,000","186,000","181,200","149,82K","0,44%"
"15.04.2021","183,000","183,000","184,000","181,500","132,49K","0,27%"
"14.04.2021","182,500","186,000","186,900","181,400","258,95K","-1,59%"
"13.04.2021","185,450","187,750","187,750","183,500","138,21K","-1,62%"
"12.04.2021","188,500","189,350","189,350","185,400","138,84K","-0,26%"
"09.04.2021","189,000","192,900","193,000","187,000","111,49K","-1,56%"
"08.04.2021","192,000","197,000","198,000","191,000","334,90K","-2,93%"
"07.04.2021","197,800","193,800","198,500","191,800","185,89K","1,44%"
"06.04.2021","195,000","191,000","195,000","191,000","158,01K","2,36%"
"05.04.2021","190,500","186,500","190,500","183,750","110,62K","2,25%"
"31.03.2021","186,300","187,000","187,700","185,000","205,01K","-0,37%"
"30.03.2021","187,000","180,000","187,400","179,250","322,60K","3,03%"
"29.03.2021","181,500","172,000","182,000","172,000","128,13K","0,33%"
"26.03.2021","180,900","178,000","180,900","173,000","220,42K","1,74%"
"25.03.2021","177,800","178,500","180,900","172,050","219,99K","-1,77%"
"23.03.2021","181,000","181,000","182,000","177,350","60,80K","0,00%"
"22.03.2021","181,000","179,000","181,250","176,000","141,29K","2,84%"
"19.03.2021","176,000","177,000","180,850","173,000","184,82K","-0,85%"
"18.03.2021","177,500","179,700","179,700","177,000","177,28K","-0,84%"
"17.03.2021","179,000","179,000","181,500","177,250","168,85K","-0,56%"
"16.03.2021","180,000","182,500","183,000","178,500","166,20K","-1,75%"
"15.03.2021","183,200","179,500","183,900","178,700","185,04K","2,40%"
"12.03.2021","178,900","178,000","181,000","174,000","143,12K","0,79%"
"11.03.2021","177,500","169,300","177,950","162,750","361,34K","5,03%"
"10.03.2021","169,000","166,000","169,000","164,600","402,16K","2,42%"
"09.03.2021","165,000","162,900","167,500","162,000","140,25K","0,92%"
"08.03.2021","163,500","163,000","166,600","156,200","147,58K","0,00%"
"05.03.2021","163,500","170,000","171,500","162,000","207,03K","-3,82%"
"04.03.2021","170,000","169,900","173,950","165,100","310,51K","-0,06%"
"03.03.2021","170,100","171,000","172,750","164,500","158,13K","-0,23%"
"02.03.2021","170,500","174,700","174,700","167,000","149,62K","-0,87%"
"01.03.2021","172,000","170,500","172,800","168,000","77,06K","2,20%"
"26.02.2021","168,300","175,000","175,000","165,000","125,88K","-1,87%"
"25.02.2021","171,500","178,000","182,000","168,900","129,48K","-2,97%"
"24.02.2021","176,750","178,900","180,000","172,000","138,29K","1,00%"
"23.02.2021","175,000","169,000","175,000","165,000","80,51K","1,74%"
"22.02.2021","172,000","178,000","180,000","170,600","105,36K","-2,27%"
"19.02.2021","176,000","179,500","180,000","175,500","201,66K","-0,71%"
"18.02.2021","177,250","181,000","183,000","173,200","266,76K","-2,07%"
"17.02.2021","181,000","179,100","187,000","174,750","274,67K","1,12%"
"12.02.2021","179,000","181,500","186,000","176,850","112,90K","-3,24%"
"11.02.2021","185,000","178,000","186,000","175,550","318,71K","3,76%"
"10.02.2021","178,300","175,350","179,000","175,000","197,85K","1,48%"
"09.02.2021","175,700","170,750","175,700","170,500","163,47K","2,90%"
"08.02.2021","170,750","166,200","171,800","166,200","159,75K","1,76%"
"05.02.2021","167,800","169,100","170,000","165,000","103,49K","0,12%"
"04.02.2021","167,600","166,450","170,000","164,700","119,31K","0,66%"
"03.02.2021","166,500","166,000","168,000","164,500","181,29K","0,91%"
"02.02.2021","165,000","165,000","165,000","160,100","129,34K","3,51%"
"01.02.2021","159,400","159,000","161,000","157,500","84,51K","1,40%"
"29.01.2021","157,200","164,500","166,750","155,500","154,83K","-3,11%"
"28.01.2021","162,250","157,500","162,250","155,000","109,98K","3,67%"
"27.01.2021","156,500","160,000","160,000","152,000","244,13K","-1,94%"
"26.01.2021","159,600","151,100","160,000","150,000","217,63K","5,70%"
"25.01.2021","151,000","157,000","160,000","151,000","143,20K","-3,21%"
"22.01.2021","156,000","159,900","164,300","152,500","81,82K","-1,08%"
"21.01.2021","157,700","168,000","168,000","155,000","140,22K","-5,00%"
"20.01.2021","166,000","165,000","168,050","163,000","136,86K","1,28%"
"19.01.2021","163,900","158,000","164,000","158,000","134,21K","5,06%"
"18.01.2021","156,000","160,000","161,900","155,150","69,46K","-2,50%"
"15.01.2021","160,000","163,150","165,000","157,050","140,41K","-1,90%"
"14.01.2021","163,100","170,000","170,000","163,000","281,51K","-4,03%"
"13.01.2021","169,950","170,000","175,500","166,050","197,64K","0,00%"
"12.01.2021","169,950","165,900","171,000","164,000","240,43K","1,95%"
"11.01.2021","166,700","167,000","170,000","163,000","439,97K","-0,77%"
"08.01.2021","168,000","178,500","178,500","164,500","200,77K","-3,75%"
"07.01.2021","174,550","176,000","179,000","173,100","183,54K","-0,82%"
"06.01.2021","176,000","177,500","180,000","170,100","393,48K","1,56%"
"05.01.2021","173,300","173,800","177,000","172,000","401,86K","0,17%"
"04.01.2021","173,000","181,450","182,000","170,100","279,82K","-4,95%"
"30.12.2020","182,000","179,000","184,000","175,500","294,55K","4,00%"
"29.12.2020","175,000","170,000","179,950","170,000","90,88K","-0,57%"
"28.12.2020","176,000","173,000","176,550","172,500","138,12K","-0,28%"
"23.12.2020","176,500","168,000","177,000","167,400","169,17K","2,62%"
"22.12.2020","172,000","173,000","176,000","166,200","408,42K","-0,58%"
"21.12.2020","173,000","178,950","178,950","163,000","149,95K","-3,89%"
"18.12.2020","180,000","178,000","180,500","177,000","111,50K","1,12%"
"17.12.2020","178,000","175,000","178,000","171,750","153,51K","4,03%"
"16.12.2020","171,100","172,000","173,950","170,100","261,20K","0,26%"
"15.12.2020","170,650","167,000","173,600","167,000","125,59K","2,43%"
"14.12.2020","166,600","166,000","171,900","163,000","157,22K","-0,83%"
"11.12.2020","168,000","167,700","169,250","165,000","139,98K","0,60%"
"10.12.2020","167,000","163,500","168,950","163,500","138,76K","2,45%"
"09.12.2020","163,000","165,550","170,250","161,850","217,94K","-4,40%"
"04.12.2020","170,500","174,900","174,900","169,500","147,37K","-0,79%"
"03.12.2020","171,850","170,000","172,950","169,000","132,75K","0,82%"
"02.12.2020","170,450","169,000","179,350","168,500","113,89K","0,74%"
"01.12.2020","169,200","172,000","172,000","164,000","116,28K","-0,47%"
"30.11.2020","170,000","172,000","177,000","167,000","168,92K","-1,16%"
"27.11.2020","172,000","168,400","179,250","167,500","329,49K","2,14%"
"26.11.2020","168,400","169,000","171,000","166,000","86,73K","1,08%"
"25.11.2020","166,600","167,250","174,500","165,200","354,49K","1,59%"
"24.11.2020","164,000","155,250","167,000","155,200","431,69K","5,47%"
"20.11.2020","155,500","152,000","156,000","151,100","119,94K","0,65%"
"19.11.2020","154,500","157,250","157,250","151,100","134,96K","-0,48%"
"18.11.2020","155,250","156,500","159,500","152,150","201,78K","-0,48%"
"17.11.2020","156,000","149,000","156,900","144,000","332,16K","3,65%"
"16.11.2020","150,500","146,000","151,000","146,000","193,83K","3,44%"
"13.11.2020","145,500","147,400","152,000","142,550","319,51K","-1,02%"
"12.11.2020","147,000","149,200","153,500","146,600","462,47K","-1,14%"
"11.11.2020","148,700","140,100","151,000","139,200","888,33K","7,06%"
"10.11.2020","138,900","137,000","140,500","133,100","483,93K","2,13%"
"09.11.2020","136,000","144,900","144,900","135,000","748,78K","-1,84%"
"06.11.2020","138,550","147,950","147,950","138,500","96,80K","-3,11%"
"05.11.2020","143,000","145,000","147,500","139,500","412,33K","0,00%"
"04.11.2020","143,000","146,900","148,750","141,500","550,68K","-0,35%"
"03.11.2020","143,500","138,000","147,000","138,000","434,79K","4,59%"
"02.11.2020","137,200","138,000","140,000","134,300","349,19K","2,43%"
"30.10.2020","133,950","138,000","138,000","131,750","234,31K","-0,96%"
"29.10.2020","135,250","133,500","136,700","130,000","144,16K","1,31%"
"28.10.2020","133,500","137,000","137,000","128,850","283,53K","-4,09%"
"27.10.2020","139,200","147,650","150,600","138,000","166,41K","-6,10%"
"26.10.2020","148,250","159,600","160,000","147,100","306,37K","-7,34%"
"23.10.2020","160,000","158,000","162,800","151,650","434,22K","1,27%"
"22.10.2020","158,000","156,000","158,000","153,000","162,41K","1,22%"
"21.10.2020","156,100","152,800","157,000","152,000","518,12K","2,09%"
"20.10.2020","152,900","157,000","159,950","150,000","289,65K","-1,67%"
"19.10.2020","155,500","153,700","161,000","153,500","330,49K","1,17%"
"16.10.2020","153,700","149,900","154,500","149,000","325,38K","3,64%"
"14.10.2020","148,300","140,500","148,300","139,000","349,01K","6,27%"
"13.10.2020","139,550","141,950","141,950","136,000","152,30K","-0,68%"
"09.10.2020","140,500","144,200","144,200","134,050","326,61K","-5,00%"
"08.10.2020","147,900","146,000","148,000","145,000","352,77K","2,71%"
"07.10.2020","144,000","144,700","146,100","140,250","377,61K","0,00%"
"06.10.2020","144,000","143,500","147,500","140,500","714,62K","2,86%"
"05.10.2020","140,000","136,000","143,500","132,500","345,85K","2,94%"
"02.10.2020","136,000","130,850","136,000","128,800","227,30K","2,26%"
"01.10.2020","133,000","130,000","133,000","127,000","295,64K","3,83%"
"30.09.2020","128,100","124,000","130,300","122,500","609,16K","3,31%"
"29.09.2020","124,000","122,900","125,000","119,950","269,93K","0,81%"
"28.09.2020","123,000","124,500","125,400","122,500","722,88K","0,82%"
"25.09.2020","122,000","119,500","123,900","116,500","200,18K","2,52%"
"24.09.2020","119,000","112,550","120,000","112,550","446,18K","4,07%"
"23.09.2020","114,350","118,400","118,400","113,100","279,01K","-3,91%"
"22.09.2020","119,000","117,000","120,000","114,000","660,62K","1,28%"
"21.09.2020","117,500","112,000","117,600","107,700","162,80K","3,07%"
"18.09.2020","114,000","109,100","115,000","108,800","267,40K","3,17%"
"17.09.2020","110,500","121,000","121,000","108,600","372,00K","-8,68%"
"16.09.2020","121,000","129,000","129,000","120,000","356,23K","-8,47%"
"15.09.2020","132,200","129,650","133,000","127,400","458,78K","3,77%"
"14.09.2020","127,400","134,000","135,000","127,000","255,07K","-2,90%"
"11.09.2020","131,200","126,600","134,150","124,500","409,04K","4,13%"
"10.09.2020","126,000","126,750","127,900","125,050","215,85K","1,20%"
"09.09.2020","124,500","126,800","126,800","122,000","210,33K","-1,03%"
"08.09.2020","125,800","125,900","125,950","121,300","289,90K","-0,47%"
"07.09.2020","126,400","123,900","127,100","122,800","80,35K","2,85%"
"04.09.2020","122,900","122,500","124,000","119,100","159,88K","0,41%"
"03.09.2020","122,400","124,100","127,000","120,500","189,21K","-0,69%"
"02.09.2020","123,250","126,800","128,000","121,050","491,24K","-3,71%"
"01.09.2020","128,000","128,000","131,000","124,500","389,63K","0,79%"
"31.08.2020","127,000","129,000","129,600","125,000","1,19M","-0,51%"
"28.08.2020","127,650","120,050","129,950","120,000","223,90K","7,27%"
"27.08.2020","119,000","125,000","127,200","116,000","316,30K","-4,26%"
"26.08.2020","124,300","130,950","130,950","124,000","491,04K","-4,57%"
"25.08.2020","130,250","128,950","132,000","122,700","267,82K","0,97%"
"24.08.2020","129,000","134,500","134,500","124,750","742,71K","-3,73%"
"21.08.2020","134,000","138,000","138,000","131,900","239,22K","-2,19%"
"20.08.2020","137,000","133,000","137,000","130,700","265,61K","1,78%"
"19.08.2020","134,600","133,000","136,100","132,000","258,19K","1,78%"
"18.08.2020","132,250","132,000","135,000","128,000","178,98K","0,57%"
"14.08.2020","131,500","134,950","134,950","129,000","452,05K","-2,01%"
"13.08.2020","134,200","137,000","141,450","134,000","414,62K","-1,32%"
"12.08.2020","136,000","144,900","144,900","134,500","384,32K","-4,90%"
"11.08.2020","143,000","147,000","149,000","139,500","498,61K","-2,19%"
"10.08.2020","146,200","148,100","152,000","144,050","416,49K","-0,48%"
"07.08.2020","146,900","148,000","150,250","145,000","879,03K","-0,68%"
"06.08.2020","147,900","135,500","149,300","135,400","609,01K","8,95%"
"05.08.2020","135,750","143,500","145,000","133,000","679,76K","-5,07%"
"04.08.2020","143,000","149,000","149,000","131,650","1,14M","3,77%"
"03.08.2020","137,800","127,200","143,000","125,000","636,72K","7,66%"
"31.07.2020","128,000","130,800","130,800","126,500","322,13K","-1,54%"
"30.07.2020","130,000","132,400","133,850","126,000","286,16K","-2,26%"
"29.07.2020","133,000","132,950","133,000","126,500","355,49K","2,15%"
"28.07.2020","130,200","131,900","133,000","128,100","574,05K","-2,25%"
"27.07.2020","133,200","130,000","134,950","130,000","645,32K","3,66%"
"24.07.2020","128,500","126,900","130,100","125,200","561,62K","0,47%"
"23.07.2020","127,900","126,000","134,600","120,700","900,22K","1,51%"
"22.07.2020","126,000","119,200","126,600","115,000","662,92K","6,78%"
"21.07.2020","118,000","112,500","119,200","112,000","422,09K","5,40%"
"20.07.2020","111,950","114,550","114,900","110,000","384,39K","-0,93%"
"17.07.2020","113,000","112,000","115,200","108,000","512,38K","1,44%"
"16.07.2020","111,400","109,000","111,900","106,500","175,19K","1,92%"
"15.07.2020","109,300","105,000","110,000","103,500","287,47K","5,50%"
"14.07.2020","103,600","103,950","103,950","100,000","255,06K","0,58%"
"13.07.2020","103,000","102,200","104,400","99,050","336,39K","3,10%"
"08.07.2020","99,900","101,950","102,900","99,000","220,12K","0,15%"
"07.07.2020","99,750","104,150","104,200","97,050","446,34K","-5,72%"
"06.07.2020","105,800","101,250","106,750","101,000","323,69K","7,96%"
"03.07.2020","98,000","95,550","98,000","94,000","32,24K","2,08%"
"02.07.2020","96,000","94,100","99,500","93,200","93,88K","3,39%"
"01.07.2020","92,850","91,000","94,000","89,300","96,06K","2,03%"
"30.06.2020","91,000","94,200","94,200","86,900","113,36K","-3,40%"
"29.06.2020","94,200","98,000","98,500","93,500","129,30K","-0,84%"
"26.06.2020","95,000","98,500","98,500","94,500","41,78K","-3,26%"
"25.06.2020","98,200","96,000","99,000","95,800","102,81K","2,40%"
"24.06.2020","95,900","98,600","98,600","93,500","87,24K","-3,13%"
"23.06.2020","99,000","96,000","99,000","95,500","228,15K","3,66%"
"22.06.2020","95,500","103,000","103,000","93,000","164,29K","-4,36%"
"19.06.2020","99,850","94,500","102,450","93,850","177,36K","7,95%"
"18.06.2020","92,500","96,950","97,000","88,700","150,75K","-6,19%"
"17.06.2020","98,600","103,000","104,000","97,000","223,75K","-5,10%"
"16.06.2020","103,900","107,500","114,000","102,000","407,15K","-2,44%"
"12.06.2020","106,500","110,000","113,000","98,000","435,61K","-3,18%"
"11.06.2020","110,000","116,500","116,750","106,000","287,86K","-6,22%"
"10.06.2020","117,300","117,000","117,750","111,500","234,76K","-0,51%"
"09.06.2020","117,900","117,500","121,800","111,250","223,69K","-3,36%"
"08.06.2020","122,000","118,000","123,000","118,000","324,96K","4,50%"
"05.06.2020","116,750","116,300","121,000","116,000","211,04K","2,23%"
"04.06.2020","114,200","120,000","120,000","113,200","103,79K","-3,22%"
"03.06.2020","118,000","115,100","123,000","114,000","290,52K","2,16%"
"02.06.2020","115,500","110,400","115,800","110,400","182,96K","5,00%"
"01.06.2020","110,000","107,500","111,500","106,000","125,22K","3,58%"
"29.05.2020","106,200","107,900","108,000","100,000","150,01K","-0,75%"
"28.05.2020","107,000","107,200","109,200","103,900","482,70K","0,00%"
"27.05.2020","107,000","113,300","115,850","105,500","257,84K","-5,31%"
"26.05.2020","113,000","110,000","115,000","110,000","258,07K","4,05%"
"22.05.2020","108,600","109,000","109,450","100,000","396,16K","-0,37%"
"21.05.2020","109,000","108,000","111,300","103,900","268,49K","1,87%"
"20.05.2020","107,000","108,000","110,000","100,500","507,05K","-0,70%"
"19.05.2020","107,750","99,700","109,900","98,000","415,15K","7,97%"
"18.05.2020","99,800","100,000","103,000","98,650","319,65K","3,21%"
"15.05.2020","96,700","96,600","97,500","94,300","226,66K","3,87%"
"14.05.2020","93,100","93,500","97,100","90,000","260,29K","-0,96%"
"13.05.2020","94,000","97,750","98,000","92,000","324,64K","-3,98%"
"12.05.2020","97,900","95,600","103,500","95,600","891,47K","5,95%"
"11.05.2020","92,400","84,900","92,750","83,000","1,07M","10,39%"
"08.05.2020","83,700","87,750","88,900","83,000","891,97K","-3,24%"
"07.05.2020","86,500","84,000","87,500","83,200","1,20M","3,72%"
"06.05.2020","83,400","80,500","86,000","78,500","557,56K","3,99%"
"05.05.2020","80,200","79,350","81,500","75,900","229,12K","3,68%"
"04.05.2020","77,350","80,900","81,000","75,750","494,88K","-6,81%"
"30.04.2020","83,000","80,500","84,000","78,700","240,15K","0,00%"
"29.04.2020","83,000","88,100","88,150","80,500","410,62K","-4,60%"
"28.04.2020","87,000","81,200","87,000","80,650","305,58K","8,75%"
"27.04.2020","80,000","78,450","80,050","75,500","116,92K","6,52%"
"24.04.2020","75,100","76,000","77,500","69,000","421,52K","0,13%"
"23.04.2020","75,000","77,800","78,000","74,100","129,07K","-2,79%"
"22.04.2020","77,150","74,600","77,300","74,500","57,97K","4,40%"
"21.04.2020","73,900","74,050","75,100","73,200","63,93K","-0,74%"
"20.04.2020","74,450","75,950","75,950","71,200","98,74K","-0,73%"
"17.04.2020","75,000","77,000","77,500","72,400","77,47K","2,04%"
"16.04.2020","73,500","79,900","80,850","70,850","110,94K","-6,96%"
"15.04.2020","79,000","76,800","80,000","73,000","240,29K","2,60%"
"14.04.2020","77,000","75,000","78,600","72,500","374,54K","6,35%"
"13.04.2020","72,400","74,500","76,750","69,000","143,08K","-2,16%"
"08.04.2020","74,000","80,400","82,300","72,250","264,74K","-5,13%"
"07.04.2020","78,000","76,000","80,000","74,200","113,28K","8,33%"
"06.04.2020","72,000","67,100","75,000","67,100","124,94K","7,46%"
"03.04.2020","67,000","67,950","67,950","63,000","147,89K","0,75%"
"02.04.2020","66,500","61,000","66,500","60,000","84,55K","9,92%"
"01.04.2020","60,500","61,450","61,500","57,100","123,99K","0,00%"
"30.03.2020","60,500","61,000","61,450","59,700","100,99K","0,00%"
"27.03.2020","60,500","65,500","65,500","60,000","125,60K","-5,47%"
"26.03.2020","64,000","69,950","70,500","63,000","555,84K","-5,88%"
"25.03.2020","68,000","63,000","69,450","63,000","86,38K","9,50%"
"20.03.2020","62,100","62,000","65,500","61,100","117,31K","3,50%"
"19.03.2020","60,000","56,000","60,600","55,000","283,29K","6,95%"
"18.03.2020","56,100","72,500","72,500","56,100","242,18K","-17,50%"
"17.03.2020","68,000","70,000","72,050","67,000","17,24K","-3,55%"
"16.03.2020","70,500","75,000","75,000","69,650","27,00K","-8,14%"
"13.03.2020","76,750","72,000","77,900","70,000","78,17K","9,64%"
"12.03.2020","70,000","85,000","85,000","70,000","60,23K","-17,94%"
"11.03.2020","85,300","86,000","86,900","82,000","27,23K","-0,81%"
"10.03.2020","86,000","86,750","89,750","83,000","113,04K","0,00%"
"09.03.2020","86,000","94,500","94,500","84,000","99,11K","-11,79%"
"06.03.2020","97,500","96,100","97,750","91,300","147,11K","0,52%"
"05.03.2020","97,000","98,000","98,000","93,750","44,89K","-0,67%"
"04.03.2020","97,650","94,200","98,000","94,200","134,49K","3,44%"
"03.03.2020","94,400","99,000","100,900","94,000","53,69K","-3,97%"
"02.03.2020","98,300","95,500","100,000","92,200","39,92K","1,34%"
"28.02.2020","97,000","95,000","97,000","92,200","186,04K","0,00%"
"27.02.2020","97,000","100,000","100,000","95,000","66,47K","-3,10%"
"26.02.2020","100,100","102,900","102,900","97,050","23,91K","-4,03%"
"21.02.2020","104,300","106,800","109,000","103,000","33,03K","-2,52%"
"20.02.2020","107,000","109,000","109,100","107,000","189,28K","-2,19%"
"19.02.2020","109,400","109,000","110,000","106,500","33,57K","0,88%"
"18.02.2020","108,450","113,400","113,400","106,100","462,28K","-4,45%"
"17.02.2020","113,500","109,000","116,000","109,000","12,36K","4,61%"
"14.02.2020","108,500","110,000","112,000","107,100","66,21K","-1,14%"
"13.02.2020","109,750","112,000","112,000","107,700","45,30K","-2,75%"
"12.02.2020","112,850","112,500","114,850","111,200","10,13K","-0,04%"
"11.02.2020","112,900","116,500","116,800","112,000","44,01K","-3,50%"
"10.02.2020","117,000","117,500","120,700","116,000","29,97K","0,00%"
"07.02.2020","117,000","123,350","123,450","117,000","121,78K","-5,15%"
"06.02.2020","123,350","122,000","123,350","119,500","12,50K","1,69%"
"05.02.2020","121,300","123,350","123,350","120,000","20,75K","0,29%"
"04.02.2020","120,950","118,500","123,000","118,500","82,59K","1,64%"
"03.02.2020","119,000","118,000","119,000","114,750","34,21K","1,88%"
"31.01.2020","116,800","118,500","120,000","114,650","21,65K","-1,02%"
"30.01.2020","118,000","119,500","119,500","116,450","315,42K","0,55%"
"29.01.2020","117,350","122,000","124,750","115,450","61,73K","-3,89%"
"28.01.2020","122,100","117,400","123,100","116,500","64,59K","3,78%"
"27.01.2020","117,650","119,000","119,000","114,500","52,81K","-1,34%"
"24.01.2020","119,250","120,000","121,000","116,100","134,26K","1,15%"
"23.01.2020","117,900","122,000","122,000","116,150","40,78K","-2,56%"
"22.01.2020","121,000","122,900","122,900","117,000","36,59K","0,83%"
"21.01.2020","120,000","122,950","123,000","116,200","77,66K","-1,64%"
"20.01.2020","122,000","122,850","122,850","119,000","53,31K","2,09%"
"17.01.2020","119,500","120,000","123,300","119,300","92,17K","0,17%"
"16.01.2020","119,300","116,000","119,300","114,950","106,23K","3,65%"
"15.01.2020","115,100","117,000","117,500","113,600","36,29K","-0,73%"
"14.01.2020","115,950","114,500","116,050","110,000","64,25K","1,44%"
"13.01.2020","114,300","117,000","120,500","113,500","77,66K","-2,22%"
"10.01.2020","116,900","119,000","119,000","115,000","33,36K","-0,09%"
"09.01.2020","117,000","115,500","117,600","113,000","32,61K","2,32%"
"08.01.2020","114,350","116,000","116,000","113,000","25,14K","-1,42%"
"07.01.2020","116,000","117,800","120,000","113,100","55,34K","-1,28%"
"06.01.2020","117,500","115,200","117,600","113,000","40,72K","2,17%"
"03.01.2020","115,000","116,800","117,500","112,800","63,63K","-1,16%"
"02.01.2020","116,350","124,000","124,750","113,750","110,00K","-6,92%"
"30.12.2019","125,000","116,000","125,000","113,500","32,72K","7,76%"
"27.12.2019","116,000","124,000","129,950","113,200","134,81K","-4,53%"
"26.12.2019","121,500","111,000","122,900","111,000","184,70K","11,47%"
"23.12.2019","109,000","109,000","111,850","106,500","51,24K","0,00%"
"20.12.2019","109,000","107,000","110,500","107,000","104,94K","1,77%"
"19.12.2019","107,100","108,000","110,900","105,800","41,94K","0,09%"
"18.12.2019","107,000","104,000","109,000","103,000","113,12K","3,38%"
"17.12.2019","103,500","105,000","105,000","101,800","29,35K","-1,43%"
"16.12.2019","105,000","103,600","106,000","102,700","80,78K","1,94%"
"13.12.2019","103,000","100,000","106,000","100,000","149,84K","4,57%"
"12.12.2019","98,500","98,000","98,500","94,950","79,57K","2,60%"
"11.12.2019","96,000","99,950","99,950","92,300","173,15K","-1,54%"
"10.12.2019","97,500","103,000","103,500","97,000","67,59K","-4,41%"
"09.12.2019","102,000","100,000","103,700","100,000","83,40K","4,40%"
"06.12.2019","97,700","100,000","102,500","97,250","132,47K","-2,30%"
"05.12.2019","100,000","96,500","100,000","95,500","21,87K","5,26%"
"04.12.2019","95,000","91,700","96,000","91,700","52,72K","4,40%"
"03.12.2019","91,000","94,100","97,950","91,000","35,53K","-3,40%"
"02.12.2019","94,200","101,000","101,000","93,150","33,08K","-4,75%"
"29.11.2019","98,900","99,000","100,000","96,100","25,69K","-0,10%"
"28.11.2019","99,000","100,500","102,000","98,750","8,46K","0,00%"
"27.11.2019","99,000","97,000","99,000","93,100","40,86K","2,17%"
"26.11.2019","96,900","98,600","98,600","95,000","37,46K","-1,32%"
"25.11.2019","98,200","98,000","100,950","98,000","41,55K","0,20%"
"22.11.2019","98,000","98,000","100,500","96,150","24,76K","-1,01%"
"21.11.2019","99,000","100,000","101,000","96,100","50,60K","-1,98%"
"20.11.2019","101,000","94,600","101,350","93,950","49,35K","6,77%"
"19.11.2019","94,600","95,000","95,000","93,900","15,33K","0,75%"
"15.11.2019","93,900","91,500","95,200","90,100","54,69K","3,07%"
"14.11.2019","91,100","92,600","94,050","90,500","73,67K","-0,98%"
"13.11.2019","92,000","91,500","96,550","90,400","43,73K","0,44%"
"12.11.2019","91,600","87,600","91,750","87,600","80,90K","3,50%"
"11.11.2019","88,500","93,950","93,950","88,150","34,94K","-2,21%"
"08.11.2019","90,500","93,000","95,000","88,000","21,91K","-1,63%"
"07.11.2019","92,000","94,000","94,000","90,000","36,47K","-0,86%"
"06.11.2019","92,800","93,500","94,300","89,950","13,33K","-1,69%"
"05.11.2019","94,400","97,900","97,900","93,150","59,60K","-2,68%"
"04.11.2019","97,000","96,000","98,000","94,150","125,60K","1,25%"
"01.11.2019","95,800","98,500","100,750","95,650","144,69K","0,10%"
"31.10.2019","95,700","90,000","96,100","90,000","95,70K","3,85%"
"30.10.2019","92,150","90,000","92,250","87,000","117,48K","3,42%"
"29.10.2019","89,100","100,000","100,000","88,000","79,60K","-7,67%"
"28.10.2019","96,500","97,300","105,600","91,500","105,37K","-1,38%"
"25.10.2019","97,850","95,000","99,900","94,000","75,29K","1,40%"
"24.10.2019","96,500","91,550","96,500","91,250","143,16K","2,71%"
"23.10.2019","93,950","94,000","95,350","90,550","514,10K","-0,48%"
"22.10.2019","94,400","90,000","94,500","88,750","148,28K","3,40%"
"21.10.2019","91,300","85,500","91,400","84,500","43,96K","4,34%"
"18.10.2019","87,500","86,950","91,000","85,100","73,95K","0,63%"
"17.10.2019","86,950","82,000","88,600","80,150","33,03K","7,28%"
"16.10.2019","81,050","81,050","81,050","79,000","6,95K","0,00%"
"15.10.2019","81,050","81,000","81,250","79,000","23,39K","-2,35%"
"11.10.2019","83,000","82,000","83,000","81,000","67,39K","0,48%"
"10.10.2019","82,600","79,250","82,750","78,000","51,15K","3,90%"
"09.10.2019","79,500","77,000","79,700","77,000","13,58K","1,92%"
"08.10.2019","78,000","79,750","80,000","76,050","34,05K","-2,13%"
"07.10.2019","79,700","81,900","82,500","79,100","28,93K","-2,69%"
"04.10.2019","81,900","78,500","81,950","78,000","75,75K","3,61%"
"03.10.2019","79,050","76,500","79,050","75,000","84,28K","3,81%"
"02.10.2019","76,150","76,000","77,750","73,000","18,74K","0,20%"
"01.10.2019","76,000","73,300","76,000","73,300","72,75K","4,32%"
"30.09.2019","72,850","72,800","73,500","71,000","84,56K","-0,21%"
"27.09.2019","73,000","72,100","73,500","68,700","32,16K","2,96%"
"26.09.2019","70,900","70,000","71,850","70,000","18,15K","1,29%"
"25.09.2019","70,000","66,100","70,500","66,100","39,40K","1,74%"
"24.09.2019","68,800","70,000","70,500","67,600","62,60K","-3,10%"
"23.09.2019","71,000","74,000","74,000","69,600","24,84K","-5,08%"
"20.09.2019","74,800","76,000","76,000","73,500","10,79K","-1,58%"
"19.09.2019","76,000","74,000","76,000","72,100","26,86K","2,36%"
"18.09.2019","74,250","74,000","75,700","74,000","8,87K","-1,46%"
"17.09.2019","75,350","75,000","76,800","74,000","105,57K","-0,72%"
"16.09.2019","75,900","75,900","78,850","74,500","47,45K","0,00%"
"13.09.2019","75,900","75,000","76,000","72,000","107,44K","2,57%"
"12.09.2019","74,000","71,000","74,100","70,300","86,53K","3,93%"
"11.09.2019","71,200","70,000","71,600","69,800","94,27K","1,71%"
"10.09.2019","70,000","68,950","70,500","68,400","26,90K","1,82%"
"09.09.2019","68,750","71,000","72,500","67,400","102,40K","-1,43%"
"06.09.2019","69,750","68,000","70,000","67,650","58,38K","5,12%"
"05.09.2019","66,350","64,000","66,350","63,000","169,49K","10,22%"
"04.09.2019","60,200","57,800","63,000","57,050","206,60K","3,79%"
"03.09.2019","58,000","66,000","66,000","55,900","150,30K","-10,77%"
"02.09.2019","65,000","64,000","65,000","62,600","31,41K","5,26%"
"30.08.2019","61,750","59,500","63,000","59,500","188,45K","6,01%"
"29.08.2019","58,250","61,000","63,800","56,500","113,95K","-3,72%"
"28.08.2019","60,500","58,800","61,550","58,500","72,93K","8,04%"
"27.08.2019","56,000","59,000","59,350","55,000","195,39K","-7,05%"
"26.08.2019","60,250","60,000","61,600","59,750","74,28K","-0,58%"
"23.08.2019","60,600","65,000","65,150","60,000","670,43K","-5,75%"
"22.08.2019","64,300","62,500","64,300","62,500","64,54K","2,88%"
"21.08.2019","62,500","63,600","63,600","61,500","48,80K","0,24%"
"20.08.2019","62,350","64,800","64,800","60,500","103,47K","-4,08%"
"16.08.2019","65,000","69,000","70,100","64,300","326,40K","-7,14%"
"15.08.2019","70,000","69,000","70,300","65,000","744,19K","6,54%"
"14.08.2019","65,700","72,000","72,000","64,700","634,47K","-8,37%"
"13.08.2019","71,700","71,000","72,650","66,200","660,86K","17,54%"
"12.08.2019","61,000","81,000","81,000","58,500","461,36K","-47,75%"
"09.08.2019","116,750","102,150","116,750","102,150","107,33K","10,40%"
"08.08.2019","105,750","108,000","108,000","103,900","25,66K","-0,24%"
"07.08.2019","106,000","101,000","107,600","100,550","13,06K","1,83%"
"06.08.2019","104,100","104,300","105,250","102,850","10,04K","-0,19%"
"05.08.2019","104,300","106,000","106,000","102,400","44,94K","-3,87%"
"02.08.2019","108,500","104,800","108,500","104,550","13,24K","3,33%"
"01.08.2019","105,000","108,700","108,700","104,500","29,43K","-2,37%"
"31.07.2019","107,550","110,000","111,500","107,000","38,34K","-1,56%"
"30.07.2019","109,250","110,000","110,000","105,900","38,70K","-0,14%"
"29.07.2019","109,400","105,000","109,400","105,000","23,87K","4,19%"
"26.07.2019","105,000","102,000","106,500","102,000","32,18K","2,94%"
"25.07.2019","102,000","103,000","103,000","100,900","5,77K","0,00%"
"24.07.2019","102,000","101,500","103,800","100,000","169,88K","1,59%"
"23.07.2019","100,400","101,000","101,000","97,000","186,36K","-0,59%"
"22.07.2019","101,000","105,000","105,000","100,300","28,31K","-3,26%"
"19.07.2019","104,400","103,950","105,000","102,500","22,87K","0,38%"
"18.07.2019","104,000","104,950","104,950","102,050","8,10K","-1,89%"
"17.07.2019","106,000","105,900","106,000","103,750","50,06K","0,95%"
"16.07.2019","105,000","100,600","105,400","100,600","41,84K","4,27%"
"15.07.2019","100,700","103,700","103,700","100,700","43,01K","-3,68%"
"12.07.2019","104,550","102,050","105,950","102,050","44,58K","2,10%"
"11.07.2019","102,400","101,500","102,850","100,000","106,34K","0,84%"
"10.07.2019","101,550","100,500","101,550","99,000","120,49K","1,55%"
"05.07.2019","100,000","98,000","102,000","98,000","23,14K","2,04%"
"04.07.2019","98,000","97,000","99,000","97,000","0,97K","-0,71%"
"03.07.2019","98,700","101,050","101,050","95,200","33,85K","-2,18%"
"02.07.2019","100,900","100,000","101,450","100,000","23,64K","1,41%"
"01.07.2019","99,500","102,200","102,200","98,050","16,74K","0,30%"
"28.06.2019","99,200","99,000","99,450","96,350","56,70K","-0,55%"
"27.06.2019","99,750","99,000","100,000","96,750","55,49K","1,01%"
"26.06.2019","98,750","96,500","102,000","95,000","75,46K","2,86%"
"25.06.2019","96,000","96,000","96,000","94,500","9,92K","-0,52%"
"24.06.2019","96,500","99,900","99,900","96,100","23,08K","-1,38%"
"21.06.2019","97,850","97,400","97,850","96,500","17,63K","0,62%"
"19.06.2019","97,250","98,250","99,250","97,200","9,90K","-2,02%"
"18.06.2019","99,250","99,450","102,100","99,000","8,93K","-0,25%"
"14.06.2019","99,500","101,750","101,750","98,900","17,27K","-2,16%"
"13.06.2019","101,700","104,000","104,000","96,500","23,74K","-2,68%"
"12.06.2019","104,500","100,000","108,000","100,000","117,86K","6,63%"
"11.06.2019","98,000","94,400","98,000","92,950","20,98K","3,81%"
"10.06.2019","94,400","90,150","96,000","89,500","52,76K","4,89%"
"07.06.2019","90,000","92,500","92,500","90,000","6,38K","-2,17%"
"06.06.2019","92,000","93,000","93,950","91,750","161,39K","-1,08%"
"05.06.2019","93,000","90,000","93,000","89,650","153,46K","3,33%"
"04.06.2019","90,000","88,000","90,500","87,200","20,49K","2,10%"
"03.06.2019","88,150","88,000","91,500","86,650","39,01K","-1,23%"
"31.05.2019","89,250","90,950","91,350","86,650","88,78K","-0,28%"
"30.05.2019","89,500","87,950","90,500","84,550","27,66K","5,85%"
"29.05.2019","84,550","83,950","86,750","80,300","17,11K","2,36%"
"28.05.2019","82,600","89,500","89,500","82,600","40,09K","-6,67%"
"27.05.2019","88,500","87,000","89,000","86,300","7,64K","-0,56%"
"24.05.2019","89,000","85,000","89,500","81,000","38,66K","9,07%"
"23.05.2019","81,600","82,950","82,950","81,500","76,48K","-2,74%"
"22.05.2019","83,900","84,800","84,850","82,500","65,42K","-1,29%"
"21.05.2019","85,000","85,300","86,000","84,000","84,73K","0,00%"
"20.05.2019","85,000","85,300","85,800","84,150","78,28K","-0,12%"
"17.05.2019","85,100","89,000","90,500","85,050","49,66K","-3,84%"
"16.05.2019","88,500","89,100","91,000","88,300","12,42K","0,40%"
"15.05.2019","88,150","87,000","90,500","86,900","79,59K","1,32%"
"14.05.2019","87,000","90,550","91,850","87,000","23,93K","-3,92%"
"13.05.2019","90,550","91,500","91,500","90,550","16,87K","-1,84%"
"10.05.2019","92,250","95,000","97,800","92,000","12,03K","-1,34%"
"09.05.2019","93,500","92,300","94,000","91,000","31,02K","1,08%"
"08.05.2019","92,500","88,700","92,500","86,550","21,08K","4,52%"
"07.05.2019","88,500","93,200","93,200","88,300","59,19K","-4,53%"
"06.05.2019","92,700","94,500","94,500","89,050","76,25K","-1,07%"
"03.05.2019","93,700","92,000","94,250","92,000","49,31K","4,11%"
"02.05.2019","90,000","87,000","90,000","87,000","71,21K","2,27%"
"30.04.2019","88,000","84,750","88,200","83,000","207,67K","1,85%"
"29.04.2019","86,400","87,000","88,300","86,000","157,80K","-5,42%"
"26.04.2019","91,350","84,000","91,400","84,000","286,34K","7,72%"
"25.04.2019","84,800","88,000","88,000","80,100","186,92K","-0,24%"
"24.04.2019","85,000","94,000","94,000","85,000","101,77K","-11,92%"
"23.04.2019","96,500","97,500","97,500","95,100","46,29K","-1,03%"
"22.04.2019","97,500","100,850","100,850","95,000","140,82K","-3,47%"
"17.04.2019","101,000","100,000","101,150","98,600","76,31K","0,00%"
"16.04.2019","101,000","101,300","103,500","99,000","107,03K","0,75%"
"15.04.2019","100,250","94,000","100,800","94,000","62,88K","5,42%"
"12.04.2019","95,100","93,000","95,700","93,000","19,24K","2,26%"
"11.04.2019","93,000","92,050","93,850","92,050","19,00K","-1,01%"
"10.04.2019","93,950","93,950","93,950","92,450","80,69K","-0,05%"
"09.04.2019","94,000","93,500","95,500","93,000","196,84K","-0,63%"
"08.04.2019","94,600","97,000","97,000","94,450","2,64K","-1,61%"
"05.04.2019","96,150","93,150","96,650","93,050","168,77K","3,11%"
"04.04.2019","93,250","93,000","95,000","93,000","17,15K","-1,79%"
"03.04.2019","94,950","95,200","95,200","93,400","72,32K","-0,58%"
"01.04.2019","95,500","96,950","96,950","92,050","72,53K","-1,55%"
"29.03.2019","97,000","98,000","98,000","93,100","80,82K","1,89%"
"28.03.2019","95,200","95,100","96,900","94,500","9,41K","-0,16%"
"27.03.2019","95,350","91,550","95,400","91,550","22,65K","-0,05%"
"26.03.2019","95,400","100,000","100,000","94,000","21,96K","-3,64%"
"25.03.2019","99,000","93,900","99,500","90,850","31,07K","5,32%"
"22.03.2019","94,000","97,000","98,000","93,700","29,13K","-2,59%"
"21.03.2019","96,500","101,600","103,000","96,300","10,58K","-4,46%"
"20.03.2019","101,000","102,500","104,500","100,000","45,37K","-0,98%"
"19.03.2019","102,000","100,000","105,000","100,000","48,91K","2,77%"
"18.03.2019","99,250","101,100","101,800","97,800","15,40K","-1,49%"
"15.03.2019","100,750","96,900","101,100","96,550","42,38K","2,81%"
"14.03.2019","98,000","99,750","99,750","95,500","16,30K","-1,51%"
"13.03.2019","99,500","98,000","101,000","97,800","19,00K","0,51%"
"12.03.2019","99,000","100,300","102,500","99,000","64,28K","-1,30%"
"11.03.2019","100,300","96,500","101,500","96,500","92,22K","3,40%"
"08.03.2019","97,000","90,800","97,000","90,100","82,21K","7,42%"
"07.03.2019","90,300","90,100","92,450","89,000","36,70K","0,11%"
"06.03.2019","90,200","88,050","92,350","87,000","37,72K","2,97%"
"01.03.2019","87,600","87,250","91,000","87,000","11,25K","0,00%"
"28.02.2019","87,600","89,000","90,500","87,500","70,80K","-1,57%"
"27.02.2019","89,000","91,000","91,000","85,700","24,84K","-1,33%"
"26.02.2019","90,200","90,700","90,850","89,450","21,06K","-0,61%"
"25.02.2019","90,750","93,000","93,000","89,550","48,77K","-1,47%"
"22.02.2019","92,100","90,150","93,000","88,700","43,31K","4,30%"
"21.02.2019","88,300","88,200","89,500","87,600","24,87K","1,49%"
"20.02.2019","87,000","85,150","89,950","85,150","64,27K","1,16%"
"19.02.2019","86,000","91,000","91,000","86,000","53,62K","-3,43%"
"18.02.2019","89,050","90,000","90,000","88,600","15,31K","-2,36%"
"15.02.2019","91,200","90,250","91,500","90,000","32,41K","0,77%"
"14.02.2019","90,500","87,150","92,000","87,000","26,36K","3,84%"
"13.02.2019","87,150","91,500","93,000","87,050","39,15K","-4,75%"
"12.02.2019","91,500","90,200","92,500","90,000","44,14K","1,67%"
"11.02.2019","90,000","89,650","91,900","89,500","33,35K","0,56%"
"08.02.2019","89,500","91,150","91,200","88,700","58,12K","-1,65%"
"07.02.2019","91,000","93,600","94,000","89,050","29,03K","-3,09%"
"06.02.2019","93,900","96,000","97,000","93,000","84,66K","-2,19%"
"05.02.2019","96,000","96,000","96,950","95,500","54,01K","0,00%"
"04.02.2019","96,000","94,900","97,500","94,900","31,06K","1,05%"
"01.02.2019","95,000","95,900","98,900","94,250","145,21K","1,60%"
"31.01.2019","93,500","95,000","95,000","92,000","76,10K","-2,09%"
"30.01.2019","95,500","90,100","95,600","90,100","119,90K","3,80%"
"29.01.2019","92,000","92,450","94,550","90,000","47,63K","0,00%"
"28.01.2019","92,000","92,000","93,950","91,150","20,98K","-0,76%"
"25.01.2019","92,700","91,000","95,100","91,000","58,21K","1,87%"
"24.01.2019","91,000","91,650","95,400","91,000","138,65K","-1,09%"
"23.01.2019","92,000","94,800","94,800","90,000","35,47K","-1,29%"
"22.01.2019","93,200","92,800","93,800","91,500","70,52K","0,22%"
"21.01.2019","93,000","96,000","96,500","93,000","10,22K","-2,52%"
"18.01.2019","95,400","93,000","95,900","92,500","55,81K","4,15%"
"17.01.2019","91,600","92,050","95,300","90,250","62,33K","-3,38%"
"16.01.2019","94,800","92,000","96,000","92,000","188,88K","2,88%"
"15.01.2019","92,150","93,000","94,500","92,150","9,85K","-2,90%"
"14.01.2019","94,900","92,500","96,450","90,500","33,22K","1,50%"
"11.01.2019","93,500","96,000","96,400","93,200","40,32K","-3,31%"
"10.01.2019","96,700","93,000","100,000","91,500","73,82K","2,87%"
"09.01.2019","94,000","90,800","95,500","89,200","96,93K","4,44%"
"08.01.2019","90,000","84,000","90,000","84,000","171,98K","6,01%"
"07.01.2019","84,900","82,400","85,500","82,400","71,27K","3,03%"
"04.01.2019","82,400","79,000","83,900","79,000","26,66K","3,65%"
"03.01.2019","79,500","82,000","82,000","79,150","20,26K","-2,75%"
"02.01.2019","81,750","81,000","83,750","80,000","33,13K","1,55%"