"Fecha","Último","Apertura","Máximo","Mínimo","Vol.","% var."
"30.06.2025","616,000","646,000","646,000","609,000","1,78M","-2,22%"
"27.06.2025","630,000","637,000","650,000","622,000","2,22M","0,64%"
"26.06.2025","626,000","626,000","640,000","622,000","1,53M","1,79%"
"25.06.2025","615,000","610,000","621,000","591,000","1,09M","1,32%"
"24.06.2025","607,000","566,000","619,000","566,000","2,35M","7,43%"
"23.06.2025","565,000","590,000","591,000","553,000","2,07M","-4,40%"
"19.06.2025","591,000","588,000","596,000","582,000","483,88K","0,68%"
"18.06.2025","587,000","602,000","602,000","585,000","1,83M","-1,34%"
"17.06.2025","595,000","620,000","632,000","576,000","3,66M","-4,19%"
"13.06.2025","621,000","644,000","652,000","617,000","1,02M","-3,57%"
"12.06.2025","644,000","647,000","649,000","633,000","373,50K","1,10%"
"11.06.2025","637,000","636,000","647,000","629,000","912,59K","0,31%"
"10.06.2025","635,000","623,000","644,000","622,000","1,27M","1,93%"
"09.06.2025","623,000","644,000","658,000","617,000","1,12M","-3,41%"
"06.06.2025","645,000","641,000","651,000","627,000","1,25M","0,94%"
"05.06.2025","639,000","625,000","653,000","625,000","860,35K","0,47%"
"04.06.2025","636,000","648,000","654,000","627,000","1,82M","-1,85%"
"03.06.2025","648,000","645,000","672,000","640,000","1,41M","-1,97%"
"02.06.2025","661,000","697,000","698,000","656,000","2,74M","-5,71%"
"30.05.2025","701,000","717,000","718,000","693,000","2,24M","-1,82%"
"29.05.2025","714,000","713,000","728,000","703,000","2,48M","0,14%"
"28.05.2025","713,000","696,000","723,000","685,000","2,83M","2,00%"
"27.05.2025","699,000","699,000","707,000","685,000","1,97M","0,29%"
"26.05.2025","697,000","682,000","698,000","679,000","2,16M","2,65%"
"23.05.2025","679,000","680,000","685,000","668,000","1,51M","0,44%"
"22.05.2025","676,000","690,000","697,000","655,000","2,46M","-0,44%"
"21.05.2025","679,000","666,000","698,000","666,000","3,83M","1,95%"
"20.05.2025","666,000","648,000","670,000","633,000","2,13M","3,58%"
"19.05.2025","643,000","660,000","664,000","640,000","1,02M","-1,53%"
"16.05.2025","653,000","619,000","670,000","613,000","1,95M","5,49%"
"15.05.2025","619,000","617,000","628,000","605,000","1,43M","0,32%"
"14.05.2025","617,000","616,000","641,000","607,000","3,53M","0,33%"
"13.05.2025","615,000","585,000","618,000","568,000","3,94M","7,89%"
"12.05.2025","570,000","604,000","605,000","565,000","3,71M","-3,55%"
"09.05.2025","591,000","599,000","608,000","582,000","1,37M","-1,34%"
"08.05.2025","599,000","628,000","640,000","592,000","2,29M","-4,01%"
"07.05.2025","624,000","635,000","649,000","610,000","1,71M","-1,58%"
"06.05.2025","634,000","620,000","652,000","610,000","1,34M","2,76%"
"05.05.2025","617,000","600,000","621,000","591,000","1,05M","2,32%"
"30.04.2025","603,000","625,000","625,000","590,000","1,57M","-3,83%"
"29.04.2025","627,000","657,000","673,000","613,000","2,60M","-3,83%"
"28.04.2025","652,000","649,000","657,000","621,000","1,04M","1,24%"
"25.04.2025","644,000","631,000","650,000","618,000","1,71M","2,38%"
"24.04.2025","629,000","635,000","650,000","620,000","1,54M","-0,16%"
"23.04.2025","630,000","612,000","647,000","606,000","4,96M","4,48%"
"22.04.2025","603,000","595,000","617,000","587,000","2,84M","1,52%"
"21.04.2025","594,000","679,000","679,000","585,000","3,83M","-13,66%"
"16.04.2025","688,000","730,000","734,000","671,000","1,17M","-5,10%"
"15.04.2025","725,000","780,000","780,000","716,000","1,34M","-6,57%"
"14.04.2025","776,000","795,000","806,000","762,000","1,11M","1,17%"
"11.04.2025","767,000","750,000","789,000","730,000","3,61M","3,09%"
"10.04.2025","744,000","716,000","752,000","688,000","2,46M","3,77%"
"09.04.2025","717,000","680,000","754,000","625,000","4,33M","5,44%"
"08.04.2025","680,000","725,000","739,000","670,000","1,79M","-4,23%"
"07.04.2025","710,000","727,000","752,000","705,000","2,02M","-4,05%"
"04.04.2025","740,000","744,000","760,000","692,000","2,68M","-1,60%"
"03.04.2025","752,000","760,000","783,000","749,000","1,02M","-4,69%"
"01.04.2025","789,000","822,000","825,000","787,000","762,88K","-3,78%"
"31.03.2025","820,000","800,000","825,000","771,000","2,48M","2,50%"
"28.03.2025","800,000","795,000","803,000","771,000","1,03M","1,14%"
"27.03.2025","791,000","790,000","797,000","772,000","1,02M","1,02%"
"26.03.2025","783,000","808,000","814,000","775,000","2,46M","-3,09%"
"25.03.2025","808,000","829,000","829,000","803,000","1,72M","-1,46%"
"21.03.2025","820,000","792,000","829,000","782,000","1,86M","3,27%"
"20.03.2025","794,000","806,000","806,000","780,000","672,86K","-2,10%"
"19.03.2025","811,000","795,000","815,000","767,000","2,67M","2,27%"
"18.03.2025","793,000","801,000","825,000","781,000","3,18M","0,25%"
"17.03.2025","791,000","739,000","798,000","739,000","2,27M","5,61%"
"14.03.2025","749,000","738,000","757,000","729,000","3,74M","3,17%"
"13.03.2025","726,000","740,000","740,000","710,000","1,05M","-1,63%"
"12.03.2025","738,000","735,000","747,000","715,000","1,48M","2,22%"
"11.03.2025","722,000","723,000","742,000","713,000","697,19K","0,00%"
"10.03.2025","722,000","741,000","754,000","720,000","576,46K","-5,00%"
"07.03.2025","760,000","750,000","768,000","734,000","936,07K","0,00%"
"06.03.2025","760,000","756,000","772,000","730,000","1,96M","2,01%"
"05.03.2025","745,000","725,000","748,000","711,000","1,98M","3,47%"
"28.02.2025","720,000","723,000","733,000","708,000","1,37M","-0,55%"
"27.02.2025","724,000","738,000","746,000","715,000","4,50M","-1,76%"
"26.02.2025","737,000","760,000","761,000","733,000","1,85M","-2,12%"
"25.02.2025","753,000","769,000","776,000","749,000","1,48M","-2,46%"
"24.02.2025","772,000","795,000","807,000","769,000","2,48M","-2,89%"
"21.02.2025","795,000","810,000","812,000","784,000","2,01M","-1,12%"
"20.02.2025","804,000","819,000","821,000","802,000","1,19M","-1,47%"
"19.02.2025","816,000","814,000","823,000","801,000","1,33M","-0,37%"
"18.02.2025","819,000","811,000","823,000","797,000","2,23M","1,11%"
"17.02.2025","810,000","805,000","830,000","781,000","2,88M","-1,10%"
"14.02.2025","819,000","786,000","823,000","758,000","5,23M","4,73%"
"13.02.2025","782,000","772,000","785,000","767,000","836,18K","1,43%"
"12.02.2025","771,000","779,000","787,000","761,000","1,95M","-1,41%"
"11.02.2025","782,000","811,000","815,000","772,000","1,38M","-3,58%"
"10.02.2025","811,000","785,000","819,000","763,000","1,85M","0,87%"
"07.02.2025","804,000","815,000","830,000","795,000","1,07M","-1,23%"
"06.02.2025","814,000","827,000","833,000","797,000","2,61M","-1,57%"
"05.02.2025","827,000","840,000","853,000","827,000","958,42K","-2,71%"
"04.02.2025","850,000","836,000","857,000","829,000","766,66K","1,07%"
"03.02.2025","841,000","848,000","863,000","806,000","1,38M","-1,52%"
"31.01.2025","854,000","837,000","859,000","835,000","2,81M","1,91%"
"30.01.2025","838,000","805,000","844,000","805,000","2,49M","3,71%"
"29.01.2025","808,000","779,000","815,000","778,000","1,42M","3,99%"
"28.01.2025","777,000","805,000","805,000","765,000","2,35M","-2,63%"
"27.01.2025","798,000","807,000","815,000","791,000","875,25K","-2,21%"
"24.01.2025","816,000","830,000","836,000","798,000","2,62M","-1,33%"
"23.01.2025","827,000","808,000","829,000","798,000","2,16M","2,35%"
"22.01.2025","808,000","782,000","811,000","782,000","2,36M","3,32%"
"21.01.2025","782,000","797,000","804,000","774,000","1,63M","-1,39%"
"20.01.2025","793,000","797,000","814,000","785,000","983,74K","-0,38%"
"17.01.2025","796,000","800,000","814,000","766,000","2,16M","-0,50%"
"16.01.2025","800,000","827,000","827,000","794,000","1,57M","-2,32%"
"15.01.2025","819,000","842,000","854,000","817,000","1,13M","-3,19%"
"14.01.2025","846,000","890,000","890,000","841,000","2,53M","-3,09%"
"13.01.2025","873,000","909,000","910,000","871,000","1,41M","-3,11%"
"10.01.2025","901,000","872,000","903,000","872,000","2,22M","2,62%"
"09.01.2025","878,000","861,000","888,000","861,000","2,53M","1,62%"
"08.01.2025","864,000","861,000","899,000","820,000","1,67M","-0,46%"
"07.01.2025","868,000","870,000","874,000","852,000","1,35M","0,23%"
"06.01.2025","866,000","882,000","890,000","859,000","1,67M","-1,81%"
"03.01.2025","882,000","900,000","905,000","879,000","2,30M","-1,78%"
"02.01.2025","898,000","910,000","911,000","885,000","2,15M","0,34%"
"31.12.2024","895,000","900,000","906,000","865,000","1,20M","0,00%"
"30.12.2024","895,000","900,000","906,000","865,000","1,20M","-0,11%"
"27.12.2024","896,000","897,000","905,000","881,000","973,94K","0,34%"
"26.12.2024","893,000","912,000","932,000","885,000","3,48M","-3,04%"
"24.12.2024","921,000","919,000","925,000","912,000","136,84K","0,44%"
"23.12.2024","917,000","918,000","924,000","905,000","767,33K","0,55%"
"20.12.2024","912,000","940,000","950,000","910,000","1,05M","-2,36%"
"19.12.2024","934,000","956,000","959,000","922,000","1,09M","-2,30%"
"18.12.2024","956,000","1.000,000","1.000,000","955,000","3,64M","-1,14%"
"17.12.2024","967,000","960,000","979,000","925,000","6,03M","1,36%"
"16.12.2024","954,000","924,000","955,000","924,000","3,50M","3,36%"
"13.12.2024","923,000","892,000","926,000","888,000","1,87M","3,94%"
"12.12.2024","888,000","917,000","922,000","883,000","1,15M","-3,06%"
"11.12.2024","916,000","891,000","920,000","883,000","706,44K","2,35%"
"10.12.2024","895,000","919,000","919,000","889,000","1,07M","-2,61%"
"09.12.2024","919,000","932,000","950,000","904,000","763,79K","-0,65%"
"06.12.2024","925,000","942,000","956,000","905,000","1,49M","-1,80%"
"05.12.2024","942,000","960,000","985,000","933,000","1,18M","-2,08%"
"04.12.2024","962,000","1.000,000","1.015,000","950,000","1,68M","-3,32%"
"03.12.2024","995,000","1.000,000","1.020,000","972,000","1,53M","0,51%"
"02.12.2024","990,000","956,000","1.025,000","952,000","3,17M","2,91%"
"29.11.2024","962,000","949,000","971,000","934,000","1,42M","1,80%"
"28.11.2024","945,000","949,000","955,000","930,000","657,80K","-0,42%"
"27.11.2024","949,000","967,000","979,000","925,000","3,63M","-1,66%"
"26.11.2024","965,000","979,000","989,000","945,000","3,42M","-0,10%"
"25.11.2024","966,000","950,000","1.000,000","940,000","6,50M","2,77%"
"22.11.2024","940,000","870,000","947,000","865,000","9,27M","8,05%"
"21.11.2024","870,000","826,000","876,000","817,000","3,73M","5,33%"
"20.11.2024","826,000","832,000","833,000","809,000","1,88M","-0,72%"
"19.11.2024","832,000","850,000","860,000","830,000","2,68M","-0,95%"
"15.11.2024","840,000","815,000","845,000","805,000","2,24M","3,45%"
"14.11.2024","812,000","790,000","814,000","780,000","1,42M","2,78%"
"13.11.2024","790,000","792,000","797,000","779,000","1,30M","0,00%"
"12.11.2024","790,000","790,000","800,000","777,000","932,61K","0,13%"
"11.11.2024","789,000","762,000","794,000","759,000","1,48M","3,27%"
"08.11.2024","764,000","780,000","790,000","751,000","1,16M","-2,18%"
"07.11.2024","781,000","799,000","808,000","779,000","1,87M","-1,51%"
"06.11.2024","793,000","818,000","818,000","789,000","1,88M","-2,22%"
"05.11.2024","811,000","812,000","823,000","804,000","1,21M","-0,73%"
"04.11.2024","817,000","813,000","830,000","807,000","1,13M","0,00%"
"01.11.2024","817,000","798,000","819,000","798,000","1,25M","2,77%"
"31.10.2024","795,000","791,000","805,000","784,000","796,20K","0,76%"
"30.10.2024","789,000","772,000","795,000","772,000","964,10K","0,38%"
"29.10.2024","786,000","788,000","795,000","776,000","1,01M","1,29%"
"28.10.2024","776,000","799,000","811,000","771,000","1,83M","-1,77%"
"25.10.2024","790,000","800,000","805,000","783,000","1,42M","-0,25%"
"24.10.2024","792,000","767,000","798,000","760,000","1,25M","4,07%"
"23.10.2024","761,000","770,000","773,000","743,000","1,34M","-0,65%"
"22.10.2024","766,000","785,000","788,000","755,000","1,45M","-2,17%"
"21.10.2024","783,000","797,000","803,000","780,000","799,74K","-1,76%"
"18.10.2024","797,000","808,000","808,000","781,000","833,08K","-0,25%"
"17.10.2024","799,000","801,000","810,000","788,000","1,07M","-0,25%"
"16.10.2024","801,000","805,000","808,000","794,000","1,58M","0,13%"
"15.10.2024","800,000","808,000","810,000","790,000","1,02M","-0,25%"
"14.10.2024","802,000","816,000","820,000","800,000","683,95K","-1,96%"
"10.10.2024","818,000","822,000","830,000","813,000","628,91K","-0,49%"
"09.10.2024","822,000","828,000","834,000","816,000","1,27M","-0,12%"
"08.10.2024","823,000","844,000","844,000","820,000","612,85K","-1,56%"
"07.10.2024","836,000","856,000","856,000","834,000","639,72K","-1,18%"
"04.10.2024","846,000","850,000","860,000","840,000","372,41K","-0,59%"
"03.10.2024","851,000","857,000","860,000","838,000","646,43K","-0,70%"
"02.10.2024","857,000","858,000","860,000","840,000","649,33K","1,54%"
"01.10.2024","844,000","835,000","859,000","825,000","482,65K","1,56%"
"30.09.2024","831,000","852,000","865,000","828,000","428,15K","-2,46%"
"27.09.2024","852,000","835,000","856,000","834,000","871,97K","1,55%"
"26.09.2024","839,000","850,000","855,000","820,000","782,65K","-1,06%"
"25.09.2024","848,000","872,000","882,000","844,000","518,15K","-2,64%"
"24.09.2024","871,000","831,000","879,000","831,000","1,75M","3,69%"
"23.09.2024","840,000","842,000","859,000","830,000","832,59K","-1,18%"
"20.09.2024","850,000","858,000","860,000","841,000","449,80K","-0,93%"
"19.09.2024","858,000","836,000","862,000","822,000","2,21M","2,75%"
"18.09.2024","835,000","867,000","869,000","820,000","1,29M","-2,91%"
"17.09.2024","860,000","863,000","874,000","851,000","1,46M","-0,23%"
"16.09.2024","862,000","841,000","867,000","815,000","2,16M","2,50%"
"13.09.2024","841,000","836,000","849,000","815,000","966,12K","0,60%"
"12.09.2024","836,000","838,000","840,000","825,000","1,17M","0,97%"
"11.09.2024","828,000","819,000","835,000","800,000","1,56M","3,63%"
"10.09.2024","799,000","797,000","820,000","775,000","2,58M","1,27%"
"09.09.2024","789,000","775,000","800,000","770,000","1,32M","2,87%"
"06.09.2024","767,000","759,000","769,000","754,000","1,11M","1,19%"
"05.09.2024","758,000","792,000","797,000","746,000","2,65M","-3,68%"
"04.09.2024","787,000","801,000","813,000","777,000","1,91M","-2,24%"
"03.09.2024","805,000","827,000","827,000","800,000","1,47M","-2,66%"
"02.09.2024","827,000","836,000","841,000","824,000","1,53M","-1,08%"
"30.08.2024","836,000","860,000","860,000","820,000","2,96M","-2,11%"
"29.08.2024","854,000","872,000","879,000","854,000","1,26M","-1,73%"
"28.08.2024","869,000","861,000","882,000","859,000","702,48K","-0,46%"
"27.08.2024","873,000","874,000","874,000","863,000","332,83K","0,81%"
"26.08.2024","866,000","877,000","877,000","857,000","348,77K","-0,46%"
"23.08.2024","870,000","882,000","885,000","863,000","598,45K","-0,34%"
"22.08.2024","873,000","870,000","901,000","865,000","1,19M","0,46%"
"21.08.2024","869,000","887,000","887,000","865,000","503,95K","-2,36%"
"20.08.2024","890,000","900,000","909,000","882,000","1,16M","-1,00%"
"19.08.2024","899,000","915,000","923,000","889,000","799,57K","-1,64%"
"16.08.2024","914,000","908,000","922,000","901,000","764,28K","1,22%"
"15.08.2024","903,000","895,000","904,000","888,000","767,52K","1,23%"
"14.08.2024","892,000","909,000","910,000","890,000","648,39K","-1,22%"
"13.08.2024","903,000","890,000","904,000","882,000","482,49K","1,69%"
"12.08.2024","888,000","918,000","920,000","876,000","500,27K","-1,88%"
"09.08.2024","905,000","880,000","920,000","873,000","2,21M","4,50%"
"08.08.2024","866,000","843,000","871,000","843,000","483,22K","2,49%"
"07.08.2024","845,000","860,000","868,000","841,000","475,91K","-0,35%"
"06.08.2024","848,000","860,000","870,000","848,000","715,92K","-0,70%"
"05.08.2024","854,000","835,000","875,000","821,000","1,79M","-3,83%"
"02.08.2024","888,000","906,000","914,000","872,000","1,14M","-4,52%"
"01.08.2024","930,000","947,000","953,000","926,000","1,01M","-1,80%"
"31.07.2024","947,000","904,000","947,000","884,000","965,81K","4,53%"
"30.07.2024","906,000","950,000","954,000","895,000","366,78K","-4,33%"
"29.07.2024","947,000","981,000","1.000,000","940,000","314,05K","-5,21%"
"26.07.2024","999,000","1.010,000","1.035,000","995,000","476,89K","-0,10%"
"25.07.2024","1.000,000","1.070,000","1.070,000","1.000,000","671,03K","-5,66%"
"24.07.2024","1.060,000","1.100,000","1.105,000","1.050,000","749,85K","-3,64%"
"23.07.2024","1.100,000","1.060,000","1.105,000","1.045,000","1,10M","2,80%"
"22.07.2024","1.070,000","1.040,000","1.070,000","1.005,000","678,40K","3,38%"
"19.07.2024","1.035,000","1.040,000","1.045,000","1.030,000","386,37K","-0,48%"
"18.07.2024","1.040,000","1.025,000","1.080,000","1.010,000","843,71K","1,96%"
"17.07.2024","1.020,000","990,000","1.060,000","970,000","801,14K","4,08%"
"16.07.2024","980,000","939,000","982,000","875,000","1,43M","6,29%"
"15.07.2024","922,000","1.050,000","1.060,000","911,000","1,01M","-14,23%"
"12.07.2024","1.075,000","1.110,000","1.125,000","1.070,000","866,51K","-1,83%"
"11.07.2024","1.095,000","1.100,000","1.120,000","1.060,000","883,98K","-0,45%"
"10.07.2024","1.100,000","1.055,000","1.105,000","1.035,000","504,74K","2,04%"
"08.07.2024","1.078,000","1.039,000","1.080,000","1.030,000","475,91K","3,70%"
"05.07.2024","1.039,500","1.018,500","1.060,000","990,000","909,58K","3,90%"
"04.07.2024","1.000,500","998,000","1.006,500","980,000","500,32K","0,15%"
"03.07.2024","999,000","1.048,000","1.048,000","990,000","689,52K","-3,01%"
"02.07.2024","1.030,000","1.015,000","1.066,000","1.005,000","1,16M","1,48%"
"01.07.2024","1.015,000","975,000","1.019,000","935,000","1,80M","4,10%"
"28.06.2024","975,000","977,000","994,000","945,000","1,41M","0,72%"
"27.06.2024","968,000","905,000","968,000","901,000","965,80K","7,50%"
"26.06.2024","900,500","867,000","909,000","867,000","929,09K","2,91%"
"25.06.2024","875,000","879,000","889,500","865,000","1,30M","-0,11%"
"24.06.2024","876,000","874,500","885,000","859,500","728,43K","0,23%"
"19.06.2024","874,000","865,000","880,000","850,000","541,69K","1,27%"
"18.06.2024","863,000","906,000","920,000","863,000","1,30M","-4,54%"
"14.06.2024","904,000","925,000","943,000","895,000","930,77K","-1,74%"
"13.06.2024","920,000","949,000","952,000","890,000","1,33M","-0,65%"
"12.06.2024","926,000","942,000","953,000","918,500","1,16M","-1,49%"
"11.06.2024","940,000","950,000","959,500","930,000","441,99K","-0,84%"
"10.06.2024","948,000","949,000","977,000","939,000","702,81K","-0,11%"
"07.06.2024","949,000","924,500","960,000","921,000","577,72K","2,65%"
"06.06.2024","924,500","979,500","979,500","920,500","1,34M","-4,98%"
"05.06.2024","973,000","983,500","985,000","950,000","1,79M","-1,22%"
"04.06.2024","985,000","1.024,000","1.024,000","982,000","733,85K","-3,90%"
"03.06.2024","1.025,000","1.021,000","1.034,000","1.002,000","585,49K","0,49%"
"31.05.2024","1.020,000","1.004,000","1.023,000","994,000","994,18K","1,29%"
"30.05.2024","1.007,000","1.004,000","1.018,000","1.000,000","1,91M","0,35%"
"29.05.2024","1.003,500","1.039,000","1.039,000","999,000","678,81K","-3,42%"
"28.05.2024","1.039,000","1.028,000","1.046,000","992,000","1,17M","1,07%"
"27.05.2024","1.028,000","1.030,000","1.050,000","999,000","1,47M","-0,39%"
"24.05.2024","1.032,000","1.018,000","1.032,000","962,000","2,04M","1,28%"
"23.05.2024","1.019,000","1.031,000","1.032,000","982,000","928,96K","-0,29%"
"22.05.2024","1.022,000","1.004,000","1.030,000","990,000","1,26M","2,20%"
"21.05.2024","1.000,000","969,500","1.010,000","967,000","2,05M","3,09%"
"20.05.2024","970,000","935,000","970,500","906,000","1,15M","3,85%"
"17.05.2024","934,000","931,000","950,000","910,000","997,76K","0,54%"
"16.05.2024","929,000","905,000","947,000","896,000","1,32M","2,77%"
"15.05.2024","904,000","881,000","912,000","878,500","2,00M","3,20%"
"14.05.2024","876,000","879,000","895,000","867,000","544,77K","-0,68%"
"13.05.2024","882,000","918,000","928,000","876,000","534,91K","-3,55%"
"10.05.2024","914,500","888,500","924,000","871,000","971,99K","5,24%"
"09.05.2024","869,000","887,000","898,000","867,000","432,15K","-2,91%"
"08.05.2024","895,000","890,000","920,000","885,000","1,08M","-0,61%"
"07.05.2024","900,500","926,000","932,000","888,000","1,45M","-2,23%"
"06.05.2024","921,000","947,000","975,000","898,000","1,57M","-2,54%"
"03.05.2024","945,000","870,000","970,000","838,000","2,02M","8,87%"
"02.05.2024","868,000","843,000","874,000","828,000","1,59M","3,03%"
"30.04.2024","842,500","874,500","893,500","840,000","1,16M","-2,49%"
"29.04.2024","864,000","865,000","899,000","860,000","823,25K","-0,12%"
"26.04.2024","865,000","860,000","886,500","847,500","1,13M","0,46%"
"25.04.2024","861,000","810,000","875,000","810,000","796,23K","5,90%"
"24.04.2024","813,000","811,000","833,500","801,000","712,65K","-0,43%"
"23.04.2024","816,500","826,500","839,000","810,000","855,39K","-1,45%"
"22.04.2024","828,500","810,000","840,000","795,000","878,23K","2,60%"
"19.04.2024","807,500","807,000","813,000","795,000","659,55K","0,06%"
"18.04.2024","807,000","810,000","821,000","801,000","846,39K","0,00%"
"17.04.2024","807,000","865,000","885,000","802,000","1,30M","-7,56%"
"16.04.2024","873,000","850,000","901,000","813,000","710,22K","2,52%"
"15.04.2024","851,500","859,000","896,500","838,000","1,34M","-0,87%"
"12.04.2024","859,000","860,000","866,500","837,000","628,68K","0,12%"
"11.04.2024","858,000","826,000","865,000","817,000","1,10M","3,37%"
"10.04.2024","830,000","847,500","847,500","817,000","713,57K","-1,83%"
"09.04.2024","845,500","809,500","850,000","793,000","1,04M","4,84%"
"08.04.2024","806,500","780,000","808,000","770,000","1,43M","4,06%"
"05.04.2024","775,000","800,000","815,000","762,000","1,89M","-3,49%"
"04.04.2024","803,000","850,000","860,000","803,000","1,31M","-5,75%"
"03.04.2024","852,000","900,000","900,000","841,000","1,23M","-4,48%"
"27.03.2024","892,000","908,000","928,000","880,000","874,90K","-1,60%"
"26.03.2024","906,500","869,000","914,000","855,000","732,12K","3,25%"
"25.03.2024","878,000","860,000","884,000","835,000","1,19M","2,09%"
"22.03.2024","860,000","879,000","883,500","845,000","660,38K","-1,71%"
"21.03.2024","875,000","840,000","889,500","774,000","1,58M","6,71%"
"20.03.2024","820,000","805,000","832,000","802,000","1,14M","2,24%"
"19.03.2024","802,000","742,000","818,500","730,000","1,96M","8,67%"
"18.03.2024","738,000","740,000","749,000","720,000","1,38M","0,27%"
"15.03.2024","736,000","749,000","758,500","715,000","595,48K","-1,34%"
"14.03.2024","746,000","749,500","750,000","721,000","538,36K","-0,67%"
"13.03.2024","751,000","741,000","775,000","740,000","979,97K","1,62%"
"12.03.2024","739,000","716,000","764,000","716,000","1,52M","4,08%"
"11.03.2024","710,000","732,500","739,500","694,000","1,02M","-2,87%"
"08.03.2024","731,000","760,000","769,500","699,500","1,61M","-3,82%"
"07.03.2024","760,000","721,000","760,000","682,000","1,41M","5,63%"
"06.03.2024","719,500","748,000","768,500","692,000","1,45M","-1,98%"
"05.03.2024","734,000","784,000","790,000","716,000","766,64K","-6,32%"
"04.03.2024","783,500","830,000","838,000","783,000","773,71K","-3,15%"
"01.03.2024","809,000","770,000","823,000","752,000","840,01K","6,94%"
"29.02.2024","756,500","750,000","780,000","745,500","855,24K","1,54%"
"28.02.2024","745,000","790,000","800,000","736,000","1,03M","-6,29%"
"27.02.2024","795,000","865,000","870,000","790,000","658,44K","-8,20%"
"26.02.2024","866,000","869,000","895,000","841,000","1,39M","-0,35%"
"23.02.2024","869,000","805,000","872,500","774,000","1,19M","7,68%"
"22.02.2024","807,000","802,000","832,000","796,000","1,21M","1,25%"
"21.02.2024","797,000","827,000","838,000","796,000","747,12K","-5,12%"
"20.02.2024","840,000","889,000","898,000","817,000","1,37M","-6,15%"
"19.02.2024","895,000","875,000","900,000","860,000","1,04M","1,70%"
"16.02.2024","880,000","892,500","906,000","840,000","671,05K","-1,57%"
"15.02.2024","894,000","901,000","917,000","881,500","389,01K","-0,67%"
"14.02.2024","900,000","925,000","933,000","858,000","561,31K","-2,70%"
"09.02.2024","925,000","906,000","950,000","902,000","1,68M","0,43%"
"08.02.2024","921,000","959,000","970,000","908,000","758,31K","-3,46%"
"07.02.2024","954,000","988,000","996,000","930,000","2,01M","-4,22%"
"06.02.2024","996,000","1.045,000","1.051,000","992,000","671,86K","-5,14%"
"05.02.2024","1.050,000","1.071,000","1.081,500","1.000,000","729,38K","-1,87%"
"02.02.2024","1.070,000","1.053,500","1.072,000","1.032,000","519,72K","1,66%"
"01.02.2024","1.052,500","1.030,000","1.062,500","1.000,000","716,74K","2,58%"
"31.01.2024","1.026,000","1.024,000","1.045,000","997,000","676,00K","0,34%"
"30.01.2024","1.022,500","1.038,000","1.063,000","1.010,000","732,37K","-1,59%"
"29.01.2024","1.039,000","1.025,000","1.070,000","996,000","479,18K","0,48%"
"26.01.2024","1.034,000","1.087,500","1.097,000","1.022,500","990,71K","-4,92%"
"25.01.2024","1.087,500","1.090,000","1.123,000","1.080,000","1,21M","0,23%"
"24.01.2024","1.085,000","1.020,000","1.090,000","1.012,000","1,75M","7,21%"
"23.01.2024","1.012,000","982,000","1.014,000","957,000","1,28M","3,00%"
"22.01.2024","982,500","960,000","987,000","955,000","756,31K","2,56%"
"19.01.2024","958,000","950,000","972,000","950,000","971,65K","0,42%"
"18.01.2024","954,000","971,000","999,000","948,000","945,86K","-1,55%"
"17.01.2024","969,000","927,000","980,000","926,000","2,25M","4,70%"
"16.01.2024","925,500","890,000","928,500","881,000","1,63M","5,17%"
"15.01.2024","880,000","900,000","912,500","879,000","814,02K","-0,79%"
"12.01.2024","887,000","920,500","933,000","870,000","708,78K","-3,59%"
"11.01.2024","920,000","950,000","970,000","913,000","684,02K","-3,46%"
"10.01.2024","953,000","942,500","973,500","913,000","905,90K","1,28%"
"09.01.2024","941,000","986,000","1.000,000","940,000","1,67M","-4,37%"
"08.01.2024","984,000","1.008,000","1.025,000","970,000","2,68M","-2,33%"
"05.01.2024","1.007,500","938,000","1.045,000","936,500","2,38M","7,64%"
"04.01.2024","936,000","870,000","945,000","865,000","1,54M","8,33%"
"03.01.2024","864,000","829,500","876,000","817,000","1,55M","3,97%"
"02.01.2024","831,000","850,000","851,000","818,500","780,88K","-2,24%"
"29.12.2023","850,000","825,000","850,000","825,000","1,00M","3,60%"
"28.12.2023","820,500","786,500","829,000","780,500","1,86M","6,56%"
"27.12.2023","770,000","813,000","813,000","747,000","1,54M","-3,39%"
"26.12.2023","797,000","845,000","855,000","788,500","1,53M","-6,18%"
"22.12.2023","849,500","876,000","876,000","835,000","689,33K","-0,99%"
"21.12.2023","858,000","830,000","885,000","792,000","1,59M","4,00%"
"20.12.2023","825,000","852,000","869,000","817,000","1,35M","-1,32%"
"19.12.2023","836,000","822,000","846,500","820,500","1,79M","2,58%"
"18.12.2023","815,000","830,000","839,000","780,000","1,42M","0,62%"
"15.12.2023","810,000","880,000","897,000","793,500","1,66M","-8,16%"
"14.12.2023","882,000","939,500","955,000","870,000","1,43M","-5,67%"
"13.12.2023","935,000","1.040,000","1.070,000","909,000","1,29M","-6,78%"
"12.12.2023","1.003,000","995,000","1.025,000","951,000","1,47M","1,21%"
"11.12.2023","991,000","1.020,000","1.050,000","942,000","2,23M","0,10%"
"07.12.2023","990,000","946,000","1.015,000","922,000","1,84M","4,98%"
"06.12.2023","943,000","890,000","948,000","877,000","1,15M","7,16%"
"05.12.2023","880,000","920,000","939,000","865,000","1,29M","-4,56%"
"04.12.2023","922,000","949,000","949,000","855,000","846,13K","0,22%"
"01.12.2023","920,000","849,000","950,000","840,000","1,93M","11,38%"
"30.11.2023","826,000","800,000","833,500","774,000","860,39K","3,90%"
"29.11.2023","795,000","760,000","810,000","760,000","1,26M","4,61%"
"28.11.2023","760,000","840,000","870,500","750,000","2,21M","-9,42%"
"27.11.2023","839,000","940,000","948,000","788,000","2,30M","-11,59%"
"24.11.2023","949,000","1.045,000","1.060,000","930,000","2,19M","-7,05%"
"23.11.2023","1.021,000","1.010,000","1.060,000","951,000","1,47M","0,39%"
"22.11.2023","1.017,000","935,000","1.054,000","900,000","1,84M","5,72%"
"21.11.2023","962,000","999,000","1.000,000","829,500","2,19M","21,01%"
"17.11.2023","795,000","745,000","815,000","745,000","1,56M","6,00%"
"16.11.2023","750,000","815,000","833,500","745,000","1,42M","-7,98%"
"15.11.2023","815,000","850,000","870,000","803,000","460,33K","-3,44%"
"14.11.2023","844,000","882,500","893,000","826,000","477,81K","-3,49%"
"13.11.2023","874,500","917,500","949,000","850,000","1,14M","-4,43%"
"10.11.2023","915,000","848,000","925,000","848,000","1,33M","7,65%"
"09.11.2023","850,000","746,000","860,000","702,000","1,04M","14,63%"
"08.11.2023","741,500","766,000","789,500","727,000","473,57K","-3,26%"
"07.11.2023","766,500","799,000","825,000","745,000","831,47K","-3,95%"
"03.11.2023","798,000","829,000","880,000","767,500","1,40M","-3,27%"
"02.11.2023","825,000","748,500","825,000","745,000","1,65M","14,27%"
"01.11.2023","722,000","715,000","750,000","706,500","1,20M","1,26%"
"31.10.2023","713,000","756,000","780,000","689,500","1,97M","-5,63%"
"30.10.2023","755,500","900,000","924,500","747,000","968,77K","-14,34%"
"27.10.2023","882,000","893,000","925,000","851,500","863,15K","-0,68%"
"26.10.2023","888,000","905,000","960,000","850,000","1,00M","-1,55%"
"25.10.2023","902,000","810,000","902,000","761,000","1,45M","11,36%"
"24.10.2023","810,000","881,000","948,000","760,000","1,59M","-7,95%"
"23.10.2023","880,000","1.060,000","1.060,000","858,000","1,81M","-21,64%"
"20.10.2023","1.123,000","1.130,000","1.169,500","1.101,000","1,66M","3,03%"
"19.10.2023","1.090,000","1.112,000","1.140,000","985,500","2,39M","-2,02%"
"18.10.2023","1.112,500","1.180,000","1.194,500","1.050,000","2,76M","-2,80%"
"17.10.2023","1.144,500","1.090,000","1.200,000","1.090,000","3,50M","6,47%"
"12.10.2023","1.075,000","940,000","1.090,000","908,000","2,92M","16,22%"
"11.10.2023","925,000","885,000","927,500","795,000","1,88M","4,88%"
"10.10.2023","882,000","860,000","979,000","850,000","2,32M","3,64%"
"09.10.2023","851,000","805,000","855,000","795,000","988,68K","7,86%"
"06.10.2023","789,000","763,000","814,000","745,500","1,52M","7,64%"
"05.10.2023","733,000","685,000","733,000","671,000","1,40M","10,06%"
"04.10.2023","666,000","619,000","672,000","619,000","694,75K","7,59%"
"03.10.2023","619,000","591,000","631,500","575,000","967,99K","4,74%"
"02.10.2023","591,000","619,000","619,000","585,000","691,28K","-3,11%"
"29.09.2023","610,000","629,000","640,000","601,500","933,25K","-2,24%"
"28.09.2023","624,000","609,500","625,000","597,000","881,34K","4,52%"
"27.09.2023","597,000","583,500","608,000","583,500","584,17K","2,31%"
"26.09.2023","583,500","598,000","600,000","576,000","570,37K","-1,60%"
"25.09.2023","593,000","583,000","599,500","562,000","432,36K","1,72%"
"22.09.2023","583,000","581,000","593,500","563,500","553,87K","0,17%"
"21.09.2023","582,000","596,000","599,500","560,000","683,24K","-2,35%"
"20.09.2023","596,000","629,000","644,000","593,500","1,03M","-6,88%"
"19.09.2023","640,000","635,000","640,500","590,000","1,10M","1,59%"
"18.09.2023","630,000","610,000","631,000","600,000","1,32M","5,53%"
"15.09.2023","597,000","579,000","599,000","550,500","986,57K","4,92%"
"14.09.2023","569,000","527,500","570,000","525,000","818,34K","8,07%"
"13.09.2023","526,500","490,000","526,500","488,500","839,37K","7,89%"
"12.09.2023","488,000","470,000","491,000","467,000","1,61M","3,83%"
"11.09.2023","470,000","503,000","517,000","466,000","2,03M","-7,30%"
"08.09.2023","507,000","510,000","534,000","495,000","526,74K","-0,59%"
"07.09.2023","510,000","526,000","547,000","495,000","1,08M","-3,95%"
"06.09.2023","531,000","556,000","568,000","522,000","749,91K","-3,45%"
"05.09.2023","550,000","602,000","615,000","550,000","739,09K","-9,24%"
"04.09.2023","606,000","601,000","618,000","597,000","227,88K","-0,57%"
"01.09.2023","609,500","615,000","634,000","600,500","599,49K","-1,61%"
"31.08.2023","619,500","628,000","640,000","611,000","643,23K","-1,35%"
"30.08.2023","628,000","612,000","628,000","601,500","865,64K","4,67%"
"29.08.2023","600,000","600,000","635,000","600,000","1,52M","0,00%"
"28.08.2023","600,000","598,000","650,000","580,000","1,45M","0,50%"
"25.08.2023","597,000","587,000","599,500","568,000","646,81K","2,93%"
"24.08.2023","580,000","590,000","600,000","572,000","1,01M","-0,34%"
"23.08.2023","582,000","565,000","598,000","564,000","691,34K","3,37%"
"22.08.2023","563,000","565,000","573,000","545,000","1,04M","0,09%"
"18.08.2023","562,500","545,500","566,000","520,000","1,19M","3,50%"
"17.08.2023","543,500","507,000","552,000","505,000","2,21M","7,84%"
"16.08.2023","504,000","485,000","511,000","485,000","1,84M","3,92%"
"15.08.2023","485,000","459,500","494,000","452,000","893,89K","5,32%"
"14.08.2023","460,500","447,000","467,000","429,500","806,92K","3,02%"
"11.08.2023","447,000","420,000","447,000","410,000","1,01M","8,50%"
"10.08.2023","412,000","423,000","432,000","410,000","731,96K","-2,60%"
"09.08.2023","423,000","435,000","443,000","419,000","939,28K","-1,63%"
"08.08.2023","430,000","416,000","450,000","408,000","1,16M","3,12%"
"07.08.2023","417,000","418,000","425,000","409,000","732,88K","0,97%"
"04.08.2023","413,000","411,000","421,000","410,000","529,03K","1,35%"
"03.08.2023","407,500","430,000","442,500","407,000","1,05M","-4,57%"
"02.08.2023","427,000","433,000","439,000","403,000","1,24M","-1,61%"
"01.08.2023","434,000","436,000","446,000","427,000","630,72K","-0,46%"
"31.07.2023","436,000","449,000","453,500","431,000","804,33K","-2,46%"
"28.07.2023","447,000","451,000","456,500","445,000","708,85K","-0,22%"
"27.07.2023","448,000","445,000","450,000","438,500","985,21K","1,01%"
"26.07.2023","443,500","450,000","463,000","439,000","1,20M","-3,59%"
"25.07.2023","460,000","464,000","467,000","450,000","979,18K","0,33%"
"24.07.2023","458,500","485,000","485,000","458,500","814,42K","-4,48%"
"21.07.2023","480,000","460,000","482,000","453,000","873,59K","4,58%"
"20.07.2023","459,000","445,000","463,000","440,000","790,81K","3,61%"
"19.07.2023","443,000","437,000","445,000","434,000","946,95K","0,68%"
"18.07.2023","440,000","437,000","444,000","430,000","314,45K","0,69%"
"17.07.2023","437,000","434,000","445,000","428,000","573,20K","1,86%"
"14.07.2023","429,000","455,000","455,000","426,000","863,84K","-3,81%"
"13.07.2023","446,000","428,000","458,000","425,500","1,30M","4,21%"
"12.07.2023","428,000","426,000","434,000","421,000","526,19K","0,71%"
"11.07.2023","425,000","417,000","427,500","404,000","575,83K","1,92%"
"10.07.2023","417,000","415,000","419,000","410,000","400,25K","0,24%"
"07.07.2023","416,000","410,000","420,000","406,500","620,17K","1,22%"
"06.07.2023","411,000","415,000","415,000","398,000","438,53K","-0,48%"
"05.07.2023","413,000","417,000","417,000","406,000","524,50K","0,73%"
"04.07.2023","410,000","415,000","422,000","408,000","463,86K","-1,68%"
"03.07.2023","417,000","399,000","417,500","387,500","1,11M","6,92%"
"30.06.2023","390,000","381,000","409,000","378,000","1,06M","2,50%"
"29.06.2023","380,500","380,000","385,500","377,500","503,84K","0,40%"
"28.06.2023","379,000","385,000","390,000","370,500","767,77K","-0,79%"
"27.06.2023","382,000","406,500","408,000","377,500","1,08M","-5,09%"
"26.06.2023","402,500","397,000","405,000","391,500","1,11M","2,29%"
"23.06.2023","393,500","400,000","400,000","391,500","749,34K","-0,51%"
"22.06.2023","395,500","401,500","405,000","392,000","1,14M","-0,38%"
"21.06.2023","397,000","408,000","408,000","391,000","1,50M","-0,38%"
"16.06.2023","398,500","409,000","409,500","395,000","1,07M","-1,97%"
"15.06.2023","406,500","409,000","410,000","400,500","398,55K","-0,12%"
"14.06.2023","407,000","425,000","425,000","405,500","319,61K","-3,78%"
"13.06.2023","423,000","427,000","428,500","414,000","338,37K","0,48%"
"12.06.2023","421,000","419,000","426,000","407,000","608,95K","0,24%"
"09.06.2023","420,000","411,000","424,000","400,000","540,35K","2,69%"
"08.06.2023","409,000","415,000","420,000","402,000","380,87K","-1,68%"
"07.06.2023","416,000","431,000","433,000","400,000","525,72K","-2,80%"
"06.06.2023","428,000","411,000","430,000","390,000","828,23K","3,88%"
"05.06.2023","412,000","406,500","413,000","395,000","529,84K","3,13%"
"02.06.2023","399,500","404,500","404,500","397,500","1,32M","0,63%"
"01.06.2023","397,000","397,000","405,000","396,000","467,53K","-0,63%"
"31.05.2023","399,500","396,500","403,000","390,000","518,80K","0,13%"
"30.05.2023","399,000","402,000","403,000","385,000","411,51K","-0,13%"
"29.05.2023","399,500","395,500","405,000","380,000","543,30K","1,01%"
"24.05.2023","395,500","395,000","403,500","385,000","566,65K","-1,86%"
"23.05.2023","403,000","418,000","424,000","394,000","579,59K","-3,36%"
"22.05.2023","417,000","407,000","422,000","407,000","548,11K","-0,60%"
"19.05.2023","419,500","396,000","419,500","395,500","1,12M","5,93%"
"18.05.2023","396,000","385,000","397,000","373,000","1,23M","1,80%"
"17.05.2023","389,000","381,000","399,500","376,500","1,85M","3,73%"
"16.05.2023","375,000","355,000","380,000","355,000","796,86K","3,31%"
"15.05.2023","363,000","362,000","366,000","346,000","434,66K","-0,55%"
"12.05.2023","365,000","348,000","366,500","336,000","1,00M","4,89%"
"11.05.2023","348,000","361,000","370,000","345,000","1,64M","-4,00%"
"10.05.2023","362,500","359,500","363,000","343,000","804,67K","2,11%"
"09.05.2023","355,000","347,000","359,000","346,000","1,05M","2,31%"
"08.05.2023","347,000","327,000","347,500","321,500","956,82K","6,28%"
"05.05.2023","326,500","325,000","334,000","320,000","485,57K","1,08%"
"04.05.2023","323,000","347,000","351,000","320,000","494,25K","-6,65%"
"03.05.2023","346,000","344,000","354,000","338,000","1,46M","1,17%"
"02.05.2023","342,000","339,000","344,000","322,000","763,75K","-5,52%"
"28.04.2023","362,000","360,000","363,000","349,500","1,03M","1,40%"
"27.04.2023","357,000","369,000","373,000","345,000","927,63K","-0,56%"
"26.04.2023","359,000","345,000","365,000","330,000","1,16M","4,97%"
"25.04.2023","342,000","328,500","349,000","326,500","2,42M","4,91%"
"24.04.2023","326,000","318,000","328,000","310,000","2,42M","2,52%"
"21.04.2023","318,000","304,000","320,000","297,500","1,19M","5,30%"
"20.04.2023","302,000","291,500","304,500","287,000","1,80M","4,86%"
"19.04.2023","288,000","292,000","292,500","278,000","1,56M","-0,69%"
"18.04.2023","290,000","284,000","293,000","282,000","887,24K","2,47%"
"17.04.2023","283,000","285,500","286,000","278,000","894,76K","-0,18%"
"14.04.2023","283,500","280,000","286,500","275,000","827,89K","1,80%"
"13.04.2023","278,500","270,500","279,500","270,000","532,12K","1,64%"
"12.04.2023","274,000","270,000","276,000","263,500","1,11M","2,05%"
"11.04.2023","268,500","270,000","274,000","266,000","1,19M","1,32%"
"10.04.2023","265,000","268,000","273,000","261,000","756,07K","-1,12%"
"05.04.2023","268,000","267,000","269,000","251,500","1,74M","2,29%"
"04.04.2023","262,000","266,000","268,500","257,000","696,85K","-1,50%"
"03.04.2023","266,000","261,000","266,500","255,000","525,51K","2,31%"
"31.03.2023","260,000","275,000","275,000","257,500","923,90K","-3,70%"
"30.03.2023","270,000","270,000","279,000","268,000","1,22M","-0,74%"
"29.03.2023","272,000","263,500","273,000","255,000","929,30K","5,02%"
"28.03.2023","259,000","244,000","260,000","243,000","1,33M","6,15%"
"27.03.2023","244,000","235,000","249,500","230,000","987,91K","5,40%"
"23.03.2023","231,500","234,000","240,000","227,250","1,07M","-1,70%"
"22.03.2023","235,500","232,250","237,000","226,750","856,45K","1,29%"
"21.03.2023","232,500","236,000","242,000","224,000","2,18M","-1,80%"
"20.03.2023","236,750","230,000","237,500","226,500","665,30K","3,95%"
"17.03.2023","227,750","219,000","230,000","214,500","901,03K","3,64%"
"16.03.2023","219,750","204,500","220,000","202,500","1,69M","8,52%"
"15.03.2023","202,500","197,000","203,000","192,000","2,78M","0,25%"
"14.03.2023","202,000","214,000","219,500","199,000","1,51M","-4,60%"
"13.03.2023","211,750","218,000","226,000","210,000","646,99K","-5,04%"
"10.03.2023","223,000","238,000","240,000","221,000","1,02M","-6,01%"
"09.03.2023","237,250","243,750","244,000","231,000","921,82K","-1,04%"
"08.03.2023","239,750","249,000","252,500","238,000","389,60K","-2,94%"
"07.03.2023","247,000","246,250","250,000","240,000","953,46K","0,71%"
"06.03.2023","245,250","248,500","254,000","244,000","975,91K","-1,11%"
"03.03.2023","248,000","245,000","257,000","242,000","563,05K","1,64%"
"02.03.2023","244,000","244,000","247,000","231,000","468,09K","0,00%"
"01.03.2023","244,000","244,000","247,500","242,000","626,84K","0,00%"
"28.02.2023","244,000","247,750","252,000","241,500","491,76K","-1,61%"
"27.02.2023","248,000","245,250","249,500","241,500","718,42K","1,33%"
"24.02.2023","244,750","247,750","250,000","241,500","499,40K","-1,41%"
"23.02.2023","248,250","253,500","254,500","244,000","567,74K","-1,10%"
"22.02.2023","251,000","262,500","262,500","248,500","603,74K","-4,38%"
"17.02.2023","262,500","272,000","274,000","256,000","470,04K","-2,78%"
"16.02.2023","270,000","270,000","274,000","261,000","797,77K","1,12%"
"15.02.2023","267,000","276,000","281,000","265,500","1,02M","-3,96%"
"14.02.2023","278,000","286,000","291,500","277,000","433,37K","-2,46%"
"13.02.2023","285,000","280,000","290,500","274,000","545,92K","1,06%"
"10.02.2023","282,000","291,000","292,000","280,000","292,36K","-2,08%"
"09.02.2023","288,000","289,000","295,000","283,000","536,03K","-0,17%"
"08.02.2023","288,500","281,000","291,000","276,500","317,03K","3,04%"
"07.02.2023","280,000","276,000","281,000","260,000","428,17K","2,38%"
"06.02.2023","273,500","265,000","273,500","259,000","511,79K","1,86%"
"03.02.2023","268,500","279,000","279,000","258,000","464,39K","-3,94%"
"02.02.2023","279,500","280,000","280,000","272,000","430,06K","1,64%"
"01.02.2023","275,000","277,000","280,000","269,000","296,15K","-1,26%"
"31.01.2023","278,500","278,000","284,000","268,000","848,28K","0,91%"
"30.01.2023","276,000","285,000","287,000","270,000","423,18K","-3,16%"
"27.01.2023","285,000","289,000","292,000","281,500","520,20K","-1,72%"
"26.01.2023","290,000","288,000","292,000","285,500","599,16K","1,05%"
"25.01.2023","287,000","280,000","290,000","278,000","751,18K","0,70%"
"24.01.2023","285,000","273,000","288,500","265,000","1,00M","4,40%"
"23.01.2023","273,000","260,000","276,000","255,000","915,37K","5,00%"
"20.01.2023","260,000","255,000","267,500","249,000","1,01M","2,77%"
"19.01.2023","253,000","267,000","272,000","243,000","834,26K","-4,17%"
"18.01.2023","264,000","298,000","300,000","261,500","1,48M","-10,96%"
"17.01.2023","296,500","304,500","304,500","291,500","1,08M","-1,17%"
"16.01.2023","300,000","292,000","305,000","283,500","1,06M","3,81%"
"13.01.2023","289,000","282,000","294,000","275,000","1,11M","2,12%"
"12.01.2023","283,000","276,000","284,000","268,000","1,02M","2,54%"
"11.01.2023","276,000","268,000","285,000","268,000","966,21K","3,76%"
"10.01.2023","266,000","260,000","267,000","254,000","900,43K","2,90%"
"09.01.2023","258,500","252,000","265,500","249,000","1,41M","2,58%"
"06.01.2023","252,000","248,750","255,000","244,000","1,13M","3,28%"
"05.01.2023","244,000","233,000","244,000","229,500","516,24K","4,61%"
"04.01.2023","233,250","229,500","233,500","216,000","764,95K","2,98%"
"03.01.2023","226,500","228,000","231,000","220,500","1,10M","-1,31%"
"02.01.2023","229,500","227,000","229,750","215,000","800,87K","0,66%"
"30.12.2022","228,000","222,250","229,750","216,000","471,93K","0,44%"
"29.12.2022","227,000","230,000","234,000","223,000","694,12K","-1,94%"
"28.12.2022","231,500","224,000","232,500","221,000","812,14K","3,81%"
"27.12.2022","223,000","214,000","224,000","214,000","688,91K","3,96%"
"26.12.2022","214,500","207,000","214,500","204,000","729,64K","5,67%"
"23.12.2022","203,000","196,000","208,500","194,000","1,90M","4,50%"
"22.12.2022","194,250","194,000","195,750","187,000","945,87K","1,70%"
"21.12.2022","191,000","184,750","192,000","183,000","663,99K","4,23%"
"20.12.2022","183,250","183,000","184,750","182,000","36,86K","-0,41%"
"19.12.2022","184,000","183,000","187,500","181,250","413,33K","0,27%"
"16.12.2022","183,500","185,000","186,000","182,000","296,01K","-0,81%"
"15.12.2022","185,000","186,000","186,500","182,500","292,40K","0,00%"
"14.12.2022","185,000","187,000","188,000","183,000","314,30K","-0,54%"
"13.12.2022","186,000","186,000","188,750","184,250","217,78K","0,13%"
"12.12.2022","185,750","190,000","190,000","185,000","359,53K","-1,20%"
"07.12.2022","188,000","186,000","189,750","183,000","605,11K","1,62%"
"06.12.2022","185,000","184,500","185,750","180,250","636,74K","1,37%"
"05.12.2022","182,500","184,000","186,750","180,000","575,58K","-0,68%"
"02.12.2022","183,750","187,000","189,000","182,500","753,61K","-1,74%"
"01.12.2022","187,000","187,000","188,500","180,750","980,51K","1,08%"
"30.11.2022","185,000","189,000","189,750","180,000","755,50K","-1,60%"
"29.11.2022","188,000","188,500","189,000","184,750","576,23K","0,13%"
"28.11.2022","187,750","188,000","190,000","183,000","709,57K","-0,13%"
"25.11.2022","188,000","189,000","190,000","183,000","801,26K","0,53%"
"24.11.2022","187,000","184,500","189,750","184,250","653,17K","2,19%"
"23.11.2022","183,000","185,000","190,000","181,000","1,00M","-3,17%"
"22.11.2022","189,000","185,000","190,000","179,250","831,64K","2,30%"
"18.11.2022","184,750","183,000","185,000","180,000","271,73K","1,93%"
"17.11.2022","181,250","179,500","181,750","178,000","487,67K","1,40%"
"16.11.2022","178,750","178,000","179,500","175,250","528,71K","1,27%"
"15.11.2022","176,500","179,750","183,000","175,500","950,28K","-1,94%"
"14.11.2022","180,000","185,000","187,000","178,500","808,62K","-3,23%"
"11.11.2022","186,000","179,500","186,000","176,250","552,79K","3,48%"
"10.11.2022","179,750","177,750","180,000","174,000","469,62K","2,71%"
"09.11.2022","175,000","173,500","177,750","171,000","568,63K","0,86%"
"08.11.2022","173,500","170,000","173,500","164,500","259,61K","3,89%"
"07.11.2022","167,000","170,750","174,000","165,000","342,77K","-2,20%"
"04.11.2022","170,750","172,000","174,000","168,000","336,64K","-0,87%"
"03.11.2022","172,250","173,000","180,000","167,250","510,84K","-1,29%"
"02.11.2022","174,500","178,000","180,000","173,750","243,78K","-2,79%"
"01.11.2022","179,500","179,000","183,000","175,250","759,30K","1,13%"
"31.10.2022","177,500","175,000","180,000","172,250","934,73K","1,00%"
"28.10.2022","175,750","173,000","176,000","170,250","525,19K","1,01%"
"27.10.2022","174,000","165,000","174,000","162,000","726,64K","5,78%"
"26.10.2022","164,500","161,000","165,000","158,000","1,19M","3,46%"
"25.10.2022","159,000","157,000","160,500","156,500","526,37K","1,60%"
"24.10.2022","156,500","152,750","156,500","150,250","673,81K","2,29%"
"21.10.2022","153,000","152,000","154,000","149,750","494,82K","2,00%"
"20.10.2022","150,000","151,000","152,500","148,000","426,25K","-0,83%"
"19.10.2022","151,250","148,000","151,500","148,000","1,49M","0,17%"
"18.10.2022","151,000","151,500","152,500","147,500","837,97K","-0,17%"
"17.10.2022","151,250","149,250","152,500","148,500","499,74K","0,83%"
"14.10.2022","150,000","151,000","152,000","148,500","503,77K","-0,66%"
"13.10.2022","151,000","147,000","151,000","146,250","868,50K","1,34%"
"12.10.2022","149,000","145,500","150,000","145,500","558,58K","1,02%"
"11.10.2022","147,500","153,000","154,000","146,250","943,28K","-4,38%"
"06.10.2022","154,250","154,000","157,000","152,500","372,29K","-0,32%"
"05.10.2022","154,750","158,750","159,000","154,000","559,69K","-2,06%"
"04.10.2022","158,000","163,750","164,500","155,500","1,15M","-2,47%"
"03.10.2022","162,000","165,500","168,500","160,000","589,08K","-1,07%"
"30.09.2022","163,750","163,250","168,000","162,500","252,76K","-1,36%"
"29.09.2022","166,000","161,000","166,000","153,250","357,03K","2,47%"
"28.09.2022","162,000","161,250","165,000","157,500","272,06K","0,93%"
"27.09.2022","160,500","165,000","165,000","156,750","474,22K","0,31%"
"26.09.2022","160,000","165,000","168,000","157,000","449,92K","-2,14%"
"23.09.2022","163,500","162,250","163,750","159,000","499,06K","0,31%"
"22.09.2022","163,000","159,000","163,000","156,000","537,10K","2,52%"
"21.09.2022","159,000","156,000","159,000","153,000","561,00K","2,09%"
"20.09.2022","155,750","160,000","161,500","153,500","787,76K","-2,66%"
"19.09.2022","160,000","162,000","164,000","159,250","1,34M","-1,08%"
"16.09.2022","161,750","163,750","165,000","157,250","540,22K","-1,52%"
"15.09.2022","164,250","172,500","174,000","160,500","899,63K","-3,52%"
"14.09.2022","170,250","171,000","172,000","168,250","398,93K","0,29%"
"13.09.2022","169,750","169,000","170,500","166,750","465,46K","1,04%"
"12.09.2022","168,000","170,000","171,500","166,500","323,80K","0,00%"
"09.09.2022","168,000","167,500","169,500","165,500","506,59K","0,90%"
"08.09.2022","166,500","161,500","167,500","161,500","661,34K","2,15%"
"07.09.2022","163,000","168,000","168,500","161,000","706,06K","-1,81%"
"06.09.2022","166,000","172,000","173,750","165,250","490,82K","-3,49%"
"05.09.2022","172,000","176,250","181,500","170,000","456,32K","-2,41%"
"01.09.2022","176,250","174,000","177,750","168,500","652,14K","1,15%"
"31.08.2022","174,250","182,500","185,000","171,000","631,13K","-4,78%"
"30.08.2022","183,000","181,000","185,000","167,000","469,61K","1,10%"
"29.08.2022","181,000","177,000","181,500","174,250","338,55K","1,83%"
"26.08.2022","177,750","178,500","179,000","170,000","684,94K","-0,14%"
"25.08.2022","178,000","179,000","179,500","174,000","909,59K","0,85%"
"24.08.2022","176,500","171,000","179,000","169,500","563,28K","3,82%"
"23.08.2022","170,000","168,000","172,000","166,250","487,09K","1,95%"
"22.08.2022","166,750","160,000","167,500","159,000","901,34K","3,57%"
"19.08.2022","161,000","156,000","161,750","151,500","865,60K","2,88%"
"18.08.2022","156,500","150,000","157,000","148,500","517,27K","4,51%"
"17.08.2022","149,750","150,000","151,500","144,000","825,75K","0,50%"
"16.08.2022","149,000","153,000","153,750","145,000","760,66K","-1,65%"
"12.08.2022","151,500","149,750","153,000","149,500","304,37K","-0,49%"
"11.08.2022","152,250","152,500","154,750","150,000","397,85K","0,50%"
"10.08.2022","151,500","156,250","156,250","150,000","739,82K","-0,33%"
"09.08.2022","152,000","155,000","155,000","146,500","355,59K","-1,14%"
"08.08.2022","153,750","153,000","156,250","152,000","730,47K","0,82%"
"05.08.2022","152,500","155,000","157,000","152,250","603,88K","-4,39%"
"04.08.2022","159,500","160,000","162,000","154,500","549,29K","0,16%"
"03.08.2022","159,250","159,000","160,000","154,500","575,80K","1,11%"
"02.08.2022","157,500","156,250","163,000","152,250","782,49K","1,29%"
"01.08.2022","155,500","169,750","172,500","154,500","886,93K","-6,89%"
"29.07.2022","167,000","179,750","180,000","167,000","565,58K","-5,92%"
"28.07.2022","177,500","177,000","179,750","165,000","864,49K","1,28%"
"27.07.2022","175,250","170,500","176,500","165,000","780,48K","4,32%"
"26.07.2022","168,000","172,000","177,000","165,000","655,50K","-2,61%"
"25.07.2022","172,500","166,000","173,000","162,250","658,52K","3,29%"
"22.07.2022","167,000","160,000","171,500","159,500","1,41M","6,88%"
"21.07.2022","156,250","153,500","167,500","152,500","1,33M","0,81%"
"20.07.2022","155,000","149,000","155,000","148,000","835,72K","3,68%"
"19.07.2022","149,500","146,500","150,250","144,000","824,34K","3,46%"
"18.07.2022","144,500","148,000","151,000","144,250","448,22K","-1,70%"
"15.07.2022","147,000","143,750","149,000","138,250","332,35K","3,52%"
"14.07.2022","142,000","149,500","150,000","141,500","439,61K","-5,33%"
"13.07.2022","150,000","147,500","151,000","146,000","592,53K","1,35%"
"12.07.2022","148,000","144,750","149,000","141,250","587,06K","2,42%"
"11.07.2022","144,500","146,250","146,250","137,000","817,42K","-0,52%"
"08.07.2022","145,250","133,000","149,000","130,000","2,04M","9,21%"
"07.07.2022","133,000","125,000","135,000","122,500","1,24M","8,13%"
"06.07.2022","123,000","122,000","124,250","116,000","399,57K","2,50%"
"05.07.2022","120,000","120,750","122,500","117,500","430,99K","0,63%"
"04.07.2022","119,250","117,000","120,000","115,000","739,22K","-0,21%"
"01.07.2022","119,500","116,500","120,000","116,500","280,82K","0,42%"
"30.06.2022","119,000","114,750","120,000","109,000","833,38K","3,93%"
"29.06.2022","114,500","109,500","115,000","108,000","560,23K","4,81%"
"28.06.2022","109,250","106,500","109,250","105,000","434,61K","3,55%"
"27.06.2022","105,500","101,250","105,750","101,250","520,09K","2,43%"
"24.06.2022","103,000","103,000","103,750","100,750","388,71K","0,98%"
"23.06.2022","102,000","102,000","105,000","99,000","891,39K","-1,21%"
"22.06.2022","103,250","105,000","106,000","102,250","842,48K","-1,67%"
"21.06.2022","105,000","108,250","110,000","104,250","1,07M","-3,67%"
"16.06.2022","109,000","109,750","111,000","107,500","615,17K","-0,91%"
"15.06.2022","110,000","110,000","111,500","108,500","350,23K","0,46%"
"14.06.2022","109,500","112,000","113,000","108,000","932,88K","-2,01%"
"13.06.2022","111,750","113,750","115,500","111,500","312,68K","-2,61%"
"10.06.2022","114,750","116,000","117,000","113,750","494,03K","-1,50%"
"09.06.2022","116,500","116,750","118,000","115,000","422,94K","-0,43%"
"08.06.2022","117,000","117,000","117,250","114,250","524,14K","0,43%"
"07.06.2022","116,500","115,000","117,000","114,000","537,66K","0,87%"
"06.06.2022","115,500","116,750","118,500","113,000","733,90K","-1,28%"
"03.06.2022","117,000","117,250","117,250","114,750","552,19K","0,43%"
"02.06.2022","116,500","118,250","118,250","116,000","354,40K","-1,48%"
"01.06.2022","118,250","116,750","118,500","115,500","577,20K","0,64%"
"31.05.2022","117,500","115,250","117,500","114,000","949,75K","1,51%"
"30.05.2022","115,750","116,000","117,000","115,000","172,40K","-0,22%"
"27.05.2022","116,000","116,750","118,000","115,500","341,40K","0,00%"
"26.05.2022","116,000","114,000","117,750","114,000","1,07M","1,31%"
"24.05.2022","114,500","115,000","115,000","111,750","435,84K","0,00%"
"23.05.2022","114,500","113,000","114,750","112,000","281,82K","1,55%"
"20.05.2022","112,750","114,250","115,500","112,750","384,67K","-1,10%"
"19.05.2022","114,000","116,250","116,250","113,750","518,98K","-2,36%"
"17.05.2022","116,750","118,000","118,000","115,500","383,94K","-0,21%"
"16.05.2022","117,000","118,250","119,500","115,250","455,51K","-1,06%"
"13.05.2022","118,250","117,750","118,500","115,750","355,36K","1,07%"
"12.05.2022","117,000","118,000","118,750","112,500","574,04K","-1,27%"
"11.05.2022","118,500","119,000","119,500","117,000","250,39K","1,28%"
"10.05.2022","117,000","112,500","118,000","112,500","766,84K","4,00%"
"09.05.2022","112,500","116,000","117,000","112,000","611,95K","-3,85%"
"06.05.2022","117,000","118,000","119,000","115,000","426,33K","-0,43%"
"05.05.2022","117,500","121,000","122,750","117,000","814,24K","-4,47%"
"04.05.2022","123,000","123,750","124,750","121,500","439,26K","-0,40%"
"03.05.2022","123,500","120,000","124,250","120,000","616,00K","2,49%"
"02.05.2022","120,500","117,250","121,500","117,250","623,77K","-1,23%"
"29.04.2022","122,000","123,000","123,750","120,000","648,18K","-0,81%"
"28.04.2022","123,000","121,250","123,000","120,750","297,74K","1,23%"
"27.04.2022","121,500","119,000","122,500","119,000","498,24K","1,89%"
"26.04.2022","119,250","120,000","120,250","115,000","566,95K","-0,63%"
"25.04.2022","120,000","121,750","121,750","119,000","612,66K","-2,04%"
"22.04.2022","122,500","121,000","123,000","119,500","388,91K","1,66%"
"21.04.2022","120,500","120,000","121,500","119,000","542,05K","-0,41%"
"20.04.2022","121,000","120,000","121,750","119,500","434,41K","0,62%"
"19.04.2022","120,250","120,750","122,000","119,750","303,09K","-0,41%"
"18.04.2022","120,750","122,000","122,750","119,250","327,09K","-1,02%"
"13.04.2022","122,000","122,000","122,500","119,000","378,54K","0,21%"
"12.04.2022","121,750","122,500","124,000","120,000","544,72K","-0,41%"
"11.04.2022","122,250","123,000","125,000","122,000","301,81K","-0,20%"
"08.04.2022","122,500","125,000","125,000","122,250","408,76K","-1,61%"
"07.04.2022","124,500","125,500","125,750","121,750","742,31K","0,00%"
"06.04.2022","124,500","125,750","125,750","123,000","388,10K","-1,19%"
"05.04.2022","126,000","126,000","127,000","124,250","405,87K","-0,40%"
"04.04.2022","126,500","129,000","129,000","125,250","660,44K","-0,98%"
"01.04.2022","127,750","125,000","128,000","124,000","955,97K","2,40%"
"31.03.2022","124,750","122,000","125,500","122,000","713,25K","2,67%"
"30.03.2022","121,500","124,000","124,000","118,500","1,23M","-0,61%"
"29.03.2022","122,250","123,500","123,750","121,000","402,87K","-0,61%"
"28.03.2022","123,000","124,750","124,750","122,500","437,90K","-0,81%"
"25.03.2022","124,000","123,000","124,750","121,250","731,62K","1,02%"
"23.03.2022","122,750","123,500","124,500","120,750","1,64M","-0,41%"
"22.03.2022","123,250","131,000","131,000","123,000","1,40M","-4,27%"
"21.03.2022","128,750","133,000","135,000","127,000","846,75K","-2,46%"
"18.03.2022","132,000","132,000","134,000","129,750","648,86K","0,00%"
"17.03.2022","132,000","128,000","132,250","126,000","567,24K","2,72%"
"16.03.2022","128,500","121,000","129,750","121,000","939,64K","6,20%"
"15.03.2022","121,000","123,000","125,000","120,000","422,32K","-2,81%"
"14.03.2022","124,500","127,000","127,000","120,000","478,00K","-1,58%"
"11.03.2022","126,500","125,000","126,500","123,750","591,06K","1,20%"
"10.03.2022","125,000","126,000","126,000","122,500","754,48K","-0,40%"
"09.03.2022","125,500","127,250","127,750","123,250","683,96K","-1,76%"
"08.03.2022","127,750","131,750","131,750","127,000","472,74K","-1,92%"
"07.03.2022","130,250","128,000","132,000","127,000","811,50K","1,17%"
"04.03.2022","128,750","129,000","129,250","126,000","1,04M","-0,77%"
"03.03.2022","129,750","124,500","130,000","122,000","940,44K","4,85%"
"02.03.2022","123,750","126,000","128,000","123,500","825,76K","-0,40%"
"25.02.2022","124,250","125,000","127,000","121,000","677,74K","-0,80%"
"24.02.2022","125,250","125,500","126,000","122,000","564,72K","-0,99%"
"23.02.2022","126,500","124,750","127,000","123,000","1,84M","2,22%"
"22.02.2022","123,750","124,500","126,750","121,000","703,98K","-0,60%"
"21.02.2022","124,500","125,000","127,000","121,000","329,36K","-0,20%"
"18.02.2022","124,750","128,500","128,500","122,000","560,62K","-2,16%"
"17.02.2022","127,500","128,500","129,000","125,750","774,96K","0,00%"
"16.02.2022","127,500","128,000","131,250","125,750","989,22K","1,19%"
"15.02.2022","126,000","126,500","127,250","124,750","389,13K","0,00%"
"14.02.2022","126,000","125,000","127,000","123,500","393,62K","0,80%"
"11.02.2022","125,000","125,250","127,000","123,500","654,66K","-1,19%"
"10.02.2022","126,500","126,500","127,500","125,000","350,62K","-0,20%"
"09.02.2022","126,750","129,000","130,000","125,000","556,06K","-1,36%"
"08.02.2022","128,500","129,750","130,000","127,000","511,69K","-0,19%"
"07.02.2022","128,750","127,000","129,000","126,500","1,23M","2,79%"
"04.02.2022","125,250","124,000","125,500","122,500","281,45K","0,20%"
"03.02.2022","125,000","122,000","126,000","122,000","786,14K","0,81%"
"02.02.2022","124,000","127,500","128,000","124,000","311,59K","-2,36%"
"01.02.2022","127,000","124,750","127,250","123,000","646,47K","1,60%"
"31.01.2022","125,000","125,000","125,750","123,750","669,16K","0,20%"
"28.01.2022","124,750","126,500","130,000","123,500","422,99K","-0,60%"
"27.01.2022","125,500","123,250","125,750","123,250","363,20K","0,80%"
"26.01.2022","124,500","124,250","125,750","123,500","289,86K","0,00%"
"25.01.2022","124,500","122,000","124,500","118,250","477,87K","2,47%"
"24.01.2022","121,500","123,750","123,750","119,750","872,01K","-2,02%"
"21.01.2022","124,000","125,500","125,500","122,000","333,57K","-0,40%"
"20.01.2022","124,500","124,000","125,500","122,000","804,98K","1,22%"
"19.01.2022","123,000","121,750","124,250","121,750","1,14M","0,82%"
"18.01.2022","122,000","124,000","124,000","121,250","454,63K","-2,59%"
"17.01.2022","125,250","126,000","126,000","124,000","246,73K","-0,40%"
"14.01.2022","125,750","126,500","126,500","124,000","489,65K","0,40%"
"13.01.2022","125,250","127,500","127,750","125,000","444,60K","-1,18%"
"12.01.2022","126,750","126,500","128,000","124,750","604,28K","-0,20%"
"11.01.2022","127,000","127,250","129,750","126,000","490,42K","-0,59%"
"10.01.2022","127,750","127,750","128,000","126,000","265,65K","0,00%"
"07.01.2022","127,750","128,000","129,750","126,250","466,92K","-0,39%"
"06.01.2022","128,250","130,750","130,750","126,000","450,15K","-0,58%"
"05.01.2022","129,000","130,750","132,000","128,500","272,63K","-1,34%"
"04.01.2022","130,750","128,000","131,500","128,000","409,73K","2,55%"
"03.01.2022","127,500","125,000","128,000","123,500","380,26K","2,00%"
"30.12.2021","125,000","129,750","130,000","124,000","822,97K","-3,10%"
"29.12.2021","129,000","131,000","131,000","126,000","1,06M","-0,77%"
"28.12.2021","130,000","129,000","131,000","125,750","683,02K","-0,38%"
"27.12.2021","130,500","131,000","131,500","128,000","645,63K","1,16%"
"23.12.2021","129,000","125,000","130,500","125,000","528,65K","1,78%"
"22.12.2021","126,750","121,750","129,750","120,000","2,33M","2,84%"
"21.12.2021","123,250","123,250","124,000","121,250","471,50K","1,02%"
"20.12.2021","122,000","127,750","127,750","120,500","888,94K","-4,31%"
"17.12.2021","127,500","126,500","128,000","125,000","456,25K","0,20%"
"16.12.2021","127,250","126,000","128,000","124,250","489,77K","0,99%"
"15.12.2021","126,000","127,500","127,500","124,250","951,64K","-0,40%"
"14.12.2021","126,500","127,000","127,500","122,500","287,89K","-0,59%"
"13.12.2021","127,250","128,000","128,500","124,750","511,13K","-0,59%"
"10.12.2021","128,000","127,000","129,000","126,000","434,36K","0,59%"
"09.12.2021","127,250","129,000","129,000","123,750","659,27K","0,59%"
"07.12.2021","126,500","125,750","128,000","125,500","552,53K","0,40%"
"06.12.2021","126,000","123,500","126,500","122,000","595,98K","2,23%"
"03.12.2021","123,250","124,000","125,500","119,250","868,70K","0,20%"
"02.12.2021","123,000","121,000","124,500","118,750","856,66K","3,14%"
"01.12.2021","119,250","115,000","120,000","115,000","842,58K","3,70%"
"30.11.2021","115,000","119,000","119,000","112,000","751,95K","-2,54%"
"29.11.2021","118,000","121,000","123,750","116,500","596,86K","-1,05%"
"26.11.2021","119,250","124,000","124,000","118,000","831,99K","-4,98%"
"25.11.2021","125,500","124,500","126,250","124,000","1,04M","1,21%"
"24.11.2021","124,000","127,000","129,750","123,500","853,53K","-1,59%"
"23.11.2021","126,000","127,000","128,000","121,500","1,29M","-1,56%"
"19.11.2021","128,000","133,500","134,500","127,000","1,34M","-3,76%"
"18.11.2021","133,000","125,500","133,000","125,500","1,26M","1,72%"
"17.11.2021","130,750","135,000","136,000","125,000","1,09M","-3,15%"
"16.11.2021","135,000","137,000","138,000","130,500","682,34K","-0,74%"
"15.11.2021","136,000","137,000","139,000","131,000","1,28M","-0,55%"
"12.11.2021","136,750","139,000","139,000","128,000","1,63M","-0,18%"
"11.11.2021","137,000","133,750","138,500","133,000","1,65M","2,24%"
"10.11.2021","134,000","130,750","134,750","122,000","2,10M","3,68%"
"09.11.2021","129,250","139,000","139,000","127,250","1,48M","-6,00%"
"08.11.2021","137,500","133,750","138,000","131,000","2,32M","2,04%"
"05.11.2021","134,750","128,500","136,000","128,250","3,78M","4,46%"
"04.11.2021","129,000","121,000","129,750","120,000","1,72M","5,74%"
"03.11.2021","122,000","111,000","122,500","111,000","2,94M","6,32%"
"02.11.2021","114,750","113,000","114,750","110,250","925,47K","3,38%"
"01.11.2021","111,000","105,000","113,000","105,000","1,40M","3,74%"
"29.10.2021","107,000","105,500","110,000","103,000","1,20M","3,13%"
"28.10.2021","103,750","100,500","105,500","100,250","643,08K","0,48%"
"27.10.2021","103,250","108,750","109,750","102,250","636,33K","-5,06%"
"26.10.2021","108,750","112,000","114,000","106,000","1,32M","-1,14%"
"25.10.2021","110,000","105,750","111,250","105,000","1,02M","5,01%"
"22.10.2021","104,750","105,000","105,000","102,500","460,98K","0,72%"
"21.10.2021","104,000","104,750","105,500","101,500","861,73K","-0,95%"
"20.10.2021","105,000","104,500","105,500","102,750","1,19M","0,48%"
"19.10.2021","104,500","102,000","105,500","101,250","1,02M","3,47%"
"18.10.2021","101,000","100,000","103,000","99,000","906,10K","1,10%"
"15.10.2021","99,900","97,200","99,900","97,200","816,87K","2,67%"
"14.10.2021","97,300","94,000","97,700","93,500","552,21K","4,62%"
"13.10.2021","93,000","90,900","93,900","90,900","882,90K","3,33%"
"12.10.2021","90,000","90,500","92,200","89,900","842,48K","-0,33%"
"07.10.2021","90,300","92,900","93,000","90,000","834,35K","-2,27%"
"06.10.2021","92,400","94,100","94,100","92,000","248,43K","-1,39%"
"05.10.2021","93,700","93,000","96,000","92,100","963,31K","0,97%"
"04.10.2021","92,800","94,800","96,500","92,000","378,32K","-1,69%"
"01.10.2021","94,400","94,500","94,800","93,300","436,15K","1,18%"
"30.09.2021","93,300","92,100","93,400","91,500","534,21K","1,97%"
"29.09.2021","91,500","91,200","92,700","90,500","681,12K","0,55%"
"28.09.2021","91,000","90,000","91,400","89,200","528,71K","0,66%"
"27.09.2021","90,400","92,000","92,500","90,000","429,37K","-0,99%"
"24.09.2021","91,300","92,000","92,000","90,300","444,71K","-0,33%"
"23.09.2021","91,600","92,300","92,900","88,800","1,31M","0,99%"
"22.09.2021","90,700","95,000","96,200","90,000","903,93K","-2,99%"
"21.09.2021","93,500","94,000","96,000","93,100","659,80K","-0,43%"
"20.09.2021","93,900","94,600","97,900","92,100","1,18M","-5,06%"
"17.09.2021","98,900","100,000","101,750","97,100","281,87K","-3,04%"
"16.09.2021","102,000","99,600","102,500","97,100","769,62K","2,00%"
"15.09.2021","100,000","99,900","102,000","98,000","347,06K","0,30%"
"14.09.2021","99,700","99,000","100,000","98,100","728,03K","-0,30%"
"13.09.2021","100,000","103,000","106,750","97,000","872,56K","3,31%"
"10.09.2021","96,800","100,000","101,500","95,000","550,58K","-2,62%"
"09.09.2021","99,400","100,250","100,250","97,000","482,93K","-0,10%"
"08.09.2021","99,500","101,000","101,750","98,000","635,50K","-0,75%"
"07.09.2021","100,250","99,000","101,000","98,100","735,92K","1,47%"
"06.09.2021","98,800","96,000","99,000","95,500","367,89K","3,02%"
"03.09.2021","95,900","93,000","96,000","92,000","613,37K","3,56%"
"02.09.2021","92,600","90,000","92,600","90,000","578,77K","0,98%"
"01.09.2021","91,700","89,800","91,800","89,000","635,06K","1,10%"
"31.08.2021","90,700","90,900","90,900","88,700","490,06K","0,33%"
"30.08.2021","90,400","89,400","90,400","88,200","594,08K","1,57%"
"27.08.2021","89,000","88,500","89,300","87,100","628,54K","0,56%"
"26.08.2021","88,500","89,500","89,500","87,500","551,34K","-1,01%"
"25.08.2021","89,400","90,000","90,900","88,200","518,99K","-0,67%"
"24.08.2021","90,000","92,000","92,000","88,000","607,11K","-0,33%"
"23.08.2021","90,300","90,200","92,000","89,900","426,94K","0,33%"
"20.08.2021","90,000","88,000","90,100","87,500","654,06K","1,93%"
"19.08.2021","88,300","87,500","88,500","85,100","427,20K","0,91%"
"18.08.2021","87,500","89,700","90,300","86,400","494,25K","-2,78%"
"17.08.2021","90,000","90,500","91,300","88,000","323,44K","0,00%"
"13.08.2021","90,000","89,000","90,000","87,000","320,10K","1,58%"
"12.08.2021","88,600","88,500","89,600","87,000","570,99K","0,11%"
"11.08.2021","88,500","86,400","89,200","86,100","416,12K","2,31%"
"10.08.2021","86,500","85,100","86,800","84,400","685,60K","2,49%"
"09.08.2021","84,400","80,500","84,500","80,300","723,91K","4,20%"
"06.08.2021","81,000","83,000","83,900","79,300","1,23M","-2,99%"
"05.08.2021","83,500","83,700","83,700","82,600","539,80K","0,36%"
"04.08.2021","83,200","84,300","84,300","80,100","621,98K","0,48%"
"03.08.2021","82,800","84,500","85,400","82,300","455,49K","-2,47%"
"02.08.2021","84,900","85,000","85,800","82,500","614,56K","1,07%"
"30.07.2021","84,000","86,000","86,500","83,800","586,90K","-1,52%"
"29.07.2021","85,300","84,500","85,400","83,800","731,49K","2,03%"
"28.07.2021","83,600","79,900","83,700","78,100","553,28K","4,50%"
"27.07.2021","80,000","79,000","80,500","78,000","525,58K","2,17%"
"26.07.2021","78,300","79,900","79,900","78,300","233,11K","-0,89%"
"23.07.2021","79,000","79,600","80,000","79,000","397,91K","-0,88%"
"22.07.2021","79,700","79,000","80,700","78,800","381,55K","-0,13%"
"21.07.2021","79,800","75,100","80,000","75,100","746,78K","6,54%"
"20.07.2021","74,900","72,800","75,000","72,800","548,66K","2,88%"
"19.07.2021","72,800","74,300","75,500","72,700","392,92K","-3,32%"
"16.07.2021","75,300","75,800","75,800","74,000","213,82K","0,40%"
"15.07.2021","75,000","74,400","75,000","73,200","416,88K","0,94%"
"14.07.2021","74,300","75,000","75,500","73,400","301,26K","-0,67%"
"13.07.2021","74,800","74,500","75,400","72,600","1,81M","0,81%"
"12.07.2021","74,200","74,800","76,800","73,300","690,93K","-0,27%"
"08.07.2021","74,400","76,200","76,200","74,000","449,79K","-2,23%"
"07.07.2021","76,100","77,000","77,900","74,600","634,35K","-0,65%"
"06.07.2021","76,600","75,800","77,000","74,000","755,46K","0,92%"
"05.07.2021","75,900","73,500","75,900","73,500","472,77K","4,12%"
"02.07.2021","72,900","70,800","73,300","69,900","619,13K","3,40%"
"01.07.2021","70,500","70,800","71,500","69,500","450,71K","-0,14%"
"30.06.2021","70,600","73,900","74,400","69,500","933,54K","-3,95%"
"29.06.2021","73,500","75,200","75,200","72,900","888,70K","-2,00%"
"28.06.2021","75,000","77,000","78,000","73,600","502,84K","-3,10%"
"25.06.2021","77,400","73,500","77,500","71,100","1,11M","0,39%"
"24.06.2021","77,100","73,000","77,100","71,500","629,68K","6,79%"
"23.06.2021","72,200","70,300","73,400","70,000","1,20M","2,56%"
"22.06.2021","70,400","69,000","70,400","68,000","593,63K","1,59%"
"18.06.2021","69,300","71,300","71,300","69,300","240,37K","-2,39%"
"17.06.2021","71,000","70,900","71,400","69,800","784,27K","0,28%"
"16.06.2021","70,800","70,500","70,800","68,700","747,29K","0,43%"
"15.06.2021","70,500","70,500","70,800","68,000","783,05K","0,00%"
"14.06.2021","70,500","69,000","70,800","68,100","721,07K","2,62%"
"11.06.2021","68,700","68,100","69,000","67,200","855,23K","1,18%"
"10.06.2021","67,900","69,300","69,500","66,800","1,00M","-1,02%"
"09.06.2021","68,600","66,700","68,900","66,700","1,01M","2,39%"
"08.06.2021","67,000","67,000","68,500","65,100","1,09M","-0,30%"
"07.06.2021","67,200","69,000","71,000","67,000","663,75K","-1,90%"
"04.06.2021","68,500","66,500","69,500","65,800","1,03M","3,01%"
"03.06.2021","66,500","64,400","66,700","63,100","1,06M","3,10%"
"02.06.2021","64,500","61,400","64,500","59,500","1,41M","5,22%"
"01.06.2021","61,300","63,400","64,100","61,100","907,95K","-3,46%"
"31.05.2021","63,500","63,000","64,000","62,500","480,65K","1,44%"
"28.05.2021","62,600","60,000","62,600","59,900","798,03K","4,51%"
"27.05.2021","59,900","59,500","60,300","59,000","1,19M","0,67%"
"26.05.2021","59,500","58,700","60,000","58,200","366,22K","1,54%"
"21.05.2021","58,600","59,900","60,000","58,200","534,68K","-2,33%"
"20.05.2021","60,000","58,900","60,000","58,100","542,47K","1,69%"
"19.05.2021","59,000","57,500","59,000","56,100","746,81K","2,08%"
"18.05.2021","57,800","56,500","58,400","56,500","535,07K","1,05%"
"17.05.2021","57,200","59,500","60,000","57,100","1,60M","-2,56%"
"14.05.2021","58,700","56,700","59,300","55,700","898,26K","3,53%"
"13.05.2021","56,700","55,800","57,000","55,800","771,47K","2,16%"
"12.05.2021","55,500","56,100","56,900","55,000","537,41K","-1,25%"
"11.05.2021","56,200","56,400","56,400","55,000","540,28K","-0,88%"
"10.05.2021","56,700","57,000","57,700","55,500","552,23K","-0,35%"
"07.05.2021","56,900","55,000","57,000","54,000","797,27K","3,83%"
"06.05.2021","54,800","55,200","55,500","53,800","1,05M","-0,36%"
"05.05.2021","55,000","55,300","55,700","53,600","1,37M","-0,18%"
"04.05.2021","55,100","54,300","55,300","54,100","662,40K","0,55%"
"03.05.2021","54,800","55,000","55,000","54,000","791,25K","-0,36%"
"30.04.2021","55,000","56,400","56,400","54,500","538,43K","-2,31%"
"29.04.2021","56,300","55,900","56,300","55,000","474,90K","1,81%"
"28.04.2021","55,300","55,000","55,300","54,000","748,01K","2,22%"
"27.04.2021","54,100","54,000","54,500","52,100","698,16K","0,19%"
"26.04.2021","54,000","55,000","55,700","53,500","688,63K","-0,18%"
"23.04.2021","54,100","51,200","54,500","51,000","1,47M","5,87%"
"22.04.2021","51,100","51,000","51,500","50,000","1,33M","0,20%"
"21.04.2021","51,000","49,300","51,400","49,000","702,75K","2,00%"
"20.04.2021","50,000","51,400","51,400","49,250","623,63K","-2,34%"
"19.04.2021","51,200","49,700","51,500","49,700","296,43K","0,59%"
"16.04.2021","50,900","50,000","50,900","49,050","508,74K","2,31%"
"15.04.2021","49,750","50,400","50,400","49,050","333,24K","-0,40%"
"14.04.2021","49,950","49,900","50,900","49,050","372,49K","-0,89%"
"13.04.2021","50,400","50,100","50,500","49,000","219,46K","0,20%"
"12.04.2021","50,300","51,200","51,200","48,500","1,08M","-1,76%"
"09.04.2021","51,200","51,000","51,500","50,000","447,86K","-0,19%"
"08.04.2021","51,300","53,400","53,400","50,700","566,60K","-3,02%"
"07.04.2021","52,900","52,200","53,400","52,000","785,92K","1,34%"
"06.04.2021","52,200","50,000","52,500","50,000","740,01K","2,96%"
"05.04.2021","50,700","50,100","50,900","49,450","510,85K","1,20%"
"31.03.2021","50,100","50,000","51,000","48,800","995,28K","-1,18%"
"30.03.2021","50,700","49,900","51,000","48,800","619,36K","2,01%"
"29.03.2021","49,700","47,400","50,100","46,550","928,89K","5,86%"
"26.03.2021","46,950","47,900","47,900","45,500","598,56K","-0,74%"
"25.03.2021","47,300","47,000","48,950","46,300","784,85K","-3,17%"
"23.03.2021","48,850","48,900","49,400","48,000","997,54K","0,51%"
"22.03.2021","48,600","46,650","48,750","45,500","918,11K","6,23%"
"19.03.2021","45,750","45,400","46,500","44,450","552,15K","0,33%"
"18.03.2021","45,600","46,600","46,800","44,500","626,49K","-2,15%"
"17.03.2021","46,600","47,200","47,200","45,700","489,62K","-0,85%"
"16.03.2021","47,000","48,200","48,250","46,250","669,39K","-1,78%"
"15.03.2021","47,850","46,500","47,900","46,500","576,88K","1,92%"
"12.03.2021","46,950","46,000","47,200","45,250","705,89K","2,85%"
"11.03.2021","45,650","44,000","45,650","43,050","816,74K","4,94%"
"10.03.2021","43,500","44,600","45,000","42,500","1,05M","-1,14%"
"09.03.2021","44,000","45,900","46,900","44,000","817,74K","-4,76%"
"08.03.2021","46,200","47,800","48,000","45,600","255,14K","-3,55%"
"05.03.2021","47,900","47,200","48,000","46,000","356,50K","0,00%"
"04.03.2021","47,900","47,300","48,500","46,500","368,43K","0,84%"
"03.03.2021","47,500","49,000","49,400","47,200","459,10K","-2,26%"
"02.03.2021","48,600","51,300","51,300","48,600","956,16K","-4,52%"
"01.03.2021","50,900","51,100","52,200","50,500","487,20K","-2,30%"
"26.02.2021","52,100","51,100","52,400","50,000","293,26K","-0,76%"
"25.02.2021","52,500","52,900","53,400","51,100","653,54K","-0,94%"
"24.02.2021","53,000","51,000","53,300","51,000","371,51K","3,92%"
"23.02.2021","51,000","54,000","54,000","50,200","532,03K","-4,67%"
"22.02.2021","53,500","53,000","54,000","52,700","725,45K","2,10%"
"19.02.2021","52,400","52,000","52,400","50,600","425,29K","1,35%"
"18.02.2021","51,700","51,300","52,000","49,800","606,52K","0,78%"
"17.02.2021","51,300","51,000","52,000","50,000","332,35K","0,79%"
"12.02.2021","50,900","51,000","51,400","50,000","256,15K","0,99%"
"11.02.2021","50,400","50,400","51,500","50,100","377,16K","-0,40%"
"10.02.2021","50,600","50,000","50,600","49,500","297,06K","1,40%"
"09.02.2021","49,900","48,850","50,400","48,500","525,35K","2,04%"
"08.02.2021","48,900","50,000","50,000","48,750","284,78K","-0,20%"
"05.02.2021","49,000","48,300","49,000","48,300","307,48K","0,00%"
"04.02.2021","49,000","49,500","49,800","48,200","547,90K","-0,61%"
"03.02.2021","49,300","50,800","51,700","49,050","667,45K","-3,14%"
"02.02.2021","50,900","50,100","51,700","50,100","200,08K","0,59%"
"01.02.2021","50,600","48,500","51,000","48,300","614,76K","3,58%"
"29.01.2021","48,850","50,600","50,600","48,100","230,88K","-1,91%"
"28.01.2021","49,800","52,100","52,100","49,750","390,75K","-2,54%"
"27.01.2021","51,100","51,000","52,000","50,700","138,44K","-0,78%"
"26.01.2021","51,500","51,000","51,500","49,800","970,89K","0,98%"
"25.01.2021","51,000","54,500","55,400","50,500","573,24K","-6,08%"
"22.01.2021","54,300","54,500","54,500","52,900","348,14K","-1,09%"
"21.01.2021","54,900","55,000","55,500","54,000","632,05K","-0,72%"
"20.01.2021","55,300","55,000","55,300","53,600","596,57K","0,36%"
"19.01.2021","55,100","54,000","55,400","53,500","470,27K","2,04%"
"18.01.2021","54,000","54,000","54,900","52,500","151,87K","0,00%"
"15.01.2021","54,000","55,200","56,000","53,100","198,32K","-2,35%"
"14.01.2021","55,300","54,500","56,500","53,500","261,45K","0,55%"
"13.01.2021","55,000","56,000","56,200","54,000","374,72K","-1,43%"
"12.01.2021","55,800","56,500","56,500","55,000","456,87K","-1,24%"
"11.01.2021","56,500","55,200","57,000","53,500","732,31K","2,17%"
"08.01.2021","55,300","55,200","55,600","54,000","600,81K","0,00%"
"07.01.2021","55,300","55,000","55,500","53,500","765,07K","0,91%"
"06.01.2021","54,800","52,500","55,400","52,500","879,23K","5,18%"
"05.01.2021","52,100","49,700","52,300","49,700","689,74K","4,20%"
"04.01.2021","50,000","46,300","50,000","46,300","845,96K","7,64%"
"30.12.2020","46,450","47,300","47,450","45,450","761,03K","-0,64%"
"29.12.2020","46,750","47,100","47,550","46,550","325,61K","-0,53%"
"28.12.2020","47,000","48,900","49,400","45,500","1,39M","-3,89%"
"23.12.2020","48,900","50,100","50,100","47,900","924,92K","-1,21%"
"22.12.2020","49,500","49,250","50,000","48,000","1,04M","1,64%"
"21.12.2020","48,700","51,300","51,300","48,500","669,65K","-5,07%"
"18.12.2020","51,300","52,000","53,500","51,000","621,68K","-3,93%"
"17.12.2020","53,400","53,400","54,000","52,000","667,59K","-1,11%"
"16.12.2020","54,000","54,000","54,400","52,700","613,23K","1,89%"
"15.12.2020","53,000","52,500","53,500","51,600","856,36K","1,53%"
"14.12.2020","52,200","55,000","55,400","51,800","956,42K","-5,09%"
"11.12.2020","55,000","54,800","55,400","53,600","518,46K","2,04%"
"10.12.2020","53,900","51,000","54,200","50,000","740,82K","3,85%"
"09.12.2020","51,900","54,000","54,700","51,000","779,42K","-3,89%"
"04.12.2020","54,000","56,000","56,000","53,700","323,82K","-2,70%"
"03.12.2020","55,500","56,000","56,100","54,700","1,12M","-0,36%"
"02.12.2020","55,700","55,000","55,900","54,000","798,17K","1,64%"
"01.12.2020","54,800","54,300","55,500","54,100","674,29K","0,92%"
"30.11.2020","54,300","54,000","54,800","52,600","1,74M","1,69%"
"27.11.2020","53,400","54,200","55,000","51,800","516,58K","-0,93%"
"26.11.2020","53,900","53,000","54,100","52,800","313,65K","2,67%"
"25.11.2020","52,500","52,800","53,900","52,000","709,78K","0,38%"
"24.11.2020","52,300","49,750","52,500","49,700","690,15K","3,77%"
"20.11.2020","50,400","50,200","50,900","49,700","676,32K","0,00%"
"19.11.2020","50,400","50,300","51,700","49,500","635,33K","-1,18%"
"18.11.2020","51,000","51,900","51,900","50,200","524,09K","-0,39%"
"17.11.2020","51,200","50,500","51,300","49,600","533,91K","2,50%"
"16.11.2020","49,950","49,300","50,700","49,000","631,50K","0,91%"
"13.11.2020","49,500","50,200","52,000","48,300","705,69K","-2,37%"
"12.11.2020","50,700","53,200","53,400","50,000","504,16K","-3,43%"
"11.11.2020","52,500","52,500","53,700","52,000","908,96K","0,38%"
"10.11.2020","52,300","53,600","54,500","51,000","533,48K","-2,61%"
"09.11.2020","53,700","55,900","56,000","53,500","460,32K","-2,01%"
"06.11.2020","54,800","56,500","56,500","53,000","344,63K","-1,08%"
"05.11.2020","55,400","55,500","55,600","53,100","549,95K","2,40%"
"04.11.2020","54,100","58,000","58,000","54,000","459,93K","-5,09%"
"03.11.2020","57,000","57,000","58,900","56,100","302,19K","-1,21%"
"02.11.2020","57,700","57,900","59,600","54,000","434,12K","-1,03%"
"30.10.2020","58,300","51,800","58,800","50,100","1,09M","13,20%"
"29.10.2020","51,500","49,050","51,700","49,000","473,79K","5,10%"
"28.10.2020","49,000","50,000","52,000","47,100","462,34K","-4,85%"
"27.10.2020","51,500","56,200","57,300","50,500","512,70K","-7,21%"
"26.10.2020","55,500","57,900","58,800","55,000","836,58K","-3,81%"
"23.10.2020","57,700","53,400","57,700","50,400","991,16K","7,85%"
"22.10.2020","53,500","53,700","53,700","52,000","497,91K","0,94%"
"21.10.2020","53,000","51,500","54,000","50,800","818,32K","3,11%"
"20.10.2020","51,400","49,600","51,400","48,100","561,13K","3,21%"
"19.10.2020","49,800","52,000","52,100","48,700","676,34K","-2,16%"
"16.10.2020","50,900","50,600","51,500","49,200","826,85K","2,41%"
"15.10.2020","49,700","47,800","49,700","46,000","654,44K","3,76%"
"14.10.2020","47,900","45,800","48,000","45,050","751,82K","4,59%"
"13.10.2020","45,800","46,500","46,500","45,100","571,77K","-2,35%"
"09.10.2020","46,900","47,000","47,000","44,050","596,41K","1,19%"
"08.10.2020","46,350","46,300","48,000","46,150","393,51K","-3,94%"
"07.10.2020","48,250","46,850","48,250","45,600","913,16K","4,32%"
"06.10.2020","46,250","42,500","48,000","42,000","1,81M","8,82%"
"05.10.2020","42,500","41,900","42,500","41,200","865,07K","3,16%"
"02.10.2020","41,200","40,250","41,300","38,550","423,38K","1,48%"
"01.10.2020","40,600","38,900","40,750","38,300","351,99K","5,05%"
"30.09.2020","38,650","41,500","41,950","38,550","665,64K","-5,96%"
"29.09.2020","41,100","40,300","41,150","39,500","670,63K","3,01%"
"28.09.2020","39,900","39,100","40,100","38,500","660,83K","2,18%"
"25.09.2020","39,050","38,300","39,050","37,200","272,11K","0,13%"
"24.09.2020","39,000","38,700","39,050","37,000","614,36K","2,36%"
"23.09.2020","38,100","36,000","38,800","34,900","438,47K","5,10%"
"22.09.2020","36,250","36,000","36,400","34,100","584,29K","1,68%"
"21.09.2020","35,650","37,000","37,000","35,050","361,87K","-3,65%"
"18.09.2020","37,000","35,850","37,700","35,150","395,30K","3,21%"
"17.09.2020","35,850","39,500","39,950","35,800","624,55K","-9,36%"
"16.09.2020","39,550","37,900","40,750","37,000","1,51M","1,28%"
"15.09.2020","39,050","38,100","39,150","37,000","809,56K","2,76%"
"14.09.2020","38,000","39,100","39,100","37,950","256,59K","-2,06%"
"11.09.2020","38,800","39,000","39,100","37,900","280,39K","-0,13%"
"10.09.2020","38,850","38,800","39,450","38,550","516,28K","1,04%"
"09.09.2020","38,450","38,000","38,450","37,550","319,47K","2,12%"
"08.09.2020","37,650","37,700","37,750","36,500","190,33K","-0,13%"
"07.09.2020","37,700","38,900","38,900","37,550","157,44K","-1,57%"
"04.09.2020","38,300","38,000","38,500","37,000","220,92K","0,79%"
"03.09.2020","38,000","35,700","38,050","34,000","735,99K","5,56%"
"02.09.2020","36,000","36,700","37,000","35,700","614,82K","-2,17%"
"01.09.2020","36,800","37,700","37,700","36,300","320,27K","-1,60%"
"31.08.2020","37,400","37,000","37,950","36,600","244,08K","1,22%"
"28.08.2020","36,950","36,500","37,900","35,500","852,40K","2,21%"
"27.08.2020","36,150","37,750","38,000","35,050","493,24K","-4,37%"
"26.08.2020","37,800","38,200","39,300","37,650","407,66K","-2,33%"
"25.08.2020","38,700","39,300","39,500","37,750","452,01K","-1,53%"
"24.08.2020","39,300","39,500","40,300","38,500","690,51K","-0,63%"
"21.08.2020","39,550","40,000","40,750","39,000","733,18K","-1,13%"
"20.08.2020","40,000","39,300","40,350","38,400","663,46K","2,56%"
"19.08.2020","39,000","36,950","39,000","36,900","878,23K","5,41%"
"18.08.2020","37,000","38,050","40,000","36,500","891,12K","-5,61%"
"14.08.2020","39,200","41,000","41,000","38,550","318,65K","-4,39%"
"13.08.2020","41,000","40,300","41,200","40,300","422,78K","1,49%"
"12.08.2020","40,400","42,500","42,500","39,050","694,73K","-3,81%"
"11.08.2020","42,000","42,300","42,800","40,150","736,48K","0,00%"
"10.08.2020","42,000","40,650","42,150","40,650","584,06K","2,44%"
"07.08.2020","41,000","39,600","41,000","39,200","1,72M","4,73%"
"06.08.2020","39,150","38,200","39,150","37,800","559,66K","2,35%"
"05.08.2020","38,250","39,500","41,200","37,850","1,34M","-1,80%"
"04.08.2020","38,950","43,000","43,000","38,000","1,32M","-0,13%"
"03.08.2020","39,000","39,650","41,950","38,400","1,25M","-1,76%"
"31.07.2020","39,700","39,900","39,900","38,900","668,29K","-0,63%"
"30.07.2020","39,950","39,500","39,950","36,750","856,88K","2,04%"
"29.07.2020","39,150","38,500","39,750","38,500","813,81K","1,69%"
"28.07.2020","38,500","38,200","39,550","37,600","736,04K","0,79%"
"27.07.2020","38,200","36,700","38,300","36,500","1,25M","4,51%"
"24.07.2020","36,550","36,200","36,600","34,500","974,59K","1,25%"
"23.07.2020","36,100","37,600","38,250","36,000","1,43M","-3,60%"
"22.07.2020","37,450","36,700","37,450","36,100","584,16K","3,17%"
"21.07.2020","36,300","35,500","36,750","35,500","795,73K","2,54%"
"20.07.2020","35,400","34,350","35,450","33,500","1,14M","4,73%"
"17.07.2020","33,800","33,000","34,100","32,700","1,30M","2,58%"
"16.07.2020","32,950","33,200","33,800","32,200","465,35K","-0,30%"
"15.07.2020","33,050","33,000","33,200","31,400","1,42M","3,61%"
"14.07.2020","31,900","31,000","31,950","30,000","1,71M","2,08%"
"13.07.2020","31,250","31,000","33,000","30,400","1,90M","0,32%"
"08.07.2020","31,150","32,200","32,300","30,350","1,36M","-1,11%"
"07.07.2020","31,500","32,900","33,150","31,000","1,18M","-4,26%"
"06.07.2020","32,900","33,900","34,500","32,050","1,45M","-0,30%"
"03.07.2020","33,000","33,000","33,000","32,000","104,63K","1,23%"
"02.07.2020","32,600","32,900","33,350","31,700","468,57K","-0,76%"
"01.07.2020","32,850","33,100","33,500","31,500","580,03K","0,46%"
"30.06.2020","32,700","35,200","35,500","32,150","883,07K","-7,10%"
"29.06.2020","35,200","36,000","37,450","35,000","407,26K","-4,86%"
"26.06.2020","37,000","37,150","37,150","35,900","295,12K","-0,27%"
"25.06.2020","37,100","37,000","38,000","36,100","406,96K","0,27%"
"24.06.2020","37,000","37,700","38,000","36,000","770,36K","-1,86%"
"23.06.2020","37,700","36,500","38,050","36,500","1,05M","3,57%"
"22.06.2020","36,400","36,000","36,450","35,200","693,95K","1,11%"
"19.06.2020","36,000","32,000","37,000","31,000","1,35M","11,80%"
"18.06.2020","32,200","33,200","33,200","30,400","1,19M","-5,85%"
"17.06.2020","34,200","36,000","36,750","33,000","323,44K","-4,20%"
"16.06.2020","35,700","36,500","37,300","35,500","305,89K","-1,65%"
"12.06.2020","36,300","36,000","37,600","34,800","499,22K","3,12%"
"11.06.2020","35,200","37,700","37,700","34,000","714,97K","-5,88%"
"10.06.2020","37,400","36,800","38,200","34,700","755,51K","1,77%"
"09.06.2020","36,750","39,900","39,950","36,000","1,53M","-8,13%"
"08.06.2020","40,000","38,000","40,750","37,700","685,15K","5,82%"
"05.06.2020","37,800","36,450","37,800","36,000","498,25K","3,70%"
"04.06.2020","36,450","36,350","36,950","35,400","227,48K","0,28%"
"03.06.2020","36,350","36,400","36,850","36,000","834,76K","0,00%"
"02.06.2020","36,350","36,000","36,500","36,000","789,32K","1,82%"
"01.06.2020","35,700","33,950","35,800","33,000","638,47K","6,41%"
"29.05.2020","33,550","32,700","33,550","31,000","888,47K","2,44%"
"28.05.2020","32,750","33,500","33,500","32,500","617,50K","-1,80%"
"27.05.2020","33,350","32,600","33,500","31,900","651,66K","1,99%"
"26.05.2020","32,700","32,950","32,950","31,000","481,91K","1,24%"
"22.05.2020","32,300","32,100","32,400","31,400","532,46K","0,62%"
"21.05.2020","32,100","31,200","32,100","30,800","1,52M","2,88%"
"20.05.2020","31,200","30,950","31,200","30,000","1,32M","2,46%"
"19.05.2020","30,450","30,950","30,950","30,000","874,45K","-1,62%"
"18.05.2020","30,950","31,900","31,900","30,300","431,63K","0,16%"
"15.05.2020","30,900","30,400","31,500","29,450","460,11K","2,66%"
"14.05.2020","30,100","29,000","30,450","28,350","2,09M","3,61%"
"13.05.2020","29,050","29,950","29,950","27,300","1,06M","-2,52%"
"12.05.2020","29,800","31,000","31,900","28,200","1,29M","-3,25%"
"11.05.2020","30,800","29,850","30,900","28,600","930,63K","3,01%"
"08.05.2020","29,900","30,200","30,400","29,450","1,09M","0,34%"
"07.05.2020","29,800","29,050","29,800","28,850","1,26M","2,76%"
"06.05.2020","29,000","28,950","29,700","28,100","1,26M","1,40%"
"05.05.2020","28,600","28,000","29,000","27,000","381,23K","2,88%"
"04.05.2020","27,800","27,900","27,950","26,600","308,12K","-1,42%"
"30.04.2020","28,200","28,000","28,500","26,700","453,95K","0,71%"
"29.04.2020","28,000","27,950","28,100","27,100","870,39K","-0,36%"
"28.04.2020","28,100","25,800","28,100","25,400","1,30M","9,13%"
"27.04.2020","25,750","25,000","25,750","25,000","625,39K","3,41%"
"24.04.2020","24,900","25,300","25,300","23,900","663,39K","-1,58%"
"23.04.2020","25,300","25,000","25,300","23,100","619,20K","1,61%"
"22.04.2020","24,900","24,950","25,200","24,600","387,38K","1,63%"
"21.04.2020","24,500","24,300","24,550","23,800","499,38K","1,45%"
"20.04.2020","24,150","24,000","24,400","23,250","688,56K","0,21%"
"17.04.2020","24,100","23,550","24,400","23,000","520,03K","0,42%"
"16.04.2020","24,000","24,700","25,000","23,000","1,53M","-3,03%"
"15.04.2020","24,750","24,000","24,800","22,100","563,13K","3,34%"
"14.04.2020","23,950","22,550","24,000","22,050","1,14M","6,92%"
"13.04.2020","22,400","22,000","22,500","21,650","684,02K","2,99%"
"08.04.2020","21,750","21,000","21,950","21,000","967,80K","4,57%"
"07.04.2020","20,800","20,950","21,300","20,500","350,87K","2,46%"
"06.04.2020","20,300","19,600","20,400","19,450","330,43K","4,37%"
"03.04.2020","19,450","19,350","19,750","18,800","578,70K","2,91%"
"02.04.2020","18,900","18,400","19,000","17,800","702,80K","2,44%"
"01.04.2020","18,450","18,000","18,450","17,700","500,49K","1,93%"
"30.03.2020","18,100","17,600","18,450","16,900","347,36K","2,84%"
"27.03.2020","17,600","18,000","18,900","17,000","1,09M","-3,03%"
"26.03.2020","18,150","18,300","19,200","17,800","865,69K","1,11%"
"25.03.2020","17,950","18,000","18,150","17,150","1,07M","7,16%"
"20.03.2020","16,750","15,400","17,250","15,400","569,69K","8,06%"
"19.03.2020","15,500","14,500","15,700","14,000","1,63M","6,90%"
"18.03.2020","14,500","16,250","16,350","14,000","1,95M","-12,12%"
"17.03.2020","16,500","16,200","17,000","15,950","2,30M","3,13%"
"16.03.2020","16,000","17,000","17,000","15,750","2,26M","-7,25%"
"13.03.2020","17,250","16,650","17,950","16,650","1,23M","5,18%"
"12.03.2020","16,400","17,050","17,050","15,500","2,27M","-7,61%"
"11.03.2020","17,750","19,250","19,250","17,600","930,54K","-7,79%"
"10.03.2020","19,250","18,300","19,400","17,850","2,07M","5,77%"
"09.03.2020","18,200","18,950","19,000","17,200","2,04M","-10,57%"
"06.03.2020","20,350","20,300","20,850","19,900","551,98K","-0,49%"
"05.03.2020","20,450","20,750","20,800","20,000","447,51K","-1,45%"
"04.03.2020","20,750","20,200","20,750","20,200","479,86K","2,72%"
"03.03.2020","20,200","21,500","22,000","19,800","910,26K","-4,94%"
"02.03.2020","21,250","20,450","21,350","19,800","436,88K","3,91%"
"28.02.2020","20,450","20,000","20,550","19,400","1,39M","2,25%"
"27.02.2020","20,000","21,750","21,800","19,300","796,12K","-8,68%"
"26.02.2020","21,900","21,450","21,900","20,750","584,95K","-1,35%"
"21.02.2020","22,200","23,100","23,100","21,800","618,26K","-2,63%"
"20.02.2020","22,800","23,200","23,200","22,600","454,88K","-0,87%"
"19.02.2020","23,000","23,700","23,700","22,500","650,13K","-2,75%"
"18.02.2020","23,650","24,200","24,350","23,400","316,37K","-2,27%"
"17.02.2020","24,200","24,100","24,500","23,650","479,24K","1,26%"
"14.02.2020","23,900","23,250","24,000","23,200","897,00K","2,80%"
"13.02.2020","23,250","23,000","23,500","22,350","548,19K","-0,43%"
"12.02.2020","23,350","23,950","23,950","22,650","535,00K","-0,64%"
"11.02.2020","23,500","23,500","23,500","22,500","302,57K","0,00%"
"10.02.2020","23,500","23,800","24,000","23,450","439,76K","-1,05%"
"07.02.2020","23,750","22,900","23,900","22,900","374,85K","4,17%"
"06.02.2020","22,800","22,600","22,950","22,500","535,24K","0,88%"
"05.02.2020","22,600","23,000","23,400","22,500","459,20K","-1,53%"
"04.02.2020","22,950","23,800","23,800","22,800","764,23K","-2,75%"
"03.02.2020","23,600","24,000","24,050","23,000","395,08K","-0,42%"
"31.01.2020","23,700","23,300","23,800","23,100","411,39K","3,04%"
"30.01.2020","23,000","23,600","23,650","22,900","615,16K","-0,86%"
"29.01.2020","23,200","24,500","24,500","23,200","1,10M","-4,33%"
"28.01.2020","24,250","24,400","25,250","23,900","975,29K","-0,21%"
"27.01.2020","24,300","25,000","25,650","24,000","1,11M","1,25%"
"24.01.2020","24,000","24,950","25,400","23,100","1,02M","-3,23%"
"23.01.2020","24,800","25,400","25,950","24,600","498,99K","-3,88%"
"22.01.2020","25,800","25,750","26,000","24,750","633,98K","0,00%"
"21.01.2020","25,800","26,600","27,000","25,200","555,66K","-3,55%"
"20.01.2020","26,750","26,750","27,000","26,250","491,77K","0,00%"
"17.01.2020","26,750","26,500","27,300","25,700","828,32K","1,33%"
"16.01.2020","26,400","25,050","26,400","24,950","1,18M","5,60%"
"15.01.2020","25,000","24,600","25,100","24,050","773,49K","2,04%"
"14.01.2020","24,500","23,200","24,500","22,500","799,87K","5,83%"
"13.01.2020","23,150","24,100","24,600","22,500","815,07K","-4,14%"
"10.01.2020","24,150","24,200","24,800","24,000","613,57K","-0,41%"
"09.01.2020","24,250","24,250","24,700","23,750","530,63K","-0,21%"
"08.01.2020","24,300","25,000","25,000","23,600","527,63K","-1,82%"
"07.01.2020","24,750","24,600","25,300","24,050","452,76K","0,61%"
"06.01.2020","24,600","24,000","24,700","23,600","401,05K","0,61%"
"03.01.2020","24,450","25,200","25,600","23,700","769,44K","-3,17%"
"02.01.2020","25,250","25,050","25,700","24,500","376,47K","-1,56%"
"30.12.2019","25,650","25,700","26,050","24,600","521,49K","-0,97%"
"27.12.2019","25,900","26,000","26,500","25,000","646,78K","0,00%"
"26.12.2019","25,900","25,500","26,000","25,300","1,85M","2,57%"
"23.12.2019","25,250","24,800","25,400","24,700","1,08M","2,23%"
"20.12.2019","24,700","24,350","24,750","24,000","1,79M","4,88%"
"19.12.2019","23,550","24,000","24,400","23,300","1,10M","-0,63%"
"18.12.2019","23,700","23,000","24,100","23,000","1,57M","2,16%"
"17.12.2019","23,200","24,250","24,250","22,700","952,79K","-3,13%"
"16.12.2019","23,950","23,200","24,200","23,200","1,02M","2,35%"
"13.12.2019","23,400","23,000","23,500","22,950","1,50M","1,96%"
"12.12.2019","22,950","22,000","23,050","21,900","697,51K","4,79%"
"11.12.2019","21,900","22,000","22,250","21,300","696,07K","-0,45%"
"10.12.2019","22,000","23,000","23,000","21,650","582,94K","-4,14%"
"09.12.2019","22,950","23,000","23,500","22,000","1,05M","-0,22%"
"06.12.2019","23,000","22,800","23,300","22,750","1,01M","0,22%"
"05.12.2019","22,950","23,450","23,450","22,000","1,17M","-0,22%"
"04.12.2019","23,000","22,750","23,300","22,400","1,40M","1,32%"
"03.12.2019","22,700","22,500","23,200","22,500","938,06K","-2,16%"
"02.12.2019","23,200","22,700","23,500","21,300","1,17M","-2,73%"
"29.11.2019","23,850","23,800","23,850","22,900","675,49K","1,49%"
"28.11.2019","23,500","23,500","23,650","22,800","528,92K","1,29%"
"27.11.2019","23,200","23,100","24,000","22,300","883,40K","-0,43%"
"26.11.2019","23,300","23,400","23,850","22,500","632,58K","-1,48%"
"25.11.2019","23,650","24,900","25,000","23,100","829,60K","-4,83%"
"22.11.2019","24,850","24,900","25,200","24,400","1,01M","2,47%"
"21.11.2019","24,250","24,100","25,000","23,700","784,21K","0,83%"
"20.11.2019","24,050","23,200","24,200","22,500","1,22M","7,13%"
"19.11.2019","22,450","21,600","22,600","20,550","642,45K","3,94%"
"15.11.2019","21,600","21,500","21,900","20,600","293,74K","0,47%"
"14.11.2019","21,500","22,200","22,500","20,700","597,29K","-3,37%"
"13.11.2019","22,250","23,000","23,250","21,850","663,98K","-3,68%"
"12.11.2019","23,100","24,000","24,000","22,300","348,86K","-2,12%"
"11.11.2019","23,600","23,100","23,850","23,100","809,40K","2,61%"
"08.11.2019","23,000","24,250","24,250","22,550","710,28K","-3,77%"
"07.11.2019","23,900","24,000","24,100","22,500","1,01M","0,84%"
"06.11.2019","23,700","24,350","24,500","23,700","356,70K","-3,27%"
"05.11.2019","24,500","25,950","25,950","23,500","1,11M","-4,67%"
"04.11.2019","25,700","26,000","26,250","25,350","1,39M","2,80%"
"01.11.2019","25,000","23,900","25,000","23,100","2,32M","5,93%"
"31.10.2019","23,600","23,200","23,850","22,800","1,92M","3,51%"
"30.10.2019","22,800","22,300","22,850","21,050","2,23M","2,70%"
"29.10.2019","22,200","21,000","22,350","20,800","2,04M","6,22%"
"28.10.2019","20,900","19,900","21,100","18,500","1,81M","6,91%"
"25.10.2019","19,550","18,850","20,250","18,700","2,45M","4,55%"
"24.10.2019","18,700","17,450","18,700","17,250","1,76M","6,86%"
"23.10.2019","17,500","17,400","17,850","16,500","1,18M","0,29%"
"22.10.2019","17,450","17,000","17,650","16,600","1,88M","2,65%"
"21.10.2019","17,000","16,700","17,150","16,250","1,33M","3,03%"
"18.10.2019","16,500","16,550","16,850","16,400","1,59M","-0,60%"
"17.10.2019","16,600","16,200","16,650","16,050","1,73M","1,53%"
"16.10.2019","16,350","16,200","16,900","16,050","787,11K","-0,91%"
"15.10.2019","16,500","17,000","17,050","16,050","629,84K","-2,94%"
"11.10.2019","17,000","17,250","17,550","16,900","905,26K","-1,16%"
"10.10.2019","17,200","16,700","17,200","16,500","1,14M","2,38%"
"09.10.2019","16,800","16,800","17,000","16,450","618,54K","-1,18%"
"08.10.2019","17,000","17,100","17,100","16,500","1,05M","-1,16%"
"07.10.2019","17,200","16,800","17,250","16,700","674,70K","1,18%"
"04.10.2019","17,000","16,400","17,200","16,400","2,25M","1,49%"
"03.10.2019","16,750","16,000","16,750","15,600","3,26M","4,69%"
"02.10.2019","16,000","15,600","16,450","15,600","1,12M","-0,62%"
"01.10.2019","16,100","15,700","16,100","15,500","744,87K","1,90%"
"30.09.2019","15,800","15,000","15,800","15,000","1,14M","3,27%"
"27.09.2019","15,300","15,150","15,600","14,700","688,77K","0,99%"
"26.09.2019","15,150","14,500","15,150","14,500","1,63M","3,77%"
"25.09.2019","14,600","14,500","14,750","14,100","1,01M","-0,34%"
"24.09.2019","14,650","15,000","15,000","14,400","708,37K","-2,98%"
"23.09.2019","15,100","15,000","15,200","14,500","670,27K","-2,58%"
"20.09.2019","15,500","15,500","15,600","15,150","1,01M","0,32%"
"19.09.2019","15,450","15,500","15,500","15,100","906,54K","0,98%"
"18.09.2019","15,300","15,000","15,500","14,850","607,12K","2,00%"
"17.09.2019","15,000","15,450","15,450","14,850","956,96K","-3,23%"
"16.09.2019","15,500","15,350","16,100","14,700","1,18M","0,00%"
"13.09.2019","15,500","14,550","15,650","14,400","2,49M","6,53%"
"12.09.2019","14,550","14,050","14,700","13,900","1,11M","2,83%"
"11.09.2019","14,150","13,500","14,500","13,500","638,28K","1,07%"
"10.09.2019","14,000","13,300","14,000","13,100","1,25M","4,48%"
"09.09.2019","13,400","13,500","13,550","12,850","1,04M","3,88%"
"06.09.2019","12,900","13,000","13,300","12,500","781,26K","1,57%"
"05.09.2019","12,700","12,100","13,000","12,100","2,26M","4,53%"
"04.09.2019","12,150","11,150","12,300","11,150","2,29M","8,97%"
"03.09.2019","11,150","11,500","11,800","10,450","2,92M","-3,88%"
"02.09.2019","11,600","11,250","11,700","11,200","1,93M","5,45%"
"30.08.2019","11,000","11,200","11,700","10,900","5,04M","-5,17%"
"29.08.2019","11,600","11,250","11,850","11,050","1,25M","-2,11%"
"28.08.2019","11,850","11,650","12,100","11,600","1,79M","0,42%"
"27.08.2019","11,800","12,850","12,850","11,650","2,35M","-6,35%"
"26.08.2019","12,600","12,900","13,000","12,200","980,01K","0,00%"
"23.08.2019","12,600","13,400","13,400","12,400","962,99K","-3,82%"
"22.08.2019","13,100","13,100","13,700","12,900","2,40M","1,55%"
"21.08.2019","12,900","12,100","13,300","12,000","3,30M","5,74%"
"20.08.2019","12,200","12,200","12,200","11,300","2,55M","-0,41%"
"16.08.2019","12,250","12,200","12,700","12,200","3,36M","0,41%"
"15.08.2019","12,200","11,350","12,300","11,150","5,33M","14,02%"
"14.08.2019","10,700","12,200","12,200","10,700","6,11M","-9,32%"
"13.08.2019","11,800","11,000","12,000","11,000","4,67M","7,27%"
"12.08.2019","11,000","11,000","13,000","10,800","2,25M","-23,08%"
"09.08.2019","14,300","14,150","14,500","14,000","1,16M","0,70%"
"08.08.2019","14,200","14,550","14,550","14,000","383,70K","-1,05%"
"07.08.2019","14,350","14,500","14,500","13,800","1,12M","0,35%"
"06.08.2019","14,300","14,650","14,650","14,150","1,07M","-1,04%"
"05.08.2019","14,450","14,250","14,500","13,850","1,32M","0,70%"
"02.08.2019","14,350","13,950","14,350","13,700","853,95K","3,24%"
"01.08.2019","13,900","14,050","14,150","13,800","734,74K","0,00%"
"31.07.2019","13,900","14,300","14,350","13,900","1,43M","-1,42%"
"30.07.2019","14,100","14,250","14,400","13,950","963,44K","-0,70%"
"29.07.2019","14,200","13,850","14,300","13,700","790,73K","3,27%"
"26.07.2019","13,750","13,000","13,750","13,000","866,28K","5,36%"
"25.07.2019","13,050","13,850","13,850","13,000","651,31K","-3,69%"
"24.07.2019","13,550","13,200","13,600","12,950","746,23K","4,63%"
"23.07.2019","12,950","13,450","13,550","12,900","941,40K","-3,72%"
"22.07.2019","13,450","13,600","13,600","12,900","1,21M","-0,37%"
"19.07.2019","13,500","13,500","13,700","13,100","532,48K","-1,10%"
"18.07.2019","13,650","13,800","13,850","13,400","502,64K","-1,09%"
"17.07.2019","13,800","13,900","14,200","13,650","766,11K","-2,13%"
"16.07.2019","14,100","14,200","14,400","13,800","506,46K","-1,40%"
"15.07.2019","14,300","14,850","14,850","14,100","947,46K","-3,38%"
"12.07.2019","14,800","15,200","15,200","14,500","953,14K","-1,99%"
"11.07.2019","15,100","14,550","15,200","14,550","1,56M","1,34%"
"10.07.2019","14,900","14,450","14,950","13,950","1,64M","4,56%"
"05.07.2019","14,250","13,750","14,400","13,600","1,09M","3,64%"
"04.07.2019","13,750","13,700","14,000","13,650","449,55K","-0,72%"
"03.07.2019","13,850","13,750","14,150","13,600","1,17M","0,00%"
"02.07.2019","13,850","13,950","14,150","13,600","600,01K","0,00%"
"01.07.2019","13,850","14,000","14,200","13,550","1,29M","1,09%"
"28.06.2019","13,700","12,750","13,850","12,750","2,28M","6,61%"
"27.06.2019","12,850","12,850","12,950","12,550","1,73M","0,39%"
"26.06.2019","12,800","13,200","13,300","12,500","1,89M","-2,29%"
"25.06.2019","13,100","12,650","13,100","12,600","1,13M","2,75%"
"24.06.2019","12,750","12,500","13,000","12,450","1,95M","1,19%"
"21.06.2019","12,600","12,850","13,200","12,450","754,69K","-2,70%"
"19.06.2019","12,950","13,300","13,450","12,800","967,41K","-2,63%"
"18.06.2019","13,300","13,500","13,800","13,050","1,04M","-1,85%"
"14.06.2019","13,550","13,500","13,700","13,250","1,70M","1,50%"
"13.06.2019","13,350","13,400","13,700","13,000","1,24M","0,00%"
"12.06.2019","13,350","13,500","13,750","13,150","2,55M","1,91%"
"11.06.2019","13,100","12,550","13,150","12,550","1,52M","3,97%"
"10.06.2019","12,600","12,600","12,800","12,400","800,46K","0,80%"
"07.06.2019","12,500","12,650","12,850","12,400","845,66K","-1,19%"
"06.06.2019","12,650","12,300","12,700","12,100","1,02M","3,27%"
"05.06.2019","12,250","12,650","12,700","12,150","626,03K","-2,00%"
"04.06.2019","12,500","12,350","12,800","12,000","978,57K","1,63%"
"03.06.2019","12,300","12,300","12,450","12,000","1,14M","0,00%"
"31.05.2019","12,300","12,600","12,700","12,200","1,52M","-2,38%"
"30.05.2019","12,600","12,550","13,100","12,550","470,43K","-1,56%"
"29.05.2019","12,800","12,800","13,000","12,500","349,65K","0,00%"
"28.05.2019","12,800","12,950","13,200","12,550","845,72K","-0,78%"
"27.05.2019","12,900","13,000","13,000","12,700","327,55K","0,00%"
"24.05.2019","12,900","12,850","13,200","12,600","791,41K","2,38%"
"23.05.2019","12,600","12,900","12,900","12,400","491,44K","-2,33%"
"22.05.2019","12,900","13,000","13,300","12,400","564,91K","-0,77%"
"21.05.2019","13,000","13,100","13,500","12,800","738,10K","0,00%"
"20.05.2019","13,000","13,200","13,250","12,900","220,96K","-1,52%"
"17.05.2019","13,200","13,100","13,500","12,900","942,23K","0,00%"
"16.05.2019","13,200","13,400","13,600","13,100","461,16K","-1,49%"
"15.05.2019","13,400","13,750","13,750","12,950","939,21K","-0,74%"
"14.05.2019","13,500","13,550","14,150","13,400","601,23K","-1,10%"
"13.05.2019","13,650","13,600","13,850","13,250","403,59K","0,00%"
"10.05.2019","13,650","13,650","13,900","13,250","580,87K","-0,36%"
"09.05.2019","13,700","13,800","14,000","13,250","1,27M","0,00%"
"08.05.2019","13,700","13,150","13,800","13,150","1,73M","3,79%"
"07.05.2019","13,200","13,250","13,250","12,600","1,13M","-1,12%"
"06.05.2019","13,350","12,350","13,350","12,050","1,86M","6,80%"
"03.05.2019","12,500","11,900","12,600","11,650","1,56M","6,84%"
"02.05.2019","11,700","11,600","11,850","11,400","725,80K","0,86%"
"30.04.2019","11,600","11,300","11,750","11,300","485,97K","1,75%"
"29.04.2019","11,400","11,800","12,250","11,300","1,05M","-5,00%"
"26.04.2019","12,000","11,550","12,000","11,000","2,71M","5,26%"
"25.04.2019","11,400","11,000","11,750","10,800","2,88M","1,79%"
"24.04.2019","11,200","12,100","12,400","11,100","1,72M","-8,94%"
"23.04.2019","12,300","12,350","12,700","12,200","1,55M","0,41%"
"22.04.2019","12,250","12,850","12,900","12,150","1,38M","-4,30%"
"17.04.2019","12,800","12,950","13,550","12,600","2,05M","-1,54%"
"16.04.2019","13,000","12,900","13,450","12,850","1,85M","1,56%"
"15.04.2019","12,800","13,350","13,800","12,750","1,64M","-3,76%"
"12.04.2019","13,300","14,250","14,350","13,300","1,09M","-6,67%"
"11.04.2019","14,250","14,450","14,450","13,650","668,01K","1,59%"
"10.04.2019","14,027","13,550","14,075","13,455","750,47K","5,00%"
"09.04.2019","13,359","14,457","14,457","13,359","1,17M","-6,67%"
"08.04.2019","14,313","14,552","14,647","13,979","417,45K","-5,52%"
"05.04.2019","15,150","14,950","15,300","14,850","677,75K","1,68%"
"04.04.2019","14,900","14,750","15,150","14,550","1,71M","1,02%"
"03.04.2019","14,750","14,750","14,900","14,300","535,40K","-0,34%"
"01.04.2019","14,800","15,800","16,000","14,650","1,01M","-5,43%"
"29.03.2019","15,650","15,150","15,650","14,750","1,40M","2,96%"
"28.03.2019","15,200","14,700","15,200","14,500","827,95K","3,40%"
"27.03.2019","14,700","14,450","14,750","13,800","1,03M","0,68%"
"26.03.2019","14,600","14,000","14,600","13,800","725,64K","3,55%"
"25.03.2019","14,100","14,000","14,450","13,950","491,40K","-1,74%"
"22.03.2019","14,350","14,450","14,650","14,000","412,40K","-1,03%"
"21.03.2019","14,500","14,800","15,000","14,350","371,84K","-3,33%"
"20.03.2019","15,000","15,200","15,300","14,650","1,47M","-1,32%"
"19.03.2019","15,200","15,600","16,000","14,850","820,81K","-1,94%"
"18.03.2019","15,500","15,200","15,500","14,650","1,44M","3,33%"
"15.03.2019","15,000","15,200","15,300","14,600","671,99K","0,67%"
"14.03.2019","14,900","14,800","15,000","14,500","1,50M","2,05%"
"13.03.2019","14,600","14,300","14,900","14,200","951,70K","1,74%"
"12.03.2019","14,350","13,900","14,350","13,700","803,48K","4,36%"
"11.03.2019","13,750","14,100","14,100","13,650","764,29K","0,00%"
"08.03.2019","13,750","13,800","14,350","13,500","722,90K","-1,43%"
"07.03.2019","13,950","14,100","14,450","13,800","1,10M","-1,41%"
"06.03.2019","14,150","14,500","14,500","13,900","630,21K","-3,08%"
"01.03.2019","14,600","14,700","14,950","14,300","1,61M","-0,34%"
"28.02.2019","14,650","14,650","15,150","14,200","371,33K","-1,01%"
"27.02.2019","14,800","15,200","15,200","14,500","719,55K","-0,67%"
"26.02.2019","14,900","15,200","15,400","14,750","817,65K","-2,30%"
"25.02.2019","15,250","15,750","15,750","15,000","907,93K","-1,61%"
"22.02.2019","15,500","15,000","15,550","15,000","813,47K","1,97%"
"21.02.2019","15,200","15,550","15,600","15,050","902,98K","-0,98%"
"20.02.2019","15,350","16,100","16,350","15,200","1,42M","-4,36%"
"19.02.2019","16,050","16,700","16,900","15,750","1,24M","-3,89%"
"18.02.2019","16,700","16,000","16,750","16,000","2,25M","5,03%"
"15.02.2019","15,900","15,050","15,950","15,050","1,18M","5,30%"
"14.02.2019","15,100","15,050","15,750","14,950","352,43K","-0,66%"
"13.02.2019","15,200","15,350","15,350","14,850","918,58K","0,00%"
"12.02.2019","15,200","15,350","15,350","15,050","571,94K","-1,30%"
"11.02.2019","15,400","15,450","15,600","15,200","400,32K","0,00%"
"08.02.2019","15,400","15,450","15,550","15,000","615,53K","0,33%"
"07.02.2019","15,350","15,300","15,400","14,800","716,25K","0,66%"
"06.02.2019","15,250","15,300","15,400","15,000","936,16K","1,33%"
"05.02.2019","15,050","15,050","15,300","15,000","740,47K","-1,95%"
"04.02.2019","15,350","15,600","15,850","15,100","1,20M","-0,97%"
"01.02.2019","15,500","15,150","15,500","15,000","1,12M","1,31%"
"31.01.2019","15,300","15,250","15,400","15,050","558,76K","0,66%"
"30.01.2019","15,200","15,300","15,500","15,000","700,68K","0,00%"
"29.01.2019","15,200","14,800","15,200","14,600","476,09K","2,70%"
"28.01.2019","14,800","14,900","15,100","14,600","255,76K","-2,95%"
"25.01.2019","15,250","15,300","15,500","15,050","881,09K","-0,33%"
"24.01.2019","15,300","15,100","15,400","14,950","782,23K","0,66%"
"23.01.2019","15,200","14,850","15,250","14,600","646,32K","2,01%"
"22.01.2019","14,900","15,150","15,200","14,600","380,45K","-1,97%"
"21.01.2019","15,200","15,000","15,400","14,900","423,21K","1,33%"
"18.01.2019","15,000","15,200","15,400","15,000","831,66K","0,00%"
"17.01.2019","15,000","15,300","15,450","14,950","439,44K","-1,96%"
"16.01.2019","15,300","14,950","15,450","14,750","821,22K","1,66%"
"15.01.2019","15,050","15,750","15,850","14,900","844,21K","-2,59%"
"14.01.2019","15,450","15,750","16,150","15,400","565,69K","-2,83%"
"11.01.2019","15,900","15,850","16,000","15,500","406,53K","0,32%"
"10.01.2019","15,850","15,400","15,950","15,150","781,41K","2,59%"
"09.01.2019","15,450","15,200","15,600","15,050","1,13M","1,64%"
"08.01.2019","15,200","14,950","15,500","14,850","651,51K","1,33%"
"07.01.2019","15,000","14,600","15,050","14,350","1,02M","2,04%"
"04.01.2019","14,700","14,000","14,850","14,000","594,98K","5,00%"
"03.01.2019","14,000","13,650","14,000","13,300","590,30K","2,19%"
"02.01.2019","13,700","13,400","13,700","13,050","352,20K","4,18%"