"Fecha","Último","Apertura","Máximo","Mínimo","Vol.","% var."
"30.06.2025","3.345,000","3.400,000","3.430,000","3.280,000","1,29M","-1,33%"
"27.06.2025","3.390,000","3.400,000","3.420,000","3.345,000","568,32K","0,30%"
"26.06.2025","3.380,000","3.400,000","3.420,000","3.365,000","659,04K","0,90%"
"25.06.2025","3.350,000","3.390,000","3.410,000","3.330,000","903,95K","-2,19%"
"24.06.2025","3.425,000","3.360,000","3.485,000","3.340,000","1,10M","1,93%"
"23.06.2025","3.360,000","3.385,000","3.390,000","3.290,000","1,13M","-2,04%"
"19.06.2025","3.430,000","3.450,000","3.475,000","3.400,000","422,31K","0,59%"
"18.06.2025","3.410,000","3.475,000","3.500,000","3.405,000","1,32M","-1,87%"
"17.06.2025","3.475,000","3.500,000","3.520,000","3.430,000","1,58M","-2,52%"
"13.06.2025","3.565,000","3.675,000","3.695,000","3.495,000","1,06M","-1,66%"
"12.06.2025","3.625,000","3.685,000","3.685,000","3.600,000","1,08M","0,00%"
"11.06.2025","3.625,000","3.650,000","3.680,000","3.555,000","1,33M","-0,14%"
"10.06.2025","3.630,000","3.515,000","3.665,000","3.515,000","2,26M","3,71%"
"09.06.2025","3.500,000","3.545,000","3.560,000","3.470,000","902,23K","-1,41%"
"06.06.2025","3.550,000","3.500,000","3.595,000","3.450,000","936,93K","1,28%"
"05.06.2025","3.505,000","3.500,000","3.565,000","3.475,000","1,14M","1,45%"
"04.06.2025","3.455,000","3.675,000","3.720,000","3.445,000","1,73M","-6,24%"
"03.06.2025","3.685,000","3.575,000","3.705,000","3.575,000","1,11M","2,79%"
"02.06.2025","3.585,000","3.700,000","3.755,000","3.575,000","553,60K","-3,11%"
"30.05.2025","3.700,000","3.740,000","3.765,000","3.660,000","700,90K","-1,07%"
"29.05.2025","3.740,000","3.830,000","3.865,000","3.710,000","1,10M","-2,35%"
"28.05.2025","3.830,000","3.795,000","3.875,000","3.710,000","1,11M","0,52%"
"27.05.2025","3.810,000","3.830,000","3.845,000","3.775,000","721,42K","-0,13%"
"26.05.2025","3.815,000","3.805,000","3.870,000","3.790,000","568,37K","0,26%"
"23.05.2025","3.805,000","3.705,000","3.830,000","3.705,000","576,64K","1,06%"
"22.05.2025","3.765,000","3.805,000","3.860,000","3.745,000","1,64M","-1,05%"
"21.05.2025","3.805,000","3.945,000","4.015,000","3.770,000","2,53M","-3,55%"
"20.05.2025","3.945,000","3.960,000","4.005,000","3.930,000","1,18M","-0,38%"
"19.05.2025","3.960,000","3.880,000","4.060,000","3.880,000","1,20M","2,59%"
"16.05.2025","3.860,000","3.830,000","3.900,000","3.805,000","1,04M","0,78%"
"15.05.2025","3.830,000","3.800,000","3.880,000","3.775,000","2,76M","-1,29%"
"14.05.2025","3.880,000","3.875,000","3.910,000","3.715,000","1,27M","0,13%"
"13.05.2025","3.875,000","3.725,000","3.930,000","3.670,000","2,96M","3,47%"
"12.05.2025","3.745,000","3.530,000","3.770,000","3.515,000","3,99M","7,15%"
"09.05.2025","3.495,000","3.400,000","3.540,000","3.365,000","1,20M","4,17%"
"08.05.2025","3.355,000","3.320,000","3.410,000","3.280,000","971,15K","1,21%"
"07.05.2025","3.315,000","3.495,000","3.495,000","3.290,000","2,38M","-4,33%"
"06.05.2025","3.465,000","3.340,000","3.480,000","3.340,000","897,02K","3,28%"
"05.05.2025","3.355,000","3.380,000","3.455,000","3.310,000","837,72K","-0,89%"
"30.04.2025","3.385,000","3.420,000","3.485,000","3.360,000","957,57K","-2,87%"
"29.04.2025","3.485,000","3.585,000","3.585,000","3.475,000","887,59K","-1,27%"
"28.04.2025","3.530,000","3.680,000","3.680,000","3.475,000","1,03M","-3,29%"
"25.04.2025","3.650,000","3.660,000","3.745,000","3.600,000","914,13K","0,27%"
"24.04.2025","3.640,000","3.680,000","3.840,000","3.600,000","1,44M","-0,55%"
"23.04.2025","3.660,000","3.630,000","3.750,000","3.630,000","2,07M","2,52%"
"22.04.2025","3.570,000","3.405,000","3.595,000","3.405,000","1,45M","6,25%"
"21.04.2025","3.360,000","3.600,000","3.600,000","3.300,000","1,31M","-7,05%"
"16.04.2025","3.615,000","3.700,000","3.780,000","3.570,000","1,30M","-3,34%"
"15.04.2025","3.740,000","3.830,000","3.840,000","3.700,000","1,04M","-2,98%"
"14.04.2025","3.855,000","4.000,000","4.095,000","3.670,000","3,12M","3,35%"
"11.04.2025","3.730,000","3.635,000","3.830,000","3.635,000","1,54M","4,78%"
"10.04.2025","3.560,000","3.620,000","3.670,000","3.415,000","1,57M","-1,66%"
"09.04.2025","3.620,000","3.425,000","3.950,000","3.285,000","2,53M","5,69%"
"08.04.2025","3.425,000","3.630,000","3.735,000","3.380,000","3,33M","-2,42%"
"07.04.2025","3.510,000","3.490,000","3.750,000","3.460,000","3,00M","-4,10%"
"04.04.2025","3.660,000","3.840,000","3.840,000","3.500,000","1,90M","-7,11%"
"03.04.2025","3.940,000","3.985,000","4.050,000","3.930,000","1,15M","-4,95%"
"01.04.2025","4.145,000","4.060,000","4.200,000","4.060,000","633,21K","2,47%"
"31.03.2025","4.045,000","4.100,000","4.100,000","4.000,000","1,66M","-2,41%"
"28.03.2025","4.145,000","4.170,000","4.205,000","4.105,000","775,15K","-0,96%"
"27.03.2025","4.185,000","4.270,000","4.335,000","4.170,000","967,38K","-1,53%"
"26.03.2025","4.250,000","4.390,000","4.390,000","4.240,000","1,10M","-2,19%"
"25.03.2025","4.345,000","4.300,000","4.395,000","4.255,000","1,17M","2,12%"
"21.03.2025","4.255,000","4.170,000","4.275,000","4.110,000","1,09M","3,40%"
"20.03.2025","4.115,000","4.130,000","4.160,000","4.025,000","857,00K","-0,36%"
"19.03.2025","4.130,000","3.960,000","4.145,000","3.960,000","1,14M","4,69%"
"18.03.2025","3.945,000","3.985,000","4.005,000","3.890,000","1,19M","-2,11%"
"17.03.2025","4.030,000","4.080,000","4.150,000","4.020,000","1,03M","-1,23%"
"14.03.2025","4.080,000","3.970,000","4.095,000","3.945,000","1,23M","4,75%"
"13.03.2025","3.895,000","3.935,000","4.025,000","3.845,000","948,26K","-2,01%"
"12.03.2025","3.975,000","3.815,000","4.000,000","3.815,000","2,33M","6,43%"
"11.03.2025","3.735,000","3.705,000","3.805,000","3.645,000","1,80M","1,77%"
"10.03.2025","3.670,000","3.785,000","3.785,000","3.570,000","1,58M","-5,29%"
"07.03.2025","3.875,000","3.900,000","3.970,000","3.715,000","1,04M","0,65%"
"06.03.2025","3.850,000","3.850,000","3.920,000","3.725,000","1,46M","1,32%"
"05.03.2025","3.800,000","3.700,000","3.820,000","3.665,000","894,70K","1,47%"
"28.02.2025","3.745,000","3.630,000","3.815,000","3.525,000","1,60M","3,74%"
"27.02.2025","3.610,000","3.735,000","3.780,000","3.575,000","1,44M","-2,96%"
"26.02.2025","3.720,000","3.780,000","3.830,000","3.700,000","1,38M","-1,46%"
"25.02.2025","3.775,000","3.890,000","3.935,000","3.700,000","1,04M","-2,96%"
"24.02.2025","3.890,000","3.990,000","3.995,000","3.795,000","903,35K","-0,38%"
"21.02.2025","3.905,000","4.000,000","4.070,000","3.900,000","1,81M","-1,01%"
"20.02.2025","3.945,000","3.965,000","4.010,000","3.865,000","1,13M","-0,50%"
"19.02.2025","3.965,000","3.950,000","4.015,000","3.900,000","1,05M","0,63%"
"18.02.2025","3.940,000","3.720,000","3.990,000","3.720,000","2,08M","6,34%"
"17.02.2025","3.705,000","3.850,000","3.895,000","3.660,000","2,44M","-5,96%"
"14.02.2025","3.940,000","3.880,000","3.945,000","3.800,000","1,16M","2,20%"
"13.02.2025","3.855,000","3.730,000","3.875,000","3.720,000","916,57K","3,63%"
"12.02.2025","3.720,000","3.660,000","3.825,000","3.500,000","2,47M","1,92%"
"11.02.2025","3.650,000","3.775,000","3.840,000","3.600,000","2,80M","-3,31%"
"10.02.2025","3.775,000","3.890,000","3.955,000","3.710,000","2,57M","-2,96%"
"07.02.2025","3.890,000","4.065,000","4.120,000","3.830,000","1,66M","-4,07%"
"06.02.2025","4.055,000","4.035,000","4.125,000","3.975,000","1,01M","0,75%"
"05.02.2025","4.025,000","4.150,000","4.180,000","4.015,000","731,21K","-3,01%"
"04.02.2025","4.150,000","4.080,000","4.180,000","4.080,000","728,53K","1,72%"
"03.02.2025","4.080,000","4.160,000","4.160,000","4.000,000","1,48M","-3,77%"
"31.01.2025","4.240,000","4.350,000","4.365,000","4.200,000","734,24K","-0,93%"
"30.01.2025","4.280,000","4.110,000","4.300,000","4.100,000","2,02M","5,29%"
"29.01.2025","4.065,000","3.800,000","4.080,000","3.725,000","1,79M","6,97%"
"28.01.2025","3.800,000","3.895,000","3.950,000","3.680,000","2,89M","-1,94%"
"27.01.2025","3.875,000","4.030,000","4.030,000","3.780,000","2,23M","-4,08%"
"24.01.2025","4.040,000","4.075,000","4.195,000","3.865,000","2,11M","-3,23%"
"23.01.2025","4.175,000","4.235,000","4.245,000","4.140,000","916,19K","-1,42%"
"22.01.2025","4.235,000","4.210,000","4.300,000","4.165,000","969,98K","0,59%"
"21.01.2025","4.210,000","4.100,000","4.225,000","4.040,000","1,81M","4,08%"
"20.01.2025","4.045,000","4.090,000","4.185,000","4.005,000","888,93K","-0,86%"
"17.01.2025","4.080,000","4.290,000","4.325,000","4.060,000","2,34M","-4,90%"
"16.01.2025","4.290,000","4.420,000","4.460,000","4.265,000","1,26M","-2,94%"
"15.01.2025","4.420,000","4.550,000","4.580,000","4.345,000","1,61M","-1,01%"
"14.01.2025","4.465,000","4.315,000","4.490,000","4.315,000","1,91M","3,72%"
"13.01.2025","4.305,000","4.550,000","4.590,000","4.300,000","1,46M","-4,97%"
"10.01.2025","4.530,000","4.505,000","4.630,000","4.430,000","2,27M","-0,98%"
"09.01.2025","4.575,000","4.555,000","4.645,000","4.460,000","1,57M","2,35%"
"08.01.2025","4.470,000","4.580,000","4.580,000","4.280,000","2,87M","-1,87%"
"07.01.2025","4.555,000","4.515,000","4.635,000","4.450,000","2,68M","1,22%"
"06.01.2025","4.500,000","4.500,000","4.560,000","4.400,000","1,94M","1,24%"
"03.01.2025","4.445,000","4.420,000","4.510,000","4.255,000","1,93M","1,37%"
"02.01.2025","4.385,000","4.170,000","4.450,000","4.170,000","2,26M","5,28%"
"31.12.2024","4.165,000","4.200,000","4.220,000","4.110,000","1,00M","0,00%"
"30.12.2024","4.165,000","4.200,000","4.220,000","4.110,000","1,00M","-0,60%"
"27.12.2024","4.190,000","4.230,000","4.260,000","4.110,000","1,01M","-0,59%"
"26.12.2024","4.215,000","4.135,000","4.275,000","4.135,000","1,29M","1,93%"
"24.12.2024","4.135,000","4.100,000","4.155,000","4.065,000","224,22K","1,72%"
"23.12.2024","4.065,000","4.070,000","4.250,000","3.960,000","1,20M","0,62%"
"20.12.2024","4.040,000","3.950,000","4.050,000","3.690,000","1,96M","2,28%"
"19.12.2024","3.950,000","4.080,000","4.170,000","3.930,000","1,68M","-2,95%"
"18.12.2024","4.070,000","4.200,000","4.320,000","4.050,000","2,55M","-2,51%"
"17.12.2024","4.175,000","4.120,000","4.200,000","4.075,000","2,38M","1,58%"
"16.12.2024","4.110,000","3.895,000","4.120,000","3.895,000","2,87M","5,66%"
"13.12.2024","3.890,000","3.820,000","3.965,000","3.800,000","2,48M","1,83%"
"12.12.2024","3.820,000","3.900,000","3.965,000","3.800,000","3,24M","-1,29%"
"11.12.2024","3.870,000","3.720,000","3.895,000","3.695,000","2,15M","4,17%"
"10.12.2024","3.715,000","3.800,000","3.835,000","3.680,000","1,33M","-1,46%"
"09.12.2024","3.770,000","3.730,000","3.835,000","3.710,000","1,29M","1,07%"
"06.12.2024","3.730,000","3.750,000","3.850,000","3.610,000","1,44M","-0,27%"
"05.12.2024","3.740,000","3.770,000","3.895,000","3.615,000","2,53M","-0,80%"
"04.12.2024","3.770,000","3.890,000","3.930,000","3.720,000","2,06M","-3,08%"
"03.12.2024","3.890,000","3.895,000","3.970,000","3.820,000","2,08M","0,26%"
"02.12.2024","3.880,000","3.930,000","3.930,000","3.755,000","2,71M","0,65%"
"29.11.2024","3.855,000","3.800,000","3.900,000","3.735,000","1,20M","2,12%"
"28.11.2024","3.775,000","3.750,000","3.790,000","3.665,000","609,84K","1,21%"
"27.11.2024","3.730,000","3.800,000","3.800,000","3.670,000","1,22M","0,00%"
"26.11.2024","3.730,000","3.770,000","3.780,000","3.550,000","1,53M","0,54%"
"25.11.2024","3.710,000","3.780,000","3.870,000","3.610,000","2,73M","-0,54%"
"22.11.2024","3.730,000","3.645,000","3.780,000","3.575,000","1,93M","2,19%"
"21.11.2024","3.650,000","3.625,000","3.715,000","3.580,000","2,28M","0,69%"
"20.11.2024","3.625,000","3.580,000","3.650,000","3.525,000","1,86M","1,83%"
"19.11.2024","3.560,000","3.590,000","3.650,000","3.520,000","2,36M","4,25%"
"15.11.2024","3.415,000","3.480,000","3.600,000","3.395,000","3,05M","-1,73%"
"14.11.2024","3.475,000","3.480,000","3.500,000","3.415,000","2,14M","1,16%"
"13.11.2024","3.435,000","3.360,000","3.465,000","3.340,000","2,03M","2,23%"
"12.11.2024","3.360,000","3.320,000","3.400,000","3.230,000","1,77M","1,82%"
"11.11.2024","3.300,000","3.275,000","3.305,000","3.180,000","1,22M","1,69%"
"08.11.2024","3.245,000","3.300,000","3.330,000","3.135,000","2,06M","-0,15%"
"07.11.2024","3.250,000","3.250,000","3.315,000","3.200,000","1,84M","0,93%"
"06.11.2024","3.220,000","3.245,000","3.300,000","3.205,000","1,58M","0,31%"
"05.11.2024","3.210,000","3.135,000","3.220,000","3.120,000","1,52M","2,39%"
"04.11.2024","3.135,000","3.120,000","3.160,000","3.105,000","1,31M","0,32%"
"01.11.2024","3.125,000","3.145,000","3.175,000","3.085,000","998,97K","0,64%"
"31.10.2024","3.105,000","3.110,000","3.135,000","3.050,000","1,18M","0,00%"
"30.10.2024","3.105,000","3.100,000","3.140,000","3.080,000","1,11M","0,81%"
"29.10.2024","3.080,000","3.155,000","3.155,000","3.070,000","1,58M","-1,28%"
"28.10.2024","3.120,000","3.190,000","3.235,000","3.075,000","1,78M","-2,50%"
"25.10.2024","3.200,000","3.250,000","3.265,000","3.185,000","1,37M","-1,08%"
"24.10.2024","3.235,000","3.175,000","3.240,000","3.140,000","846,78K","2,21%"
"23.10.2024","3.165,000","3.260,000","3.260,000","3.115,000","823,87K","-2,01%"
"22.10.2024","3.230,000","3.245,000","3.290,000","3.210,000","730,36K","-0,31%"
"21.10.2024","3.240,000","3.280,000","3.290,000","3.220,000","962,77K","-0,31%"
"18.10.2024","3.250,000","3.250,000","3.265,000","3.175,000","982,45K","0,78%"
"17.10.2024","3.225,000","3.070,000","3.245,000","3.070,000","2,87M","5,56%"
"16.10.2024","3.055,000","3.085,000","3.140,000","3.045,000","908,53K","-1,45%"
"15.10.2024","3.100,000","3.070,000","3.120,000","3.020,000","1,99M","0,98%"
"14.10.2024","3.070,000","3.085,000","3.095,000","2.990,000","1,24M","1,82%"
"10.10.2024","3.015,000","3.070,000","3.090,000","3.005,000","748,82K","-1,15%"
"09.10.2024","3.050,000","3.000,000","3.085,000","2.935,000","1,26M","1,67%"
"08.10.2024","3.000,000","2.980,000","3.020,000","2.955,000","778,85K","0,84%"
"07.10.2024","2.975,000","3.075,000","3.090,000","2.960,000","861,52K","-3,72%"
"04.10.2024","3.090,000","3.070,000","3.105,000","3.030,000","747,94K","1,15%"
"03.10.2024","3.055,000","2.960,000","3.070,000","2.955,000","902,14K","3,38%"
"02.10.2024","2.955,000","3.000,000","3.095,000","2.940,000","1,89M","-2,48%"
"01.10.2024","3.030,000","2.950,000","3.045,000","2.950,000","1,14M","2,02%"
"30.09.2024","2.970,000","2.915,000","2.980,000","2.840,000","1,16M","2,77%"
"27.09.2024","2.890,000","2.885,000","2.975,000","2.875,000","982,09K","1,23%"
"26.09.2024","2.855,000","2.950,000","2.955,000","2.850,000","1,00M","-2,39%"
"25.09.2024","2.925,000","2.950,000","2.990,000","2.905,000","962,04K","-1,02%"
"24.09.2024","2.955,000","2.985,000","3.010,000","2.930,000","861,06K","0,00%"
"23.09.2024","2.955,000","3.050,000","3.055,000","2.925,000","1,06M","-2,48%"
"20.09.2024","3.030,000","3.035,000","3.055,000","3.000,000","1,15M","-0,16%"
"19.09.2024","3.035,000","2.995,000","3.055,000","2.990,000","1,92M","3,41%"
"18.09.2024","2.935,000","2.935,000","2.975,000","2.865,000","1,41M","1,03%"
"17.09.2024","2.905,000","2.910,000","2.920,000","2.865,000","1,68M","-0,17%"
"16.09.2024","2.910,000","2.900,000","2.995,000","2.900,000","1,55M","-2,02%"
"13.09.2024","2.970,000","2.960,000","2.985,000","2.935,000","1,45M","0,17%"
"12.09.2024","2.965,000","2.950,000","3.000,000","2.905,000","1,60M","0,51%"
"11.09.2024","2.950,000","2.860,000","2.980,000","2.860,000","1,48M","3,51%"
"10.09.2024","2.850,000","2.880,000","2.885,000","2.800,000","1,44M","-1,04%"
"09.09.2024","2.880,000","2.850,000","2.900,000","2.820,000","1,03M","1,23%"
"06.09.2024","2.845,000","2.900,000","2.910,000","2.775,000","1,06M","-1,90%"
"05.09.2024","2.900,000","2.960,000","3.000,000","2.865,000","2,05M","-1,36%"
"04.09.2024","2.940,000","2.925,000","2.960,000","2.875,000","1,38M","2,26%"
"03.09.2024","2.875,000","2.825,000","2.910,000","2.810,000","2,22M","-1,03%"
"02.09.2024","2.905,000","2.875,000","2.950,000","2.835,000","1,82M","3,01%"
"30.08.2024","2.820,000","2.800,000","2.885,000","2.800,000","1,75M","3,11%"
"29.08.2024","2.735,000","2.745,000","2.790,000","2.730,000","1,23M","1,67%"
"28.08.2024","2.690,000","2.680,000","2.715,000","2.650,000","697,52K","0,94%"
"27.08.2024","2.665,000","2.650,000","2.680,000","2.635,000","818,42K","1,52%"
"26.08.2024","2.625,000","2.675,000","2.690,000","2.595,000","916,22K","-1,32%"
"23.08.2024","2.660,000","2.665,000","2.675,000","2.625,000","876,59K","1,72%"
"22.08.2024","2.615,000","2.640,000","2.640,000","2.605,000","914,66K","-1,88%"
"21.08.2024","2.665,000","2.705,000","2.715,000","2.650,000","766,27K","-2,20%"
"20.08.2024","2.725,000","2.730,000","2.770,000","2.695,000","2,10M","0,37%"
"19.08.2024","2.715,000","2.710,000","2.735,000","2.660,000","1,41M","0,56%"
"16.08.2024","2.700,000","2.675,000","2.760,000","2.675,000","1,56M","0,75%"
"15.08.2024","2.680,000","2.630,000","2.685,000","2.630,000","1,54M","2,68%"
"14.08.2024","2.610,000","2.590,000","2.690,000","2.565,000","1,94M","-0,19%"
"13.08.2024","2.615,000","2.690,000","2.695,000","2.580,000","1,85M","-1,13%"
"12.08.2024","2.645,000","2.630,000","2.665,000","2.585,000","1,28M","0,19%"
"09.08.2024","2.640,000","2.575,000","2.685,000","2.545,000","2,70M","3,73%"
"08.08.2024","2.545,000","2.455,000","2.575,000","2.455,000","2,00M","8,30%"
"07.08.2024","2.350,000","2.340,000","2.385,000","2.290,000","1,71M","1,29%"
"06.08.2024","2.320,000","2.270,000","2.345,000","2.260,000","972,83K","2,43%"
"05.08.2024","2.265,000","2.130,000","2.270,000","2.115,000","4,11M","-0,66%"
"02.08.2024","2.280,000","2.295,000","2.350,000","2.260,000","851,64K","-2,36%"
"01.08.2024","2.335,000","2.365,000","2.385,000","2.305,000","851,17K","-0,64%"
"31.07.2024","2.350,000","2.275,000","2.365,000","2.245,000","1,36M","5,38%"
"30.07.2024","2.230,000","2.330,000","2.345,000","2.215,000","1,49M","-5,51%"
"29.07.2024","2.360,000","2.475,000","2.475,000","2.345,000","655,94K","-3,08%"
"26.07.2024","2.435,000","2.500,000","2.500,000","2.405,000","418,07K","0,62%"
"25.07.2024","2.420,000","2.510,000","2.510,000","2.420,000","1,30M","-3,59%"
"24.07.2024","2.510,000","2.580,000","2.595,000","2.505,000","911,02K","-2,52%"
"23.07.2024","2.575,000","2.495,000","2.585,000","2.480,000","1,34M","3,83%"
"22.07.2024","2.480,000","2.420,000","2.525,000","2.420,000","1,13M","1,43%"
"19.07.2024","2.445,000","2.400,000","2.480,000","2.400,000","1,01M","2,30%"
"18.07.2024","2.390,000","2.400,000","2.425,000","2.360,000","1,21M","1,92%"
"17.07.2024","2.345,000","2.385,000","2.385,000","2.305,000","1,30M","-1,26%"
"16.07.2024","2.375,000","2.365,000","2.405,000","2.220,000","1,64M","0,00%"
"15.07.2024","2.375,000","2.580,000","2.600,000","2.360,000","3,99M","-11,87%"
"12.07.2024","2.695,000","2.650,000","2.705,000","2.625,000","1,32M","1,51%"
"11.07.2024","2.655,000","2.585,000","2.660,000","2.570,000","1,60M","2,71%"
"10.07.2024","2.585,000","2.580,000","2.630,000","2.520,000","1,94M","0,24%"
"08.07.2024","2.578,750","2.560,150","2.597,350","2.518,000","1,10M","2,74%"
"05.07.2024","2.510,000","2.455,000","2.569,000","2.455,000","1,95M","2,16%"
"04.07.2024","2.456,950","2.430,000","2.479,000","2.415,000","688,21K","1,61%"
"03.07.2024","2.418,000","2.560,000","2.633,000","2.389,000","2,51M","-1,91%"
"02.07.2024","2.465,000","2.428,900","2.499,000","2.428,900","1,30M","1,67%"
"01.07.2024","2.424,400","2.425,100","2.438,000","2.355,950","1,55M","0,97%"
"28.06.2024","2.401,000","2.457,000","2.477,450","2.390,800","1,79M","-1,96%"
"27.06.2024","2.449,000","2.364,000","2.450,000","2.330,000","1,92M","3,86%"
"26.06.2024","2.357,900","2.357,900","2.374,350","2.311,050","1,05M","1,07%"
"25.06.2024","2.333,000","2.325,000","2.367,050","2.315,000","987,53K","0,10%"
"24.06.2024","2.330,700","2.330,000","2.338,500","2.280,000","1,27M","-1,73%"
"19.06.2024","2.371,800","2.317,500","2.378,000","2.317,500","824,98K","2,34%"
"18.06.2024","2.317,500","2.378,550","2.378,550","2.299,000","2,79M","-3,84%"
"14.06.2024","2.410,000","2.445,000","2.445,000","2.368,000","2,45M","-0,32%"
"13.06.2024","2.417,750","2.448,000","2.448,000","2.325,000","5,14M","2,45%"
"12.06.2024","2.360,000","2.350,000","2.404,000","2.328,050","2,04M","0,68%"
"11.06.2024","2.344,000","2.410,000","2.410,000","2.324,500","1,76M","-2,82%"
"10.06.2024","2.412,000","2.288,000","2.420,000","2.288,000","1,84M","5,79%"
"07.06.2024","2.280,000","2.274,000","2.294,000","2.248,000","1,64M","0,00%"
"06.06.2024","2.280,000","2.326,000","2.333,000","2.230,000","1,72M","3,21%"
"05.06.2024","2.209,000","2.195,000","2.230,000","2.160,100","2,95M","-5,05%"
"04.06.2024","2.326,500","2.425,000","2.468,000","2.310,500","1,35M","-5,67%"
"03.06.2024","2.466,400","2.474,000","2.500,000","2.425,100","1,00M","-0,31%"
"31.05.2024","2.474,000","2.440,000","2.500,000","2.400,000","1,50M","1,56%"
"30.05.2024","2.436,000","2.399,350","2.448,000","2.350,450","2,16M","3,05%"
"29.05.2024","2.363,950","2.366,000","2.374,950","2.285,000","1,82M","-0,09%"
"28.05.2024","2.366,000","2.330,000","2.388,000","2.270,000","1,92M","2,20%"
"27.05.2024","2.315,000","2.256,000","2.360,000","2.255,000","827,42K","2,62%"
"24.05.2024","2.255,900","2.229,000","2.270,000","2.212,450","1,51M","0,84%"
"23.05.2024","2.237,000","2.273,100","2.325,000","2.210,000","1,10M","-1,50%"
"22.05.2024","2.271,000","2.266,000","2.317,500","2.244,000","1,98M","-0,07%"
"21.05.2024","2.272,600","2.251,100","2.282,150","2.201,500","1,87M","1,81%"
"20.05.2024","2.232,100","2.112,550","2.237,950","2.090,000","1,29M","5,29%"
"17.05.2024","2.120,000","2.140,000","2.165,250","2.111,500","1,68M","-0,45%"
"16.05.2024","2.129,550","2.138,000","2.156,100","2.110,000","1,32M","-0,52%"
"15.05.2024","2.140,750","2.099,900","2.167,750","2.085,000","2,13M","3,97%"
"14.05.2024","2.059,000","1.980,000","2.080,000","1.980,000","1,45M","3,99%"
"13.05.2024","1.980,000","2.030,000","2.040,000","1.949,000","1,61M","-2,77%"
"10.05.2024","2.036,500","2.130,000","2.140,000","2.030,000","1,07M","-3,94%"
"09.05.2024","2.120,000","2.125,000","2.138,900","2.084,650","1,17M","-0,89%"
"08.05.2024","2.139,000","2.194,000","2.219,000","2.130,000","2,01M","-2,33%"
"07.05.2024","2.190,000","2.220,000","2.230,000","2.123,550","3,36M","-0,86%"
"06.05.2024","2.209,000","2.195,000","2.230,000","2.160,100","2,95M","1,20%"
"03.05.2024","2.182,800","2.105,000","2.203,850","2.105,000","3,61M","4,34%"
"02.05.2024","2.092,000","1.999,000","2.105,000","1.961,000","3,00M","-5,28%"
"01.05.2024","2.208,600","2.139,000","2.223,300","2.090,000","897,09K","13,85%"
"30.04.2024","1.940,000","2.000,000","2.005,000","1.932,050","2,52M","-1,27%"
"29.04.2024","1.964,900","1.915,400","1.993,000","1.915,400","1,15M","2,58%"
"26.04.2024","1.915,400","1.900,000","1.935,000","1.895,000","1,49M","1,34%"
"25.04.2024","1.890,000","1.849,750","1.906,700","1.815,600","1,80M","2,42%"
"24.04.2024","1.845,350","1.887,350","1.889,500","1.835,500","1,78M","-3,38%"
"23.04.2024","1.910,000","1.975,000","1.975,000","1.901,000","1,87M","-2,80%"
"22.04.2024","1.965,000","1.879,000","1.970,000","1.845,000","2,66M","6,85%"
"19.04.2024","1.839,000","1.802,000","1.855,000","1.785,000","2,26M","2,51%"
"18.04.2024","1.794,000","1.812,000","1.830,500","1.770,000","1,67M","0,17%"
"17.04.2024","1.791,000","1.812,000","1.839,000","1.765,100","1,46M","-1,16%"
"16.04.2024","1.812,000","1.819,950","1.832,000","1.771,000","1,55M","-0,51%"
"15.04.2024","1.821,200","1.904,500","1.904,500","1.798,000","2,42M","-4,41%"
"12.04.2024","1.905,300","1.940,000","1.940,500","1.893,000","2,08M","-1,81%"
"11.04.2024","1.940,350","1.906,000","1.946,650","1.876,000","2,73M","2,04%"
"10.04.2024","1.901,650","1.942,000","1.942,000","1.870,500","2,46M","-2,54%"
"09.04.2024","1.951,250","1.934,000","1.980,000","1.894,000","2,99M","1,66%"
"08.04.2024","1.919,450","1.950,000","2.002,000","1.893,000","4,71M","-2,07%"
"05.04.2024","1.960,000","1.870,000","1.964,450","1.860,000","3,81M","6,46%"
"04.04.2024","1.841,000","1.924,000","1.925,000","1.839,000","2,57M","-2,48%"
"03.04.2024","1.887,900","1.889,500","1.890,850","1.820,000","1,65M","-11,99%"
"01.04.2024","2.145,100","2.047,100","2.148,950","2.047,000","1,35M","13,17%"
"27.03.2024","1.895,550","1.900,000","1.915,500","1.873,100","1,79M","0,83%"
"26.03.2024","1.880,000","1.864,000","1.910,500","1.820,100","1,19M","0,89%"
"25.03.2024","1.863,500","1.950,000","1.965,000","1.850,000","2,02M","-2,99%"
"22.03.2024","1.920,950","1.918,150","1.931,300","1.870,000","2,26M","-0,88%"
"21.03.2024","1.938,000","1.955,000","1.968,000","1.887,600","3,02M","0,47%"
"20.03.2024","1.929,000","1.830,000","1.939,300","1.830,000","2,57M","5,87%"
"19.03.2024","1.822,000","1.850,000","1.901,550","1.810,000","2,91M","-1,49%"
"18.03.2024","1.849,500","1.725,000","1.850,000","1.683,000","2,95M","7,91%"
"15.03.2024","1.714,000","1.670,000","1.730,000","1.648,000","1,53M","3,56%"
"14.03.2024","1.655,100","1.661,000","1.682,000","1.636,100","1,33M","-0,36%"
"13.03.2024","1.661,000","1.740,000","1.769,100","1.650,500","2,30M","-2,87%"
"12.03.2024","1.710,000","1.609,000","1.739,950","1.609,000","1,90M","6,54%"
"11.03.2024","1.605,000","1.700,000","1.700,000","1.584,650","1,61M","-4,18%"
"08.03.2024","1.675,000","1.638,000","1.675,000","1.607,550","1,92M","2,25%"
"07.03.2024","1.638,200","1.700,000","1.717,300","1.610,000","1,60M","-4,51%"
"06.03.2024","1.715,600","1.724,000","1.762,000","1.681,800","1,00M","0,06%"
"05.03.2024","1.714,500","1.770,000","1.827,000","1.704,550","830,74K","-4,00%"
"04.03.2024","1.786,000","1.935,000","1.992,000","1.775,500","1,11M","-4,03%"
"01.03.2024","1.861,000","1.770,000","1.865,000","1.770,000","1,22M","5,20%"
"29.02.2024","1.769,000","1.755,000","1.875,000","1.755,000","754,76K","-0,39%"
"28.02.2024","1.776,000","1.830,000","1.861,100","1.760,100","1,73M","-2,84%"
"27.02.2024","1.827,900","1.915,000","1.933,250","1.819,700","797,12K","-4,68%"
"26.02.2024","1.917,700","2.025,000","2.071,000","1.900,000","882,92K","-4,12%"
"23.02.2024","2.000,000","1.930,000","2.007,300","1.880,000","905,45K","4,14%"
"22.02.2024","1.920,400","1.892,000","1.960,000","1.892,000","1,67M","2,34%"
"21.02.2024","1.876,400","1.898,000","1.928,250","1.850,000","919,55K","-1,14%"
"20.02.2024","1.898,000","1.935,000","1.992,500","1.801,000","1,12M","-1,33%"
"19.02.2024","1.923,500","1.914,000","1.999,000","1.895,500","696,48K","0,55%"
"16.02.2024","1.913,000","2.013,000","2.059,000","1.880,000","982,98K","-5,39%"
"15.02.2024","2.022,000","2.072,000","2.127,500","2.002,000","771,78K","-2,55%"
"14.02.2024","2.075,000","2.198,450","2.214,000","2.061,500","657,92K","-5,62%"
"09.02.2024","2.198,450","2.197,650","2.244,400","2.133,000","1,25M","-0,07%"
"08.02.2024","2.200,000","2.201,000","2.226,000","2.134,800","596,02K","-0,53%"
"07.02.2024","2.211,800","2.235,000","2.325,000","2.157,750","1,14M","-5,80%"
"06.02.2024","2.348,000","2.461,000","2.490,000","2.326,950","519,68K","-4,48%"
"05.02.2024","2.458,000","2.536,000","2.570,000","2.400,000","591,90K","-2,85%"
"02.02.2024","2.530,000","2.570,000","2.600,000","2.496,000","771,19K","-0,16%"
"01.02.2024","2.534,000","2.468,000","2.560,000","2.405,050","662,46K","3,39%"
"31.01.2024","2.450,800","2.504,200","2.560,000","2.400,000","485,98K","-2,26%"
"30.01.2024","2.507,450","2.480,000","2.575,000","2.455,000","440,05K","1,11%"
"29.01.2024","2.480,000","2.466,000","2.496,400","2.347,700","652,38K","0,40%"
"26.01.2024","2.470,000","2.561,000","2.562,000","2.435,000","856,56K","-2,95%"
"25.01.2024","2.545,000","2.575,000","2.620,000","2.545,000","542,16K","-0,93%"
"24.01.2024","2.569,000","2.450,000","2.574,000","2.430,000","835,23K","5,07%"
"23.01.2024","2.445,000","2.555,000","2.625,000","2.430,000","1,17M","-4,02%"
"22.01.2024","2.547,500","2.520,000","2.620,000","2.502,500","584,49K","1,90%"
"19.01.2024","2.500,000","2.420,000","2.500,000","2.380,000","1,10M","3,52%"
"18.01.2024","2.415,000","2.469,000","2.500,000","2.400,500","806,80K","0,42%"
"17.01.2024","2.405,000","2.257,100","2.450,000","2.257,100","1,16M","6,00%"
"16.01.2024","2.268,950","2.242,000","2.295,000","2.164,000","727,65K","1,16%"
"15.01.2024","2.242,900","2.180,000","2.245,500","2.135,000","514,67K","3,03%"
"12.01.2024","2.176,900","2.185,000","2.230,000","2.120,000","472,05K","-0,39%"
"11.01.2024","2.185,500","2.240,000","2.318,950","2.170,000","567,13K","-2,17%"
"10.01.2024","2.234,000","2.255,000","2.300,000","2.200,000","721,84K","-1,02%"
"09.01.2024","2.257,000","2.400,000","2.450,000","2.219,000","794,92K","-4,64%"
"08.01.2024","2.366,750","2.210,000","2.388,000","2.150,000","654,49K","7,16%"
"05.01.2024","2.208,600","2.139,000","2.223,300","2.090,000","897,09K","2,96%"
"04.01.2024","2.145,100","2.047,100","2.148,950","2.047,000","1,35M","4,79%"
"03.01.2024","2.047,100","1.920,000","2.060,000","1.835,000","797,70K","6,29%"
"02.01.2024","1.926,000","1.940,000","1.959,000","1.860,000","612,82K","-0,21%"
"29.12.2023","1.930,000","1.850,000","1.938,000","1.805,000","1,64M","3,43%"
"28.12.2023","1.866,000","1.827,000","1.887,200","1.784,000","1,33M","1,97%"
"27.12.2023","1.830,000","1.881,500","1.917,000","1.786,500","519,15K","-2,71%"
"26.12.2023","1.881,000","1.960,000","2.000,000","1.859,050","752,45K","-3,98%"
"22.12.2023","1.959,000","1.947,000","1.980,000","1.878,000","771,24K","2,24%"
"21.12.2023","1.916,000","1.949,000","2.000,500","1.856,550","1,18M","-0,35%"
"20.12.2023","1.922,700","1.940,000","1.969,000","1.885,000","988,28K","-0,17%"
"19.12.2023","1.926,000","1.972,700","1.995,000","1.908,050","1,09M","-0,98%"
"18.12.2023","1.945,000","1.950,550","1.999,000","1.875,000","876,69K","-0,28%"
"15.12.2023","1.950,550","2.017,000","2.052,000","1.914,950","1,14M","-3,25%"
"14.12.2023","2.016,000","2.060,000","2.130,000","1.985,500","820,36K","-2,14%"
"13.12.2023","2.060,000","2.089,000","2.234,000","1.977,000","922,71K","-0,07%"
"12.12.2023","2.061,350","1.975,000","2.089,000","1.910,000","1,48M","6,70%"
"11.12.2023","1.932,000","1.925,000","1.980,000","1.855,700","1,51M","1,63%"
"07.12.2023","1.901,100","1.842,000","1.925,000","1.775,000","1,40M","5,44%"
"06.12.2023","1.803,000","1.807,000","1.850,000","1.716,500","1,10M","0,67%"
"05.12.2023","1.791,000","1.693,300","1.812,150","1.693,300","970,20K","5,77%"
"04.12.2023","1.693,250","1.750,000","1.795,000","1.644,400","792,83K","-2,80%"
"01.12.2023","1.742,000","1.630,000","1.747,000","1.601,500","1,17M","5,90%"
"30.11.2023","1.645,000","1.600,000","1.645,000","1.530,000","697,40K","2,81%"
"29.11.2023","1.600,000","1.570,000","1.665,000","1.536,000","953,41K","2,89%"
"28.11.2023","1.555,000","1.701,000","1.784,000","1.555,000","1,15M","-9,86%"
"27.11.2023","1.725,000","1.850,000","1.901,000","1.679,200","2,58M","-7,83%"
"24.11.2023","1.871,500","1.855,000","1.895,000","1.760,000","1,66M","3,68%"
"23.11.2023","1.805,000","1.690,000","1.855,000","1.661,000","808,90K","6,94%"
"22.11.2023","1.687,800","1.649,000","1.799,000","1.590,000","2,44M","2,29%"
"21.11.2023","1.650,000","1.487,000","1.651,000","1.441,350","2,96M","23,78%"
"17.11.2023","1.333,000","1.230,000","1.333,000","1.225,000","982,07K","7,59%"
"16.11.2023","1.239,000","1.281,000","1.281,400","1.225,000","872,36K","-2,82%"
"15.11.2023","1.275,000","1.288,000","1.318,000","1.250,000","728,06K","-1,01%"
"14.11.2023","1.288,000","1.298,000","1.318,000","1.250,000","815,58K","2,22%"
"13.11.2023","1.260,000","1.303,000","1.339,000","1.258,000","609,02K","-3,82%"
"10.11.2023","1.310,000","1.287,500","1.332,000","1.270,000","1,06M","4,01%"
"09.11.2023","1.259,500","1.220,000","1.304,900","1.150,000","931,17K","2,57%"
"08.11.2023","1.228,000","1.251,000","1.298,500","1.215,650","783,43K","-2,85%"
"07.11.2023","1.264,000","1.333,000","1.333,000","1.250,550","762,16K","-5,39%"
"03.11.2023","1.336,000","1.391,000","1.405,600","1.311,050","1,15M","-2,27%"
"02.11.2023","1.367,000","1.395,000","1.408,050","1.351,000","1,62M","1,90%"
"01.11.2023","1.341,500","1.300,000","1.371,000","1.285,000","749,29K","4,64%"
"31.10.2023","1.282,000","1.260,000","1.318,900","1.249,700","1,22M","0,27%"
"30.10.2023","1.278,500","1.382,950","1.382,950","1.265,000","1,39M","-5,65%"
"27.10.2023","1.355,000","1.430,000","1.451,000","1.342,000","1,06M","-5,24%"
"26.10.2023","1.430,000","1.498,000","1.549,600","1.412,000","557,40K","-3,38%"
"25.10.2023","1.480,000","1.455,500","1.498,000","1.350,000","1,08M","1,79%"
"24.10.2023","1.454,000","1.580,000","1.625,000","1.400,000","812,03K","-5,09%"
"23.10.2023","1.532,000","1.650,000","1.650,000","1.510,000","2,42M","-11,90%"
"20.10.2023","1.738,850","1.685,000","1.772,000","1.623,000","1,82M","6,68%"
"19.10.2023","1.630,000","1.644,000","1.695,000","1.580,000","2,44M","-1,74%"
"18.10.2023","1.658,800","1.785,000","1.785,000","1.657,050","3,01M","-4,90%"
"17.10.2023","1.744,250","1.600,000","1.776,000","1.578,000","3,00M","9,70%"
"12.10.2023","1.590,000","1.550,000","1.650,000","1.524,550","2,98M","5,51%"
"11.10.2023","1.507,000","1.530,000","1.570,950","1.416,450","2,50M","-0,01%"
"10.10.2023","1.507,150","1.400,000","1.574,950","1.385,000","1,76M","12,01%"
"09.10.2023","1.345,500","1.338,000","1.420,000","1.316,000","896,99K","-2,50%"
"06.10.2023","1.379,950","1.322,450","1.394,800","1.317,000","1,36M","4,78%"
"05.10.2023","1.317,000","1.315,000","1.339,150","1.295,000","1,18M","0,30%"
"04.10.2023","1.313,000","1.258,950","1.315,000","1.226,500","916,87K","5,46%"
"03.10.2023","1.245,000","1.227,000","1.251,550","1.200,000","1,20M","1,49%"
"02.10.2023","1.226,750","1.219,950","1.252,000","1.213,150","941,22K","1,43%"
"29.09.2023","1.209,400","1.294,750","1.297,900","1.180,000","1,06M","-5,74%"
"28.09.2023","1.283,000","1.259,000","1.284,000","1.239,000","897,79K","3,59%"
"27.09.2023","1.238,500","1.206,000","1.250,750","1.204,000","1,08M","4,08%"
"26.09.2023","1.189,900","1.200,000","1.216,000","1.185,000","1,27M","0,08%"
"25.09.2023","1.189,000","1.214,000","1.221,500","1.177,950","737,28K","-2,06%"
"22.09.2023","1.214,000","1.214,000","1.239,000","1.209,000","734,29K","0,11%"
"21.09.2023","1.212,700","1.190,000","1.240,000","1.185,100","1,15M","0,97%"
"20.09.2023","1.201,000","1.240,000","1.246,650","1.197,000","636,50K","-2,31%"
"19.09.2023","1.229,400","1.250,000","1.250,000","1.215,000","588,65K","-1,01%"
"18.09.2023","1.242,000","1.203,000","1.246,650","1.199,000","994,38K","3,41%"
"15.09.2023","1.201,000","1.232,000","1.240,000","1.191,000","742,01K","-2,52%"
"14.09.2023","1.232,000","1.220,000","1.255,000","1.217,000","1,22M","1,35%"
"13.09.2023","1.215,600","1.185,000","1.226,800","1.168,100","1,45M","2,16%"
"12.09.2023","1.189,900","1.122,000","1.201,350","1.122,000","1,65M","6,37%"
"11.09.2023","1.118,600","1.154,000","1.172,000","1.093,550","2,20M","-3,12%"
"08.09.2023","1.154,600","1.200,000","1.238,500","1.138,950","1,39M","-4,90%"
"07.09.2023","1.214,150","1.271,350","1.278,650","1.201,800","1,49M","-7,32%"
"06.09.2023","1.310,000","1.347,000","1.365,250","1.305,000","769,10K","-2,31%"
"05.09.2023","1.341,000","1.385,200","1.385,200","1.338,000","950,68K","-6,75%"
"04.09.2023","1.438,000","1.410,000","1.485,000","1.410,000","320,34K","1,99%"
"01.09.2023","1.409,950","1.440,500","1.460,000","1.400,000","678,65K","-1,36%"
"31.08.2023","1.429,400","1.509,000","1.516,100","1.420,050","789,80K","-5,39%"
"30.08.2023","1.510,900","1.555,000","1.560,450","1.486,000","888,22K","-2,83%"
"29.08.2023","1.554,850","1.494,000","1.555,000","1.494,000","1,06M","4,14%"
"28.08.2023","1.493,000","1.430,000","1.506,450","1.430,000","667,55K","5,21%"
"25.08.2023","1.419,000","1.432,000","1.432,900","1.375,950","994,47K","0,57%"
"24.08.2023","1.411,000","1.439,750","1.445,750","1.405,000","668,11K","-0,63%"
"23.08.2023","1.420,000","1.393,000","1.428,050","1.372,100","798,00K","1,40%"
"22.08.2023","1.400,450","1.360,000","1.407,500","1.327,500","691,95K","4,33%"
"18.08.2023","1.342,300","1.333,000","1.357,000","1.310,250","926,62K","0,34%"
"17.08.2023","1.337,700","1.330,000","1.337,700","1.277,900","989,64K","2,94%"
"16.08.2023","1.299,550","1.271,000","1.336,650","1.271,000","1,67M","2,73%"
"15.08.2023","1.265,000","1.170,000","1.269,950","1.170,000","1,25M","9,90%"
"14.08.2023","1.151,000","1.071,000","1.175,050","1.021,000","920,44K","6,77%"
"11.08.2023","1.078,000","1.049,450","1.086,000","1.032,000","976,20K","5,07%"
"10.08.2023","1.026,000","991,000","1.036,500","983,000","997,87K","3,95%"
"09.08.2023","987,000","985,000","1.026,800","983,150","776,42K","0,30%"
"08.08.2023","984,000","972,000","1.006,000","972,000","1,08M","1,44%"
"07.08.2023","970,000","949,950","970,000","940,750","786,80K","2,54%"
"04.08.2023","946,000","930,000","970,000","930,000","789,73K","2,16%"
"03.08.2023","926,000","941,800","960,000","921,000","737,13K","-1,68%"
"02.08.2023","941,800","939,000","956,000","936,000","513,40K","-1,90%"
"01.08.2023","960,000","944,350","970,000","944,350","1,27M","3,67%"
"31.07.2023","926,050","905,700","932,150","905,700","631,09K","2,44%"
"28.07.2023","904,000","905,000","926,550","900,600","542,76K","0,66%"
"27.07.2023","898,050","943,800","946,000","896,000","618,07K","-5,57%"
"26.07.2023","951,000","956,000","975,000","946,000","382,17K","-0,37%"
"25.07.2023","954,500","954,800","961,300","936,050","320,64K","0,21%"
"24.07.2023","952,500","962,300","963,000","941,500","685,22K","-0,57%"
"21.07.2023","958,000","953,650","961,700","938,000","518,15K","2,30%"
"20.07.2023","936,500","930,000","950,000","925,000","582,24K","1,24%"
"19.07.2023","925,000","957,800","957,800","915,000","1,06M","-2,12%"
"18.07.2023","945,000","970,000","995,000","943,100","1,00M","-1,37%"
"17.07.2023","958,150","933,500","971,000","931,800","879,93K","3,36%"
"14.07.2023","927,000","920,150","927,700","902,050","700,29K","0,87%"
"13.07.2023","919,000","900,000","924,600","896,000","681,12K","3,14%"
"12.07.2023","891,000","870,300","894,500","870,300","672,67K","4,00%"
"11.07.2023","856,750","855,950","859,800","845,800","451,17K","0,20%"
"10.07.2023","855,000","865,950","868,950","844,000","945,62K","-0,93%"
"07.07.2023","863,000","860,000","870,400","849,000","482,33K","1,53%"
"06.07.2023","850,000","890,950","890,950","841,050","504,85K","-4,71%"
"05.07.2023","892,000","877,800","896,500","865,000","710,43K","-0,89%"
"04.07.2023","900,000","887,000","910,000","886,000","340,09K","1,67%"
"03.07.2023","885,250","890,000","915,000","870,050","1,02M","-0,65%"
"30.06.2023","891,000","864,200","892,000","851,150","732,74K","3,01%"
"29.06.2023","865,000","846,700","868,000","837,000","407,11K","2,49%"
"28.06.2023","844,000","860,000","883,750","838,000","682,96K","-1,19%"
"27.06.2023","854,150","872,400","879,000","841,050","1,10M","-1,99%"
"26.06.2023","871,500","899,000","908,000","860,000","1,19M","0,00%"
"23.06.2023","871,500","875,000","889,000","866,000","726,33K","1,04%"
"22.06.2023","862,500","877,600","880,000","855,000","832,41K","-3,42%"
"21.06.2023","893,000","850,000","894,100","850,000","972,14K","7,83%"
"16.06.2023","828,150","793,800","835,950","780,000","1,11M","5,68%"
"15.06.2023","783,650","770,000","794,400","770,000","492,79K","2,24%"
"14.06.2023","766,500","775,000","780,000","760,000","370,08K","-0,58%"
"13.06.2023","771,000","790,000","792,500","762,700","730,51K","-1,03%"
"12.06.2023","779,000","781,350","796,000","770,000","358,53K","-0,22%"
"09.06.2023","780,700","786,200","801,000","777,000","891,88K","-1,18%"
"08.06.2023","790,000","800,000","814,950","778,000","443,17K","-0,69%"
"07.06.2023","795,500","804,000","825,000","791,000","1,46M","-1,96%"
"06.06.2023","811,400","780,250","812,100","780,250","708,94K","3,99%"
"05.06.2023","780,300","770,000","780,500","765,500","1,64M","1,47%"
"02.06.2023","769,000","762,100","777,050","756,000","464,23K","1,09%"
"01.06.2023","760,700","735,300","763,550","730,000","582,30K","4,92%"
"31.05.2023","725,000","733,550","733,550","705,400","513,01K","-0,82%"
"30.05.2023","731,000","736,900","736,900","721,000","347,03K","-0,95%"
"29.05.2023","738,000","726,000","748,500","716,000","332,97K","1,86%"
"24.05.2023","724,550","720,000","730,000","710,350","493,82K","0,63%"
"23.05.2023","720,000","708,000","742,150","705,600","680,76K","1,55%"
"22.05.2023","709,000","720,000","721,050","693,550","622,36K","-1,53%"
"19.05.2023","720,000","710,000","728,200","700,650","1,08M","3,15%"
"18.05.2023","698,000","693,900","702,250","672,100","887,71K","0,82%"
"17.05.2023","692,300","682,200","700,000","678,000","659,99K","1,29%"
"16.05.2023","683,450","692,000","696,650","680,000","872,75K","-1,83%"
"15.05.2023","696,200","695,550","697,200","663,600","947,98K","-0,97%"
"12.05.2023","703,000","670,000","703,000","665,000","1,28M","6,84%"
"11.05.2023","658,000","634,700","662,950","626,700","716,56K","3,48%"
"10.05.2023","635,850","640,600","640,600","600,000","639,17K","1,06%"
"09.05.2023","629,200","622,000","643,850","622,000","496,62K","1,00%"
"08.05.2023","623,000","625,000","631,450","617,350","525,93K","-0,08%"
"05.05.2023","623,500","589,100","629,000","589,100","560,11K","5,97%"
"04.05.2023","588,350","595,200","596,000","581,800","446,56K","-1,15%"
"03.05.2023","595,200","626,000","628,700","592,800","412,28K","-4,84%"
"02.05.2023","625,500","625,500","626,000","594,800","327,24K","39,46%"
"01.05.2023","448,500","438,000","451,100","436,000","781,74K","-28,31%"
"28.04.2023","625,650","627,000","631,350","603,000","654,51K","-0,77%"
"27.04.2023","630,500","655,000","655,000","624,000","547,54K","-2,85%"
"26.04.2023","649,000","639,700","650,650","617,000","886,59K","0,35%"
"25.04.2023","646,750","648,000","670,800","637,500","907,83K","-0,15%"
"24.04.2023","647,700","626,000","652,150","626,000","918,04K","3,47%"
"21.04.2023","625,950","618,350","633,900","607,100","771,02K","1,78%"
"20.04.2023","615,000","602,800","619,450","580,000","593,01K","0,86%"
"19.04.2023","609,750","624,500","624,500","603,000","1,18M","-2,44%"
"18.04.2023","625,000","620,000","637,000","614,500","878,45K","1,30%"
"17.04.2023","617,000","604,900","620,000","591,000","687,09K","1,98%"
"14.04.2023","605,000","600,000","609,600","596,000","430,65K","1,26%"
"13.04.2023","597,500","583,000","598,500","580,500","574,96K","2,75%"
"12.04.2023","581,500","565,000","583,000","562,050","491,94K","5,16%"
"11.04.2023","552,950","565,000","572,000","552,000","647,43K","-1,54%"
"10.04.2023","561,600","551,000","565,000","551,000","362,81K","-37,60%"
"07.04.2023","900,000","887,000","910,000","886,000","340,09K","62,45%"
"05.04.2023","554,000","550,000","556,550","533,700","778,11K","1,47%"
"04.04.2023","546,000","557,850","562,000","540,000","381,46K","-2,85%"
"03.04.2023","562,000","535,000","563,000","535,000","493,17K","5,24%"
"31.03.2023","534,000","525,500","540,000","523,250","573,67K","1,62%"
"30.03.2023","525,500","520,000","529,000","509,000","370,25K","1,45%"
"29.03.2023","518,000","510,600","525,000","510,000","421,21K","1,77%"
"28.03.2023","509,000","484,000","512,000","477,500","714,72K","5,17%"
"27.03.2023","484,000","446,000","484,800","446,000","626,54K","9,75%"
"23.03.2023","441,000","455,000","459,500","434,600","712,59K","-2,00%"
"22.03.2023","450,000","471,900","471,900","450,000","464,03K","-4,61%"
"21.03.2023","471,750","463,000","471,900","456,050","1,03M","3,51%"
"20.03.2023","455,750","458,000","465,000","451,500","321,17K","-1,14%"
"17.03.2023","461,000","457,100","465,900","446,650","189,25K","0,27%"
"16.03.2023","459,750","435,000","460,000","430,000","626,45K","5,13%"
"15.03.2023","437,300","444,300","444,900","427,700","935,25K","-4,10%"
"14.03.2023","456,000","467,050","474,000","451,500","571,44K","-0,13%"
"13.03.2023","456,600","469,500","481,000","451,000","581,94K","-3,26%"
"10.03.2023","472,000","499,500","504,000","466,500","657,20K","-4,84%"
"09.03.2023","496,000","500,000","506,000","496,000","284,76K","-0,41%"
"08.03.2023","498,050","497,500","503,950","490,000","206,52K","0,94%"
"07.03.2023","493,400","507,000","508,950","483,000","435,83K","-2,67%"
"06.03.2023","506,950","485,200","506,950","483,000","458,65K","3,46%"
"03.03.2023","490,000","485,100","496,400","483,000","392,03K","2,01%"
"02.03.2023","480,350","496,000","499,000","480,350","377,67K","-3,16%"
"01.03.2023","496,000","490,000","496,500","479,100","302,68K","1,43%"
"28.02.2023","489,000","493,000","501,000","478,000","449,17K","-0,77%"
"27.02.2023","492,800","487,500","498,400","485,500","545,65K","1,71%"
"24.02.2023","484,500","485,000","494,000","475,000","189,45K","-0,04%"
"23.02.2023","484,700","478,500","491,750","478,500","471,20K","1,32%"
"22.02.2023","478,400","494,500","495,000","472,900","360,41K","-3,26%"
"17.02.2023","494,500","504,000","504,000","484,000","374,71K","-1,51%"
"16.02.2023","502,100","508,000","515,000","499,050","365,82K","-0,57%"
"15.02.2023","505,000","501,100","506,100","490,000","667,54K","0,56%"
"14.02.2023","502,200","508,400","514,700","498,100","534,24K","-0,75%"
"13.02.2023","506,000","495,000","506,700","482,500","470,25K","3,44%"
"10.02.2023","489,150","483,000","491,950","479,650","182,78K","1,27%"
"09.02.2023","483,000","495,000","500,000","475,000","592,21K","-1,73%"
"08.02.2023","491,500","495,450","495,450","475,000","655,74K","1,76%"
"07.02.2023","483,000","480,150","494,000","478,000","599,96K","0,42%"
"06.02.2023","481,000","473,000","485,000","460,000","435,50K","1,91%"
"03.02.2023","472,000","496,500","500,650","468,200","611,78K","-4,36%"
"02.02.2023","493,500","496,000","510,000","487,000","363,85K","-0,50%"
"01.02.2023","496,000","500,000","504,500","486,500","340,93K","-0,40%"
"31.01.2023","498,000","485,000","503,250","480,000","310,72K","3,62%"
"30.01.2023","480,600","507,000","515,000","477,000","617,89K","-4,63%"
"27.01.2023","503,950","525,000","525,000","498,000","604,77K","-2,45%"
"26.01.2023","516,600","517,000","524,100","509,350","694,27K","-0,27%"
"25.01.2023","518,000","507,500","519,050","487,000","642,59K","3,22%"
"24.01.2023","501,850","503,500","512,000","487,650","716,32K","0,37%"
"23.01.2023","500,000","490,000","511,000","490,000","707,74K","0,83%"
"20.01.2023","495,900","468,000","498,600","450,000","675,27K","5,96%"
"19.01.2023","468,000","461,500","472,500","433,000","1,40M","2,63%"
"18.01.2023","456,000","508,000","525,000","445,000","1,03M","-10,50%"
"17.01.2023","509,500","505,000","515,750","498,000","690,32K","2,15%"
"16.01.2023","498,800","487,900","504,200","483,000","587,92K","1,94%"
"13.01.2023","489,300","480,000","495,550","475,000","936,97K","0,63%"
"12.01.2023","486,250","480,000","500,000","462,500","1,41M","0,88%"
"11.01.2023","482,000","458,000","493,000","449,800","1,17M","7,16%"
"10.01.2023","449,800","459,950","459,950","445,550","568,95K","0,40%"
"09.01.2023","448,000","456,000","465,000","442,950","632,26K","-1,75%"
"06.01.2023","456,000","449,000","467,500","443,000","1,08M","1,67%"
"05.01.2023","448,500","438,000","451,100","436,000","781,74K","2,93%"
"04.01.2023","435,750","435,000","441,000","425,000","601,65K","1,31%"
"03.01.2023","430,100","447,000","454,500","428,050","1,26M","-6,04%"
"02.01.2023","457,750","445,000","462,750","440,000","338,47K","3,87%"
"30.12.2022","440,700","426,000","440,700","410,000","164,85K","3,23%"
"29.12.2022","426,900","430,000","440,000","425,300","585,49K","-0,14%"
"28.12.2022","427,500","417,000","436,900","417,000","713,35K","2,76%"
"27.12.2022","416,000","414,400","425,000","407,000","883,31K","0,48%"
"26.12.2022","414,000","404,000","415,000","402,000","259,89K","2,73%"
"23.12.2022","403,000","399,000","404,000","390,000","751,41K","1,77%"
"22.12.2022","396,000","385,950","398,100","372,000","724,05K","2,59%"
"21.12.2022","386,000","382,000","389,000","378,050","935,54K","0,78%"
"20.12.2022","383,000","370,000","385,400","367,500","157,63K","3,54%"
"19.12.2022","369,900","343,500","370,000","343,500","1,10M","6,58%"
"16.12.2022","347,050","348,250","348,250","340,000","833,20K","2,07%"
"15.12.2022","340,000","340,000","343,000","336,750","594,16K","-0,21%"
"14.12.2022","340,700","349,000","357,950","333,000","810,70K","-2,24%"
"13.12.2022","348,500","368,500","368,500","345,350","407,68K","-1,44%"
"12.12.2022","353,600","375,000","379,500","351,500","885,64K","18,00%"
"09.12.2022","299,650","304,300","312,000","296,000","470,80K","6,64%"
"08.12.2022","281,000","273,650","282,800","269,000","545,81K","-25,39%"
"07.12.2022","376,650","372,000","385,000","372,000","956,16K","1,29%"
"06.12.2022","371,850","362,000","372,000","358,500","951,75K","2,95%"
"05.12.2022","361,200","376,000","386,800","360,250","704,73K","-4,46%"
"02.12.2022","378,050","385,000","387,500","375,100","374,48K","-0,51%"
"01.12.2022","380,000","372,000","383,200","370,000","446,83K","2,01%"
"30.11.2022","372,500","374,000","382,000","368,000","514,00K","-0,93%"
"29.11.2022","376,000","360,000","376,000","357,000","441,74K","4,16%"
"28.11.2022","361,000","359,000","362,000","350,000","660,07K","1,05%"
"25.11.2022","357,250","349,000","358,950","346,000","678,49K","3,07%"
"24.11.2022","346,600","348,000","357,000","341,500","176,93K","-0,37%"
"23.11.2022","347,900","355,000","355,000","342,000","589,73K","0,55%"
"22.11.2022","346,000","354,000","354,000","343,000","614,36K","-1,14%"
"18.11.2022","350,000","340,800","355,000","340,800","328,53K","1,32%"
"17.11.2022","345,450","341,000","352,000","329,000","331,23K","1,30%"
"16.11.2022","341,000","351,000","357,000","338,000","522,06K","-1,16%"
"15.11.2022","345,000","333,000","350,000","332,500","912,21K","3,79%"
"14.11.2022","332,400","319,950","336,900","318,500","787,44K","3,55%"
"11.11.2022","321,000","312,650","322,600","308,000","474,63K","3,05%"
"10.11.2022","311,500","319,800","319,800","306,000","326,28K","0,32%"
"09.11.2022","310,500","318,000","320,900","307,000","297,22K","-2,85%"
"08.11.2022","319,600","312,000","321,000","307,500","371,64K","3,93%"
"07.11.2022","307,500","320,000","320,000","307,500","333,84K","-2,50%"
"04.11.2022","315,400","318,050","318,950","310,500","235,57K","1,06%"
"03.11.2022","312,100","309,000","314,800","300,000","342,04K","1,00%"
"02.11.2022","309,000","316,700","320,000","307,050","357,14K","-3,10%"
"01.11.2022","318,900","312,550","323,400","310,500","596,56K","2,54%"
"31.10.2022","311,000","315,000","315,000","305,800","603,57K","-0,64%"
"28.10.2022","313,000","310,800","315,000","302,500","403,20K","0,48%"
"27.10.2022","311,500","302,000","316,000","301,000","807,45K","3,52%"
"26.10.2022","300,900","301,650","304,500","295,300","577,86K","-0,25%"
"25.10.2022","301,650","285,600","301,950","285,000","561,53K","5,60%"
"24.10.2022","285,650","287,000","287,000","279,000","362,91K","-0,47%"
"21.10.2022","287,000","288,000","289,400","281,000","474,09K","1,59%"
"20.10.2022","282,500","290,000","290,000","278,950","268,71K","-0,11%"
"19.10.2022","282,800","282,750","283,700","277,000","206,76K","-0,18%"
"18.10.2022","283,300","284,100","285,000","277,000","204,11K","-0,25%"
"17.10.2022","284,000","289,900","289,900","282,000","361,90K","1,07%"
"14.10.2022","281,000","288,750","288,750","275,200","250,67K","-2,68%"
"13.10.2022","288,750","273,200","288,750","273,150","530,38K","5,21%"
"12.10.2022","274,450","284,100","284,650","273,200","501,00K","-1,68%"
"11.10.2022","279,150","300,000","300,000","278,850","448,40K","-7,09%"
"06.10.2022","300,450","301,500","303,000","296,600","384,55K","0,32%"
"05.10.2022","299,500","295,450","303,500","288,000","435,95K","1,18%"
"04.10.2022","296,000","300,000","307,450","292,000","507,87K","-1,00%"
"03.10.2022","299,000","291,600","299,850","290,700","608,32K","5,65%"
"30.09.2022","283,000","288,650","288,650","281,000","392,71K","-1,14%"
"29.09.2022","286,250","281,450","289,000","277,000","563,48K","0,63%"
"28.09.2022","284,450","276,550","287,050","275,550","547,69K","3,25%"
"27.09.2022","275,500","280,000","286,000","273,100","380,06K","-1,78%"
"26.09.2022","280,500","291,000","295,500","278,000","606,68K","-4,92%"
"23.09.2022","295,000","302,250","302,250","291,200","778,85K","-4,95%"
"22.09.2022","310,350","305,600","314,600","303,000","304,62K","0,76%"
"21.09.2022","308,000","311,000","312,500","304,000","288,17K","-0,40%"
"20.09.2022","309,250","317,900","317,900","302,000","349,56K","-2,35%"
"19.09.2022","316,700","308,050","316,900","296,150","713,53K","4,16%"
"16.09.2022","304,050","297,600","305,300","292,250","224,71K","0,93%"
"15.09.2022","301,250","305,000","305,500","296,000","299,12K","-0,90%"
"14.09.2022","304,000","300,000","304,000","291,500","388,23K","4,11%"
"13.09.2022","292,000","300,500","303,200","289,500","393,15K","-2,55%"
"12.09.2022","299,650","304,300","312,000","296,000","470,80K","-0,32%"
"09.09.2022","300,600","299,950","301,750","293,050","410,70K","2,24%"
"08.09.2022","294,000","292,000","298,950","290,000","262,56K","-1,33%"
"07.09.2022","297,950","288,000","297,950","285,450","504,00K","3,45%"
"06.09.2022","288,000","289,000","292,000","282,500","264,00K","-2,67%"
"05.09.2022","295,900","285,000","300,000","280,000","109,29K","4,19%"
"01.09.2022","284,000","284,950","291,150","280,000","313,98K","-1,20%"
"31.08.2022","287,450","297,900","298,950","287,000","548,65K","-3,54%"
"30.08.2022","298,000","300,650","301,050","294,100","420,33K","-2,93%"
"29.08.2022","307,000","309,000","313,050","302,850","820,23K","-0,84%"
"26.08.2022","309,600","313,000","317,800","302,050","452,16K","-1,32%"
"25.08.2022","313,750","315,000","317,000","306,850","517,68K","0,40%"
"24.08.2022","312,500","298,900","314,600","298,150","421,41K","4,97%"
"23.08.2022","297,700","293,500","298,950","290,000","553,05K","2,30%"
"22.08.2022","291,000","290,000","292,750","288,050","150,44K","-0,68%"
"19.08.2022","293,000","291,800","295,000","282,600","452,67K","-1,28%"
"18.08.2022","296,800","278,000","297,900","278,000","761,63K","6,82%"
"17.08.2022","277,850","272,000","278,000","271,000","362,65K","2,15%"
"16.08.2022","272,000","277,450","278,450","268,000","538,22K","-3,20%"
"12.08.2022","281,000","273,650","282,800","269,000","545,81K","0,00%"
"11.08.2022","281,000","284,600","286,600","277,000","322,51K","0,00%"
"10.08.2022","281,000","281,100","287,650","276,300","540,20K","0,18%"
"09.08.2022","280,500","282,100","285,300","278,100","174,26K","-1,49%"
"08.08.2022","284,750","285,750","285,900","276,800","322,91K","3,17%"
"05.08.2022","276,000","279,850","284,950","275,000","282,51K","-1,38%"
"04.08.2022","279,850","277,000","283,600","275,050","417,36K","1,03%"
"03.08.2022","277,000","275,900","279,600","264,000","278,25K","4,17%"
"02.08.2022","265,900","273,000","275,000","264,000","576,56K","-0,60%"
"01.08.2022","267,500","277,100","277,100","261,500","579,20K","-3,71%"
"29.07.2022","277,800","298,700","301,000","277,100","880,44K","-7,09%"
"28.07.2022","299,000","300,000","311,000","287,800","830,02K","0,34%"
"27.07.2022","298,000","291,850","301,000","280,500","508,44K","3,76%"
"26.07.2022","287,200","282,000","291,250","279,600","225,98K","1,83%"
"25.07.2022","282,050","266,000","282,700","266,000","495,62K","5,44%"
"22.07.2022","267,500","272,000","272,000","261,100","600,57K","-1,46%"
"21.07.2022","271,450","255,600","271,800","252,500","522,59K","5,70%"
"20.07.2022","256,800","262,000","264,650","255,000","431,86K","-1,65%"
"19.07.2022","261,100","257,600","264,800","257,600","328,45K","1,99%"
"18.07.2022","256,000","255,250","259,600","255,000","252,60K","1,19%"
"15.07.2022","253,000","242,000","253,850","240,000","408,37K","4,35%"
"14.07.2022","242,450","243,500","246,400","240,000","417,39K","-1,84%"
"13.07.2022","247,000","247,000","250,000","243,550","189,41K","0,61%"
"12.07.2022","245,500","249,000","251,500","242,000","578,63K","-1,23%"
"11.07.2022","248,550","256,950","256,950","241,600","439,32K","-3,10%"
"08.07.2022","256,500","241,300","256,500","239,850","512,56K","4,44%"
"07.07.2022","245,600","224,000","247,300","224,000","745,78K","9,79%"
"06.07.2022","223,700","219,500","223,950","211,150","778,63K","2,19%"
"05.07.2022","218,900","216,050","226,000","206,000","590,02K","1,32%"
"04.07.2022","216,050","216,550","220,000","205,000","449,46K","-1,03%"
"01.07.2022","218,300","207,000","218,500","206,000","422,03K","5,46%"
"30.06.2022","207,000","206,000","211,800","202,300","422,01K","0,15%"
"29.06.2022","206,700","213,000","213,450","203,000","211,86K","-1,34%"
"28.06.2022","209,500","208,550","214,950","206,800","472,31K","-0,05%"
"27.06.2022","209,600","194,000","210,000","193,150","735,95K","12,39%"
"24.06.2022","186,500","186,100","191,500","182,100","454,43K","-0,27%"
"23.06.2022","187,000","193,700","195,000","184,000","245,56K","-3,48%"
"22.06.2022","193,750","194,200","194,850","188,850","250,08K","0,44%"
"21.06.2022","192,900","192,500","196,250","188,850","328,16K","-1,00%"
"16.06.2022","194,850","193,250","197,800","191,150","215,26K","-1,24%"
"15.06.2022","197,300","196,000","199,800","193,550","501,47K","1,44%"
"14.06.2022","194,500","194,550","196,750","190,850","172,01K","-0,15%"
"13.06.2022","194,800","189,000","198,150","186,550","359,91K","1,04%"
"10.06.2022","192,800","195,200","196,500","185,300","422,83K","-0,62%"
"09.06.2022","194,000","193,650","200,000","190,150","209,00K","0,73%"
"08.06.2022","192,600","196,300","196,850","192,500","166,21K","-1,73%"
"07.06.2022","196,000","194,000","196,850","191,050","252,52K","1,03%"
"06.06.2022","194,000","199,000","199,700","191,100","541,51K","-1,77%"
"03.06.2022","197,500","194,500","198,600","193,000","157,68K","0,97%"
"02.06.2022","195,600","193,500","198,000","192,100","216,90K","0,10%"
"01.06.2022","195,400","201,000","202,000","193,900","128,67K","-1,81%"
"31.05.2022","199,000","199,750","205,000","197,000","341,47K","-0,50%"
"30.05.2022","200,000","201,000","203,000","199,000","115,08K","-0,92%"
"27.05.2022","201,850","206,850","208,000","201,000","342,83K","-2,25%"
"26.05.2022","206,500","202,000","208,250","195,000","932,22K","6,01%"
"24.05.2022","194,800","189,250","195,000","187,500","383,54K","4,62%"
"23.05.2022","186,200","182,800","187,150","182,800","222,98K","2,99%"
"20.05.2022","180,800","184,000","184,750","177,400","148,84K","0,22%"
"19.05.2022","180,400","185,650","185,650","180,000","262,87K","-3,01%"
"17.05.2022","186,000","185,000","189,500","183,850","333,57K","1,33%"
"16.05.2022","183,550","185,850","186,000","180,250","284,94K","1,97%"
"13.05.2022","180,000","176,500","182,500","176,000","405,01K","4,35%"
"12.05.2022","172,500","170,000","178,950","170,000","282,79K","-1,71%"
"11.05.2022","175,500","170,500","175,900","170,500","286,88K","3,85%"
"10.05.2022","169,000","164,100","170,000","161,900","308,11K","3,68%"
"09.05.2022","163,000","167,000","168,000","161,000","515,43K","-4,90%"
"06.05.2022","171,400","170,500","173,000","168,000","167,82K","0,82%"
"05.05.2022","170,000","175,700","175,700","167,500","831,55K","-3,95%"
"04.05.2022","177,000","178,200","178,250","173,200","341,82K","-0,81%"
"03.05.2022","178,450","176,100","178,800","174,000","370,68K","2,44%"
"02.05.2022","174,200","173,150","175,150","172,500","426,91K","-3,22%"
"29.04.2022","180,000","184,250","187,000","177,650","442,74K","-2,44%"
"28.04.2022","184,500","188,000","188,000","183,150","291,19K","-1,44%"
"27.04.2022","187,200","185,500","188,000","183,500","398,61K","1,93%"
"26.04.2022","183,650","189,000","189,000","183,000","493,41K","-2,73%"
"25.04.2022","188,800","186,750","189,000","179,800","552,56K","-0,58%"
"22.04.2022","189,900","186,700","190,100","185,000","219,66K","1,15%"
"21.04.2022","187,750","191,000","192,950","185,000","588,54K","-1,18%"
"20.04.2022","190,000","191,000","192,950","185,800","311,99K","-0,52%"
"19.04.2022","191,000","183,050","191,450","183,050","862,10K","5,52%"
"18.04.2022","181,000","187,600","190,750","181,000","542,09K","-2,00%"
"13.04.2022","184,700","183,950","184,750","180,000","246,16K","1,48%"
"12.04.2022","182,000","182,900","182,900","179,500","343,99K","1,39%"
"11.04.2022","179,500","183,000","183,600","178,000","416,00K","-2,45%"
"08.04.2022","184,000","180,000","186,600","179,000","282,98K","2,79%"
"07.04.2022","179,000","181,200","181,200","174,800","332,10K","0,56%"
"06.04.2022","178,000","177,500","180,000","173,650","665,36K","-2,14%"
"05.04.2022","181,900","183,300","187,000","180,250","704,09K","-0,05%"
"04.04.2022","182,000","185,000","188,000","181,000","761,24K","0,00%"
"01.04.2022","182,000","183,950","186,550","180,450","262,87K","0,55%"
"31.03.2022","181,000","177,050","181,950","177,050","334,70K","2,20%"
"30.03.2022","177,100","172,950","177,100","172,750","180,38K","2,19%"
"29.03.2022","173,300","180,500","180,500","172,450","276,92K","-4,47%"
"28.03.2022","181,400","182,750","184,900","178,800","211,59K","-1,14%"
"25.03.2022","183,500","182,200","185,000","180,000","401,91K","2,09%"
"23.03.2022","179,750","179,250","182,700","178,650","797,25K","1,38%"
"22.03.2022","177,300","176,750","178,950","175,500","615,13K","1,98%"
"21.03.2022","173,850","168,150","175,000","168,150","607,26K","3,08%"
"18.03.2022","168,650","170,850","170,850","167,200","347,93K","-0,30%"
"17.03.2022","169,150","167,250","169,800","164,000","739,31K","2,21%"
"16.03.2022","165,500","162,050","167,650","159,400","717,07K","4,09%"
"15.03.2022","159,000","162,900","163,000","159,000","765,42K","-3,05%"
"14.03.2022","164,000","174,000","175,000","162,500","974,93K","-7,53%"
"11.03.2022","177,350","192,000","192,000","175,000","819,72K","-5,31%"
"10.03.2022","187,300","179,950","187,800","177,450","379,37K","4,64%"
"09.03.2022","179,000","184,300","187,000","178,550","338,85K","-2,72%"
"08.03.2022","184,000","192,000","196,100","181,300","505,20K","-3,41%"
"07.03.2022","190,500","194,000","197,800","188,000","382,89K","-0,26%"
"04.03.2022","191,000","195,000","198,600","186,300","320,82K","-2,05%"
"03.03.2022","195,000","192,000","195,800","185,650","818,45K","3,17%"
"02.03.2022","189,000","180,200","196,000","180,200","1,35M","9,66%"
"25.02.2022","172,350","170,000","172,800","170,000","668,54K","1,98%"
"24.02.2022","169,000","168,000","169,500","163,000","501,08K","-2,45%"
"23.02.2022","173,250","171,000","175,000","165,300","758,32K","1,35%"
"22.02.2022","170,950","170,600","172,900","169,250","240,67K","-0,03%"
"21.02.2022","171,000","170,000","173,000","167,650","97,45K","0,29%"
"18.02.2022","170,500","176,500","176,500","167,000","208,48K","-2,29%"
"17.02.2022","174,500","174,500","176,000","172,000","244,39K","0,98%"
"16.02.2022","172,800","167,500","172,800","167,500","204,35K","1,83%"
"15.02.2022","169,700","176,000","176,000","168,400","439,38K","-1,91%"
"14.02.2022","173,000","176,200","181,450","168,500","334,39K","-1,82%"
"11.02.2022","176,200","167,000","182,500","165,050","672,18K","5,51%"
"10.02.2022","167,000","165,000","168,250","163,500","120,66K","1,58%"
"09.02.2022","164,400","167,000","167,450","163,500","99,26K","-0,87%"
"08.02.2022","165,850","170,950","170,950","164,050","146,29K","-2,73%"
"07.02.2022","170,500","170,500","174,450","167,300","254,77K","1,19%"
"04.02.2022","168,500","173,200","174,950","167,750","153,39K","-2,32%"
"03.02.2022","172,500","179,950","179,950","171,000","285,29K","-2,76%"
"02.02.2022","177,400","183,200","184,450","177,000","189,15K","-2,29%"
"01.02.2022","181,550","178,350","183,000","172,000","338,58K","0,92%"
"31.01.2022","179,900","175,900","181,000","168,000","668,67K","1,81%"
"28.01.2022","176,700","178,000","186,750","172,050","428,29K","1,26%"
"27.01.2022","174,500","176,000","178,800","172,000","271,81K","0,29%"
"26.01.2022","174,000","175,500","177,000","172,000","511,07K","-1,42%"
"25.01.2022","176,500","164,000","176,850","161,000","530,74K","7,62%"
"24.01.2022","164,000","164,500","167,000","162,500","487,82K","-1,47%"
"21.01.2022","166,450","165,550","167,000","162,000","264,46K","0,76%"
"20.01.2022","165,200","161,000","166,750","160,000","209,79K","2,67%"
"19.01.2022","160,900","157,000","161,000","153,000","171,33K","2,48%"
"18.01.2022","157,000","159,200","160,950","155,200","245,19K","-2,30%"
"17.01.2022","160,700","161,000","161,000","158,900","88,36K","-0,34%"
"14.01.2022","161,250","165,800","165,800","159,800","102,36K","-1,38%"
"13.01.2022","163,500","162,000","167,300","161,500","167,01K","0,93%"
"12.01.2022","162,000","159,950","162,000","158,950","184,22K","1,95%"
"11.01.2022","158,900","158,000","161,700","156,450","244,96K","0,25%"
"10.01.2022","158,500","162,100","162,950","156,050","308,60K","-2,49%"
"07.01.2022","162,550","159,150","162,950","158,500","217,44K","1,69%"
"06.01.2022","159,850","158,400","161,450","152,000","201,87K","0,85%"
"05.01.2022","158,500","165,400","166,300","158,150","240,17K","-5,00%"
"04.01.2022","166,850","170,000","170,000","162,950","146,07K","0,21%"
"03.01.2022","166,500","170,000","174,000","164,500","457,79K","-0,42%"
"30.12.2021","167,200","162,000","171,500","162,000","1,64M","1,70%"
"29.12.2021","164,400","164,950","165,700","159,550","393,27K","2,11%"
"28.12.2021","161,000","159,600","165,450","159,000","728,83K","1,42%"
"27.12.2021","158,750","164,950","164,950","158,050","427,95K","-2,01%"
"23.12.2021","162,000","164,000","166,000","160,100","187,02K","-0,15%"
"22.12.2021","162,250","166,000","167,450","160,000","307,63K","-2,84%"
"21.12.2021","167,000","156,050","167,000","155,050","569,49K","7,12%"
"20.12.2021","155,900","154,200","158,000","149,000","280,24K","1,07%"
"17.12.2021","154,250","154,950","157,000","153,000","300,99K","0,19%"
"16.12.2021","153,950","148,000","155,000","148,000","378,18K","5,37%"
"15.12.2021","146,100","146,450","149,950","144,500","284,77K","0,07%"
"14.12.2021","146,000","149,000","152,500","146,000","289,29K","-2,01%"
"13.12.2021","149,000","157,800","157,800","147,550","355,50K","-4,49%"
"10.12.2021","156,000","160,000","162,400","156,000","265,70K","-2,44%"
"09.12.2021","159,900","169,000","169,000","156,750","258,11K","-3,59%"
"07.12.2021","165,850","170,000","170,400","164,250","451,55K","-0,63%"
"06.12.2021","166,900","164,000","168,500","162,500","393,30K","1,77%"
"03.12.2021","164,000","165,000","166,700","158,000","358,82K","-0,09%"
"02.12.2021","164,150","161,000","166,450","156,000","532,32K","2,59%"
"01.12.2021","160,000","145,050","161,900","145,050","771,06K","10,34%"
"30.11.2021","145,000","144,000","145,000","138,700","459,62K","2,15%"
"29.11.2021","141,950","145,100","146,450","140,700","151,38K","0,53%"
"26.11.2021","141,200","149,750","150,250","140,500","386,45K","-6,49%"
"25.11.2021","151,000","150,050","151,500","150,000","97,40K","-0,33%"
"24.11.2021","151,500","152,000","156,950","149,250","221,59K","-2,26%"
"23.11.2021","155,000","154,000","155,000","142,000","245,48K","0,32%"
"19.11.2021","154,500","161,950","162,000","152,500","268,51K","-5,21%"
"18.11.2021","163,000","153,500","163,000","151,000","409,73K","6,02%"
"17.11.2021","153,750","152,700","155,700","150,050","286,70K","0,65%"
"16.11.2021","152,750","161,000","161,000","150,000","397,69K","-3,32%"
"15.11.2021","158,000","168,000","168,000","155,500","833,91K","-3,54%"
"12.11.2021","163,800","167,950","168,950","156,000","974,67K","-1,47%"
"11.11.2021","166,250","161,000","168,500","160,500","929,83K","4,89%"
"10.11.2021","158,500","162,600","164,350","158,500","722,31K","-0,94%"
"09.11.2021","160,000","165,000","167,500","159,150","757,42K","-2,53%"
"08.11.2021","164,150","161,000","165,300","160,000","1,24M","3,89%"
"05.11.2021","158,000","157,650","159,500","153,000","2,46M","2,86%"
"04.11.2021","153,600","158,950","158,950","152,350","614,45K","-3,09%"
"03.11.2021","158,500","157,000","161,000","155,950","460,33K","0,96%"
"02.11.2021","157,000","155,000","158,000","152,950","697,53K","1,62%"
"01.11.2021","154,500","154,500","157,650","152,000","400,59K","1,25%"
"29.10.2021","152,600","155,600","156,200","150,500","676,34K","-2,18%"
"28.10.2021","156,000","154,450","158,350","153,000","304,85K","0,65%"
"27.10.2021","155,000","162,650","162,650","151,000","733,82K","-4,73%"
"26.10.2021","162,700","164,000","164,000","160,000","702,44K","-0,79%"
"25.10.2021","164,000","163,000","169,250","162,500","882,12K","0,92%"
"22.10.2021","162,500","161,950","164,000","158,300","542,72K","-0,31%"
"21.10.2021","163,000","163,000","164,150","157,050","856,03K","-0,15%"
"20.10.2021","163,250","160,350","164,700","160,000","1,04M","2,13%"
"19.10.2021","159,850","155,000","161,000","151,550","503,09K","4,48%"
"18.10.2021","153,000","152,450","156,850","151,050","573,93K","0,23%"
"15.10.2021","152,650","154,150","154,150","149,750","483,01K","0,10%"
"14.10.2021","152,500","152,500","155,200","152,500","789,58K","0,69%"
"13.10.2021","151,450","150,000","151,500","148,000","490,56K","1,54%"
"12.10.2021","149,150","145,950","153,000","145,950","834,69K","7,30%"
"07.10.2021","139,000","135,500","140,000","135,050","345,11K","2,66%"
"06.10.2021","135,400","139,350","139,950","134,350","1,05M","-3,39%"
"05.10.2021","140,150","139,100","140,550","139,100","353,72K","1,56%"
"04.10.2021","138,000","136,850","141,400","136,850","566,43K","1,55%"
"01.10.2021","135,900","135,050","136,950","133,500","103,74K","0,44%"
"30.09.2021","135,300","137,750","138,750","135,000","305,68K","-0,62%"
"29.09.2021","136,150","131,100","137,000","131,100","494,75K","3,93%"
"28.09.2021","131,000","128,000","131,000","125,250","264,03K","2,34%"
"27.09.2021","128,000","127,000","129,000","125,600","462,72K","1,59%"
"24.09.2021","126,000","128,800","128,800","125,100","80,62K","-1,49%"
"23.09.2021","127,900","128,950","130,500","126,750","264,92K","-0,66%"
"22.09.2021","128,750","128,050","129,100","124,550","306,29K","3,00%"
"21.09.2021","125,000","120,600","127,750","120,600","425,88K","3,31%"
"20.09.2021","121,000","125,850","125,850","120,050","429,19K","-6,89%"
"17.09.2021","129,950","134,000","134,000","128,500","514,37K","-1,92%"
"16.09.2021","132,500","126,950","133,800","124,700","400,64K","3,52%"
"15.09.2021","128,000","129,000","130,000","124,000","519,03K","-1,23%"
"14.09.2021","129,600","133,000","133,000","126,250","642,11K","-2,19%"
"13.09.2021","132,500","132,000","135,000","130,550","1,87M","10,88%"
"10.09.2021","119,500","123,500","124,950","119,500","712,40K","-2,49%"
"09.09.2021","122,550","125,000","127,000","121,250","524,07K","-1,68%"
"08.09.2021","124,650","130,000","130,700","123,100","9,33M","-4,70%"
"07.09.2021","130,800","125,000","132,000","124,000","1,13M","6,43%"
"06.09.2021","122,900","119,700","123,750","117,000","249,14K","2,85%"
"03.09.2021","119,500","123,050","124,750","118,000","820,89K","-2,85%"
"02.09.2021","123,000","124,350","127,000","121,100","263,79K","-0,36%"
"01.09.2021","123,450","132,950","132,950","122,550","687,55K","-4,97%"
"31.08.2021","129,900","132,000","133,000","128,000","899,43K","-1,29%"
"30.08.2021","131,600","124,100","131,600","124,100","1,31M","6,73%"
"27.08.2021","123,300","122,750","126,000","121,100","1,50M","3,05%"
"26.08.2021","119,650","120,600","121,600","118,500","471,69K","-0,79%"
"25.08.2021","120,600","120,200","122,000","119,150","382,33K","0,08%"
"24.08.2021","120,500","113,550","120,500","113,550","851,06K","6,64%"
"23.08.2021","113,000","114,450","114,450","111,250","261,50K","1,80%"
"20.08.2021","111,000","110,200","113,000","110,000","277,90K","0,36%"
"19.08.2021","110,600","108,900","110,700","107,250","293,72K","0,73%"
"18.08.2021","109,800","112,550","112,550","109,400","204,81K","-2,83%"
"17.08.2021","113,000","114,950","115,000","111,000","215,69K","-3,67%"
"13.08.2021","117,300","113,500","117,850","113,500","667,92K","3,35%"
"12.08.2021","113,500","112,000","114,000","111,000","343,40K","1,34%"
"11.08.2021","112,000","112,550","112,750","110,100","649,71K","-0,80%"
"10.08.2021","112,900","109,800","113,000","109,500","505,88K","3,29%"
"09.08.2021","109,300","111,950","111,950","108,900","139,30K","-1,53%"
"06.08.2021","111,000","111,950","112,000","109,850","384,05K","0,91%"
"05.08.2021","110,000","109,650","111,500","109,050","481,79K","0,82%"
"04.08.2021","109,100","113,600","113,600","108,600","411,74K","-2,85%"
"03.08.2021","112,300","113,950","113,950","110,000","359,24K","-0,13%"
"02.08.2021","112,450","114,000","114,000","110,550","538,04K","-0,84%"
"30.07.2021","113,400","120,300","120,300","112,500","552,08K","-5,42%"
"29.07.2021","119,900","119,900","120,900","119,050","248,07K","0,33%"
"28.07.2021","119,500","119,900","119,950","118,900","277,24K","-0,25%"
"27.07.2021","119,800","117,300","119,950","116,200","181,80K","2,00%"
"26.07.2021","117,450","117,500","118,100","116,200","125,44K","1,51%"
"23.07.2021","115,700","118,000","119,000","115,500","333,45K","-2,53%"
"22.07.2021","118,700","117,000","118,950","114,500","302,82K","2,15%"
"21.07.2021","116,200","115,050","118,000","115,050","532,14K","0,87%"
"20.07.2021","115,200","110,950","115,200","108,900","456,35K","5,69%"
"19.07.2021","109,000","106,400","110,800","104,800","199,90K","-1,36%"
"16.07.2021","110,500","108,850","110,700","107,850","222,40K","2,70%"
"15.07.2021","107,600","109,950","109,950","106,750","331,11K","-0,37%"
"14.07.2021","108,000","113,200","113,800","108,000","275,44K","-3,70%"
"13.07.2021","112,150","113,200","114,000","111,000","546,92K","-0,75%"
"12.07.2021","113,000","108,000","113,200","108,000","293,13K","4,15%"
"08.07.2021","108,500","106,000","109,300","105,000","252,68K","0,56%"
"07.07.2021","107,900","105,000","108,450","105,000","411,11K","2,08%"
"06.07.2021","105,700","109,000","109,450","104,200","308,65K","-1,99%"
"05.07.2021","107,850","104,600","108,150","104,600","152,82K","2,81%"
"02.07.2021","104,900","102,550","105,400","101,150","1,62M","2,79%"
"01.07.2021","102,050","102,900","104,050","101,850","144,19K","-0,83%"
"30.06.2021","102,900","101,250","104,000","100,500","504,75K","0,98%"
"29.06.2021","101,900","102,850","104,000","100,100","419,21K","-1,07%"
"28.06.2021","103,000","104,200","105,550","102,100","622,98K","-1,72%"
"25.06.2021","104,800","105,000","106,700","103,250","973,41K","-5,88%"
"24.06.2021","111,350","111,400","112,350","109,200","527,66K","0,32%"
"23.06.2021","111,000","114,850","114,850","110,200","387,81K","-2,80%"
"22.06.2021","114,200","109,500","114,700","104,100","374,19K","3,44%"
"18.06.2021","110,400","112,800","112,800","109,750","242,12K","-2,30%"
"17.06.2021","113,000","113,350","113,500","111,400","365,53K","-0,66%"
"16.06.2021","113,750","113,600","113,750","111,500","247,37K","0,66%"
"15.06.2021","113,000","112,200","113,500","109,000","204,49K","0,44%"
"14.06.2021","112,500","110,400","112,950","110,400","163,39K","2,13%"
"11.06.2021","110,150","114,000","114,000","109,000","414,28K","-3,46%"
"10.06.2021","114,100","118,000","118,000","114,000","745,05K","-1,38%"
"09.06.2021","115,700","116,000","118,000","115,000","1,64M","-0,17%"
"08.06.2021","115,900","118,550","118,550","114,050","332,96K","-0,94%"
"07.06.2021","117,000","116,150","120,000","115,250","735,48K","3,08%"
"04.06.2021","113,500","113,950","114,250","110,150","1,09M","0,44%"
"03.06.2021","113,000","110,700","114,000","109,100","414,89K","0,00%"
"02.06.2021","113,000","107,800","113,000","106,000","748,76K","5,66%"
"01.06.2021","106,950","103,200","107,000","103,200","914,48K","8,85%"
"31.05.2021","98,250","100,400","101,450","98,000","91,32K","-2,19%"
"28.05.2021","100,450","98,000","101,050","98,000","472,54K","2,92%"
"27.05.2021","97,600","98,500","98,500","96,000","283,83K","0,10%"
"26.05.2021","97,500","96,250","97,700","94,050","252,98K","0,83%"
"21.05.2021","96,700","97,500","98,700","96,550","617,88K","-0,82%"
"20.05.2021","97,500","96,500","98,200","95,800","305,51K","0,21%"
"19.05.2021","97,300","94,500","97,450","94,500","606,24K","0,00%"
"18.05.2021","97,300","96,000","97,300","95,000","484,02K","1,35%"
"17.05.2021","96,000","98,300","98,300","95,500","533,74K","-3,76%"
"14.05.2021","99,750","98,100","100,500","96,300","518,81K","5,00%"
"13.05.2021","95,000","89,900","95,000","89,900","375,50K","6,86%"
"12.05.2021","88,900","91,900","91,900","88,500","134,07K","-0,61%"
"11.05.2021","89,450","91,000","91,250","88,750","209,40K","-0,61%"
"10.05.2021","90,000","90,700","92,000","89,300","656,83K","-0,94%"
"07.05.2021","90,850","86,500","91,500","86,400","545,29K","5,21%"
"06.05.2021","86,350","85,150","86,900","85,150","201,10K","-0,06%"
"05.05.2021","86,400","84,200","87,350","84,200","405,64K","1,29%"
"04.05.2021","85,300","84,600","85,900","83,500","627,04K","0,77%"
"03.05.2021","84,650","84,000","87,900","83,150","1,42M","0,71%"
"30.04.2021","84,050","86,450","86,450","83,000","272,86K","-3,56%"
"29.04.2021","87,150","85,400","87,150","83,850","387,26K","1,63%"
"28.04.2021","85,750","83,900","85,850","83,900","448,64K","3,31%"
"27.04.2021","83,000","83,000","84,250","82,350","488,65K","0,00%"
"26.04.2021","83,000","84,000","84,300","82,300","298,73K","-1,78%"
"23.04.2021","84,500","86,200","88,000","84,050","292,79K","-2,09%"
"22.04.2021","86,300","87,150","88,200","86,000","215,55K","-0,80%"
"21.04.2021","87,000","86,950","88,150","86,000","814,41K","-0,57%"
"20.04.2021","87,500","88,900","89,300","86,600","599,87K","-1,46%"
"19.04.2021","88,800","86,000","89,500","86,000","312,77K","2,25%"
"16.04.2021","86,850","85,000","88,150","84,700","597,86K","1,70%"
"15.04.2021","85,400","84,850","86,450","84,450","255,52K","0,59%"
"14.04.2021","84,900","85,500","87,000","84,600","250,77K","-0,70%"
"13.04.2021","85,500","87,500","88,550","85,500","319,02K","-2,29%"
"12.04.2021","87,500","87,000","89,000","86,200","419,20K","0,11%"
"09.04.2021","87,400","87,000","88,700","86,800","226,95K","-0,34%"
"08.04.2021","87,700","89,500","89,500","87,100","221,36K","-0,57%"
"07.04.2021","88,200","91,350","91,350","88,200","335,95K","-0,90%"
"06.04.2021","89,000","87,900","90,550","87,000","472,17K","1,14%"
"05.04.2021","88,000","85,000","88,750","85,000","294,72K","3,35%"
"31.03.2021","85,150","86,500","88,100","85,150","564,30K","-1,10%"
"30.03.2021","86,100","85,150","86,750","84,600","141,40K","1,29%"
"29.03.2021","85,000","80,000","86,000","79,000","371,22K","3,85%"
"26.03.2021","81,850","84,000","84,600","80,700","462,55K","-2,09%"
"25.03.2021","83,600","85,200","87,300","82,100","389,78K","-3,13%"
"23.03.2021","86,300","88,000","88,950","86,300","368,87K","-2,92%"
"22.03.2021","88,900","87,000","89,000","86,700","389,38K","0,85%"
"19.03.2021","88,150","87,000","88,850","86,050","355,16K","0,17%"
"18.03.2021","88,000","88,450","88,950","86,500","494,07K","-0,56%"
"17.03.2021","88,500","87,000","88,600","86,000","308,27K","0,91%"
"16.03.2021","87,700","87,050","89,450","86,800","560,40K","-0,57%"
"15.03.2021","88,200","86,800","89,000","86,700","623,81K","1,85%"
"12.03.2021","86,600","82,000","87,250","82,000","596,87K","3,10%"
"11.03.2021","84,000","82,500","84,300","82,500","391,04K","1,82%"
"10.03.2021","82,500","82,000","82,900","80,800","684,70K","0,61%"
"09.03.2021","82,000","80,500","82,500","80,200","419,69K","1,61%"
"08.03.2021","80,700","82,000","83,000","80,200","374,94K","-2,18%"
"05.03.2021","82,500","81,800","82,800","77,000","383,65K","0,61%"
"04.03.2021","82,000","78,000","83,900","78,000","627,01K","3,54%"
"03.03.2021","79,200","79,500","81,000","77,500","518,73K","-0,38%"
"02.03.2021","79,500","80,000","82,700","78,650","448,27K","-0,63%"
"01.03.2021","80,000","78,000","80,900","78,000","346,72K","2,83%"
"26.02.2021","77,800","78,300","82,450","77,700","304,86K","-1,52%"
"25.02.2021","79,000","82,100","84,000","73,900","419,18K","-3,66%"
"24.02.2021","82,000","81,000","83,450","81,000","353,11K","0,74%"
"23.02.2021","81,400","84,500","84,500","78,700","193,85K","-1,33%"
"22.02.2021","82,500","85,000","85,000","81,700","504,38K","-3,51%"
"19.02.2021","85,500","86,000","86,800","84,000","638,73K","0,12%"
"18.02.2021","85,400","89,000","90,000","83,900","368,91K","-3,39%"
"17.02.2021","88,400","86,000","88,450","85,600","982,48K","3,76%"
"12.02.2021","85,200","82,100","85,250","82,100","456,75K","2,28%"
"11.02.2021","83,300","84,300","85,500","82,600","158,50K","-1,30%"
"10.02.2021","84,400","86,000","86,000","83,200","397,81K","-1,29%"
"09.02.2021","85,500","84,500","85,900","83,700","509,07K","0,59%"
"08.02.2021","85,000","84,400","85,200","83,500","259,94K","0,59%"
"05.02.2021","84,500","83,000","85,050","83,000","320,83K","1,02%"
"04.02.2021","83,650","79,000","83,750","78,400","220,12K","4,56%"
"03.02.2021","80,000","80,000","82,650","79,000","621,56K","-0,74%"
"02.02.2021","80,600","81,250","83,800","80,500","1,11M","-0,49%"
"01.02.2021","81,000","78,500","81,700","77,250","334,31K","2,53%"
"29.01.2021","79,000","83,000","83,500","77,500","141,12K","-4,82%"
"28.01.2021","83,000","81,900","83,000","79,450","376,95K","2,98%"
"27.01.2021","80,600","80,100","82,200","77,800","631,75K","0,50%"
"26.01.2021","80,200","76,000","80,250","76,000","665,23K","6,93%"
"25.01.2021","75,000","75,700","77,500","73,800","498,45K","0,27%"
"22.01.2021","74,800","76,000","76,500","73,800","504,59K","-1,97%"
"21.01.2021","76,300","78,100","80,100","75,500","651,66K","-5,22%"
"20.01.2021","80,500","78,700","80,500","77,250","392,64K","2,16%"
"19.01.2021","78,800","76,100","79,000","76,100","569,39K","1,68%"
"18.01.2021","77,500","76,100","77,500","75,100","172,50K","-0,77%"
"15.01.2021","78,100","77,100","78,100","75,400","353,31K","1,43%"
"14.01.2021","77,000","78,000","78,500","75,800","741,08K","-0,65%"
"13.01.2021","77,500","76,050","78,000","75,500","253,17K","1,97%"
"12.01.2021","76,000","74,550","78,000","73,200","436,60K","0,66%"
"11.01.2021","75,500","76,700","77,200","73,800","251,45K","-4,43%"
"08.01.2021","79,000","79,450","79,900","76,300","836,37K","-1,19%"
"07.01.2021","79,950","76,600","80,400","76,600","414,26K","2,50%"
"06.01.2021","78,000","77,600","78,900","77,000","175,53K","-0,38%"
"05.01.2021","78,300","76,650","78,900","76,200","500,06K","2,09%"
"04.01.2021","76,700","76,900","78,100","76,000","463,28K","-0,26%"
"30.12.2020","76,900","76,600","78,900","75,900","838,05K","0,39%"
"29.12.2020","76,600","74,500","78,250","73,600","499,57K","3,51%"
"28.12.2020","74,000","77,000","77,300","74,000","855,03K","-4,27%"
"23.12.2020","77,300","76,500","78,000","75,050","930,05K","3,00%"
"22.12.2020","75,050","78,500","79,450","75,000","855,75K","-2,53%"
"21.12.2020","77,000","80,850","80,850","76,000","648,03K","-6,10%"
"18.12.2020","82,000","83,000","84,000","80,300","1,05M","-1,62%"
"17.12.2020","83,350","80,500","83,750","80,000","2,43M","2,90%"
"16.12.2020","81,000","80,000","82,000","78,100","1,83M","1,25%"
"15.12.2020","80,000","80,500","82,000","79,000","2,10M","-1,11%"
"14.12.2020","80,900","80,050","81,950","80,000","451,69K","1,76%"
"11.12.2020","79,500","81,000","82,100","79,500","278,68K","-1,85%"
"10.12.2020","81,000","77,000","81,300","77,000","1,25M","5,47%"
"09.12.2020","76,800","81,500","81,500","75,050","359,18K","-5,88%"
"04.12.2020","81,600","84,500","84,950","81,500","833,78K","-1,45%"
"03.12.2020","82,800","83,900","84,500","82,700","641,62K","0,36%"
"02.12.2020","82,500","83,000","85,650","82,450","364,84K","-0,96%"
"01.12.2020","83,300","84,500","85,400","83,000","655,83K","-1,48%"
"30.11.2020","84,550","83,400","84,800","82,900","635,24K","1,62%"
"27.11.2020","83,200","83,600","84,450","81,100","363,95K","0,00%"
"26.11.2020","83,200","83,100","85,000","81,500","106,38K","0,24%"
"25.11.2020","83,000","83,500","85,000","82,800","621,15K","-0,60%"
"24.11.2020","83,500","81,000","85,000","81,000","1,22M","4,97%"
"20.11.2020","79,550","79,950","82,000","78,600","372,21K","1,47%"
"19.11.2020","78,400","81,100","82,000","77,850","235,27K","-0,32%"
"18.11.2020","78,650","78,950","82,700","78,100","681,86K","-0,44%"
"17.11.2020","79,000","81,000","81,900","78,500","338,13K","-2,11%"
"16.11.2020","80,700","78,800","82,000","76,000","416,51K","2,93%"
"13.11.2020","78,400","77,000","78,700","74,950","419,34K","0,38%"
"12.11.2020","78,100","81,000","82,100","77,600","410,47K","-3,82%"
"11.11.2020","81,200","79,500","81,900","78,700","661,39K","3,44%"
"10.11.2020","78,500","76,950","81,600","76,500","523,81K","2,01%"
"09.11.2020","76,950","80,500","83,000","75,800","714,16K","-2,35%"
"06.11.2020","78,800","76,000","79,350","75,300","178,19K","6,49%"
"05.11.2020","74,000","77,500","78,500","74,000","596,19K","-4,27%"
"04.11.2020","77,300","75,100","78,000","75,100","299,94K","4,11%"
"03.11.2020","74,250","74,800","78,600","74,250","581,57K","-1,00%"
"02.11.2020","75,000","73,000","75,250","72,400","289,63K","7,14%"
"30.10.2020","70,000","71,700","74,000","69,300","549,09K","-2,71%"
"29.10.2020","71,950","69,000","72,000","68,700","341,43K","1,34%"
"28.10.2020","71,000","76,800","76,800","69,000","916,61K","-8,56%"
"27.10.2020","77,650","80,000","84,700","77,000","1,02M","-8,65%"
"26.10.2020","85,000","85,000","86,250","80,400","527,04K","0,00%"
"23.10.2020","85,000","84,300","86,000","80,000","697,40K","0,47%"
"22.10.2020","84,600","78,500","84,900","77,000","1,01M","5,75%"
"21.10.2020","80,000","81,300","82,300","78,500","766,34K","-1,36%"
"20.10.2020","81,100","78,550","81,300","77,400","1,18M","3,31%"
"19.10.2020","78,500","79,900","81,000","77,000","788,28K","0,51%"
"16.10.2020","78,100","77,500","78,950","76,350","1,08M","1,43%"
"14.10.2020","77,000","69,550","77,000","69,550","1,28M","8,07%"
"13.10.2020","71,250","67,000","71,250","67,000","2,51M","6,74%"
"09.10.2020","66,750","64,800","67,300","64,000","710,02K","3,97%"
"08.10.2020","64,200","63,100","65,250","62,450","647,38K","0,31%"
"07.10.2020","64,000","63,150","64,550","61,800","1,35M","2,40%"
"06.10.2020","62,500","65,100","67,400","62,500","975,52K","-3,77%"
"05.10.2020","64,950","64,500","66,500","64,000","892,86K","0,70%"
"02.10.2020","64,500","61,500","65,000","60,500","844,27K","4,03%"
"01.10.2020","62,000","61,200","62,300","59,500","661,27K","3,94%"
"30.09.2020","59,650","60,450","61,200","58,800","1,31M","-2,05%"
"29.09.2020","60,900","59,100","60,950","58,600","223,99K","1,00%"
"28.09.2020","60,300","61,000","61,500","58,000","327,48K","1,60%"
"25.09.2020","59,350","58,500","60,650","57,100","310,57K","2,33%"
"24.09.2020","58,000","58,000","58,600","57,500","766,09K","0,35%"
"23.09.2020","57,800","60,300","60,500","57,550","2,97M","-3,75%"
"22.09.2020","60,050","58,100","60,700","57,800","878,81K","3,53%"
"21.09.2020","58,000","58,300","59,900","56,100","1,03M","-0,85%"
"18.09.2020","58,500","53,100","59,000","53,100","951,43K","6,36%"
"17.09.2020","55,000","56,000","56,000","53,000","2,33M","-3,51%"
"16.09.2020","57,000","58,300","58,400","54,900","832,44K","-4,12%"
"15.09.2020","59,450","59,000","60,450","57,250","606,00K","-0,67%"
"14.09.2020","59,850","61,500","61,500","58,500","566,20K","-1,89%"
"11.09.2020","61,000","61,950","62,000","59,900","578,40K","-0,97%"
"10.09.2020","61,600","60,300","62,250","59,900","1,37M","1,99%"
"09.09.2020","60,400","59,900","61,000","59,000","577,10K","2,11%"
"08.09.2020","59,150","57,900","59,450","56,550","503,48K","0,94%"
"07.09.2020","58,600","59,000","59,000","58,000","131,35K","-1,01%"
"04.09.2020","59,200","59,400","59,400","56,650","376,58K","1,46%"
"03.09.2020","58,350","58,000","59,850","57,000","525,70K","-0,93%"
"02.09.2020","58,900","59,950","59,950","58,200","350,67K","-1,51%"
"01.09.2020","59,800","58,100","60,000","58,100","641,80K","0,84%"
"31.08.2020","59,300","60,000","60,200","58,600","448,30K","0,17%"
"28.08.2020","59,200","57,100","60,500","56,500","1,29M","3,14%"
"27.08.2020","57,400","59,000","59,600","56,450","839,80K","-1,29%"
"26.08.2020","58,150","58,000","59,300","57,850","986,34K","0,26%"
"25.08.2020","58,000","56,300","58,900","56,300","1,01M","-0,77%"
"24.08.2020","58,450","58,850","59,450","56,700","1,14M","-0,68%"
"21.08.2020","58,850","58,800","61,550","56,700","1,87M","0,09%"
"20.08.2020","58,800","57,750","58,950","56,750","795,70K","1,38%"
"19.08.2020","58,000","54,850","58,400","54,850","1,06M","3,39%"
"18.08.2020","56,100","56,000","56,700","53,650","955,40K","-1,58%"
"14.08.2020","57,000","57,900","58,100","56,200","835,86K","0,00%"
"13.08.2020","57,000","56,000","58,700","55,350","1,15M","1,60%"
"12.08.2020","56,100","57,200","58,150","55,100","1,71M","-2,09%"
"11.08.2020","57,300","57,900","58,500","56,750","1,31M","-1,04%"
"10.08.2020","57,900","59,000","60,000","57,650","966,32K","-1,61%"
"07.08.2020","58,850","57,500","59,000","56,850","706,31K","1,99%"
"06.08.2020","57,700","58,000","58,000","56,050","638,88K","1,23%"
"05.08.2020","57,000","59,500","60,500","56,000","1,20M","-2,90%"
"04.08.2020","58,700","62,250","64,000","57,000","3,09M","-2,41%"
"03.08.2020","60,150","55,000","61,250","54,200","2,85M","11,39%"
"31.07.2020","54,000","54,550","54,900","53,500","710,56K","-1,10%"
"30.07.2020","54,600","53,000","54,600","52,200","916,89K","1,68%"
"29.07.2020","53,700","55,050","55,900","53,050","969,10K","-2,89%"
"28.07.2020","55,300","55,750","57,300","54,000","1,27M","-0,90%"
"27.07.2020","55,800","58,000","58,600","55,500","2,15M","-3,29%"
"24.07.2020","57,700","55,950","57,750","54,350","2,11M","2,12%"
"23.07.2020","56,500","57,000","59,500","55,200","1,81M","-0,53%"
"22.07.2020","56,800","54,800","57,850","53,300","1,95M","4,03%"
"21.07.2020","54,600","53,100","55,800","53,100","1,80M","3,90%"
"20.07.2020","52,550","51,700","53,150","51,300","1,29M","1,64%"
"17.07.2020","51,700","52,350","53,050","50,600","1,60M","-1,52%"
"16.07.2020","52,500","52,000","52,900","51,100","636,11K","-0,57%"
"15.07.2020","52,800","52,500","52,950","51,800","747,31K","1,54%"
"14.07.2020","52,000","51,200","52,100","50,500","549,37K","1,96%"
"13.07.2020","51,000","51,200","52,150","50,000","2,23M","0,20%"
"08.07.2020","50,900","50,200","51,500","50,100","862,53K","2,00%"
"07.07.2020","49,900","50,100","50,700","48,400","1,21M","-1,38%"
"06.07.2020","50,600","49,500","51,550","49,500","2,56M","7,09%"
"03.07.2020","47,250","45,750","48,000","45,750","681,60K","2,72%"
"02.07.2020","46,000","47,800","48,850","42,800","1,29M","-2,44%"
"01.07.2020","47,150","45,500","48,000","45,300","650,10K","4,31%"
"30.06.2020","45,200","45,400","45,900","44,300","1,72M","-1,09%"
"29.06.2020","45,700","45,700","47,000","44,500","1,71M","0,66%"
"26.06.2020","45,400","48,000","48,000","45,000","1,07M","-4,82%"
"25.06.2020","47,700","45,300","48,150","45,300","1,22M","7,55%"
"24.06.2020","44,350","44,450","45,500","43,500","867,71K","-0,78%"
"23.06.2020","44,700","45,250","46,200","44,000","2,63M","0,34%"
"22.06.2020","44,550","45,700","47,000","43,000","2,46M","-2,73%"
"19.06.2020","45,800","44,500","46,500","43,900","1,60M","6,76%"
"18.06.2020","42,900","44,950","44,950","42,500","946,52K","-5,92%"
"17.06.2020","45,600","48,100","48,100","45,200","873,02K","-4,70%"
"16.06.2020","47,850","49,150","50,300","47,500","1,83M","-2,15%"
"12.06.2020","48,900","50,000","51,200","48,100","1,39M","-0,51%"
"11.06.2020","49,150","52,250","52,250","48,100","2,36M","-8,04%"
"10.06.2020","53,450","53,850","54,250","52,000","2,60M","-1,75%"
"09.06.2020","54,400","55,500","55,700","51,700","2,09M","-5,39%"
"08.06.2020","57,500","55,000","57,700","54,800","2,94M","6,98%"
"05.06.2020","53,750","52,900","54,500","52,100","2,79M","4,47%"
"04.06.2020","51,450","52,650","53,000","50,500","1,51M","-2,00%"
"03.06.2020","52,500","52,500","53,350","51,150","3,42M","0,48%"
"02.06.2020","52,250","51,000","52,300","50,350","1,77M","2,85%"
"01.06.2020","50,800","49,000","50,850","48,200","673,08K","6,72%"
"29.05.2020","47,600","49,100","50,400","45,150","1,33M","-2,66%"
"28.05.2020","48,900","50,500","50,600","48,000","1,12M","-2,20%"
"27.05.2020","50,000","54,000","54,100","49,000","4,01M","-7,24%"
"26.05.2020","53,900","55,000","56,500","53,000","706,33K","-0,74%"
"22.05.2020","54,300","56,000","57,300","53,250","1,44M","-4,74%"
"21.05.2020","57,000","52,850","57,100","52,800","1,32M","8,16%"
"20.05.2020","52,700","54,050","55,000","51,550","779,14K","-2,41%"
"19.05.2020","54,000","55,700","56,000","53,400","863,67K","-2,61%"
"18.05.2020","55,450","55,850","56,700","53,000","1,68M","3,64%"
"15.05.2020","53,500","55,100","58,000","53,000","1,94M","-2,55%"
"14.05.2020","54,900","52,000","55,400","51,500","1,04M","5,27%"
"13.05.2020","52,150","53,500","54,000","51,700","643,63K","-3,16%"
"12.05.2020","53,850","53,200","56,500","53,200","1,66M","0,47%"
"11.05.2020","53,600","50,400","53,850","48,000","1,17M","6,14%"
"08.05.2020","50,500","50,500","52,450","50,000","1,21M","1,81%"
"07.05.2020","49,600","48,800","50,500","47,550","1,70M","1,64%"
"06.05.2020","48,800","47,000","49,850","46,200","1,12M","3,83%"
"05.05.2020","47,000","45,800","48,450","45,000","1,55M","3,87%"
"04.05.2020","45,250","44,500","45,300","43,000","1,14M","-0,98%"
"30.04.2020","45,700","46,000","46,950","44,600","584,08K","-1,40%"
"29.04.2020","46,350","46,650","47,500","43,850","1,46M","0,98%"
"28.04.2020","45,900","44,000","46,500","43,300","1,18M","6,74%"
"27.04.2020","43,000","42,000","43,300","41,000","500,29K","1,65%"
"24.04.2020","42,300","43,550","43,700","40,000","479,88K","-3,20%"
"23.04.2020","43,700","44,000","44,650","43,150","515,36K","0,23%"
"22.04.2020","43,600","43,550","44,400","42,700","523,76K","1,87%"
"21.04.2020","42,800","41,750","43,300","41,750","574,00K","0,94%"
"20.04.2020","42,400","41,600","42,550","41,100","688,93K","2,05%"
"17.04.2020","41,550","44,000","45,000","41,000","732,08K","-4,59%"
"16.04.2020","43,550","46,200","46,350","42,650","855,06K","-6,55%"
"15.04.2020","46,600","43,450","47,150","42,500","907,16K","4,72%"
"14.04.2020","44,500","42,500","45,650","42,500","1,15M","6,33%"
"13.04.2020","41,850","40,000","42,000","38,700","1,87M","1,09%"
"08.04.2020","41,400","39,400","41,750","38,800","730,29K","6,98%"
"07.04.2020","38,700","40,000","40,800","38,250","707,18K","-1,02%"
"06.04.2020","39,100","40,000","40,600","38,000","689,12K","2,89%"
"03.04.2020","38,000","37,800","38,600","36,800","628,37K","0,40%"
"02.04.2020","37,850","38,400","38,400","35,850","2,14M","-0,53%"
"01.04.2020","38,050","35,850","38,900","35,850","1,42M","6,28%"
"30.03.2020","35,800","34,950","36,400","34,150","317,54K","0,56%"
"27.03.2020","35,600","37,800","37,800","35,200","1,17M","-8,25%"
"26.03.2020","38,800","41,700","43,000","38,500","709,19K","-3,60%"
"25.03.2020","40,250","37,750","41,300","37,750","2,27M","18,38%"
"20.03.2020","34,000","34,400","36,150","33,400","717,89K","3,03%"
"19.03.2020","33,000","34,850","37,150","33,000","1,40M","-5,04%"
"18.03.2020","34,750","36,000","36,500","33,500","1,90M","-6,08%"
"17.03.2020","37,000","34,500","38,000","33,950","1,08M","7,09%"
"16.03.2020","34,550","32,000","36,750","32,000","1,25M","-7,12%"
"13.03.2020","37,200","37,700","39,100","35,800","940,47K","1,64%"
"12.03.2020","36,600","36,450","38,500","33,500","2,28M","-5,91%"
"11.03.2020","38,900","40,300","40,300","37,900","673,77K","-4,89%"
"10.03.2020","40,900","41,150","41,900","38,600","1,87M","8,20%"
"09.03.2020","37,800","38,000","40,900","36,000","1,80M","-13,40%"
"06.03.2020","43,650","45,200","45,200","43,000","735,66K","-4,59%"
"05.03.2020","45,750","46,500","46,500","45,100","457,69K","-1,82%"
"04.03.2020","46,600","44,300","46,800","44,300","1,10M","4,95%"
"03.03.2020","44,400","43,500","45,600","43,400","2,01M","2,78%"
"02.03.2020","43,200","40,000","43,900","39,150","1,27M","9,51%"
"28.02.2020","39,450","39,900","39,900","37,300","868,85K","0,13%"
"27.02.2020","39,400","39,250","40,600","37,650","1,05M","0,38%"
"26.02.2020","39,250","40,200","40,650","39,200","899,19K","-7,54%"
"21.02.2020","42,450","43,500","43,500","42,100","736,08K","-0,82%"
"20.02.2020","42,800","42,350","43,300","41,750","1,06M","1,66%"
"19.02.2020","42,100","42,400","43,500","41,800","453,86K","-0,36%"
"18.02.2020","42,250","44,150","44,150","41,200","1,08M","-3,54%"
"17.02.2020","43,800","42,800","44,100","42,800","230,42K","2,10%"
"14.02.2020","42,900","44,000","44,650","41,950","1,25M","-2,83%"
"13.02.2020","44,150","44,700","44,700","43,000","452,62K","-2,54%"
"12.02.2020","45,300","47,000","47,000","44,450","369,63K","0,00%"
"11.02.2020","45,300","46,000","46,600","44,900","606,66K","-2,58%"
"10.02.2020","46,500","46,950","47,300","46,000","224,10K","-1,06%"
"07.02.2020","47,000","46,900","47,800","45,500","631,77K","0,11%"
"06.02.2020","46,950","47,800","47,800","45,950","408,80K","1,29%"
"05.02.2020","46,350","47,250","47,450","45,800","392,36K","-1,17%"
"04.02.2020","46,900","48,300","49,950","45,550","939,97K","-1,78%"
"03.02.2020","47,750","46,050","48,450","44,350","903,36K","5,64%"
"31.01.2020","45,200","45,750","46,250","44,300","222,83K","-1,31%"
"30.01.2020","45,800","45,000","45,950","43,800","602,97K","1,78%"
"29.01.2020","45,000","47,900","47,900","45,000","433,44K","-2,81%"
"28.01.2020","46,300","45,100","47,250","45,100","697,64K","2,21%"
"27.01.2020","45,300","44,750","45,450","42,800","587,41K","1,12%"
"24.01.2020","44,800","46,400","46,900","44,800","736,88K","-3,45%"
"23.01.2020","46,400","48,350","48,400","46,400","903,04K","-4,23%"
"22.01.2020","48,450","46,300","48,500","45,750","514,14K","3,30%"
"21.01.2020","46,900","49,300","49,500","46,550","972,76K","-4,96%"
"20.01.2020","49,350","48,400","49,500","48,150","266,68K","2,07%"
"17.01.2020","48,350","47,100","49,250","46,900","1,25M","3,53%"
"16.01.2020","46,700","46,500","47,150","45,750","818,54K","0,00%"
"15.01.2020","46,700","46,350","47,350","44,600","777,58K","1,85%"
"14.01.2020","45,850","48,000","48,000","45,700","934,91K","-3,68%"
"13.01.2020","47,600","48,100","48,850","47,350","502,60K","-1,04%"
"10.01.2020","48,100","48,500","49,500","47,700","541,76K","-0,21%"
"09.01.2020","48,200","46,550","48,500","46,050","1,77M","3,66%"
"08.01.2020","46,500","47,500","47,500","46,000","1,18M","-2,31%"
"07.01.2020","47,600","48,350","49,000","46,900","901,95K","-1,86%"
"06.01.2020","48,500","48,400","48,700","47,000","719,24K","-0,61%"
"03.01.2020","48,800","48,250","49,450","46,500","595,36K","1,14%"
"02.01.2020","48,250","49,350","50,200","47,550","878,50K","-2,92%"
"30.12.2019","49,700","49,800","50,000","47,750","723,10K","0,00%"
"27.12.2019","49,700","49,550","50,800","48,500","1,03M","0,40%"
"26.12.2019","49,500","47,100","50,650","46,850","1,32M","5,21%"
"23.12.2019","47,050","46,000","47,450","45,900","1,15M","2,73%"
"20.12.2019","45,800","45,400","46,300","44,600","864,46K","1,22%"
"19.12.2019","45,250","46,000","47,600","44,950","1,38M","-1,63%"
"18.12.2019","46,000","45,150","47,650","44,800","1,84M","2,45%"
"17.12.2019","44,900","46,750","46,750","42,800","1,47M","-4,06%"
"16.12.2019","46,800","45,000","46,850","45,000","1,22M","4,35%"
"13.12.2019","44,850","42,000","46,200","41,850","2,05M","7,17%"
"12.12.2019","41,850","42,500","43,500","40,000","1,95M","-1,06%"
"11.12.2019","42,300","42,600","42,600","40,600","1,07M","-0,70%"
"10.12.2019","42,600","45,200","45,850","42,200","1,11M","-5,02%"
"09.12.2019","44,850","44,350","46,600","44,350","1,83M","1,24%"
"06.12.2019","44,300","43,450","44,500","42,650","1,55M","3,50%"
"05.12.2019","42,800","42,250","42,800","41,050","1,49M","1,42%"
"04.12.2019","42,200","39,500","42,250","39,400","1,14M","8,21%"
"03.12.2019","39,000","40,000","40,000","38,700","1,39M","-3,35%"
"02.12.2019","40,350","41,300","41,500","40,000","599,14K","-2,06%"
"29.11.2019","41,200","41,000","41,350","40,500","428,75K","0,49%"
"28.11.2019","41,000","40,950","41,500","40,300","268,63K","1,36%"
"27.11.2019","40,450","38,250","40,500","37,850","727,83K","7,29%"
"26.11.2019","37,700","40,500","40,650","37,300","1,37M","-6,10%"
"25.11.2019","40,150","41,000","42,300","40,000","706,95K","-0,86%"
"22.11.2019","40,500","40,000","41,150","39,950","1,18M","2,02%"
"21.11.2019","39,700","41,500","42,000","39,500","1,18M","-2,22%"
"20.11.2019","40,600","41,950","41,950","40,000","1,95M","1,25%"
"19.11.2019","40,100","40,000","40,650","38,300","642,65K","0,25%"
"15.11.2019","40,000","40,000","41,000","37,800","595,13K","1,39%"
"14.11.2019","39,450","41,150","42,000","38,250","1,33M","-2,59%"
"13.11.2019","40,500","42,800","43,100","40,400","1,69M","-5,15%"
"12.11.2019","42,700","42,050","42,950","39,600","1,86M","2,15%"
"11.11.2019","41,800","44,650","45,650","41,700","1,20M","-6,28%"
"08.11.2019","44,600","49,250","50,500","43,700","2,30M","-9,44%"
"07.11.2019","49,250","49,400","50,500","48,650","673,98K","-0,51%"
"06.11.2019","49,500","51,850","52,600","49,000","271,28K","-4,53%"
"05.11.2019","51,850","53,000","53,900","51,500","589,01K","-2,17%"
"04.11.2019","53,000","50,500","53,000","50,500","971,05K","5,26%"
"01.11.2019","50,350","51,000","51,050","49,450","484,82K","0,70%"
"31.10.2019","50,000","48,200","50,000","48,200","504,80K","3,95%"
"30.10.2019","48,100","45,550","48,450","45,400","537,49K","4,57%"
"29.10.2019","46,000","47,500","48,050","45,000","913,42K","-2,75%"
"28.10.2019","47,300","49,500","54,400","46,300","1,27M","-3,47%"
"25.10.2019","49,000","48,000","51,750","46,550","2,78M","1,87%"
"24.10.2019","48,100","46,950","48,200","46,050","827,15K","1,48%"
"23.10.2019","47,400","48,500","48,550","45,200","1,63M","-2,37%"
"22.10.2019","48,550","47,000","49,600","45,800","1,36M","2,21%"
"21.10.2019","47,500","44,900","47,500","44,500","1,85M","4,86%"
"18.10.2019","45,300","46,350","46,900","45,000","991,14K","-1,52%"
"17.10.2019","46,000","44,550","46,500","44,350","479,05K","3,25%"
"16.10.2019","44,550","46,200","46,200","44,300","717,82K","-3,26%"
"15.10.2019","46,050","46,650","47,000","45,650","1,03M","-1,81%"
"11.10.2019","46,900","47,300","48,850","46,750","1,29M","0,43%"
"10.10.2019","46,700","44,350","47,000","44,350","869,17K","5,30%"
"09.10.2019","44,350","45,200","45,650","43,150","1,28M","-1,55%"
"08.10.2019","45,050","47,000","47,000","45,000","1,21M","-4,15%"
"07.10.2019","47,000","50,000","52,000","47,000","783,58K","-5,62%"
"04.10.2019","49,800","48,000","50,250","47,100","1,37M","6,07%"
"03.10.2019","46,950","47,200","47,900","46,500","468,99K","-0,53%"
"02.10.2019","47,200","45,500","47,200","45,200","850,25K","2,83%"
"01.10.2019","45,900","44,400","46,500","44,400","883,11K","4,32%"
"30.09.2019","44,000","42,700","44,200","41,600","615,87K","3,77%"
"27.09.2019","42,400","41,000","43,000","40,600","768,37K","3,41%"
"26.09.2019","41,000","41,500","42,700","40,350","391,98K","-0,24%"
"25.09.2019","41,100","40,200","41,800","38,500","361,88K","0,98%"
"24.09.2019","40,700","41,400","42,400","40,500","502,82K","-5,79%"
"23.09.2019","43,200","43,500","43,600","41,200","615,21K","-1,59%"
"20.09.2019","43,900","44,900","45,000","43,200","275,03K","-2,01%"
"19.09.2019","44,800","45,000","45,000","42,250","462,78K","1,13%"
"18.09.2019","44,300","45,500","45,500","43,700","386,65K","-0,78%"
"17.09.2019","44,650","45,500","45,950","42,550","460,54K","-2,93%"
"16.09.2019","46,000","42,300","46,500","42,300","778,41K","6,98%"
"13.09.2019","43,000","41,000","43,900","41,000","782,56K","1,18%"
"12.09.2019","42,500","41,000","42,500","40,000","484,76K","2,04%"
"11.09.2019","41,650","40,400","41,900","39,500","932,52K","2,84%"
"10.09.2019","40,500","38,100","40,500","38,100","1,15M","6,30%"
"09.09.2019","38,100","40,000","40,000","37,500","657,34K","-3,30%"
"06.09.2019","39,400","38,700","40,000","37,500","1,52M","3,41%"
"05.09.2019","38,100","32,700","38,600","32,700","1,78M","20,95%"
"04.09.2019","31,500","31,000","32,900","30,200","2,04M","3,96%"
"03.09.2019","30,300","33,500","33,500","29,150","2,77M","-14,53%"
"02.09.2019","35,450","33,000","35,850","33,000","363,78K","9,92%"
"30.08.2019","32,250","32,250","34,000","31,100","1,06M","2,54%"
"29.08.2019","31,450","33,800","34,600","31,000","1,39M","-8,18%"
"28.08.2019","34,250","33,750","34,700","32,550","965,43K","2,85%"
"27.08.2019","33,300","33,700","33,900","32,550","2,27M","-2,06%"
"26.08.2019","34,000","35,500","36,000","33,600","655,53K","-3,41%"
"23.08.2019","35,200","37,500","37,600","35,200","889,19K","-6,88%"
"22.08.2019","37,800","37,300","38,250","36,400","630,28K","3,00%"
"21.08.2019","36,700","37,500","37,500","36,250","1,58M","-1,21%"
"20.08.2019","37,150","37,500","37,850","36,000","1,62M","-5,95%"
"16.08.2019","39,500","42,600","43,200","39,400","1,10M","-2,83%"
"15.08.2019","40,650","39,000","42,700","38,500","2,65M","8,40%"
"14.08.2019","37,500","39,000","40,300","36,300","1,57M","-1,32%"
"13.08.2019","38,000","37,000","40,000","35,800","4,67M","8,57%"
"12.08.2019","35,000","39,000","45,000","34,500","7,35M","-45,18%"
"09.08.2019","63,850","58,500","64,500","57,500","3,41M","9,71%"
"08.08.2019","58,200","58,400","58,600","57,200","992,01K","2,83%"
"07.08.2019","56,600","57,000","58,050","56,350","784,74K","-1,57%"
"06.08.2019","57,500","56,050","57,500","55,600","668,28K","1,14%"
"05.08.2019","56,850","57,000","57,250","55,500","716,76K","-1,39%"
"02.08.2019","57,650","56,500","58,250","55,700","649,62K","0,87%"
"01.08.2019","57,150","57,900","60,000","57,000","852,91K","-0,78%"
"31.07.2019","57,600","58,150","59,500","57,500","542,40K","-1,87%"
"30.07.2019","58,700","58,500","59,500","58,050","500,35K","-0,51%"
"29.07.2019","59,000","58,100","59,500","57,500","862,22K","1,29%"
"26.07.2019","58,250","56,400","58,250","56,400","1,22M","5,05%"
"25.07.2019","55,450","55,800","56,450","54,700","1,01M","-0,72%"
"24.07.2019","55,850","55,000","55,950","55,000","518,57K","2,01%"
"23.07.2019","54,750","53,100","54,750","53,100","674,59K","1,86%"
"22.07.2019","53,750","55,950","56,000","52,000","1,14M","-4,95%"
"19.07.2019","56,550","58,000","58,000","56,550","461,02K","-1,39%"
"18.07.2019","57,350","59,000","59,600","55,000","654,86K","-2,13%"
"17.07.2019","58,600","59,250","60,250","58,300","1,15M","-0,59%"
"16.07.2019","58,950","57,600","59,100","57,050","859,78K","3,69%"
"15.07.2019","56,850","59,900","60,800","56,600","742,52K","-4,61%"
"12.07.2019","59,600","59,000","61,000","58,750","1,34M","1,19%"
"11.07.2019","58,900","59,750","60,100","58,800","1,53M","-0,17%"
"10.07.2019","59,000","59,000","60,000","57,750","1,61M","3,60%"
"05.07.2019","56,950","56,750","58,300","56,750","709,35K","-0,26%"
"04.07.2019","57,100","56,800","57,200","56,500","192,85K","0,53%"
"03.07.2019","56,800","59,000","59,600","56,600","470,33K","-3,07%"
"02.07.2019","58,600","58,000","59,300","58,000","792,17K","0,86%"
"01.07.2019","58,100","60,100","60,100","57,650","660,65K","-2,02%"
"28.06.2019","59,300","59,700","60,300","58,300","1,28M","-0,75%"
"27.06.2019","59,750","55,600","60,100","55,600","1,59M","8,05%"
"26.06.2019","55,300","56,200","57,500","55,000","1,98M","-2,12%"
"25.06.2019","56,500","57,100","57,100","55,750","723,86K","-0,88%"
"24.06.2019","57,000","56,450","57,350","55,350","751,62K","0,71%"
"21.06.2019","56,600","56,000","57,400","56,000","1,00M","0,18%"
"19.06.2019","56,500","56,950","57,500","55,800","1,31M","0,89%"
"18.06.2019","56,000","57,500","58,050","55,800","1,20M","-0,62%"
"14.06.2019","56,350","56,700","57,900","56,000","905,19K","-0,53%"
"13.06.2019","56,650","56,900","57,500","54,500","3,23M","0,27%"
"12.06.2019","56,500","54,750","58,800","54,750","4,59M","8,65%"
"11.06.2019","52,000","49,050","52,600","49,050","2,10M","7,88%"
"10.06.2019","48,200","47,000","48,300","46,400","999,61K","2,34%"
"07.06.2019","47,100","49,100","49,850","47,000","1,19M","-4,27%"
"06.06.2019","49,200","49,000","49,500","48,100","409,41K","0,41%"
"05.06.2019","49,000","47,500","49,300","47,100","831,25K","3,16%"
"04.06.2019","47,500","46,500","47,500","46,200","822,65K","3,49%"
"03.06.2019","45,900","45,500","46,700","44,800","1,00M","0,88%"
"31.05.2019","45,500","45,950","46,750","45,100","388,38K","-2,15%"
"30.05.2019","46,500","47,000","47,500","46,400","373,57K","0,65%"
"29.05.2019","46,200","46,600","46,650","45,550","426,01K","-0,75%"
"28.05.2019","46,550","48,000","48,350","45,500","1,22M","-3,92%"
"27.05.2019","48,450","46,700","48,500","46,500","286,15K","3,30%"
"24.05.2019","46,900","46,000","47,100","45,800","657,37K","2,18%"
"23.05.2019","45,900","46,200","46,200","44,550","812,35K","-0,86%"
"22.05.2019","46,300","44,250","46,300","44,250","1,00M","2,21%"
"21.05.2019","45,300","43,800","45,300","43,600","1,37M","7,60%"
"20.05.2019","42,100","40,500","42,300","40,300","510,93K","1,32%"
"17.05.2019","41,550","42,100","42,600","41,200","1,63M","-2,92%"
"16.05.2019","42,800","42,000","43,000","41,700","996,66K","3,13%"
"15.05.2019","41,500","41,500","42,000","40,300","449,69K","0,85%"
"14.05.2019","41,150","40,550","42,300","40,550","671,59K","1,86%"
"13.05.2019","40,400","41,000","41,000","39,500","635,91K","-3,69%"
"10.05.2019","41,950","43,100","44,450","41,550","752,15K","-2,44%"
"09.05.2019","43,000","42,700","44,200","42,050","1,57M","0,00%"
"08.05.2019","43,000","41,600","43,700","41,600","1,65M","3,37%"
"07.05.2019","41,600","41,750","41,750","40,250","665,16K","-1,54%"
"06.05.2019","42,250","41,500","42,550","41,400","1,65M","1,81%"
"03.05.2019","41,500","39,950","42,000","39,950","1,35M","5,87%"
"02.05.2019","39,200","38,000","39,200","38,000","911,84K","4,53%"
"30.04.2019","37,500","36,300","37,700","36,050","726,31K","3,31%"
"29.04.2019","36,300","38,000","38,000","36,100","538,33K","-4,60%"
"26.04.2019","38,050","38,300","39,000","37,600","795,10K","-0,78%"
"25.04.2019","38,350","36,800","40,000","35,050","1,41M","-0,39%"
"24.04.2019","38,500","39,250","39,900","38,000","1,01M","-2,78%"
"23.04.2019","39,600","40,550","41,400","39,600","1,06M","-1,25%"
"22.04.2019","40,100","40,400","40,600","39,000","440,94K","-2,20%"
"17.04.2019","41,000","42,000","42,400","40,900","808,55K","-2,96%"
"16.04.2019","42,250","42,000","43,000","41,600","1,17M","2,05%"
"15.04.2019","41,400","40,300","41,650","40,000","521,39K","2,73%"
"12.04.2019","40,300","40,750","41,400","40,100","1,06M","-2,30%"
"11.04.2019","41,250","42,000","42,000","40,750","1,91M","-3,06%"
"10.04.2019","42,550","42,700","43,300","42,050","1,58M","0,12%"
"09.04.2019","42,500","44,600","44,950","42,000","884,24K","-5,56%"
"08.04.2019","45,000","44,850","45,700","43,850","551,55K","3,45%"
"05.04.2019","43,500","44,200","45,150","43,500","633,76K","-1,58%"
"04.04.2019","44,200","44,500","45,000","43,600","950,75K","-0,11%"
"03.04.2019","44,250","45,800","46,350","43,900","611,84K","-4,12%"
"01.04.2019","46,150","49,000","49,000","45,850","614,06K","-3,95%"
"29.03.2019","48,050","48,750","48,750","47,100","1,19M","1,48%"
"28.03.2019","47,350","46,600","48,200","46,600","887,09K","3,16%"
"27.03.2019","45,900","46,000","46,900","44,750","1,38M","-2,13%"
"26.03.2019","46,900","48,700","49,100","45,100","1,45M","-2,09%"
"25.03.2019","47,900","48,200","49,200","47,250","961,29K","-1,74%"
"22.03.2019","48,750","50,300","50,300","47,300","1,42M","-4,04%"
"21.03.2019","50,800","51,750","51,800","50,050","1,12M","-2,87%"
"20.03.2019","52,300","51,000","52,400","50,700","999,71K","2,55%"
"19.03.2019","51,000","52,650","53,950","50,500","2,10M","-3,23%"
"18.03.2019","52,700","50,550","52,750","49,900","2,33M","6,14%"
"15.03.2019","49,650","49,200","49,900","48,650","1,53M","1,33%"
"14.03.2019","49,000","50,700","50,700","48,350","625,92K","-3,35%"
"13.03.2019","50,700","50,950","51,950","50,250","783,20K","1,81%"
"12.03.2019","49,800","50,600","51,000","48,750","638,02K","-1,58%"
"11.03.2019","50,600","50,100","51,100","50,100","718,75K","1,20%"
"08.03.2019","50,000","50,150","51,050","48,300","534,02K","-0,60%"
"07.03.2019","50,300","47,750","50,300","47,200","1,04M","5,23%"
"06.03.2019","47,800","49,200","49,200","47,000","977,13K","-2,85%"
"01.03.2019","49,200","50,600","52,100","48,500","1,30M","-2,96%"
"28.02.2019","50,700","51,550","51,550","50,400","1,22M","-1,74%"
"27.02.2019","51,600","53,000","53,250","51,000","521,23K","-2,92%"
"26.02.2019","53,150","53,000","53,500","52,050","503,35K","-0,28%"
"25.02.2019","53,300","54,100","54,900","52,000","468,24K","-0,84%"
"22.02.2019","53,750","53,250","54,450","52,600","806,24K","0,94%"
"21.02.2019","53,250","57,000","57,000","53,000","737,10K","-4,40%"
"20.02.2019","55,700","54,600","57,000","54,600","2,10M","2,58%"
"19.02.2019","54,300","57,000","57,600","53,600","1,33M","-4,65%"
"18.02.2019","56,950","57,750","57,750","56,600","144,34K","-1,47%"
"15.02.2019","57,800","57,750","58,800","57,000","598,34K","0,17%"
"14.02.2019","57,700","58,200","58,800","56,200","1,02M","-0,17%"
"13.02.2019","57,800","59,500","59,900","57,150","2,07M","-1,03%"
"12.02.2019","58,400","59,000","60,400","58,400","1,49M","-0,68%"
"11.02.2019","58,800","55,450","59,450","55,450","1,11M","6,72%"
"08.02.2019","55,100","53,600","56,000","53,500","954,28K","0,82%"
"07.02.2019","54,650","55,000","55,550","53,900","474,29K","-1,44%"
"06.02.2019","55,450","55,650","56,200","54,800","1,11M","-0,36%"
"05.02.2019","55,650","53,100","56,300","52,500","1,38M","4,70%"
"04.02.2019","53,150","53,500","54,100","52,800","889,47K","-0,28%"
"01.02.2019","53,300","53,400","53,450","52,700","911,60K","0,38%"
"31.01.2019","53,100","53,800","53,800","52,600","328,45K","-1,12%"
"30.01.2019","53,700","53,000","53,700","52,550","623,66K","2,19%"
"29.01.2019","52,550","51,500","52,600","51,100","725,79K","2,34%"
"28.01.2019","51,350","51,300","51,950","49,450","411,00K","-0,48%"
"25.01.2019","51,600","52,700","54,200","51,250","518,75K","-0,96%"
"24.01.2019","52,100","52,500","53,350","51,600","687,66K","-0,86%"
"23.01.2019","52,550","53,000","53,400","52,100","326,24K","-0,28%"
"22.01.2019","52,700","53,100","54,000","51,000","414,91K","-1,95%"
"21.01.2019","53,750","53,050","53,900","52,900","219,10K","-0,28%"
"18.01.2019","53,900","54,000","55,100","53,900","812,09K","1,32%"
"17.01.2019","53,200","54,000","54,100","52,800","542,53K","-1,12%"
"16.01.2019","53,800","52,650","54,950","52,650","747,25K","1,51%"
"15.01.2019","53,000","53,000","53,600","52,600","463,24K","0,00%"
"14.01.2019","53,000","52,100","53,750","52,100","432,19K","-0,66%"
"11.01.2019","53,350","53,500","54,500","52,000","677,24K","-0,28%"
"10.01.2019","53,500","55,000","55,000","52,500","1,79M","-3,60%"
"09.01.2019","55,500","53,700","57,200","53,700","1,15M","3,16%"
"08.01.2019","53,800","52,700","54,400","52,600","980,00K","2,28%"
"07.01.2019","52,600","52,900","54,400","52,500","792,20K","-0,57%"
"04.01.2019","52,900","50,000","53,900","50,000","1,18M","5,69%"
"03.01.2019","50,050","50,150","51,750","49,300","925,91K","0,00%"
"02.01.2019","50,050","47,100","50,950","46,900","708,80K","6,72%"