"Fecha","Último","Apertura","Máximo","Mínimo","Vol.","% var."
"30.06.2025","719,000","716,000","727,000","695,000","1,53M","1,84%"
"27.06.2025","706,000","690,000","715,000","690,000","1,46M","2,32%"
"26.06.2025","690,000","663,000","700,000","663,000","1,58M","5,18%"
"25.06.2025","656,000","628,000","665,000","614,000","853,60K","4,29%"
"24.06.2025","629,000","588,000","633,000","588,000","1,08M","7,71%"
"23.06.2025","584,000","621,000","625,000","582,000","1,84M","-6,11%"
"19.06.2025","622,000","627,000","638,000","610,000","940,87K","-0,96%"
"18.06.2025","628,000","649,000","649,000","623,000","690,41K","-0,63%"
"17.06.2025","632,000","655,000","669,000","625,000","1,66M","-3,95%"
"13.06.2025","658,000","689,000","692,000","645,000","1,31M","-4,36%"
"12.06.2025","688,000","680,000","700,000","676,000","660,35K","0,29%"
"11.06.2025","686,000","700,000","705,000","679,000","906,80K","-0,58%"
"10.06.2025","690,000","673,000","705,000","673,000","887,68K","1,77%"
"09.06.2025","678,000","708,000","708,000","677,000","694,12K","-4,10%"
"06.06.2025","707,000","710,000","718,000","680,000","1,27M","-0,14%"
"05.06.2025","708,000","700,000","716,000","676,000","683,45K","0,43%"
"04.06.2025","705,000","714,000","720,000","673,000","1,22M","-1,81%"
"03.06.2025","718,000","754,000","765,000","711,000","1,43M","-4,90%"
"02.06.2025","755,000","793,000","797,000","753,000","1,26M","-5,27%"
"30.05.2025","797,000","825,000","840,000","793,000","963,14K","-4,55%"
"29.05.2025","835,000","838,000","847,000","810,000","946,58K","0,60%"
"28.05.2025","830,000","800,000","838,000","800,000","1,08M","1,59%"
"27.05.2025","817,000","815,000","825,000","801,000","726,92K","1,11%"
"26.05.2025","808,000","793,000","810,000","791,000","983,19K","2,41%"
"23.05.2025","789,000","749,000","794,000","733,000","1,47M","3,54%"
"22.05.2025","762,000","760,000","781,000","741,000","1,00M","0,13%"
"21.05.2025","761,000","759,000","780,000","744,000","1,66M","1,33%"
"20.05.2025","751,000","736,000","755,000","705,000","1,73M","3,16%"
"19.05.2025","728,000","732,000","745,000","720,000","1,05M","-0,41%"
"16.05.2025","731,000","668,000","733,000","668,000","1,72M","6,87%"
"15.05.2025","684,000","678,000","690,000","655,000","1,08M","0,74%"
"14.05.2025","679,000","663,000","695,000","659,000","2,02M","2,41%"
"13.05.2025","663,000","629,000","672,000","596,000","2,36M","6,94%"
"12.05.2025","620,000","631,000","644,000","614,000","2,62M","-1,74%"
"09.05.2025","631,000","648,000","661,000","628,000","1,17M","-2,77%"
"08.05.2025","649,000","663,000","673,000","633,000","317,46K","-2,11%"
"07.05.2025","663,000","690,000","690,000","658,000","418,40K","-2,36%"
"06.05.2025","679,000","664,000","683,000","662,000","684,04K","3,03%"
"05.05.2025","659,000","650,000","669,000","643,000","547,35K","0,00%"
"30.04.2025","659,000","679,000","683,000","640,000","594,91K","-2,95%"
"29.04.2025","679,000","692,000","710,000","664,000","901,99K","-2,02%"
"28.04.2025","693,000","699,000","700,000","665,000","528,94K","-0,14%"
"25.04.2025","694,000","695,000","708,000","676,000","845,67K","0,58%"
"24.04.2025","690,000","700,000","725,000","682,000","1,04M","-1,29%"
"23.04.2025","699,000","661,000","705,000","659,000","1,93M","6,23%"
"22.04.2025","658,000","661,000","680,000","642,000","2,01M","-0,45%"
"21.04.2025","661,000","747,000","747,000","649,000","1,90M","-13,14%"
"16.04.2025","761,000","805,000","819,000","755,000","920,45K","-5,70%"
"15.04.2025","807,000","859,000","860,000","800,000","841,51K","-5,28%"
"14.04.2025","852,000","850,000","870,000","823,000","1,07M","4,03%"
"11.04.2025","819,000","799,000","825,000","781,000","1,23M","3,93%"
"10.04.2025","788,000","775,000","798,000","758,000","2,48M","-0,38%"
"09.04.2025","791,000","760,000","785,000","715,000","1,40M","4,22%"
"08.04.2025","759,000","787,000","825,000","739,000","1,01M","-3,56%"
"07.04.2025","787,000","782,000","793,000","741,000","763,81K","-0,76%"
"04.04.2025","793,000","798,000","799,000","733,000","1,01M","-2,70%"
"03.04.2025","815,000","845,000","865,000","804,000","759,60K","-5,89%"
"01.04.2025","866,000","881,000","885,000","851,000","769,95K","-1,70%"
"31.03.2025","881,000","860,000","885,000","845,000","646,26K","0,92%"
"28.03.2025","873,000","869,000","880,000","852,000","895,85K","0,34%"
"27.03.2025","870,000","880,000","882,000","851,000","724,45K","0,23%"
"26.03.2025","868,000","877,000","880,000","854,000","1,50M","-0,57%"
"25.03.2025","873,000","851,000","875,000","840,000","1,20M","2,59%"
"21.03.2025","851,000","838,000","860,000","831,000","895,78K","0,47%"
"20.03.2025","847,000","864,000","865,000","838,000","532,65K","-2,31%"
"19.03.2025","867,000","870,000","874,000","821,000","1,35M","0,58%"
"18.03.2025","862,000","834,000","875,000","834,000","1,43M","3,86%"
"17.03.2025","830,000","805,000","834,000","785,000","1,03M","3,11%"
"14.03.2025","805,000","780,000","815,000","778,000","457,68K","2,16%"
"13.03.2025","788,000","809,000","809,000","781,000","539,24K","-1,75%"
"12.03.2025","802,000","787,000","805,000","780,000","459,95K","1,91%"
"11.03.2025","787,000","790,000","803,000","775,000","544,59K","-0,38%"
"10.03.2025","790,000","819,000","819,000","771,000","608,58K","-2,47%"
"07.03.2025","810,000","800,000","815,000","795,000","957,61K","1,76%"
"06.03.2025","796,000","774,000","801,000","770,000","883,35K","2,84%"
"05.03.2025","774,000","768,000","780,000","760,000","909,17K","1,98%"
"28.02.2025","759,000","780,000","785,000","744,000","905,22K","-2,06%"
"27.02.2025","775,000","795,000","810,000","769,000","1,02M","-2,76%"
"26.02.2025","797,000","805,000","815,000","790,000","420,10K","-0,99%"
"25.02.2025","805,000","820,000","820,000","796,000","399,12K","-0,98%"
"24.02.2025","813,000","824,000","830,000","803,000","696,47K","-1,33%"
"21.02.2025","824,000","820,000","840,000","795,000","956,11K","1,23%"
"20.02.2025","814,000","820,000","825,000","804,000","909,49K","-0,73%"
"19.02.2025","820,000","810,000","824,000","792,000","1,49M","1,36%"
"18.02.2025","809,000","800,000","825,000","795,000","1,75M","-0,25%"
"17.02.2025","811,000","790,000","830,000","781,000","1,38M","-1,10%"
"14.02.2025","820,000","820,000","820,000","791,000","2,05M","2,12%"
"13.02.2025","803,000","800,000","807,000","786,000","610,48K","1,13%"
"12.02.2025","794,000","801,000","821,000","785,000","1,47M","-3,29%"
"11.02.2025","821,000","870,000","870,000","810,000","1,86M","-5,85%"
"10.02.2025","872,000","810,000","875,000","782,000","3,08M","5,31%"
"07.02.2025","828,000","835,000","836,000","807,000","798,75K","0,12%"
"06.02.2025","827,000","835,000","842,000","807,000","978,27K","-0,96%"
"05.02.2025","835,000","859,000","874,000","830,000","1,26M","-2,79%"
"04.02.2025","859,000","860,000","870,000","848,000","348,14K","0,35%"
"03.02.2025","856,000","858,000","870,000","805,000","483,26K","-1,27%"
"31.01.2025","867,000","858,000","879,000","852,000","527,71K","1,05%"
"30.01.2025","858,000","860,000","863,000","845,000","588,42K","1,06%"
"29.01.2025","849,000","821,000","857,000","815,000","601,74K","3,41%"
"28.01.2025","821,000","846,000","858,000","817,000","632,57K","-2,73%"
"27.01.2025","844,000","876,000","880,000","840,000","385,27K","-3,65%"
"24.01.2025","876,000","872,000","889,000","815,000","1,04M","0,57%"
"23.01.2025","871,000","845,000","873,000","831,000","1,37M","3,94%"
"22.01.2025","838,000","816,000","847,000","808,000","1,04M","4,36%"
"21.01.2025","803,000","812,000","824,000","799,000","1,10M","-1,11%"
"20.01.2025","812,000","815,000","828,000","803,000","845,26K","0,12%"
"17.01.2025","811,000","820,000","826,000","782,000","1,84M","-0,61%"
"16.01.2025","816,000","837,000","844,000","809,000","848,61K","-2,63%"
"15.01.2025","838,000","881,000","884,000","836,000","1,99M","-4,01%"
"14.01.2025","873,000","904,000","920,000","864,000","1,31M","-3,43%"
"13.01.2025","904,000","932,000","942,000","884,000","1,31M","-2,90%"
"10.01.2025","931,000","918,000","939,000","918,000","1,59M","1,42%"
"09.01.2025","918,000","884,000","920,000","881,000","1,44M","3,85%"
"08.01.2025","884,000","877,000","886,000","856,000","1,15M","1,14%"
"07.01.2025","874,000","879,000","885,000","847,000","1,75M","0,00%"
"06.01.2025","874,000","890,000","898,000","857,000","2,18M","-1,80%"
"03.01.2025","890,000","900,000","904,000","876,000","1,03M","-0,34%"
"02.01.2025","893,000","892,000","906,000","883,000","975,74K","0,11%"
"31.12.2024","892,000","913,000","913,000","880,000","555,96K","0,24%"
"30.12.2024","889,880","910,830","910,830","877,908","555,96K","-1,22%"
"27.12.2024","900,854","912,825","925,794","884,892","889,77K","-1,20%"
"26.12.2024","911,827","920,806","935,770","877,908","1,39M","-0,76%"
"24.12.2024","918,811","916,816","925,794","908,835","294,36K","0,86%"
"23.12.2024","911,000","914,000","927,000","895,000","1,24M","-0,33%"
"20.12.2024","914,000","932,000","943,000","905,000","1,10M","-1,83%"
"19.12.2024","931,000","974,000","974,000","920,000","1,14M","-4,32%"
"18.12.2024","973,000","990,000","999,000","953,000","2,04M","0,21%"
"17.12.2024","971,000","981,000","999,000","941,000","2,21M","-0,92%"
"16.12.2024","980,000","931,000","987,000","925,000","2,42M","6,52%"
"13.12.2024","920,000","895,000","928,000","880,000","1,02M","3,25%"
"12.12.2024","891,000","900,000","907,000","876,000","1,42M","-0,34%"
"11.12.2024","894,000","911,000","911,000","870,000","798,93K","-0,45%"
"10.12.2024","898,000","916,000","927,000","885,000","619,71K","-1,75%"
"09.12.2024","914,000","905,000","915,000","880,000","1,31M","0,99%"
"06.12.2024","905,000","931,000","943,000","870,000","1,26M","-2,79%"
"05.12.2024","931,000","936,000","960,000","918,000","940,51K","-2,21%"
"04.12.2024","952,000","985,000","994,000","929,000","1,25M","-3,35%"
"03.12.2024","985,000","968,000","993,000","966,000","1,19M","0,41%"
"02.12.2024","981,000","959,000","985,000","939,000","1,38M","3,26%"
"29.11.2024","950,000","948,000","953,000","923,000","806,52K","0,64%"
"28.11.2024","944,000","940,000","950,000","937,000","658,19K","0,43%"
"27.11.2024","940,000","986,000","999,000","931,000","2,20M","-4,57%"
"26.11.2024","985,000","963,000","990,000","945,000","2,40M","2,28%"
"25.11.2024","963,000","938,000","969,000","926,000","4,01M","4,67%"
"22.11.2024","920,000","862,000","922,000","862,000","2,91M","5,26%"
"21.11.2024","874,000","865,000","876,000","843,000","1,62M","2,10%"
"20.11.2024","856,000","880,000","884,000","842,000","1,85M","-1,83%"
"19.11.2024","872,000","860,000","895,000","855,000","1,48M","0,93%"
"15.11.2024","864,000","849,000","865,000","843,000","1,99M","3,10%"
"14.11.2024","838,000","810,000","848,000","807,000","1,35M","3,46%"
"13.11.2024","810,000","815,000","815,000","795,000","1,26M","-0,12%"
"12.11.2024","811,000","810,000","823,000","805,000","904,14K","0,00%"
"11.11.2024","811,000","801,000","815,000","790,000","1,13M","1,12%"
"08.11.2024","802,000","843,000","859,000","788,000","2,43M","-4,75%"
"07.11.2024","842,000","865,000","870,000","836,000","1,36M","-2,21%"
"06.11.2024","861,000","875,000","885,000","853,000","681,43K","-2,05%"
"05.11.2024","879,000","882,000","890,000","852,000","789,72K","-0,11%"
"04.11.2024","880,000","864,000","890,000","860,000","965,30K","1,62%"
"01.11.2024","866,000","842,000","867,000","842,000","809,29K","2,73%"
"31.10.2024","843,000","807,000","844,000","807,000","788,51K","2,06%"
"30.10.2024","826,000","832,000","840,000","800,000","761,41K","-0,72%"
"29.10.2024","832,000","820,000","844,000","816,000","804,75K","0,73%"
"28.10.2024","826,000","818,000","835,000","813,000","812,93K","1,10%"
"25.10.2024","817,000","827,000","845,000","810,000","1,16M","-1,33%"
"24.10.2024","828,000","785,000","831,000","785,000","2,37M","5,48%"
"23.10.2024","785,000","803,000","805,000","774,000","2,11M","-2,36%"
"22.10.2024","804,000","826,000","826,000","775,000","2,30M","-2,78%"
"21.10.2024","827,000","821,000","835,000","819,000","680,48K","-0,96%"
"18.10.2024","835,000","849,000","849,000","825,000","943,27K","-0,36%"
"17.10.2024","838,000","841,000","852,000","833,000","1,74M","-0,59%"
"16.10.2024","843,000","847,000","859,000","840,000","1,18M","-0,71%"
"15.10.2024","849,000","860,000","862,000","843,000","810,82K","-1,28%"
"14.10.2024","860,000","872,000","875,000","847,000","1,59M","-1,38%"
"10.10.2024","872,000","872,000","874,000","858,000","1,29M","0,35%"
"09.10.2024","869,000","867,000","874,000","856,000","609,28K","0,23%"
"08.10.2024","867,000","869,000","876,000","855,000","435,28K","-0,23%"
"07.10.2024","869,000","877,000","880,000","857,000","682,81K","-1,03%"
"04.10.2024","878,000","880,000","886,000","871,000","239,72K","-0,23%"
"03.10.2024","880,000","895,000","895,000","869,000","601,86K","-0,90%"
"02.10.2024","888,000","881,000","890,000","878,000","479,30K","1,25%"
"01.10.2024","877,000","869,000","882,000","854,000","841,39K","1,50%"
"30.09.2024","864,000","885,000","886,000","858,000","1,01M","-2,04%"
"27.09.2024","882,000","884,000","895,000","870,000","925,76K","-0,11%"
"26.09.2024","883,000","910,000","910,000","873,000","696,64K","-1,67%"
"25.09.2024","898,000","902,000","904,000","892,000","509,62K","-0,66%"
"24.09.2024","904,000","886,000","907,000","880,000","1,04M","2,03%"
"23.09.2024","886,000","876,000","889,000","854,000","1,28M","1,14%"
"20.09.2024","876,000","887,000","894,000","868,000","1,00M","-1,68%"
"19.09.2024","891,000","905,000","914,000","869,000","2,27M","-1,22%"
"18.09.2024","902,000","919,000","920,000","888,000","422,79K","-1,85%"
"17.09.2024","919,000","925,000","928,000","912,000","650,84K","-0,76%"
"16.09.2024","926,000","920,000","931,000","910,000","822,57K","0,76%"
"13.09.2024","919,000","915,000","924,000","882,000","660,96K","0,33%"
"12.09.2024","916,000","909,000","921,000","903,000","1,02M","0,77%"
"11.09.2024","909,000","870,000","910,000","861,000","1,23M","5,09%"
"10.09.2024","865,000","855,000","873,000","847,000","1,13M","1,17%"
"09.09.2024","855,000","849,000","890,000","849,000","1,03M","-0,47%"
"06.09.2024","859,000","860,000","860,000","849,000","611,56K","0,00%"
"05.09.2024","859,000","897,000","900,000","855,000","1,34M","-3,91%"
"04.09.2024","894,000","905,000","906,000","883,000","777,04K","-0,89%"
"03.09.2024","902,000","914,000","914,000","887,000","1,09M","-1,20%"
"02.09.2024","913,000","911,000","915,000","899,000","942,96K","-0,22%"
"30.08.2024","915,000","930,000","930,000","885,000","1,89M","0,88%"
"29.08.2024","907,000","914,000","929,000","902,000","1,25M","0,44%"
"28.08.2024","903,000","885,000","906,000","883,000","1,14M","2,03%"
"27.08.2024","885,000","895,000","895,000","875,000","1,12M","-0,56%"
"26.08.2024","890,000","915,000","915,000","882,000","1,18M","-1,98%"
"23.08.2024","908,000","920,000","920,000","897,000","951,32K","-0,55%"
"22.08.2024","913,000","890,000","928,000","881,000","2,43M","3,05%"
"21.08.2024","886,000","915,000","916,000","885,000","1,26M","-3,06%"
"20.08.2024","914,000","920,000","927,000","904,000","549,54K","-0,65%"
"19.08.2024","920,000","929,000","936,000","906,000","938,70K","-1,08%"
"16.08.2024","930,000","931,000","943,000","922,000","964,44K","-0,32%"
"15.08.2024","933,000","940,000","945,000","913,000","1,38M","-0,11%"
"14.08.2024","934,000","932,000","955,000","922,000","587,12K","0,11%"
"13.08.2024","933,000","920,000","935,000","915,000","875,27K","0,54%"
"12.08.2024","928,000","978,000","978,000","915,000","736,22K","-2,52%"
"09.08.2024","952,000","927,000","953,000","906,000","1,33M","4,50%"
"08.08.2024","911,000","880,000","915,000","880,000","754,30K","3,52%"
"07.08.2024","880,000","910,000","919,000","878,000","767,87K","-2,44%"
"06.08.2024","902,000","920,000","940,000","902,000","556,45K","-1,42%"
"05.08.2024","915,000","900,000","944,000","875,000","925,44K","-5,28%"
"02.08.2024","966,000","952,000","969,000","930,000","356,90K","-2,52%"
"01.08.2024","991,000","981,000","994,000","956,000","843,45K","3,55%"
"31.07.2024","957,000","910,000","957,000","910,000","502,85K","5,75%"
"30.07.2024","905,000","941,000","949,000","902,000","362,02K","-4,64%"
"29.07.2024","949,000","965,000","997,000","925,000","329,94K","-3,46%"
"26.07.2024","983,000","999,000","1.040,000","950,000","244,40K","-0,71%"
"25.07.2024","990,000","1.040,000","1.040,000","990,000","619,28K","-5,26%"
"24.07.2024","1.045,000","1.075,000","1.080,000","1.020,000","693,81K","-3,24%"
"23.07.2024","1.080,000","1.055,000","1.090,000","1.045,000","977,81K","1,89%"
"22.07.2024","1.060,000","1.070,000","1.070,000","1.020,000","560,24K","0,95%"
"19.07.2024","1.050,000","1.065,000","1.080,000","1.040,000","671,76K","-1,41%"
"18.07.2024","1.065,000","1.050,000","1.075,000","1.015,000","1,10M","2,90%"
"17.07.2024","1.035,000","985,000","1.045,000","950,000","801,14K","7,48%"
"16.07.2024","963,000","930,000","965,000","890,000","1,36M","2,99%"
"15.07.2024","935,000","1.045,000","1.045,000","922,000","783,55K","-12,21%"
"12.07.2024","1.065,000","1.055,000","1.080,000","1.025,000","593,65K","0,95%"
"11.07.2024","1.055,000","1.060,000","1.070,000","1.020,000","634,90K","0,00%"
"10.07.2024","1.055,000","1.040,000","1.060,000","1.020,000","436,65K","1,15%"
"08.07.2024","1.043,000","1.049,000","1.057,000","1.025,000","457,54K","-0,05%"
"05.07.2024","1.043,500","1.006,000","1.045,000","1.001,500","589,19K","3,83%"
"04.07.2024","1.005,000","1.010,000","1.018,000","981,000","284,12K","-0,50%"
"03.07.2024","1.010,000","1.068,500","1.080,000","997,000","1,06M","-5,47%"
"02.07.2024","1.068,500","1.015,000","1.075,000","1.014,000","1,84M","5,17%"
"01.07.2024","1.016,000","984,000","1.016,000","960,000","930,75K","2,83%"
"28.06.2024","988,000","977,000","990,000","942,000","1,20M","1,02%"
"27.06.2024","978,000","911,000","980,000","908,000","1,71M","7,95%"
"26.06.2024","906,000","886,000","909,000","872,500","1,01M","2,32%"
"25.06.2024","885,500","877,000","890,000","870,000","984,90K","0,40%"
"24.06.2024","882,000","855,500","888,000","855,500","892,10K","1,15%"
"19.06.2024","872,000","858,000","877,000","851,000","548,03K","1,99%"
"18.06.2024","855,000","890,000","905,000","847,000","1,26M","-4,15%"
"14.06.2024","892,000","910,000","912,000","883,000","1,24M","-2,19%"
"13.06.2024","912,000","959,500","960,000","890,500","1,74M","-1,41%"
"12.06.2024","925,000","925,000","950,000","922,000","558,79K","0,54%"
"11.06.2024","920,000","949,000","960,000","917,000","880,23K","-2,95%"
"10.06.2024","948,000","944,000","956,500","930,000","777,60K","0,42%"
"07.06.2024","944,000","920,500","972,000","920,500","486,27K","2,55%"
"06.06.2024","920,500","959,000","970,000","918,500","991,77K","-4,66%"
"05.06.2024","965,500","974,000","990,000","950,000","548,50K","-0,97%"
"04.06.2024","975,000","1.014,500","1.020,000","970,000","756,51K","-4,69%"
"03.06.2024","1.023,000","1.005,500","1.030,500","1.002,000","662,84K","1,09%"
"31.05.2024","1.012,000","1.009,000","1.020,000","992,000","1,17M","0,20%"
"30.05.2024","1.010,000","1.002,000","1.021,500","997,000","1,20M","0,85%"
"29.05.2024","1.001,500","1.034,000","1.035,000","995,500","583,10K","-2,77%"
"28.05.2024","1.030,000","1.022,000","1.035,000","991,500","939,37K","0,00%"
"27.05.2024","1.030,000","990,000","1.034,000","953,000","953,19K","1,48%"
"24.05.2024","1.015,000","1.015,500","1.028,500","980,000","1,30M","-0,05%"
"23.05.2024","1.015,500","1.055,000","1.055,000","1.000,000","871,27K","-3,29%"
"22.05.2024","1.050,000","1.035,000","1.053,000","1.018,000","998,40K","1,94%"
"21.05.2024","1.030,000","972,000","1.031,000","972,000","1,88M","6,74%"
"20.05.2024","965,000","937,000","972,000","925,000","1,08M","2,88%"
"17.05.2024","938,000","918,000","949,500","914,500","1,27M","2,07%"
"16.05.2024","919,000","903,000","923,500","890,000","1,08M","1,83%"
"15.05.2024","902,500","875,000","907,000","870,000","939,98K","3,86%"
"14.05.2024","869,000","884,000","895,000","856,000","1,08M","-1,81%"
"13.05.2024","885,000","920,000","944,000","871,500","1,43M","-3,65%"
"10.05.2024","918,500","850,000","953,000","840,000","1,78M","8,31%"
"09.05.2024","848,000","869,000","869,000","840,000","607,35K","-1,22%"
"08.05.2024","858,500","865,000","882,000","856,500","753,32K","-1,32%"
"07.05.2024","870,000","904,000","913,000","856,000","920,88K","-3,81%"
"06.05.2024","904,500","918,000","930,000","868,000","1,07M","0,17%"
"03.05.2024","903,000","865,000","905,000","840,000","1,34M","4,51%"
"02.05.2024","864,000","844,000","872,000","831,000","920,31K","2,25%"
"30.04.2024","845,000","884,000","900,000","842,000","1,32M","-4,52%"
"29.04.2024","885,000","858,000","894,500","856,000","901,63K","2,67%"
"26.04.2024","862,000","865,000","886,500","848,500","1,25M","0,29%"
"25.04.2024","859,500","810,000","862,000","810,000","680,67K","4,43%"
"24.04.2024","823,000","854,000","859,500","810,000","548,46K","-3,18%"
"23.04.2024","850,000","887,000","901,000","840,000","726,03K","-4,12%"
"22.04.2024","886,500","889,000","889,000","846,500","666,02K","3,08%"
"19.04.2024","860,000","856,000","864,000","834,000","950,72K","-0,92%"
"18.04.2024","868,000","850,000","868,000","824,500","940,47K","2,12%"
"17.04.2024","850,000","932,000","933,000","845,000","893,81K","-6,49%"
"16.04.2024","909,000","891,000","928,000","853,000","855,91K","1,96%"
"15.04.2024","891,500","874,500","910,000","830,500","1,55M","3,18%"
"12.04.2024","864,000","851,000","877,000","851,000","264,61K","-0,35%"
"11.04.2024","867,000","862,000","879,000","832,000","462,67K","0,70%"
"10.04.2024","861,000","891,000","892,000","855,000","342,10K","-3,42%"
"09.04.2024","891,500","835,000","895,000","818,000","934,76K","6,26%"
"08.04.2024","839,000","825,000","842,000","786,000","806,98K","4,35%"
"05.04.2024","804,000","826,000","826,000","785,000","1,36M","-2,01%"
"04.04.2024","820,500","842,000","860,000","810,000","613,90K","-2,55%"
"03.04.2024","842,000","900,000","908,500","837,000","1,25M","-5,71%"
"27.03.2024","893,000","935,000","940,000","862,000","871,85K","-4,08%"
"26.03.2024","931,000","930,000","934,000","886,500","894,70K","0,98%"
"25.03.2024","922,000","930,000","948,000","901,000","693,57K","0,33%"
"22.03.2024","919,000","941,000","947,000","909,000","627,76K","-2,29%"
"21.03.2024","940,500","899,500","944,000","860,000","1,07M","4,91%"
"20.03.2024","896,500","864,000","897,500","864,000","1,02M","5,04%"
"19.03.2024","853,500","790,000","856,000","780,000","1,03M","8,38%"
"18.03.2024","787,500","780,000","820,000","780,000","832,11K","-0,19%"
"15.03.2024","789,000","795,500","799,000","779,000","530,81K","-0,88%"
"14.03.2024","796,000","809,000","809,000","760,000","659,58K","-1,49%"
"13.03.2024","808,000","798,000","819,000","785,000","967,86K","4,87%"
"12.03.2024","770,500","725,500","774,000","721,500","1,63M","7,31%"
"11.03.2024","718,000","745,500","750,000","704,500","653,98K","-3,62%"
"08.03.2024","745,000","761,000","778,000","715,000","1,57M","-1,59%"
"07.03.2024","757,000","741,000","785,000","700,000","1,37M","2,23%"
"06.03.2024","740,500","779,500","785,000","727,500","1,03M","-3,33%"
"05.03.2024","766,000","802,000","802,000","751,000","768,87K","-4,37%"
"04.03.2024","801,000","850,000","879,000","800,000","828,83K","-4,64%"
"01.03.2024","840,000","798,500","849,500","781,000","807,98K","7,42%"
"29.02.2024","782,000","755,000","794,000","750,000","834,69K","4,27%"
"28.02.2024","750,000","820,000","830,000","750,000","1,69M","-8,54%"
"27.02.2024","820,000","890,000","910,000","818,500","981,60K","-8,38%"
"26.02.2024","895,000","898,000","927,000","860,000","1,34M","0,96%"
"23.02.2024","886,500","818,000","888,000","810,000","1,30M","8,37%"
"22.02.2024","818,000","833,000","864,000","816,000","1,19M","-1,56%"
"21.02.2024","831,000","900,000","902,500","826,500","702,45K","-6,63%"
"20.02.2024","890,000","914,000","940,000","840,500","880,60K","-2,52%"
"19.02.2024","913,000","898,500","939,000","870,000","624,00K","1,56%"
"16.02.2024","899,000","905,000","918,500","851,000","532,81K","-0,55%"
"15.02.2024","904,000","940,000","948,000","901,500","563,23K","-3,83%"
"14.02.2024","940,000","995,000","1.000,000","920,000","386,42K","-6,61%"
"09.02.2024","1.006,500","980,000","1.014,000","960,000","499,12K","2,29%"
"08.02.2024","984,000","1.000,000","1.013,000","966,000","359,51K","-1,60%"
"07.02.2024","1.000,000","992,000","1.016,000","951,000","1,08M","-1,91%"
"06.02.2024","1.019,500","1.030,000","1.045,500","1.000,000","356,70K","-1,02%"
"05.02.2024","1.030,000","1.072,000","1.080,000","1.005,000","631,58K","-4,10%"
"02.02.2024","1.074,000","1.070,500","1.095,000","1.050,000","504,55K","0,37%"
"01.02.2024","1.070,000","1.037,000","1.073,000","1.017,000","996,89K","3,98%"
"31.01.2024","1.029,000","1.018,000","1.041,000","1.000,000","683,04K","1,08%"
"30.01.2024","1.018,000","1.022,000","1.048,000","1.013,000","472,54K","-0,59%"
"29.01.2024","1.024,000","1.040,000","1.040,000","1.000,000","589,93K","-1,49%"
"26.01.2024","1.039,500","1.083,000","1.083,000","1.031,000","961,79K","-4,28%"
"25.01.2024","1.086,000","1.069,000","1.110,000","1.069,000","1,22M","1,02%"
"24.01.2024","1.075,000","1.052,000","1.079,000","1.035,000","1,29M","2,58%"
"23.01.2024","1.048,000","1.012,000","1.059,000","1.000,000","1,34M","3,56%"
"22.01.2024","1.012,000","1.025,000","1.025,000","997,500","1,07M","0,50%"
"19.01.2024","1.007,000","1.020,500","1.040,000","995,000","823,21K","-1,32%"
"18.01.2024","1.020,500","1.040,000","1.061,000","1.000,500","999,01K","-1,78%"
"17.01.2024","1.039,000","1.001,000","1.048,000","1.001,000","1,25M","4,00%"
"16.01.2024","999,000","969,000","1.007,000","960,000","1,51M","3,10%"
"15.01.2024","969,000","959,000","974,000","950,500","709,78K","1,04%"
"12.01.2024","959,000","1.015,000","1.020,000","935,000","1,42M","-5,05%"
"11.01.2024","1.010,000","1.062,000","1.073,500","1.008,000","909,05K","-4,94%"
"10.01.2024","1.062,500","1.054,000","1.083,000","1.026,000","1,18M","0,52%"
"09.01.2024","1.057,000","1.083,000","1.105,000","1.042,500","1,29M","-2,40%"
"08.01.2024","1.083,000","1.080,000","1.117,000","1.045,000","2,11M","-0,05%"
"05.01.2024","1.083,500","1.016,500","1.090,000","1.015,000","1,61M","6,59%"
"04.01.2024","1.016,500","950,000","1.018,000","947,500","1,23M","7,23%"
"03.01.2024","948,000","905,000","953,000","890,500","1,70M","4,98%"
"02.01.2024","903,000","920,000","920,000","894,000","580,19K","-1,90%"
"29.12.2023","920,500","887,000","925,000","870,000","637,59K","5,80%"
"28.12.2023","870,000","840,000","899,500","840,000","1,40M","3,22%"
"27.12.2023","842,847","889,839","914,834","827,850","1,47M","-5,07%"
"26.12.2023","887,839","939,830","940,830","869,843","1,40M","-5,68%"
"22.12.2023","941,330","950,828","959,826","902,837","1,08M","-0,79%"
"21.12.2023","948,828","970,824","998,819","901,837","1,54M","-0,37%"
"20.12.2023","952,328","991,820","1.018,816","944,829","1,14M","-3,79%"
"19.12.2023","989,821","959,826","991,321","953,827","767,45K","3,88%"
"18.12.2023","952,828","924,833","969,824","908,835","1,53M","3,25%"
"15.12.2023","922,833","1.029,814","1.034,813","914,834","2,28M","-9,95%"
"14.12.2023","1.024,814","1.054,809","1.069,806","992,820","1,90M","-2,24%"
"13.12.2023","1.048,310","1.149,792","1.179,786","1.020,815","1,37M","-6,13%"
"12.12.2023","1.116,798","1.144,793","1.144,793","1.069,806","1,84M","-0,18%"
"11.12.2023","1.118,797","1.110,799","1.144,793","1.049,810","1,24M","2,01%"
"07.12.2023","1.096,801","1.039,312","1.099,801","1.011,317","2,21M","6,71%"
"06.12.2023","1.027,814","999,819","1.029,814","989,821","1,16M","3,79%"
"05.12.2023","990,321","1.025,814","1.043,311","949,828","1,68M","-3,46%"
"04.12.2023","1.025,814","1.064,807","1.079,805","949,828","1,37M","-2,29%"
"01.12.2023","1.049,810","984,822","1.054,809","979,823","2,58M","9,78%"
"30.11.2023","956,327","924,833","965,825","879,841","2,35M","6,81%"
"29.11.2023","895,338","854,845","909,835","854,845","1,06M","5,35%"
"28.11.2023","849,846","944,829","952,328","815,852","1,88M","-7,91%"
"27.11.2023","922,833","1.002,818","1.039,812","877,841","2,11M","-10,74%"
"24.11.2023","1.033,813","1.139,794","1.139,794","1.009,817","1,63M","-7,26%"
"23.11.2023","1.114,798","1.117,798","1.117,798","1.034,813","1,66M","2,67%"
"22.11.2023","1.085,803","1.034,813","1.138,794","999,819","2,58M","4,52%"
"21.11.2023","1.038,812","1.034,813","1.109,799","924,833","2,18M","14,93%"
"17.11.2023","903,836","859,844","909,835","859,844","1,73M","5,36%"
"16.11.2023","857,845","916,334","919,833","837,848","1,04M","-5,92%"
"15.11.2023","911,835","917,834","949,828","899,337","719,46K","-1,56%"
"14.11.2023","926,332","960,826","989,321","919,833","569,31K","-4,29%"
"13.11.2023","967,825","1.027,814","1.027,814","924,833","1,35M","-3,10%"
"10.11.2023","998,819","933,831","1.020,315","933,831","1,26M","7,42%"
"09.11.2023","929,832","804,854","936,830","799,855","1,63M","14,96%"
"08.11.2023","808,854","851,846","885,840","798,855","883,46K","-5,05%"
"07.11.2023","851,846","899,837","919,833","837,848","919,49K","-6,06%"
"03.11.2023","906,836","905,836","964,825","850,846","1,60M","0,11%"
"02.11.2023","905,836","826,850","907,836","814,852","1,86M","11,99%"
"01.11.2023","808,854","815,852","836,849","798,855","2,42M","0,00%"
"31.10.2023","808,854","895,338","909,835","797,856","1,75M","-9,30%"
"30.10.2023","891,839","1.069,806","1.079,805","880,841","1,39M","-14,64%"
"27.10.2023","1.044,811","1.039,812","1.075,305","949,828","2,03M","2,05%"
"26.10.2023","1.023,815","997,819","1.043,811","984,822","1,61M","4,49%"
"25.10.2023","979,823","925,832","979,823","904,836","1,13M","5,55%"
"24.10.2023","928,332","912,835","984,822","849,846","1,44M","2,26%"
"23.10.2023","907,836","999,819","1.063,807","859,844","2,23M","-18,96%"
"20.10.2023","1.120,297","1.070,806","1.129,795","1.070,806","2,23M","4,14%"
"19.10.2023","1.075,805","1.179,786","1.189,785","1.050,810","2,86M","-10,45%"
"18.10.2023","1.201,283","1.285,767","1.299,765","1.150,792","3,09M","-5,39%"
"17.10.2023","1.269,770","1.179,786","1.319,761","1.179,287","3,80M","7,63%"
"12.10.2023","1.179,786","1.089,803","1.199,783","1.039,812","3,14M","8,86%"
"11.10.2023","1.083,804","1.019,815","1.098,801","910,335","1,92M","8,51%"
"10.10.2023","998,819","949,828","1.022,815","949,828","2,37M","6,79%"
"09.10.2023","935,331","847,847","939,830","842,847","1,65M","11,24%"
"06.10.2023","840,848","771,860","842,847","769,861","2,01M","10,30%"
"05.10.2023","762,362","719,870","779,359","719,870","1,79M","6,12%"
"04.10.2023","718,370","675,878","719,370","654,881","1,40M","6,29%"
"03.10.2023","675,878","666,879","677,877","651,882","1,00M","1,65%"
"02.10.2023","664,880","659,881","666,879","639,884","728,21K","0,91%"
"29.09.2023","658,881","657,881","676,877","618,888","562,72K","0,15%"
"28.09.2023","657,881","639,384","665,879","625,887","627,36K","4,44%"
"27.09.2023","629,886","623,887","642,884","620,888","565,44K","1,45%"
"26.09.2023","620,888","604,890","624,887","589,893","578,88K","3,41%"
"25.09.2023","600,391","604,890","614,889","570,897","475,80K","-0,58%"
"22.09.2023","603,891","597,892","607,890","594,392","391,36K","1,85%"
"21.09.2023","592,893","623,887","623,887","589,893","713,06K","-5,72%"
"20.09.2023","628,886","632,885","644,883","611,389","811,95K","-1,41%"
"19.09.2023","637,885","654,881","654,881","622,387","1,03M","-2,52%"
"18.09.2023","654,382","649,882","654,881","639,884","939,51K","2,43%"
"15.09.2023","638,884","618,888","639,884","602,891","1,18M","3,90%"
"14.09.2023","614,889","579,895","614,889","579,895","1,23M","6,22%"
"13.09.2023","578,895","543,902","579,895","539,402","1,15M","7,02%"
"12.09.2023","540,902","531,404","540,902","511,907","2,28M","1,12%"
"11.09.2023","534,903","566,897","572,396","520,906","1,31M","-6,63%"
"08.09.2023","572,896","571,896","587,894","527,904","1,05M","-0,52%"
"07.09.2023","575,896","589,893","597,892","558,899","952,38K","-2,04%"
"06.09.2023","587,894","581,895","609,890","579,895","843,96K","0,86%"
"05.09.2023","582,894","601,891","602,891","569,897","861,57K","-3,16%"
"04.09.2023","601,891","594,892","614,389","590,893","600,72K","-0,74%"
"01.09.2023","606,390","630,886","644,883","599,891","666,22K","-2,65%"
"31.08.2023","622,887","646,383","654,382","615,389","691,57K","-3,63%"
"30.08.2023","646,383","655,381","655,881","638,884","1,02M","-1,45%"
"29.08.2023","655,881","669,879","676,877","627,886","991,97K","-0,76%"
"28.08.2023","660,880","648,383","664,880","647,883","942,18K","1,93%"
"25.08.2023","648,383","656,881","656,881","624,887","652,43K","-0,08%"
"24.08.2023","648,883","654,881","660,880","619,888","1,09M","-0,15%"
"23.08.2023","649,882","619,888","651,882","614,889","618,16K","6,12%"
"22.08.2023","612,389","598,892","619,888","583,894","671,33K","2,17%"
"18.08.2023","599,391","609,890","609,890","571,896","1,09M","-1,40%"
"17.08.2023","607,890","559,899","608,890","559,899","1,37M","9,55%"
"16.08.2023","554,900","519,906","554,900","519,906","1,34M","8,40%"
"15.08.2023","511,907","479,913","511,907","459,917","1,14M","7,79%"
"14.08.2023","474,914","446,919","479,913","446,919","971,40K","6,03%"
"11.08.2023","447,919","439,920","455,917","434,421","933,23K","3,34%"
"10.08.2023","433,422","444,919","452,918","429,922","1,41M","-2,58%"
"09.08.2023","444,919","444,919","453,418","426,923","1,22M","0,23%"
"08.08.2023","443,920","441,920","447,919","433,422","1,91M","3,02%"
"07.08.2023","430,922","439,920","447,919","420,424","1,14M","0,23%"
"04.08.2023","429,922","441,420","451,918","428,922","531,02K","-2,60%"
"03.08.2023","441,420","459,917","460,917","432,922","764,52K","-2,97%"
"02.08.2023","454,918","452,418","454,918","433,921","555,43K","0,66%"
"01.08.2023","451,918","462,916","463,916","448,919","585,66K","-2,69%"
"31.07.2023","464,416","466,915","475,914","454,918","495,24K","-0,43%"
"28.07.2023","466,416","466,915","468,915","460,417","403,22K","1,86%"
"27.07.2023","457,917","451,418","458,917","439,920","772,76K","1,10%"
"26.07.2023","452,918","454,918","463,916","442,920","581,02K","-1,09%"
"25.07.2023","457,917","453,918","464,916","437,921","1,16M","0,77%"
"24.07.2023","454,418","464,916","479,913","444,919","778,11K","-1,84%"
"21.07.2023","462,916","454,918","463,916","440,920","909,21K","2,43%"
"20.07.2023","451,918","441,920","452,918","438,421","1,26M","2,96%"
"19.07.2023","438,921","432,922","438,921","420,424","847,36K","2,09%"
"18.07.2023","429,922","417,924","430,422","416,925","702,94K","2,87%"
"17.07.2023","417,924","399,928","417,924","399,928","418,97K","1,58%"
"14.07.2023","411,426","411,426","412,925","394,929","599,24K","0,00%"
"13.07.2023","411,426","390,929","411,925","390,929","1,20M","5,38%"
"12.07.2023","390,429","387,930","392,429","382,931","652,33K","1,56%"
"11.07.2023","384,430","379,431","388,930","369,933","731,22K","1,72%"
"10.07.2023","377,932","372,433","378,931","372,433","515,74K","1,48%"
"07.07.2023","372,433","364,934","375,932","362,934","719,40K","0,95%"
"06.07.2023","368,933","375,932","375,932","356,935","547,32K","-1,47%"
"05.07.2023","374,432","379,931","379,931","369,933","648,39K","-0,13%"
"04.07.2023","374,932","377,932","381,931","369,933","691,40K","0,00%"
"03.07.2023","374,932","363,434","375,932","358,935","991,77K","2,18%"
"30.06.2023","366,934","350,936","366,934","345,937","822,08K","4,71%"
"29.06.2023","350,437","351,436","353,436","344,938","547,14K","-0,57%"
"28.06.2023","352,436","363,434","363,934","344,938","756,80K","-1,54%"
"27.06.2023","357,935","379,931","381,931","354,936","944,70K","-5,67%"
"26.06.2023","379,431","374,932","383,431","359,935","1,06M","1,88%"
"23.06.2023","372,433","377,932","379,931","364,934","837,74K","-1,19%"
"22.06.2023","376,932","369,433","377,432","365,934","1,35M","2,45%"
"21.06.2023","367,933","350,936","367,933","342,938","1,43M","4,99%"
"16.06.2023","350,437","348,937","350,437","344,938","711,08K","0,43%"
"15.06.2023","348,937","350,936","353,936","339,938","1,03M","-0,57%"
"14.06.2023","350,936","366,934","367,433","346,437","632,94K","-2,64%"
"13.06.2023","360,435","367,433","369,433","357,935","450,19K","-1,23%"
"12.06.2023","364,934","362,934","367,933","360,435","298,66K","-0,68%"
"09.06.2023","367,433","369,433","369,433","361,934","513,68K","1,24%"
"08.06.2023","362,934","361,934","365,934","345,937","980,23K","0,28%"
"07.06.2023","361,934","369,933","372,932","357,935","1,04M","-2,16%"
"06.06.2023","369,933","371,933","377,432","358,935","976,35K","-0,27%"
"05.06.2023","370,933","374,932","375,432","355,936","1,62M","-0,27%"
"02.06.2023","371,933","388,930","393,929","366,434","2,18M","-3,50%"
"01.06.2023","385,430","374,932","387,430","364,934","946,24K","2,80%"
"31.05.2023","374,932","369,933","374,932","360,935","938,46K","1,35%"
"30.05.2023","369,933","367,933","372,932","361,934","543,91K","0,27%"
"29.05.2023","368,933","359,935","372,932","359,935","751,51K","1,37%"
"24.05.2023","363,934","368,933","372,932","351,936","591,21K","-1,09%"
"23.05.2023","367,933","372,932","377,932","350,936","1,07M","-0,54%"
"22.05.2023","369,933","359,935","369,933","354,936","813,62K","3,79%"
"19.05.2023","356,435","343,938","357,935","339,938","858,05K","4,24%"
"18.05.2023","341,938","334,939","343,938","322,942","898,08K","1,63%"
"17.05.2023","336,439","319,942","336,939","319,442","1,20M","5,16%"
"16.05.2023","319,942","306,445","319,942","305,445","948,69K","4,40%"
"15.05.2023","306,445","306,944","307,944","296,946","361,33K","0,16%"
"12.05.2023","305,945","302,945","311,944","295,946","844,06K","1,32%"
"11.05.2023","301,945","305,445","318,442","297,946","1,13M","-0,98%"
"10.05.2023","304,945","304,945","305,945","295,946","544,29K","0,83%"
"09.05.2023","302,445","290,947","303,945","288,948","1,12M","3,60%"
"08.05.2023","291,947","279,949","292,947","276,450","1,23M","5,42%"
"05.05.2023","276,950","274,950","281,949","264,452","1,45M","2,40%"
"04.05.2023","270,451","297,946","299,946","270,451","1,37M","-7,99%"
"03.05.2023","293,947","315,443","317,942","292,447","1,24M","-6,37%"
"02.05.2023","313,943","318,942","319,942","309,944","540,13K","-0,63%"
"28.04.2023","315,943","307,944","316,943","295,946","1,24M","2,93%"
"27.04.2023","306,944","324,941","330,940","303,945","1,06M","-4,95%"
"26.04.2023","322,942","314,443","322,942","290,947","1,41M","3,20%"
"25.04.2023","312,943","299,946","314,943","298,446","1,20M","5,03%"
"24.04.2023","297,946","279,949","298,946","277,950","1,34M","7,00%"
"21.04.2023","278,450","257,453","278,950","256,953","1,85M","9,22%"
"20.04.2023","254,954","253,954","254,954","249,955","954,03K","1,39%"
"19.04.2023","251,454","249,455","253,954","237,457","734,85K","0,90%"
"18.04.2023","249,205","245,206","250,955","242,956","982,24K","1,63%"
"17.04.2023","245,206","241,956","245,955","239,957","589,69K","2,62%"
"14.04.2023","238,946","237,967","238,946","235,029","409,41K","0,83%"
"13.04.2023","236,988","234,050","239,191","231,112","365,77K","1,26%"
"12.04.2023","234,050","235,029","237,967","231,112","667,46K","-0,83%"
"11.04.2023","236,009","236,988","239,926","231,112","633,90K","-0,41%"
"10.04.2023","236,988","239,436","242,864","234,050","438,00K","-0,31%"
"05.04.2023","237,722","230,133","244,577","218,871","920,10K","4,41%"
"04.04.2023","227,685","223,033","230,133","221,319","1,01M","2,42%"
"03.04.2023","222,299","215,444","222,299","213,485","759,20K","3,18%"
"31.03.2023","215,444","224,257","227,195","212,016","584,76K","-3,51%"
"30.03.2023","223,278","223,278","229,154","220,585","1,11M","0,55%"
"29.03.2023","222,054","212,506","222,299","212,506","792,17K","4,73%"
"28.03.2023","212,016","205,651","212,506","203,202","916,86K","4,59%"
"27.03.2023","202,713","203,202","210,547","199,040","504,60K","-0,24%"
"23.03.2023","203,202","203,202","206,140","196,103","547,02K","0,36%"
"22.03.2023","202,468","200,509","203,692","194,878","387,89K","1,10%"
"21.03.2023","200,265","197,571","201,244","186,310","1,16M","1,87%"
"20.03.2023","196,592","189,003","196,837","188,023","1,37M","4,42%"
"17.03.2023","188,268","176,027","188,758","173,824","570,47K","7,40%"
"16.03.2023","175,293","163,541","175,782","161,583","732,37K","8,48%"
"15.03.2023","161,583","173,824","175,293","158,645","1,28M","-8,59%"
"14.03.2023","176,762","182,148","185,086","172,355","516,54K","-1,23%"
"13.03.2023","178,965","190,961","191,941","176,762","486,64K","-6,76%"
"10.03.2023","191,941","195,613","195,858","186,065","301,06K","-1,01%"
"09.03.2023","193,899","188,513","194,878","187,044","1,32M","2,86%"
"08.03.2023","188,513","187,044","190,961","183,127","1,35M","1,58%"
"07.03.2023","185,575","196,347","198,796","185,086","929,85K","-5,72%"
"06.03.2023","196,837","190,961","197,571","190,472","477,06K","2,03%"
"03.03.2023","192,920","189,492","192,920","187,534","222,67K","0,77%"
"02.03.2023","191,451","186,310","191,696","184,106","885,00K","1,96%"
"01.03.2023","187,779","196,837","196,837","186,555","752,22K","-3,52%"
"28.02.2023","194,634","193,899","198,796","192,430","346,75K","-0,50%"
"27.02.2023","195,613","194,878","197,327","193,410","360,07K","0,38%"
"24.02.2023","194,878","191,941","194,878","185,086","270,04K","0,00%"
"23.02.2023","194,878","194,878","197,327","190,472","330,40K","0,00%"
"22.02.2023","194,878","196,837","199,530","191,696","330,72K","-2,45%"
"17.02.2023","199,775","205,651","206,385","194,389","513,20K","-2,39%"
"16.02.2023","204,671","206,630","208,588","201,978","670,19K","-1,42%"
"15.02.2023","207,609","206,630","208,588","202,713","757,69K","0,71%"
"14.02.2023","206,140","200,754","206,140","200,754","490,09K","1,45%"
"13.02.2023","203,202","205,651","207,120","198,796","804,18K","-0,95%"
"10.02.2023","205,161","208,588","210,547","201,244","412,22K","-1,53%"
"09.02.2023","208,344","208,588","210,057","206,630","351,31K","0,47%"
"08.02.2023","207,364","205,651","207,364","200,754","291,31K","1,32%"
"07.02.2023","204,671","200,754","205,161","200,754","429,01K","0,12%"
"06.02.2023","204,427","205,651","207,609","198,306","360,02K","-1,42%"
"03.02.2023","207,364","207,609","209,568","204,671","354,04K","1,19%"
"02.02.2023","204,916","207,609","209,568","201,244","439,57K","-0,83%"
"01.02.2023","206,630","205,651","209,323","202,713","249,89K","0,48%"
"31.01.2023","205,651","206,385","209,323","202,223","698,59K","0,72%"
"30.01.2023","204,182","210,547","210,792","200,754","192,09K","-1,18%"
"27.01.2023","206,630","209,568","210,547","200,754","235,01K","-0,94%"
"26.01.2023","208,588","206,630","210,057","206,630","370,27K","1,19%"
"25.01.2023","206,140","203,692","207,609","203,692","392,62K","-0,24%"
"24.01.2023","206,630","207,609","208,588","200,020","347,74K","0,12%"
"23.01.2023","206,385","209,078","209,568","202,223","380,08K","1,32%"
"20.01.2023","203,692","200,754","207,609","195,858","435,09K","1,71%"
"19.01.2023","200,265","203,692","203,692","189,982","488,61K","-1,92%"
"18.01.2023","204,182","219,361","226,216","197,816","1,20M","-8,35%"
"17.01.2023","222,788","221,319","225,236","216,423","595,62K","0,11%"
"16.01.2023","222,543","220,340","225,236","213,485","572,94K","3,06%"
"13.01.2023","215,933","203,692","217,892","199,285","998,07K","5,63%"
"12.01.2023","204,427","197,816","204,671","195,858","867,94K","2,83%"
"11.01.2023","198,796","199,775","200,999","191,696","623,95K","-0,12%"
"10.01.2023","199,040","195,368","199,775","192,430","839,93K","1,62%"
"09.01.2023","195,858","190,961","196,837","190,716","538,13K","2,04%"
"06.01.2023","191,941","188,023","191,941","186,065","716,67K","2,22%"
"05.01.2023","187,779","185,086","187,779","181,413","757,31K","2,40%"
"04.01.2023","183,372","181,168","185,086","179,210","516,22K","0,94%"
"03.01.2023","181,658","182,148","184,841","176,762","1,10M","-0,54%"
"02.01.2023","182,637","179,210","182,882","176,762","374,44K","3,32%"
"30.12.2022","176,762","184,106","184,106","174,313","618,63K","-2,96%"
"29.12.2022","182,148","184,596","185,820","176,517","544,64K","-1,81%"
"28.12.2022","185,507","177,431","185,997","177,431","605,99K","1,88%"
"27.12.2022","182,081","182,081","182,081","180,123","379,57K","1,09%"
"26.12.2022","180,123","178,655","181,102","176,207","517,73K","1,24%"
"23.12.2022","177,921","173,760","178,655","172,292","892,91K","2,39%"
"22.12.2022","173,760","174,250","175,229","169,355","640,68K","-0,14%"
"21.12.2022","174,005","172,292","176,207","169,355","417,18K","1,57%"
"20.12.2022","171,313","168,865","172,047","167,152","42,83K","1,16%"
"19.12.2022","169,355","169,844","173,271","165,929","397,10K","-0,72%"
"16.12.2022","170,579","171,313","171,802","165,439","298,36K","0,00%"
"15.12.2022","170,579","168,621","173,760","162,502","738,28K","-0,99%"
"14.12.2022","172,292","176,207","176,207","167,887","541,46K","-1,81%"
"13.12.2022","175,473","176,207","178,165","173,271","458,37K","1,13%"
"12.12.2022","173,515","170,823","175,718","167,887","621,44K","1,58%"
"07.12.2022","170,823","164,950","171,802","164,460","468,88K","3,41%"
"06.12.2022","165,194","158,587","165,439","157,608","1,02M","2,12%"
"05.12.2022","161,768","161,523","163,481","160,545","497,69K","-1,34%"
"02.12.2022","163,971","161,523","166,908","159,566","762,16K","-0,59%"
"01.12.2022","164,950","162,502","165,684","159,566","819,60K","1,51%"
"30.11.2022","162,502","160,545","163,481","157,608","533,97K","1,22%"
"29.11.2022","160,545","154,182","160,545","153,692","809,46K","4,13%"
"28.11.2022","154,182","149,776","154,671","145,861","801,82K","3,28%"
"25.11.2022","149,287","148,797","149,287","145,126","477,49K","1,50%"
"24.11.2022","147,084","148,797","149,532","142,190","530,85K","-0,50%"
"23.11.2022","147,818","147,329","149,776","144,882","610,46K","-0,49%"
"22.11.2022","148,553","152,224","153,203","146,350","692,45K","-2,10%"
"18.11.2022","151,734","150,266","151,734","149,776","361,05K","0,98%"
"17.11.2022","150,266","148,308","150,266","145,861","464,05K","1,15%"
"16.11.2022","148,553","149,532","149,776","143,413","453,24K","-0,16%"
"15.11.2022","148,797","145,861","148,797","144,882","777,06K","2,01%"
"14.11.2022","145,861","143,658","146,840","142,924","887,79K","1,71%"
"11.11.2022","143,413","139,987","144,147","139,987","663,00K","2,45%"
"10.11.2022","139,987","134,113","140,476","133,624","1,03M","4,57%"
"09.11.2022","133,869","132,156","135,827","129,708","613,84K","2,82%"
"08.11.2022","130,198","129,953","132,156","129,219","194,36K","-0,75%"
"07.11.2022","131,177","136,071","136,316","129,953","231,79K","-1,07%"
"04.11.2022","132,593","135,439","135,439","131,644","263,40K","-0,71%"
"03.11.2022","133,542","133,779","137,100","131,882","317,08K","-1,57%"
"02.11.2022","135,677","138,286","138,286","132,356","374,92K","0,18%"
"01.11.2022","135,439","137,337","139,472","134,254","509,43K","-1,04%"
"31.10.2022","136,863","131,882","137,100","127,612","863,60K","3,78%"
"28.10.2022","131,882","129,035","131,882","128,561","555,58K","2,39%"
"27.10.2022","128,798","124,528","129,035","123,342","813,90K","3,63%"
"26.10.2022","124,291","119,073","125,240","119,073","708,96K","3,15%"
"25.10.2022","120,496","118,599","120,496","118,599","491,82K","2,01%"
"24.10.2022","118,124","115,041","118,124","112,194","828,92K","3,11%"
"21.10.2022","114,566","112,906","114,803","111,483","788,88K","1,47%"
"20.10.2022","112,906","113,855","115,752","110,059","881,66K","-0,83%"
"19.10.2022","113,855","116,701","117,175","112,906","940,25K","-2,04%"
"18.10.2022","116,227","119,547","120,022","115,515","615,78K","-2,39%"
"17.10.2022","119,073","119,073","121,445","118,124","579,28K","-0,99%"
"14.10.2022","120,259","120,496","121,208","118,361","404,03K","-0,78%"
"13.10.2022","121,208","120,496","123,105","119,547","793,21K","0,59%"
"12.10.2022","120,496","120,970","121,682","117,650","713,62K","0,39%"
"11.10.2022","120,022","129,035","129,035","119,784","746,17K","-5,60%"
"06.10.2022","127,138","126,189","129,272","125,240","404,29K","0,75%"
"05.10.2022","126,189","132,830","132,830","123,342","1,13M","-3,62%"
"04.10.2022","130,933","132,830","133,779","128,561","628,06K","-0,90%"
"03.10.2022","132,119","131,407","132,830","130,458","554,33K","2,39%"
"30.09.2022","129,035","127,138","129,984","126,900","399,90K","1,68%"
"29.09.2022","126,900","124,291","127,138","123,342","304,36K","0,94%"
"28.09.2022","125,714","128,086","128,086","122,394","296,43K","-0,38%"
"27.09.2022","126,189","129,035","130,458","122,394","683,30K","-2,03%"
"26.09.2022","128,798","129,984","131,170","126,189","681,42K","-0,18%"
"23.09.2022","129,035","127,849","129,035","124,291","735,30K","1,30%"
"22.09.2022","127,375","127,849","128,324","125,240","655,31K","0,19%"
"21.09.2022","127,138","126,189","127,612","124,528","363,25K","0,94%"
"20.09.2022","125,952","126,663","128,086","123,817","558,57K","-0,56%"
"19.09.2022","126,663","127,138","128,798","125,714","750,78K","-0,19%"
"16.09.2022","126,900","128,798","129,035","125,477","582,63K","-0,37%"
"15.09.2022","127,375","130,933","130,933","126,663","636,12K","-1,47%"
"14.09.2022","129,272","132,830","132,830","129,035","635,70K","-2,50%"
"13.09.2022","132,593","130,933","134,491","130,458","420,07K","-1,06%"
"12.09.2022","134,016","133,779","134,728","129,035","419,42K","0,89%"
"09.09.2022","132,830","131,882","133,779","128,324","810,12K","0,90%"
"08.09.2022","131,644","134,965","135,202","130,458","1,15M","-1,60%"
"07.09.2022","133,779","137,100","139,946","128,086","678,87K","-2,59%"
"06.09.2022","137,337","137,100","139,709","132,830","384,88K","-1,70%"
"05.09.2022","139,709","141,844","143,030","134,728","478,06K","0,00%"
"01.09.2022","139,709","136,388","140,183","132,830","705,85K","2,08%"
"31.08.2022","136,863","146,351","148,248","136,863","659,05K","-6,33%"
"30.08.2022","146,113","143,030","147,062","139,472","857,32K","2,16%"
"29.08.2022","143,030","138,997","144,690","138,997","710,78K","2,55%"
"26.08.2022","139,472","137,574","140,183","134,254","737,75K","1,38%"
"25.08.2022","137,574","138,523","139,946","134,965","863,64K","0,00%"
"24.08.2022","137,574","136,388","139,946","133,779","744,07K","0,69%"
"23.08.2022","136,625","134,491","137,100","129,984","626,50K","3,60%"
"22.08.2022","131,882","135,202","136,625","130,696","845,11K","-2,11%"
"19.08.2022","134,728","135,202","136,151","131,882","1,09M","-1,05%"
"18.08.2022","136,151","130,458","136,151","130,458","999,99K","4,74%"
"17.08.2022","129,984","133,779","133,779","127,849","638,45K","-2,32%"
"16.08.2022","133,068","134,728","135,677","129,035","317,90K","-1,58%"
"12.08.2022","135,202","137,337","137,337","131,882","783,30K","0,18%"
"11.08.2022","134,965","135,677","137,574","132,830","436,86K","-0,52%"
"10.08.2022","135,677","135,677","136,625","133,068","855,77K","1,42%"
"09.08.2022","133,779","134,728","135,202","131,882","769,41K","0,00%"
"08.08.2022","133,779","129,035","134,728","128,086","534,49K","3,68%"
"05.08.2022","129,035","129,035","131,407","123,342","392,52K","-0,73%"
"04.08.2022","129,984","132,830","133,779","126,189","969,39K","-0,90%"
"03.08.2022","131,170","132,830","135,202","126,900","477,11K","-0,54%"
"02.08.2022","131,882","132,830","134,491","129,035","524,36K","-1,24%"
"01.08.2022","133,542","133,779","134,728","126,663","738,13K","-0,35%"
"29.07.2022","134,016","139,472","139,472","130,696","937,78K","-2,11%"
"28.07.2022","136,901","136,204","139,221","131,564","1,16M","1,03%"
"27.07.2022","135,508","130,636","136,437","125,299","957,10K","4,66%"
"26.07.2022","129,475","136,204","136,204","122,746","1,09M","-3,79%"
"25.07.2022","134,580","128,083","137,829","128,083","1,01M","3,76%"
"22.07.2022","129,708","122,978","131,332","122,978","973,58K","7,92%"
"21.07.2022","120,194","116,946","127,387","116,017","1,28M","3,60%"
"20.07.2022","116,017","112,305","116,017","109,985","841,36K","4,17%"
"19.07.2022","111,377","108,128","114,161","104,880","764,98K","4,58%"
"18.07.2022","106,504","104,880","107,200","103,023","334,42K","2,00%"
"15.07.2022","104,416","100,239","104,416","100,239","396,23K","3,21%"
"14.07.2022","101,167","103,256","103,952","98,383","621,48K","-0,46%"
"13.07.2022","101,631","102,095","104,184","98,847","592,19K","-0,23%"
"12.07.2022","101,863","97,455","102,559","95,598","808,11K","3,78%"
"11.07.2022","98,151","96,991","98,847","90,494","848,16K","0,95%"
"08.07.2022","97,223","89,844","97,687","88,173","1,95M","8,10%"
"07.07.2022","89,937","85,482","90,030","85,482","837,42K","6,48%"
"06.07.2022","84,461","83,718","84,925","80,284","786,09K","2,48%"
"05.07.2022","82,419","81,027","83,254","80,563","932,16K","2,30%"
"04.07.2022","80,563","77,871","80,655","76,107","961,32K","2,12%"
"01.07.2022","78,892","79,077","79,542","77,221","622,21K","0,35%"
"30.06.2022","78,613","76,572","79,356","75,551","572,53K","1,93%"
"29.06.2022","77,128","76,572","77,500","74,994","908,87K","1,96%"
"28.06.2022","75,643","72,302","76,107","71,281","1,04M","6,53%"
"27.06.2022","71,003","71,931","73,509","70,817","795,27K","-1,29%"
"24.06.2022","71,931","74,251","74,622","71,003","1,19M","-1,90%"
"23.06.2022","73,323","75,272","76,107","72,395","711,97K","-3,07%"
"22.06.2022","75,643","79,077","79,263","74,622","1,07M","-4,68%"
"21.06.2022","79,356","78,985","80,748","78,428","548,47K","0,59%"
"16.06.2022","78,892","79,170","79,542","76,664","2,44M","-0,35%"
"15.06.2022","79,170","79,913","80,934","77,964","521,26K","-0,47%"
"14.06.2022","79,542","83,533","84,461","78,892","840,23K","-4,24%"
"13.06.2022","83,068","82,604","85,203","80,748","962,30K","-1,00%"
"10.06.2022","83,904","83,440","84,461","82,976","530,49K","-0,66%"
"09.06.2022","84,461","83,161","84,925","82,604","635,21K","-0,55%"
"08.06.2022","84,925","83,904","85,110","82,140","658,76K","1,78%"
"07.06.2022","83,440","82,604","83,533","81,862","587,04K","1,12%"
"06.06.2022","82,512","84,461","85,296","81,212","750,86K","-2,31%"
"03.06.2022","84,461","84,554","85,203","83,161","224,42K","0,33%"
"02.06.2022","84,182","85,389","85,389","83,440","808,49K","-2,26%"
"01.06.2022","86,131","81,862","86,131","81,027","541,55K","3,11%"
"31.05.2022","83,533","85,389","86,317","82,883","816,79K","-2,81%"
"30.05.2022","85,946","85,018","86,781","84,461","270,07K","0,22%"
"27.05.2022","85,760","86,131","87,059","84,461","273,30K","0,00%"
"26.05.2022","85,760","84,461","85,853","83,625","471,49K","1,65%"
"24.05.2022","84,368","84,182","84,461","82,697","366,81K","0,78%"
"23.05.2022","83,718","81,491","83,811","81,212","625,59K","3,68%"
"20.05.2022","80,748","80,191","81,212","79,727","373,78K","1,16%"
"19.05.2022","79,820","77,964","80,098","77,128","624,09K","-6,31%"
"17.05.2022","85,200","83,000","85,600","82,200","817,24K","4,03%"
"16.05.2022","81,900","84,100","85,300","81,900","818,51K","-2,50%"
"13.05.2022","84,000","85,100","86,200","83,000","1,44M","-0,59%"
"12.05.2022","84,500","88,000","89,200","83,900","624,59K","-5,06%"
"11.05.2022","89,000","89,000","89,900","88,100","382,28K","1,71%"
"10.05.2022","87,500","83,000","88,000","83,000","865,55K","5,93%"
"09.05.2022","82,600","87,800","88,900","81,500","303,91K","-6,03%"
"06.05.2022","87,900","89,000","89,700","87,600","460,72K","-0,68%"
"05.05.2022","88,500","94,000","94,000","86,000","529,32K","-5,25%"
"04.05.2022","93,400","93,200","94,500","92,000","314,09K","-0,64%"
"03.05.2022","94,000","90,800","94,000","90,800","409,82K","1,84%"
"02.05.2022","92,300","90,900","92,700","88,100","461,79K","2,10%"
"29.04.2022","90,400","92,500","93,000","88,000","513,84K","-1,74%"
"28.04.2022","92,000","93,400","93,800","88,000","515,11K","-1,18%"
"27.04.2022","93,100","94,000","94,900","92,900","236,75K","-0,96%"
"26.04.2022","94,000","94,000","94,800","92,700","333,72K","-0,95%"
"25.04.2022","94,900","93,100","95,000","93,100","263,17K","-0,94%"
"22.04.2022","95,800","93,900","95,800","91,200","206,36K","2,02%"
"21.04.2022","93,900","94,400","94,500","91,000","367,25K","-0,63%"
"20.04.2022","94,500","94,000","94,700","92,500","338,36K","0,43%"
"19.04.2022","94,100","94,800","95,600","93,100","280,39K","-0,95%"
"18.04.2022","95,000","94,000","95,800","92,200","391,43K","0,21%"
"13.04.2022","94,800","94,000","95,700","93,300","274,69K","0,85%"
"12.04.2022","94,000","94,900","95,900","92,100","358,45K","0,21%"
"11.04.2022","93,800","97,200","97,200","90,000","325,81K","-2,09%"
"08.04.2022","95,800","95,400","97,700","95,200","236,75K","-0,31%"
"07.04.2022","96,100","97,500","98,500","95,500","460,32K","-1,44%"
"06.04.2022","97,500","98,000","99,100","97,000","205,24K","-1,52%"
"05.04.2022","99,000","98,000","100,000","97,100","522,19K","0,20%"
"04.04.2022","98,800","98,800","99,000","96,500","420,94K","0,51%"
"01.04.2022","98,300","96,500","98,300","95,100","406,02K","2,18%"
"31.03.2022","96,200","96,700","98,000","95,300","340,03K","-0,41%"
"30.03.2022","96,600","95,200","96,900","95,000","595,62K","-0,10%"
"29.03.2022","96,700","98,000","98,500","95,000","413,93K","-1,83%"
"28.03.2022","98,500","98,000","99,400","95,500","559,02K","0,51%"
"25.03.2022","98,000","96,000","98,500","94,600","479,56K","4,03%"
"23.03.2022","94,200","96,500","97,700","91,600","1,15M","-2,59%"
"22.03.2022","96,700","100,250","101,000","94,300","700,83K","-3,20%"
"21.03.2022","99,900","99,400","101,000","98,000","647,92K","2,04%"
"18.03.2022","97,900","98,700","98,700","96,500","384,99K","-0,10%"
"17.03.2022","98,000","95,700","98,500","94,100","586,00K","3,59%"
"16.03.2022","94,600","91,000","95,400","90,100","551,61K","4,42%"
"15.03.2022","90,600","92,900","93,000","90,500","604,66K","-2,48%"
"14.03.2022","92,900","94,000","95,000","91,300","375,47K","-3,13%"
"11.03.2022","95,900","98,000","98,900","92,000","295,32K","-1,44%"
"10.03.2022","97,300","96,700","97,800","95,000","447,01K","0,62%"
"09.03.2022","96,700","99,500","101,500","96,000","454,61K","-2,81%"
"08.03.2022","99,500","101,000","102,000","98,500","553,72K","-1,00%"
"07.03.2022","100,500","100,000","102,500","98,000","1,24M","1,52%"
"04.03.2022","99,000","98,900","99,000","95,600","764,31K","1,12%"
"03.03.2022","97,900","93,700","97,900","92,000","645,68K","5,84%"
"02.03.2022","92,500","94,000","96,900","92,500","671,04K","0,54%"
"25.02.2022","92,000","96,000","96,700","91,100","495,23K","-3,06%"
"24.02.2022","94,900","98,600","99,000","94,600","630,15K","-3,46%"
"23.02.2022","98,300","98,500","100,000","96,000","394,49K","0,31%"
"22.02.2022","98,000","99,000","99,000","97,000","323,73K","0,72%"
"21.02.2022","97,300","96,800","97,800","96,100","274,34K","0,00%"
"18.02.2022","97,300","98,300","99,900","95,000","348,29K","-1,72%"
"17.02.2022","99,000","100,000","101,000","98,500","283,53K","-1,00%"
"16.02.2022","100,000","98,400","100,000","97,500","353,85K","1,63%"
"15.02.2022","98,400","99,900","100,000","98,000","214,18K","-0,91%"
"14.02.2022","99,300","99,000","99,400","97,000","406,47K","1,43%"
"11.02.2022","97,900","98,500","99,500","94,700","439,33K","-0,61%"
"10.02.2022","98,500","97,200","99,000","96,200","458,36K","1,55%"
"09.02.2022","97,000","97,000","98,000","96,000","463,40K","0,00%"
"08.02.2022","97,000","96,700","98,000","96,600","646,10K","0,31%"
"07.02.2022","96,700","95,000","96,900","94,200","440,85K","2,11%"
"04.02.2022","94,700","94,600","94,700","92,900","277,58K","1,50%"
"03.02.2022","93,300","93,000","94,300","92,600","241,20K","-0,64%"
"02.02.2022","93,900","94,700","95,800","93,200","331,36K","-0,95%"
"01.02.2022","94,800","92,700","94,800","91,000","525,62K","2,05%"
"31.01.2022","92,900","91,500","93,200","91,100","297,56K","2,31%"
"28.01.2022","90,800","92,000","93,200","89,900","342,11K","2,14%"
"27.01.2022","88,900","89,000","89,900","88,700","198,61K","0,34%"
"26.01.2022","88,600","88,200","88,900","87,200","257,22K","1,26%"
"25.01.2022","87,500","87,100","87,600","85,300","421,59K","2,46%"
"24.01.2022","85,400","90,700","90,700","83,400","706,12K","-5,11%"
"21.01.2022","90,000","92,400","92,400","89,600","176,73K","-2,17%"
"20.01.2022","92,000","89,500","92,800","89,000","202,43K","2,68%"
"19.01.2022","89,600","90,000","90,600","89,000","205,89K","0,56%"
"18.01.2022","89,100","90,000","90,700","89,000","226,21K","-1,76%"
"17.01.2022","90,700","90,500","90,700","88,800","178,61K","-0,33%"
"14.01.2022","91,000","91,700","91,700","89,100","245,22K","0,11%"
"13.01.2022","90,900","90,000","91,000","88,700","367,86K","2,25%"
"12.01.2022","88,900","90,000","90,500","88,700","192,16K","-0,89%"
"11.01.2022","89,700","89,000","90,600","88,800","220,18K","0,22%"
"10.01.2022","89,500","90,000","90,000","88,500","193,93K","-0,11%"
"07.01.2022","89,600","90,000","90,100","88,700","192,06K","0,56%"
"06.01.2022","89,100","90,900","91,000","88,500","440,07K","-1,98%"
"05.01.2022","90,900","92,600","93,800","90,700","311,27K","-1,84%"
"04.01.2022","92,600","93,900","95,500","92,000","486,41K","-1,28%"
"03.01.2022","93,800","90,700","94,900","89,000","507,23K","0,32%"
"30.12.2021","93,500","91,700","94,700","89,400","683,61K","1,74%"
"29.12.2021","91,900","88,000","92,000","86,700","907,63K","4,43%"
"28.12.2021","88,000","92,500","93,000","86,400","1,10M","-6,18%"
"27.12.2021","93,800","97,000","97,000","91,900","327,04K","0,64%"
"23.12.2021","93,200","90,800","93,600","90,800","386,96K","2,19%"
"22.12.2021","91,200","93,700","94,300","90,100","765,27K","-2,25%"
"21.12.2021","93,300","93,200","93,800","90,900","1,01M","0,54%"
"20.12.2021","92,800","97,400","97,400","90,800","914,13K","-2,21%"
"17.12.2021","94,900","96,300","96,300","93,200","451,25K","-0,32%"
"16.12.2021","95,200","94,200","96,300","94,200","419,01K","1,28%"
"15.12.2021","94,000","101,000","101,000","92,000","567,44K","-6,00%"
"14.12.2021","100,000","99,400","101,000","98,100","327,06K","0,60%"
"13.12.2021","99,400","103,000","103,000","99,000","355,56K","-2,31%"
"10.12.2021","101,750","101,000","103,750","99,100","255,74K","0,49%"
"09.12.2021","101,250","103,500","104,000","99,500","388,17K","-1,70%"
"07.12.2021","103,000","105,000","105,500","101,000","1,05M","0,00%"
"06.12.2021","103,000","99,000","103,750","98,000","658,66K","3,21%"
"03.12.2021","99,800","98,000","100,000","93,100","676,39K","1,84%"
"02.12.2021","98,000","94,000","98,200","94,000","1,05M","5,15%"
"01.12.2021","93,200","91,800","93,400","90,500","915,00K","3,56%"
"30.11.2021","90,000","91,400","92,400","86,600","1,26M","-2,17%"
"29.11.2021","92,000","92,000","94,500","88,500","858,33K","1,66%"
"26.11.2021","90,500","95,000","95,000","88,600","409,45K","-5,14%"
"25.11.2021","95,400","90,600","96,000","90,600","732,00K","5,41%"
"24.11.2021","90,500","89,000","90,600","87,600","627,54K","2,84%"
"23.11.2021","88,000","90,400","90,400","86,000","771,78K","-2,65%"
"19.11.2021","90,400","96,900","97,200","90,400","1,14M","-5,74%"
"18.11.2021","95,900","92,200","97,200","90,000","1,04M","0,52%"
"17.11.2021","95,400","100,250","100,750","91,500","942,17K","-5,54%"
"16.11.2021","101,000","104,750","104,750","97,500","877,65K","-2,18%"
"15.11.2021","103,250","103,000","105,000","98,600","863,80K","-0,24%"
"12.11.2021","103,500","101,750","103,500","99,100","1,08M","1,72%"
"11.11.2021","101,750","98,500","102,750","97,500","1,40M","2,99%"
"10.11.2021","98,800","96,100","98,900","93,300","2,14M","1,13%"
"09.11.2021","97,700","101,500","102,000","96,000","1,40M","-3,51%"
"08.11.2021","101,250","96,400","101,250","95,700","2,31M","4,71%"
"05.11.2021","96,700","92,500","97,300","91,000","3,21M","5,68%"
"04.11.2021","91,500","89,500","91,700","85,500","1,63M","3,04%"
"03.11.2021","88,800","85,000","88,900","84,500","1,39M","5,21%"
"02.11.2021","84,400","81,000","84,500","79,600","1,10M","3,18%"
"01.11.2021","81,800","76,500","81,900","76,500","890,37K","7,07%"
"29.10.2021","76,400","79,900","80,700","76,100","1,04M","-2,05%"
"28.10.2021","78,000","76,200","78,100","75,000","631,30K","3,17%"
"27.10.2021","75,600","76,900","77,000","74,200","713,67K","-1,82%"
"26.10.2021","77,000","77,000","77,400","76,300","1,35M","1,45%"
"25.10.2021","75,900","72,100","76,000","71,700","1,81M","5,86%"
"22.10.2021","71,700","71,800","72,500","69,500","1,13M","0,28%"
"21.10.2021","71,500","69,700","71,500","68,000","1,31M","1,42%"
"20.10.2021","70,500","67,900","70,800","67,100","2,46M","4,14%"
"19.10.2021","67,700","66,700","67,800","66,000","777,61K","1,50%"
"18.10.2021","66,700","67,000","67,900","66,300","902,00K","-0,45%"
"15.10.2021","67,000","67,500","67,900","66,000","1,51M","1,06%"
"14.10.2021","66,300","63,400","66,700","63,100","1,41M","6,08%"
"13.10.2021","62,500","62,300","62,900","61,200","295,66K","0,48%"
"12.10.2021","62,200","63,000","63,600","62,000","261,01K","0,32%"
"07.10.2021","62,000","62,800","62,800","61,400","232,02K","0,00%"
"06.10.2021","62,000","62,900","62,900","61,200","161,58K","-1,43%"
"05.10.2021","62,900","62,500","63,400","60,700","531,50K","0,16%"
"04.10.2021","62,800","63,000","64,000","60,700","936,70K","-0,32%"
"01.10.2021","63,000","63,800","64,000","62,300","600,23K","-0,79%"
"30.09.2021","63,500","64,500","64,500","62,600","357,77K","-0,16%"
"29.09.2021","63,600","63,000","63,900","62,800","394,60K","1,11%"
"28.09.2021","62,900","62,200","62,900","60,800","436,62K","0,96%"
"27.09.2021","62,300","63,000","63,200","60,500","342,13K","0,16%"
"24.09.2021","62,200","63,000","63,000","61,000","208,62K","-0,48%"
"23.09.2021","62,500","61,100","62,700","59,200","952,60K","3,99%"
"22.09.2021","60,100","62,000","64,000","59,000","774,32K","-3,99%"
"21.09.2021","62,600","61,000","63,000","60,500","328,75K","3,47%"
"20.09.2021","60,500","63,000","63,000","59,000","1,20M","-6,92%"
"17.09.2021","65,000","66,300","66,300","65,000","378,55K","-0,61%"
"16.09.2021","65,400","66,000","66,300","64,000","1,05M","-0,91%"
"15.09.2021","66,000","68,300","68,300","65,500","999,48K","-1,35%"
"14.09.2021","66,900","66,600","67,400","65,600","1,07M","1,52%"
"13.09.2021","65,900","69,900","71,400","65,300","1,48M","1,38%"
"10.09.2021","65,000","66,100","66,500","65,000","574,62K","-1,52%"
"09.09.2021","66,000","67,200","69,500","66,000","536,59K","-2,08%"
"08.09.2021","67,400","68,500","69,000","67,200","1,53M","-1,61%"
"07.09.2021","68,500","67,900","69,000","67,400","907,55K","2,09%"
"06.09.2021","67,100","66,900","67,800","66,300","897,55K","1,36%"
"03.09.2021","66,200","66,600","66,900","65,900","1,02M","-0,90%"
"02.09.2021","66,800","65,500","66,900","65,500","513,98K","1,21%"
"01.09.2021","66,000","66,000","67,000","64,200","1,64M","0,15%"
"31.08.2021","65,900","64,500","66,000","63,000","1,42M","2,33%"
"30.08.2021","64,400","62,400","64,600","61,800","850,04K","4,55%"
"27.08.2021","61,600","61,500","62,700","61,100","802,91K","0,82%"
"26.08.2021","61,100","62,700","62,700","60,500","585,76K","-1,45%"
"25.08.2021","62,000","62,900","62,900","61,600","701,69K","-0,80%"
"24.08.2021","62,500","62,100","63,200","61,900","549,27K","0,81%"
"23.08.2021","62,000","61,300","62,100","61,000","506,78K","1,14%"
"20.08.2021","61,300","62,000","62,000","60,500","517,18K","-0,16%"
"19.08.2021","61,400","61,200","61,400","60,000","304,18K","0,33%"
"18.08.2021","61,200","61,100","61,900","60,700","503,88K","-0,33%"
"17.08.2021","61,400","64,000","64,000","61,200","461,57K","-3,00%"
"13.08.2021","63,300","64,300","64,300","62,200","788,22K","-1,09%"
"12.08.2021","64,000","62,500","64,500","62,500","1,08M","-0,31%"
"11.08.2021","64,200","62,400","64,400","61,500","1,31M","2,39%"
"10.08.2021","62,700","62,000","62,700","61,000","1,00M","2,12%"
"09.08.2021","61,400","61,200","62,200","61,000","659,38K","0,66%"
"06.08.2021","61,000","61,000","61,500","60,000","774,22K","0,00%"
"05.08.2021","61,000","60,100","61,100","59,000","560,79K","2,01%"
"04.08.2021","59,800","61,500","61,700","59,200","324,26K","-2,29%"
"03.08.2021","61,200","61,600","61,700","60,000","451,62K","-0,49%"
"02.08.2021","61,500","60,400","61,700","60,000","733,69K","1,82%"
"30.07.2021","60,400","60,400","61,000","59,500","488,61K","0,00%"
"29.07.2021","60,400","59,400","60,700","59,400","479,92K","2,03%"
"28.07.2021","59,200","59,000","59,900","58,200","285,08K","0,00%"
"27.07.2021","59,200","59,000","59,500","58,000","294,63K","-0,34%"
"26.07.2021","59,400","60,500","60,500","59,000","175,76K","-1,00%"
"23.07.2021","60,000","60,000","60,500","59,000","276,10K","0,00%"
"22.07.2021","60,000","59,200","60,100","58,700","497,87K","1,35%"
"21.07.2021","59,200","56,900","59,300","56,800","698,44K","3,68%"
"20.07.2021","57,100","56,900","57,200","55,300","613,52K","2,88%"
"19.07.2021","55,500","56,600","56,900","55,000","613,27K","-2,97%"
"16.07.2021","57,200","57,500","58,200","56,400","256,52K","0,00%"
"15.07.2021","57,200","57,600","58,300","56,600","417,03K","-0,69%"
"14.07.2021","57,600","59,400","59,400","57,500","567,66K","-1,37%"
"13.07.2021","58,400","58,600","59,200","57,700","298,82K","0,34%"
"12.07.2021","58,200","57,800","59,500","57,000","600,14K","0,69%"
"08.07.2021","57,800","58,500","58,500","57,200","263,02K","-1,53%"
"07.07.2021","58,700","59,200","59,900","57,200","839,30K","-0,34%"
"06.07.2021","58,900","60,200","60,300","57,900","409,88K","-1,83%"
"05.07.2021","60,000","58,800","60,400","58,000","466,42K","1,35%"
"02.07.2021","59,200","58,900","59,300","57,300","569,48K","1,72%"
"01.07.2021","58,200","58,000","58,900","57,200","256,90K","0,34%"
"30.06.2021","58,000","60,400","61,400","57,500","583,90K","-3,01%"
"29.06.2021","59,800","58,900","60,400","57,400","1,04M","1,53%"
"28.06.2021","58,900","59,100","60,000","58,100","631,61K","-1,17%"
"25.06.2021","59,600","58,000","59,700","57,000","860,76K","-1,00%"
"24.06.2021","60,200","59,000","60,500","58,000","902,89K","2,91%"
"23.06.2021","58,500","57,400","59,100","56,600","999,38K","1,92%"
"22.06.2021","57,400","57,400","57,600","54,000","1,00M","1,06%"
"18.06.2021","56,800","58,500","58,500","56,500","479,65K","-3,73%"
"17.06.2021","59,000","59,500","60,000","57,200","541,96K","-0,67%"
"16.06.2021","59,400","58,200","59,600","57,300","828,93K","2,06%"
"15.06.2021","58,200","58,400","58,900","56,700","897,74K","-0,34%"
"14.06.2021","58,400","57,800","58,400","57,100","1,18M","0,69%"
"11.06.2021","58,000","57,000","58,000","55,000","1,04M","1,75%"
"10.06.2021","57,000","56,800","57,900","55,100","950,47K","0,18%"
"09.06.2021","56,900","55,000","56,900","54,900","1,02M","3,27%"
"08.06.2021","55,100","56,400","56,900","53,900","952,98K","-1,96%"
"07.06.2021","56,200","57,000","58,000","53,900","1,62M","-1,23%"
"04.06.2021","56,900","54,900","57,000","54,500","1,54M","4,21%"
"03.06.2021","54,600","53,000","54,600","52,800","1,45M","3,02%"
"02.06.2021","53,000","51,600","53,100","50,000","1,52M","2,71%"
"01.06.2021","51,600","52,700","53,200","51,500","962,99K","-1,71%"
"31.05.2021","52,500","51,800","52,800","51,500","745,82K","1,35%"
"28.05.2021","51,800","50,000","51,900","49,700","1,53M","3,39%"
"27.05.2021","50,100","48,250","50,200","48,100","651,99K","4,16%"
"26.05.2021","48,100","48,850","48,850","47,300","305,26K","-0,62%"
"21.05.2021","48,400","50,000","50,100","48,200","675,87K","-3,20%"
"20.05.2021","50,000","48,750","50,000","48,750","893,07K","2,15%"
"19.05.2021","48,950","48,350","49,150","46,500","491,28K","1,03%"
"18.05.2021","48,450","48,700","49,000","47,500","406,40K","-0,10%"
"17.05.2021","48,500","48,000","48,700","47,800","1,09M","1,78%"
"14.05.2021","47,650","46,000","48,000","46,000","584,72K","4,04%"
"13.05.2021","45,800","45,300","45,950","44,600","388,94K","1,10%"
"12.05.2021","45,300","46,000","46,100","44,900","280,16K","-1,31%"
"11.05.2021","45,900","46,000","46,000","45,000","339,61K","-0,22%"
"10.05.2021","46,000","47,000","47,900","45,500","553,16K","-2,02%"
"07.05.2021","46,950","45,000","47,150","44,800","670,01K","2,74%"
"06.05.2021","45,700","45,300","45,800","45,000","191,03K","0,88%"
"05.05.2021","45,300","45,200","45,800","44,300","532,72K","0,22%"
"04.05.2021","45,200","45,500","45,500","44,700","270,26K","-0,66%"
"03.05.2021","45,500","45,800","46,300","45,050","349,19K","-1,09%"
"30.04.2021","46,000","46,200","46,750","45,500","296,28K","-1,39%"
"29.04.2021","46,650","47,000","47,000","45,500","251,19K","0,97%"
"28.04.2021","46,200","44,850","46,250","44,500","731,55K","3,01%"
"27.04.2021","44,850","44,800","45,400","44,350","412,73K","0,34%"
"26.04.2021","44,700","44,900","45,000","44,050","490,61K","0,90%"
"23.04.2021","44,300","43,400","44,700","42,550","519,96K","2,07%"
"22.04.2021","43,400","44,000","44,450","42,550","698,37K","-1,14%"
"21.04.2021","43,900","43,300","44,000","42,100","584,79K","0,92%"
"20.04.2021","43,500","44,800","44,800","42,850","752,58K","-2,36%"
"19.04.2021","44,550","44,800","44,950","43,750","323,91K","-0,56%"
"16.04.2021","44,800","45,050","45,050","43,400","955,99K","-0,33%"
"15.04.2021","44,950","46,000","46,300","44,800","464,05K","-3,33%"
"14.04.2021","46,500","47,050","47,500","46,000","356,09K","-1,06%"
"13.04.2021","47,000","46,600","47,450","46,400","461,25K","-0,42%"
"12.04.2021","47,200","48,100","48,800","46,350","393,67K","-1,67%"
"09.04.2021","48,000","48,900","49,300","46,900","674,14K","-1,23%"
"08.04.2021","48,600","48,150","49,200","47,000","489,50K","1,25%"
"07.04.2021","48,000","49,650","49,650","46,500","1,41M","-1,34%"
"06.04.2021","48,650","47,200","48,700","47,000","1,79M","3,73%"
"05.04.2021","46,900","47,400","47,750","46,350","323,10K","-0,21%"
"31.03.2021","47,000","47,000","47,750","45,900","909,53K","-0,95%"
"30.03.2021","47,450","45,300","47,500","44,700","795,57K","4,52%"
"29.03.2021","45,400","43,050","45,500","42,000","637,87K","5,58%"
"26.03.2021","43,000","42,500","43,200","41,400","1,19M","1,42%"
"25.03.2021","42,400","43,450","43,500","42,150","650,81K","-4,72%"
"23.03.2021","44,500","45,000","45,500","43,750","338,09K","0,45%"
"22.03.2021","44,300","43,400","44,400","42,800","372,79K","1,37%"
"19.03.2021","43,700","44,100","44,400","43,350","412,27K","-1,58%"
"18.03.2021","44,400","45,400","45,400","43,300","798,63K","-2,20%"
"17.03.2021","45,400","46,000","46,400","43,350","1,28M","0,00%"
"16.03.2021","45,400","45,750","46,500","44,100","673,67K","0,00%"
"15.03.2021","45,400","44,000","45,450","43,500","712,13K","4,49%"
"12.03.2021","43,450","41,600","43,450","41,600","624,48K","4,70%"
"11.03.2021","41,500","40,000","41,750","39,800","727,52K","4,40%"
"10.03.2021","39,750","40,000","40,900","38,700","943,94K","-0,38%"
"09.03.2021","39,900","41,800","41,950","39,800","891,11K","-3,16%"
"08.03.2021","41,200","44,200","44,200","40,750","868,45K","-5,29%"
"05.03.2021","43,500","45,000","45,700","42,500","366,39K","-3,12%"
"04.03.2021","44,900","44,450","45,600","43,700","415,92K","2,05%"
"03.03.2021","44,000","45,100","46,300","43,750","432,98K","-2,11%"
"02.03.2021","44,950","47,150","47,200","44,900","825,77K","-4,67%"
"01.03.2021","47,150","46,400","47,200","46,200","317,71K","1,62%"
"26.02.2021","46,400","46,500","46,700","45,600","112,21K","0,43%"
"25.02.2021","46,200","46,050","46,500","45,300","447,27K","1,54%"
"24.02.2021","45,500","44,000","45,500","44,000","481,85K","3,41%"
"23.02.2021","44,000","46,000","46,450","43,450","569,08K","-3,72%"
"22.02.2021","45,700","47,300","48,000","45,100","750,21K","-3,38%"
"19.02.2021","47,300","47,800","48,300","47,050","568,25K","-1,46%"
"18.02.2021","48,000","48,350","49,000","47,250","598,44K","-0,83%"
"17.02.2021","48,400","49,250","49,950","47,600","2,40M","-1,73%"
"12.02.2021","49,250","49,100","49,400","48,850","286,06K","0,51%"
"11.02.2021","49,000","49,900","50,100","47,000","278,94K","-1,11%"
"10.02.2021","49,550","49,500","49,550","49,150","260,61K","0,51%"
"09.02.2021","49,300","48,700","49,300","48,550","685,53K","1,23%"
"08.02.2021","48,700","48,650","49,300","48,500","348,71K","0,00%"
"05.02.2021","48,700","48,000","48,800","47,900","201,16K","1,78%"
"04.02.2021","47,850","48,500","48,900","46,800","1,06M","-0,93%"
"03.02.2021","48,300","49,850","49,850","47,850","835,56K","-1,83%"
"02.02.2021","49,200","48,000","49,750","48,000","299,74K","1,23%"
"01.02.2021","48,600","48,750","50,000","47,600","629,88K","0,52%"
"29.01.2021","48,350","50,600","50,600","47,950","342,28K","-2,13%"
"28.01.2021","49,400","50,500","51,400","49,200","211,93K","-2,18%"
"27.01.2021","50,500","50,500","51,500","49,850","306,45K","0,00%"
"26.01.2021","50,500","49,500","50,600","49,500","204,93K","2,23%"
"25.01.2021","49,400","50,700","51,200","49,200","370,38K","-1,20%"
"22.01.2021","50,000","52,400","52,800","49,000","463,73K","-4,58%"
"21.01.2021","52,400","53,800","54,000","51,300","321,04K","-2,06%"
"20.01.2021","53,500","53,200","54,000","52,000","571,62K","0,56%"
"19.01.2021","53,200","52,700","53,400","52,100","611,65K","1,14%"
"18.01.2021","52,600","51,800","52,700","51,500","303,76K","1,54%"
"15.01.2021","51,800","51,500","51,900","50,100","228,01K","0,58%"
"14.01.2021","51,500","53,000","53,500","49,500","492,80K","-3,20%"
"13.01.2021","53,200","53,200","53,900","51,200","518,45K","0,00%"
"12.01.2021","53,200","53,000","53,500","51,700","534,42K","-0,56%"
"11.01.2021","53,500","53,500","54,100","51,300","855,98K","0,19%"
"08.01.2021","53,400","53,400","53,500","51,100","735,66K","0,75%"
"07.01.2021","53,000","52,800","53,200","51,900","655,45K","0,19%"
"06.01.2021","52,900","51,500","53,000","51,100","1,39M","3,52%"
"05.01.2021","51,100","47,800","51,200","47,000","859,11K","5,36%"
"04.01.2021","48,500","47,300","48,500","46,050","253,13K","2,21%"
"30.12.2020","47,450","47,800","48,400","46,000","730,82K","0,21%"
"29.12.2020","47,350","47,450","47,450","46,550","282,77K","0,53%"
"28.12.2020","47,100","48,450","49,500","46,200","736,17K","-3,29%"
"23.12.2020","48,700","50,000","50,000","48,100","440,46K","-0,61%"
"22.12.2020","49,000","47,500","49,000","46,900","630,59K","2,62%"
"21.12.2020","47,750","49,000","49,000","47,000","500,97K","-4,02%"
"18.12.2020","49,750","50,100","50,500","49,100","580,65K","-0,30%"
"17.12.2020","49,900","49,300","50,000","48,800","423,04K","1,42%"
"16.12.2020","49,200","48,000","49,300","47,600","765,35K","2,61%"
"15.12.2020","47,950","48,500","49,300","47,800","532,40K","-0,10%"
"14.12.2020","48,000","49,500","50,000","47,700","573,19K","-3,32%"
"11.12.2020","49,650","50,500","50,600","49,050","764,54K","-1,10%"
"10.12.2020","50,200","49,450","50,200","48,950","422,21K","2,45%"
"09.12.2020","49,000","51,200","53,000","48,100","676,06K","-5,95%"
"04.12.2020","52,100","52,300","53,000","51,200","439,47K","-0,57%"
"03.12.2020","52,400","53,400","53,400","52,200","604,96K","-1,32%"
"02.12.2020","53,100","52,700","53,400","52,000","746,45K","0,57%"
"01.12.2020","52,800","52,500","53,400","51,200","1,08M","0,19%"
"30.11.2020","52,700","53,500","54,200","52,000","1,19M","-1,13%"
"27.11.2020","53,300","53,500","54,200","52,700","1,17M","0,76%"
"26.11.2020","52,900","50,800","53,000","50,600","1,01M","3,93%"
"25.11.2020","50,900","49,000","51,000","48,050","1,04M","4,09%"
"24.11.2020","48,900","48,450","49,400","48,450","503,02K","1,88%"
"20.11.2020","48,000","48,000","48,000","46,400","995,47K","0,00%"
"19.11.2020","48,000","49,500","49,800","47,800","524,45K","-3,03%"
"18.11.2020","49,500","49,800","50,000","48,200","556,42K","-0,60%"
"17.11.2020","49,800","49,900","50,300","49,350","347,18K","-0,30%"
"16.11.2020","49,950","50,000","50,700","48,950","534,14K","0,10%"
"13.11.2020","49,900","49,550","50,300","48,900","418,69K","-0,40%"
"12.11.2020","50,100","49,900","50,100","49,150","503,54K","0,80%"
"11.11.2020","49,700","49,900","50,700","49,100","666,65K","1,53%"
"10.11.2020","48,950","50,300","50,500","48,900","498,27K","-2,68%"
"09.11.2020","50,300","51,200","51,400","50,000","433,05K","0,70%"
"06.11.2020","49,950","50,000","51,000","49,700","527,41K","0,30%"
"05.11.2020","49,800","49,950","49,950","48,000","229,53K","0,40%"
"04.11.2020","49,600","50,000","50,500","48,900","457,09K","-0,80%"
"03.11.2020","50,000","51,300","52,000","49,100","531,76K","-2,53%"
"02.11.2020","51,300","51,500","52,600","51,000","556,83K","-0,39%"
"30.10.2020","51,500","49,400","52,000","48,000","989,31K","5,42%"
"29.10.2020","48,850","47,100","49,000","47,100","497,07K","3,94%"
"28.10.2020","47,000","48,500","49,500","46,000","1,14M","-5,05%"
"27.10.2020","49,500","51,400","52,000","49,000","551,17K","-3,70%"
"26.10.2020","51,400","52,800","53,000","50,500","1,08M","-3,02%"
"23.10.2020","53,000","52,400","53,000","50,400","1,37M","1,15%"
"22.10.2020","52,400","52,700","53,000","51,200","1,22M","0,00%"
"21.10.2020","52,400","51,700","52,500","50,700","2,03M","2,95%"
"20.10.2020","50,900","50,900","51,900","48,500","1,31M","-0,78%"
"19.10.2020","51,300","53,700","54,500","50,700","1,33M","-4,82%"
"16.10.2020","53,900","54,000","54,500","52,700","989,41K","-0,74%"
"14.10.2020","54,300","51,500","54,300","50,200","1,51M","5,85%"
"13.10.2020","51,300","53,000","53,700","50,200","918,57K","-3,21%"
"09.10.2020","53,000","53,000","54,000","52,000","636,23K","0,00%"
"08.10.2020","53,000","54,800","55,000","51,700","945,34K","-2,21%"
"07.10.2020","54,200","53,900","54,900","53,100","1,81M","1,50%"
"06.10.2020","53,400","51,000","53,700","49,600","1,83M","4,71%"
"05.10.2020","51,000","50,300","51,000","49,500","855,75K","1,80%"
"02.10.2020","50,100","48,700","50,200","48,000","690,68K","3,73%"
"01.10.2020","48,300","47,200","48,350","46,400","526,66K","2,11%"
"30.09.2020","47,300","49,900","50,600","46,600","1,20M","-5,12%"
"29.09.2020","49,850","48,950","49,900","47,500","631,62K","2,78%"
"28.09.2020","48,500","47,500","48,500","47,500","464,05K","2,11%"
"25.09.2020","47,500","47,200","48,000","46,200","406,93K","1,60%"
"24.09.2020","46,750","47,500","47,800","46,600","657,22K","-0,53%"
"23.09.2020","47,000","45,000","47,000","44,500","641,01K","4,68%"
"22.09.2020","44,900","43,850","44,950","43,100","863,71K","4,66%"
"21.09.2020","42,900","41,900","43,700","41,900","441,83K","-3,60%"
"18.09.2020","44,500","42,500","45,300","40,250","606,01K","2,42%"
"17.09.2020","43,450","47,800","48,850","42,700","1,31M","-11,33%"
"16.09.2020","49,000","49,450","49,500","45,500","915,35K","-2,58%"
"15.09.2020","50,300","50,400","50,500","49,100","247,04K","-0,40%"
"14.09.2020","50,500","50,200","51,000","48,600","326,88K","1,00%"
"11.09.2020","50,000","51,600","51,900","49,600","562,19K","-2,72%"
"10.09.2020","51,400","51,000","51,800","50,000","688,38K","0,98%"
"09.09.2020","50,900","49,800","51,000","49,000","822,04K","2,62%"
"08.09.2020","49,600","49,000","49,600","48,200","471,52K","0,81%"
"07.09.2020","49,200","49,450","49,500","48,500","172,54K","1,55%"
"04.09.2020","48,450","47,650","48,500","46,800","228,44K","1,04%"
"03.09.2020","47,950","47,500","48,800","46,400","220,61K","-0,21%"
"02.09.2020","48,050","49,450","49,450","47,500","310,53K","-2,63%"
"01.09.2020","49,350","49,150","50,200","48,400","417,33K","0,51%"
"31.08.2020","49,100","48,000","49,200","47,800","434,71K","2,72%"
"28.08.2020","47,800","48,300","49,500","46,150","766,30K","-0,42%"
"27.08.2020","48,000","49,000","50,400","47,800","557,90K","-3,90%"
"26.08.2020","49,950","51,100","52,100","49,200","813,75K","-2,06%"
"25.08.2020","51,000","50,000","51,200","48,700","1,01M","1,59%"
"24.08.2020","50,200","49,000","50,500","47,500","794,42K","1,93%"
"21.08.2020","49,250","50,000","51,000","48,450","602,31K","-1,10%"
"20.08.2020","49,800","48,950","50,000","48,100","577,44K","3,53%"
"19.08.2020","48,100","46,350","48,200","46,000","499,38K","4,68%"
"18.08.2020","45,950","48,300","48,750","45,000","658,52K","-6,13%"
"14.08.2020","48,950","51,400","51,800","46,000","761,14K","-4,77%"
"13.08.2020","51,400","51,000","51,600","50,800","442,21K","1,18%"
"12.08.2020","50,800","52,400","52,800","48,600","911,95K","-0,39%"
"11.08.2020","51,000","49,700","52,400","49,400","1,61M","3,66%"
"10.08.2020","49,200","48,150","49,300","48,000","603,55K","2,50%"
"07.08.2020","48,000","46,500","48,000","46,000","761,95K","2,78%"
"06.08.2020","46,700","46,000","46,950","45,050","773,34K","-0,11%"
"05.08.2020","46,750","47,900","48,350","45,500","1,25M","-2,40%"
"04.08.2020","47,900","49,800","51,000","44,000","1,54M","1,91%"
"03.08.2020","47,000","45,700","47,850","44,200","1,25M","2,96%"
"31.07.2020","45,650","44,950","46,000","44,000","662,25K","1,56%"
"30.07.2020","44,950","44,000","44,950","42,200","696,75K","2,74%"
"29.07.2020","43,750","43,600","44,000","42,850","540,92K","1,74%"
"28.07.2020","43,000","43,000","43,500","42,000","598,01K","0,12%"
"27.07.2020","42,950","42,000","43,000","41,100","883,95K","2,26%"
"24.07.2020","42,000","41,000","42,200","39,700","1,25M","1,45%"
"23.07.2020","41,400","43,000","44,250","37,700","1,18M","-2,93%"
"22.07.2020","42,650","40,500","43,000","40,200","1,21M","5,96%"
"21.07.2020","40,250","39,650","40,350","39,650","608,26K","1,64%"
"20.07.2020","39,600","38,500","39,600","38,500","672,12K","3,39%"
"17.07.2020","38,300","37,500","38,300","37,300","530,16K","2,82%"
"16.07.2020","37,250","37,500","38,200","37,000","484,08K","-0,27%"
"15.07.2020","37,350","37,300","37,500","36,800","512,65K","1,77%"
"14.07.2020","36,700","36,550","37,400","35,400","637,37K","0,55%"
"13.07.2020","36,500","37,050","37,900","36,350","741,84K","-0,95%"
"08.07.2020","36,850","37,150","38,000","36,350","734,70K","-0,27%"
"07.07.2020","36,950","37,000","38,000","36,800","457,30K","-2,51%"
"06.07.2020","37,900","37,100","38,900","36,950","1,03M","3,41%"
"03.07.2020","36,650","37,000","37,450","35,600","279,28K","-0,95%"
"02.07.2020","37,000","37,600","38,350","36,200","398,69K","-1,20%"
"01.07.2020","37,450","36,500","37,700","35,750","476,99K","2,60%"
"30.06.2020","36,500","39,000","39,400","35,800","784,93K","-6,05%"
"29.06.2020","38,850","39,350","40,150","38,050","226,41K","1,17%"
"26.06.2020","38,400","40,700","40,700","38,050","480,79K","-5,65%"
"25.06.2020","40,700","40,450","41,500","40,200","358,77K","0,74%"
"24.06.2020","40,400","40,500","40,650","39,500","632,26K","-0,74%"
"23.06.2020","40,700","40,100","41,100","40,000","1,04M","1,50%"
"22.06.2020","40,100","39,500","40,250","38,800","701,74K","1,91%"
"19.06.2020","39,350","38,000","39,500","37,500","1,11M","4,93%"
"18.06.2020","37,500","38,600","38,600","34,800","971,27K","-3,10%"
"17.06.2020","38,700","41,250","41,400","38,050","718,02K","-4,80%"
"16.06.2020","40,650","39,900","41,750","39,900","1,19M","1,88%"
"12.06.2020","39,900","40,500","41,000","38,050","653,81K","-0,25%"
"11.06.2020","40,000","41,100","41,300","39,000","875,00K","-4,31%"
"10.06.2020","41,800","41,850","42,000","39,500","1,23M","-0,48%"
"09.06.2020","42,000","41,900","42,000","38,000","1,19M","0,00%"
"08.06.2020","42,000","40,500","42,100","40,200","793,39K","4,74%"
"05.06.2020","40,100","38,500","40,300","38,500","1,76M","4,43%"
"04.06.2020","38,400","38,500","38,700","36,050","748,19K","1,86%"
"03.06.2020","37,700","36,900","38,400","36,050","951,45K","2,31%"
"02.06.2020","36,850","35,950","37,100","35,900","914,90K","3,80%"
"01.06.2020","35,500","34,250","35,600","34,000","1,18M","4,72%"
"29.05.2020","33,900","33,000","34,000","32,500","955,00K","2,88%"
"28.05.2020","32,950","32,000","33,200","31,100","1,69M","2,97%"
"27.05.2020","32,000","31,350","32,200","30,050","627,76K","1,75%"
"26.05.2020","31,450","31,250","32,000","30,700","314,54K","0,64%"
"22.05.2020","31,250","31,300","31,950","31,000","555,18K","-0,79%"
"21.05.2020","31,500","31,000","31,500","30,500","926,29K","1,61%"
"20.05.2020","31,000","31,450","32,000","30,050","785,63K","-1,74%"
"19.05.2020","31,550","31,450","32,000","31,000","638,79K","0,32%"
"18.05.2020","31,450","32,150","32,500","31,100","691,39K","-0,47%"
"15.05.2020","31,600","31,500","32,150","31,450","797,84K","1,12%"
"14.05.2020","31,250","29,400","31,450","29,400","821,34K","2,46%"
"13.05.2020","30,500","32,000","32,100","28,400","791,27K","-2,40%"
"12.05.2020","31,250","31,500","32,250","30,050","1,11M","-0,79%"
"11.05.2020","31,500","30,600","31,550","29,000","998,09K","3,79%"
"08.05.2020","30,350","31,700","32,150","30,100","1,07M","-3,19%"
"07.05.2020","31,350","31,800","32,350","31,000","1,10M","-1,42%"
"06.05.2020","31,800","31,950","32,350","30,500","953,42K","0,00%"
"05.05.2020","31,800","31,000","31,850","30,300","889,93K","5,82%"
"04.05.2020","30,050","30,800","30,900","29,350","442,09K","-1,15%"
"30.04.2020","30,400","29,500","30,700","29,000","903,24K","4,47%"
"29.04.2020","29,100","29,000","29,300","27,000","775,00K","1,93%"
"28.04.2020","28,550","27,950","28,800","27,750","771,41K","2,70%"
"27.04.2020","27,800","27,500","27,800","26,800","421,70K","3,73%"
"24.04.2020","26,800","27,650","27,900","26,000","529,42K","-3,07%"
"23.04.2020","27,650","27,900","27,900","26,700","799,03K","1,10%"
"22.04.2020","27,350","26,600","27,400","26,350","499,73K","4,19%"
"21.04.2020","26,250","26,400","26,600","25,650","564,22K","-1,32%"
"20.04.2020","26,600","25,600","26,600","24,500","470,07K","3,10%"
"17.04.2020","25,800","25,000","26,000","24,900","525,51K","3,82%"
"16.04.2020","24,850","26,100","26,450","24,000","758,55K","-4,79%"
"15.04.2020","26,100","26,000","26,300","24,000","833,23K","0,77%"
"14.04.2020","25,900","24,950","26,300","24,600","1,05M","5,28%"
"13.04.2020","24,600","24,000","24,800","22,050","1,15M","4,68%"
"08.04.2020","23,500","23,000","23,500","23,000","544,96K","3,30%"
"07.04.2020","22,750","22,000","22,800","21,900","725,43K","4,12%"
"06.04.2020","21,850","20,650","21,900","20,650","733,42K","6,59%"
"03.04.2020","20,500","19,600","20,500","19,500","435,30K","3,54%"
"02.04.2020","19,800","19,150","19,900","19,000","660,56K","3,39%"
"01.04.2020","19,150","18,000","19,350","18,000","485,56K","2,96%"
"30.03.2020","18,600","18,050","19,000","17,200","397,87K","3,05%"
"27.03.2020","18,050","18,800","19,000","17,000","651,80K","-5,99%"
"26.03.2020","19,200","19,000","19,750","18,500","569,83K","3,50%"
"25.03.2020","18,550","18,050","19,000","17,600","723,44K","6,30%"
"20.03.2020","17,450","15,900","17,750","15,900","991,96K","10,44%"
"19.03.2020","15,800","14,050","16,000","13,550","1,72M","12,86%"
"18.03.2020","14,000","17,000","17,000","13,500","1,47M","-18,84%"
"17.03.2020","17,250","18,500","18,700","17,050","695,83K","-3,09%"
"16.03.2020","17,800","19,000","19,500","17,800","578,12K","-13,17%"
"13.03.2020","20,500","20,000","21,200","19,350","901,11K","5,67%"
"12.03.2020","19,400","20,900","20,900","18,500","840,57K","-10,19%"
"11.03.2020","21,600","24,000","24,100","21,200","751,85K","-9,24%"
"10.03.2020","23,800","24,100","25,200","23,500","745,53K","1,71%"
"09.03.2020","23,400","24,200","24,850","23,000","523,27K","-9,65%"
"06.03.2020","25,900","25,550","26,400","24,800","314,68K","0,19%"
"05.03.2020","25,850","27,000","27,300","25,700","307,35K","-4,08%"
"04.03.2020","26,950","26,200","27,000","26,200","312,73K","3,26%"
"03.03.2020","26,100","27,500","28,000","25,500","676,43K","-4,57%"
"02.03.2020","27,350","26,800","27,450","26,500","462,19K","3,99%"
"28.02.2020","26,300","25,700","26,600","24,050","1,62M","2,53%"
"27.02.2020","25,650","27,750","28,000","25,500","466,13K","-7,40%"
"26.02.2020","27,700","27,450","27,950","26,400","335,80K","-3,82%"
"21.02.2020","28,800","29,000","29,400","28,600","213,71K","-0,69%"
"20.02.2020","29,000","29,500","29,800","28,400","393,58K","-1,36%"
"19.02.2020","29,400","29,100","30,000","29,100","378,00K","0,00%"
"18.02.2020","29,400","30,900","31,000","29,100","718,78K","-4,23%"
"17.02.2020","30,700","29,500","30,700","29,400","456,33K","4,78%"
"14.02.2020","29,300","28,400","29,500","27,900","569,77K","3,53%"
"13.02.2020","28,300","29,600","29,600","27,400","759,79K","-4,39%"
"12.02.2020","29,600","29,800","30,150","29,350","327,66K","0,85%"
"11.02.2020","29,350","30,700","30,700","29,200","587,32K","-4,71%"
"10.02.2020","30,800","32,100","32,900","30,300","622,48K","-3,45%"
"07.02.2020","31,900","32,500","32,550","31,600","198,47K","0,00%"
"06.02.2020","31,900","32,200","32,300","31,550","205,76K","-0,16%"
"05.02.2020","31,950","31,800","33,000","31,500","302,58K","-0,47%"
"04.02.2020","32,100","33,250","33,250","31,800","316,61K","-1,38%"
"03.02.2020","32,550","32,700","33,450","32,100","271,31K","-0,15%"
"31.01.2020","32,600","32,900","33,450","32,300","244,55K","-1,21%"
"30.01.2020","33,000","33,250","33,350","32,050","857,73K","-0,45%"
"29.01.2020","33,150","34,650","35,000","33,000","722,09K","-4,33%"
"28.01.2020","34,650","35,100","35,500","33,600","1,01M","-0,57%"
"27.01.2020","34,850","34,700","35,500","34,000","2,13M","4,50%"
"24.01.2020","33,350","33,200","33,500","31,800","696,78K","1,06%"
"23.01.2020","33,000","33,000","33,150","31,900","559,51K","1,23%"
"22.01.2020","32,600","33,500","33,500","31,800","966,76K","-2,69%"
"21.01.2020","33,500","33,700","34,000","32,300","549,66K","-0,30%"
"20.01.2020","33,600","33,500","34,800","33,350","461,99K","0,30%"
"17.01.2020","33,500","35,250","35,500","33,300","1,23M","-3,74%"
"16.01.2020","34,800","33,300","35,100","33,250","2,34M","6,26%"
"15.01.2020","32,750","32,000","33,100","32,000","1,64M","2,99%"
"14.01.2020","31,800","29,000","31,800","28,350","1,20M","9,28%"
"13.01.2020","29,100","29,400","29,850","28,200","645,08K","-0,17%"
"10.01.2020","29,150","29,750","29,850","29,050","714,61K","-0,51%"
"09.01.2020","29,300","30,500","30,500","29,000","1,20M","-2,01%"
"08.01.2020","29,900","31,000","31,400","29,750","772,51K","-3,24%"
"07.01.2020","30,900","31,100","31,800","30,400","429,92K","-0,32%"
"06.01.2020","31,000","30,200","31,150","28,500","378,65K","1,81%"
"03.01.2020","30,450","31,250","32,000","29,800","867,33K","-4,84%"
"02.01.2020","32,000","32,400","32,800","31,150","568,73K","-1,23%"
"30.12.2019","32,400","32,550","32,950","31,600","331,56K","-0,15%"
"27.12.2019","32,450","32,500","33,250","32,000","484,92K","-0,15%"
"26.12.2019","32,500","32,000","33,000","31,900","932,76K","1,88%"
"23.12.2019","31,900","32,000","32,400","31,500","535,43K","0,47%"
"20.12.2019","31,750","32,000","32,800","31,100","715,10K","-0,47%"
"19.12.2019","31,900","33,000","33,250","31,900","587,18K","-2,45%"
"18.12.2019","32,700","33,000","33,300","32,000","1,03M","-0,30%"
"17.12.2019","32,800","32,000","32,900","32,000","275,62K","0,61%"
"16.12.2019","32,600","32,800","33,300","31,000","698,02K","0,31%"
"13.12.2019","32,500","32,000","32,650","32,000","643,88K","1,56%"
"12.12.2019","32,000","32,200","32,800","31,500","370,89K","-0,31%"
"11.12.2019","32,100","31,000","32,200","31,000","595,42K","3,55%"
"10.12.2019","31,000","30,400","31,400","30,300","566,38K","1,64%"
"09.12.2019","30,500","31,500","31,950","30,300","666,37K","-3,17%"
"06.12.2019","31,500","30,850","31,700","30,850","837,57K","3,11%"
"05.12.2019","30,550","29,850","30,650","29,350","1,07M","3,91%"
"04.12.2019","29,400","29,350","30,250","28,300","1,59M","0,34%"
"03.12.2019","29,300","30,500","30,750","29,000","1,84M","-5,48%"
"02.12.2019","31,000","33,500","33,500","30,750","2,04M","-11,93%"
"29.11.2019","35,200","34,500","35,250","34,300","494,77K","2,03%"
"28.11.2019","34,500","33,850","34,700","33,400","459,83K","2,07%"
"27.11.2019","33,800","34,850","34,850","32,500","1,20M","-1,74%"
"26.11.2019","34,400","34,250","34,900","33,150","464,93K","-0,15%"
"25.11.2019","34,450","35,400","35,500","33,500","536,88K","-2,68%"
"22.11.2019","35,400","35,550","36,300","34,500","598,24K","1,14%"
"21.11.2019","35,000","34,850","35,500","34,050","497,35K","1,74%"
"20.11.2019","34,400","33,000","34,400","32,500","990,31K","4,40%"
"19.11.2019","32,950","32,100","32,950","30,500","529,20K","2,65%"
"15.11.2019","32,100","31,100","32,200","30,000","334,38K","3,55%"
"14.11.2019","31,000","32,200","33,000","30,500","548,67K","-4,47%"
"13.11.2019","32,450","32,800","33,350","31,450","647,88K","-1,37%"
"12.11.2019","32,900","32,500","33,800","31,200","484,74K","1,08%"
"11.11.2019","32,550","31,200","33,450","30,900","1,05M","5,17%"
"08.11.2019","30,950","34,000","34,500","30,100","1,57M","-9,77%"
"07.11.2019","34,300","34,500","36,200","33,250","767,79K","-2,42%"
"06.11.2019","35,150","36,100","36,100","34,050","248,73K","-3,57%"
"05.11.2019","36,450","37,450","37,450","34,250","1,19M","-3,06%"
"04.11.2019","37,600","37,000","39,000","36,300","1,14M","1,76%"
"01.11.2019","36,950","33,600","37,000","33,550","1,43M","11,72%"
"31.10.2019","33,073","31,449","33,614","31,055","1,02M","5,16%"
"30.10.2019","31,450","29,550","31,500","29,550","876,84K","6,61%"
"29.10.2019","29,500","28,400","29,600","28,200","992,04K","3,87%"
"28.10.2019","28,400","29,050","29,650","26,000","850,08K","1,61%"
"25.10.2019","27,950","26,500","28,950","26,500","1,40M","6,27%"
"24.10.2019","26,300","24,600","26,600","24,600","1,32M","7,13%"
"23.10.2019","24,550","25,700","26,100","24,300","949,85K","-6,12%"
"22.10.2019","26,150","24,200","26,150","23,900","1,44M","8,28%"
"21.10.2019","24,150","25,100","25,100","23,900","688,60K","-2,82%"
"18.10.2019","24,850","24,450","25,300","24,400","665,59K","0,20%"
"17.10.2019","24,800","23,600","24,850","23,500","576,61K","3,33%"
"16.10.2019","24,000","24,900","24,900","23,500","464,30K","-2,44%"
"15.10.2019","24,600","24,900","24,900","24,000","315,44K","-1,60%"
"11.10.2019","25,000","24,650","25,400","24,400","671,60K","1,01%"
"10.10.2019","24,750","23,450","24,800","23,450","1,02M","5,54%"
"09.10.2019","23,450","23,250","23,500","22,950","651,14K","1,30%"
"08.10.2019","23,150","22,750","23,200","22,500","753,81K","1,98%"
"07.10.2019","22,700","22,850","22,850","22,500","494,70K","1,11%"
"04.10.2019","22,450","22,850","23,000","22,250","634,76K","-1,10%"
"03.10.2019","22,700","22,700","22,700","21,900","367,17K","0,00%"
"02.10.2019","22,700","22,250","22,800","22,250","500,43K","2,02%"
"01.10.2019","22,250","21,350","22,350","21,200","451,47K","3,73%"
"30.09.2019","21,450","22,000","22,000","20,900","429,70K","-0,69%"
"27.09.2019","21,600","22,000","22,400","21,500","342,92K","-0,92%"
"26.09.2019","21,800","21,450","22,250","21,450","377,35K","-0,23%"
"25.09.2019","21,850","21,650","21,900","21,300","1,22M","0,69%"
"24.09.2019","21,700","21,800","22,400","20,900","324,76K","-0,69%"
"23.09.2019","21,850","22,500","22,850","21,650","349,76K","-3,74%"
"20.09.2019","22,700","23,150","23,400","22,650","239,00K","-0,44%"
"19.09.2019","22,800","23,400","23,500","22,600","279,72K","-2,56%"
"18.09.2019","23,400","23,300","23,800","22,850","178,91K","0,21%"
"17.09.2019","23,350","23,200","23,800","22,000","403,27K","-0,43%"
"16.09.2019","23,450","23,000","23,750","22,300","949,52K","1,96%"
"13.09.2019","23,000","21,750","23,000","21,300","679,62K","6,48%"
"12.09.2019","21,600","21,000","21,850","21,000","479,24K","2,86%"
"11.09.2019","21,000","20,050","21,250","20,050","442,86K","2,69%"
"10.09.2019","20,450","19,950","20,450","19,650","650,18K","2,51%"
"09.09.2019","19,950","20,500","20,650","19,550","579,83K","-2,68%"
"06.09.2019","20,500","21,550","21,700","20,350","956,29K","-2,61%"
"05.09.2019","21,050","21,700","22,400","21,000","646,70K","-0,24%"
"04.09.2019","21,100","20,900","21,700","20,800","581,68K","0,96%"
"03.09.2019","20,900","22,050","22,100","19,400","763,28K","-5,00%"
"02.09.2019","22,000","20,000","22,400","20,000","503,35K","3,77%"
"30.08.2019","21,200","19,050","21,200","19,050","1,16M","8,72%"
"29.08.2019","19,500","20,000","20,000","19,250","347,86K","-3,70%"
"28.08.2019","20,250","20,100","20,900","19,800","387,00K","0,50%"
"27.08.2019","20,150","20,900","21,400","19,100","844,44K","-4,05%"
"26.08.2019","21,000","20,700","21,200","20,450","601,39K","1,45%"
"23.08.2019","20,700","20,700","20,900","20,150","466,66K","-0,24%"
"22.08.2019","20,750","20,850","21,850","20,350","995,99K","-0,72%"
"21.08.2019","20,900","19,500","21,000","19,400","1,65M","7,18%"
"20.08.2019","19,500","19,300","20,000","18,750","1,06M","-0,26%"
"16.08.2019","19,550","19,200","20,150","18,950","1,02M","1,56%"
"15.08.2019","19,250","17,600","19,600","17,550","1,94M","10,00%"
"14.08.2019","17,500","17,250","18,650","16,900","1,98M","1,45%"
"13.08.2019","17,250","15,000","17,250","14,700","3,95M","18,97%"
"12.08.2019","14,500","15,000","16,000","13,000","1,36M","-17,61%"
"09.08.2019","17,600","17,000","18,000","17,000","607,54K","2,33%"
"08.08.2019","17,200","17,200","17,650","17,100","370,53K","-1,71%"
"07.08.2019","17,500","17,600","17,600","17,050","221,48K","-1,69%"
"06.08.2019","17,800","17,800","17,800","17,350","165,45K","0,85%"
"05.08.2019","17,650","17,650","17,800","17,300","403,91K","-1,40%"
"02.08.2019","17,900","17,500","17,900","17,250","739,72K","2,29%"
"01.08.2019","17,500","17,600","18,000","17,300","375,66K","-1,13%"
"31.07.2019","17,700","17,350","17,800","17,300","539,34K","2,02%"
"30.07.2019","17,350","17,750","17,950","17,350","434,91K","-2,25%"
"29.07.2019","17,750","17,150","17,800","17,150","523,95K","1,43%"
"26.07.2019","17,500","16,850","17,500","16,850","303,78K","1,74%"
"25.07.2019","17,200","17,950","17,950","16,850","479,08K","-1,71%"
"24.07.2019","17,500","18,000","18,000","17,350","481,44K","-0,57%"
"23.07.2019","17,600","17,200","17,800","17,200","160,32K","-0,56%"
"22.07.2019","17,700","18,150","18,150","17,250","324,65K","-2,75%"
"19.07.2019","18,200","18,400","18,400","17,750","345,53K","0,83%"
"18.07.2019","18,050","18,650","18,650","17,650","482,93K","-2,43%"
"17.07.2019","18,500","18,700","18,900","18,050","651,19K","-1,33%"
"16.07.2019","18,750","18,900","19,200","18,450","515,01K","-0,79%"
"15.07.2019","18,900","19,100","19,150","18,300","612,77K","-0,53%"
"12.07.2019","19,000","19,450","19,600","18,900","505,79K","-2,06%"
"11.07.2019","19,400","19,300","19,400","18,600","703,12K","2,11%"
"10.07.2019","19,000","19,300","19,350","18,000","565,45K","-1,55%"
"05.07.2019","19,300","19,150","19,450","18,600","490,33K","0,52%"
"04.07.2019","19,200","19,450","19,450","18,850","353,77K","0,00%"
"03.07.2019","19,200","18,800","19,350","18,550","1,05M","3,23%"
"02.07.2019","18,600","18,100","18,950","18,100","820,26K","0,00%"
"01.07.2019","18,600","18,100","18,850","18,100","960,92K","2,76%"
"28.06.2019","18,100","17,800","18,100","17,000","681,66K","2,26%"
"27.06.2019","17,700","17,400","17,700","17,050","915,03K","2,31%"
"26.06.2019","17,300","16,800","17,600","16,750","1,45M","2,98%"
"25.06.2019","16,800","15,650","17,000","15,600","1,01M","5,00%"
"24.06.2019","16,000","16,100","16,300","15,250","497,22K","-1,84%"
"21.06.2019","16,300","16,500","16,800","15,900","888,09K","-1,81%"
"19.06.2019","16,600","16,700","16,850","16,250","829,55K","-0,60%"
"18.06.2019","16,700","16,700","17,300","16,600","885,73K","0,60%"
"14.06.2019","16,600","17,000","17,150","16,500","565,65K","-2,35%"
"13.06.2019","17,000","17,000","17,550","16,700","613,70K","-1,16%"
"12.06.2019","17,200","16,700","17,350","16,700","853,30K","4,24%"
"11.06.2019","16,500","16,500","16,700","15,850","926,93K","2,48%"
"10.06.2019","16,100","15,650","16,200","15,350","1,15M","2,88%"
"07.06.2019","15,650","15,550","15,800","15,300","477,04K","0,64%"
"06.06.2019","15,550","15,000","15,700","14,850","932,58K","3,67%"
"05.06.2019","15,000","14,950","15,350","14,700","925,22K","0,00%"
"04.06.2019","15,000","15,000","15,300","14,800","462,51K","0,33%"
"03.06.2019","14,950","15,200","15,200","14,600","519,06K","0,00%"
"31.05.2019","14,950","15,100","15,100","14,800","449,58K","0,34%"
"30.05.2019","14,900","15,150","15,250","14,850","562,75K","-1,65%"
"29.05.2019","15,150","15,250","15,250","14,850","362,34K","0,33%"
"28.05.2019","15,100","15,250","15,350","15,050","262,14K","-1,31%"
"27.05.2019","15,300","15,350","15,350","15,000","222,35K","0,99%"
"24.05.2019","15,150","15,300","15,600","15,050","542,02K","-1,30%"
"23.05.2019","15,350","15,300","15,500","15,150","238,46K","-0,97%"
"22.05.2019","15,500","15,650","15,800","15,250","296,99K","0,00%"
"21.05.2019","15,500","15,300","15,650","15,100","371,58K","0,98%"
"20.05.2019","15,350","15,300","15,700","15,100","235,50K","-1,60%"
"17.05.2019","15,600","15,500","15,850","15,150","286,39K","1,30%"
"16.05.2019","15,400","15,450","15,700","15,300","253,15K","0,33%"
"15.05.2019","15,350","15,650","15,650","15,000","337,97K","-1,29%"
"14.05.2019","15,550","15,700","16,250","15,150","663,40K","-0,96%"
"13.05.2019","15,700","15,000","15,850","14,850","507,54K","1,62%"
"10.05.2019","15,450","14,850","15,650","14,850","1,17M","3,00%"
"09.05.2019","15,000","15,100","15,350","14,800","641,89K","-0,33%"
"08.05.2019","15,050","15,200","15,750","14,900","707,48K","-0,99%"
"07.05.2019","15,200","15,500","15,600","14,900","582,02K","-1,62%"
"06.05.2019","15,450","15,500","15,900","15,000","327,56K","-1,90%"
"03.05.2019","15,750","15,500","15,900","15,250","482,22K","1,94%"
"02.05.2019","15,450","15,300","15,650","15,000","320,26K","0,32%"
"30.04.2019","15,400","15,600","15,700","15,000","146,59K","0,00%"
"29.04.2019","15,400","15,000","15,850","14,800","410,90K","-0,65%"
"26.04.2019","15,500","14,500","15,550","14,500","1,31M","6,53%"
"25.04.2019","14,550","14,150","14,550","13,500","1,01M","1,04%"
"24.04.2019","14,400","14,800","14,800","14,250","643,55K","-2,37%"
"23.04.2019","14,750","14,700","15,250","14,550","1,09M","-0,34%"
"22.04.2019","14,800","14,800","14,950","14,500","381,71K","-0,34%"
"17.04.2019","14,850","15,400","15,400","14,700","559,90K","-2,30%"
"16.04.2019","15,200","14,700","15,250","14,700","569,60K","3,75%"
"15.04.2019","14,650","15,050","15,450","14,500","995,48K","-2,01%"
"12.04.2019","14,950","16,000","16,450","14,900","840,34K","-6,56%"
"11.04.2019","16,000","16,300","16,650","15,700","715,41K","-2,44%"
"10.04.2019","16,400","16,400","16,600","16,000","260,31K","0,00%"
"09.04.2019","16,400","17,250","17,250","16,000","378,47K","-4,09%"
"08.04.2019","17,100","16,800","17,200","16,700","311,24K","1,48%"
"05.04.2019","16,850","16,250","16,950","16,250","865,91K","3,69%"
"04.04.2019","16,250","16,250","16,850","15,800","526,03K","0,93%"
"03.04.2019","16,100","16,850","17,250","15,800","657,37K","-4,73%"
"01.04.2019","16,900","17,300","17,700","16,600","999,06K","-2,31%"
"29.03.2019","17,300","16,600","17,400","16,600","603,41K","5,17%"
"28.03.2019","16,450","16,750","17,400","16,450","413,14K","-2,08%"
"27.03.2019","16,800","16,400","16,800","16,000","269,90K","2,13%"
"26.03.2019","16,450","16,750","17,000","16,300","347,57K","-1,50%"
"25.03.2019","16,700","17,000","17,200","16,550","355,44K","-0,60%"
"22.03.2019","16,800","16,750","17,000","16,400","289,81K","0,60%"
"21.03.2019","16,700","17,150","17,600","16,500","989,86K","-2,62%"
"20.03.2019","17,150","17,650","18,100","17,100","978,03K","-2,83%"
"19.03.2019","17,650","17,800","18,150","17,150","810,18K","-0,84%"
"18.03.2019","17,800","18,300","18,400","17,300","1,23M","-1,66%"
"15.03.2019","18,100","18,000","18,200","17,500","509,76K","0,56%"
"14.03.2019","18,000","18,000","18,300","17,650","482,12K","-0,28%"
"13.03.2019","18,050","18,300","18,600","17,750","846,55K","-0,82%"
"12.03.2019","18,200","18,400","18,500","17,800","439,64K","1,11%"
"11.03.2019","18,000","18,000","18,450","17,800","324,62K","-0,55%"
"08.03.2019","18,100","18,750","18,750","17,600","509,51K","-2,16%"
"07.03.2019","18,500","18,350","18,500","17,950","971,65K","0,54%"
"06.03.2019","18,400","18,850","18,850","17,800","337,97K","-2,13%"
"01.03.2019","18,800","18,950","19,000","18,050","476,22K","0,53%"
"28.02.2019","18,700","18,800","19,000","18,250","571,31K","-1,06%"
"27.02.2019","18,900","18,850","19,400","18,300","412,15K","-0,53%"
"26.02.2019","19,000","19,250","19,300","18,500","317,88K","-0,78%"
"25.02.2019","19,150","19,300","19,500","18,950","455,18K","1,06%"
"22.02.2019","18,950","18,800","19,300","18,500","356,40K","0,00%"
"21.02.2019","18,950","19,400","19,700","18,700","587,94K","-2,32%"
"20.02.2019","19,400","19,550","20,100","19,100","937,19K","-1,02%"
"19.02.2019","19,600","20,000","20,350","19,150","930,90K","-2,00%"
"18.02.2019","20,000","19,000","20,100","18,950","1,41M","5,26%"
"15.02.2019","19,000","18,600","19,100","18,300","731,89K","2,43%"
"14.02.2019","18,550","18,450","18,600","18,150","177,40K","1,64%"
"13.02.2019","18,250","18,700","18,900","18,200","426,90K","-1,62%"
"12.02.2019","18,550","18,700","18,900","18,400","296,45K","-0,80%"
"11.02.2019","18,700","18,600","19,000","18,300","213,55K","0,54%"
"08.02.2019","18,600","18,300","18,650","18,150","232,15K","1,92%"
"07.02.2019","18,250","18,200","18,400","18,050","181,34K","0,55%"
"06.02.2019","18,150","18,500","18,700","18,150","329,66K","-1,63%"
"05.02.2019","18,450","18,550","18,700","18,050","502,78K","-0,27%"
"04.02.2019","18,500","19,100","19,100","18,500","584,27K","-3,14%"
"01.02.2019","19,100","19,100","19,400","18,750","411,50K","0,53%"
"31.01.2019","19,000","19,300","19,500","18,700","457,23K","-1,55%"
"30.01.2019","19,300","18,700","19,450","18,700","1,23M","3,21%"
"29.01.2019","18,700","18,000","18,700","17,800","788,61K","4,47%"
"28.01.2019","17,900","18,150","18,300","17,600","226,08K","-2,72%"
"25.01.2019","18,400","18,600","18,600","18,100","195,66K","-0,54%"
"24.01.2019","18,500","18,700","18,700","18,250","263,21K","-0,27%"
"23.01.2019","18,550","18,350","18,800","18,300","348,69K","1,09%"
"22.01.2019","18,350","18,700","18,700","18,100","396,74K","-1,34%"
"21.01.2019","18,600","18,300","18,750","18,100","501,20K","1,92%"
"18.01.2019","18,250","18,100","18,400","18,000","372,02K","0,55%"
"17.01.2019","18,150","18,000","18,200","17,850","343,42K","0,55%"
"16.01.2019","18,050","17,900","18,250","17,750","257,41K","0,84%"
"15.01.2019","17,900","18,350","18,350","17,300","696,59K","-1,10%"
"14.01.2019","18,100","18,750","18,900","17,800","545,48K","-1,90%"
"11.01.2019","18,450","18,700","19,250","18,050","420,17K","-2,89%"
"10.01.2019","19,000","19,150","19,200","18,700","665,64K","-0,78%"
"09.01.2019","19,150","18,500","19,300","18,500","517,59K","2,41%"
"08.01.2019","18,700","18,400","18,700","18,000","882,37K","1,63%"
"07.01.2019","18,400","17,550","18,450","17,550","551,84K","4,55%"
"04.01.2019","17,600","17,500","17,800","17,350","508,50K","0,57%"
"03.01.2019","17,500","17,250","17,600","17,200","100,14K","2,04%"
"02.01.2019","17,150","17,950","17,950","17,000","262,63K","-0,58%"