"Fecha","Último","Apertura","Máximo","Mínimo","Vol.","% var."
"30.06.2025","2.065,000","2.105,000","2.175,000","2.050,000","895,71K","-1,90%"
"27.06.2025","2.105,000","2.120,000","2.145,000","2.090,000","373,77K","-0,47%"
"26.06.2025","2.115,000","2.200,000","2.235,000","2.100,000","767,49K","-3,64%"
"25.06.2025","2.195,000","2.280,000","2.290,000","2.175,000","381,11K","-4,15%"
"24.06.2025","2.290,000","2.245,000","2.345,000","2.245,000","695,69K","2,23%"
"23.06.2025","2.240,000","2.355,000","2.375,000","2.205,000","355,12K","-7,25%"
"19.06.2025","2.415,000","2.360,000","2.475,000","2.360,000","84,63K","0,00%"
"18.06.2025","2.415,000","2.540,000","2.570,000","2.385,000","568,20K","-4,92%"
"17.06.2025","2.540,000","2.600,000","2.700,000","2.520,000","473,38K","-1,55%"
"13.06.2025","2.580,000","2.515,000","2.610,000","2.420,000","446,45K","0,58%"
"12.06.2025","2.565,000","2.480,000","2.595,000","2.480,000","595,29K","3,22%"
"11.06.2025","2.485,000","2.510,000","2.510,000","2.410,000","452,45K","0,81%"
"10.06.2025","2.465,000","2.335,000","2.480,000","2.335,000","1,15M","6,02%"
"09.06.2025","2.325,000","2.365,000","2.450,000","2.315,000","280,79K","-1,90%"
"06.06.2025","2.370,000","2.465,000","2.515,000","2.350,000","594,55K","-3,85%"
"05.06.2025","2.465,000","2.545,000","2.570,000","2.445,000","251,19K","-2,76%"
"04.06.2025","2.535,000","2.770,000","2.795,000","2.500,000","376,31K","-8,32%"
"03.06.2025","2.765,000","2.700,000","2.790,000","2.630,000","303,26K","1,84%"
"02.06.2025","2.715,000","2.740,000","2.740,000","2.640,000","315,68K","0,56%"
"30.05.2025","2.700,000","2.665,000","2.730,000","2.565,000","423,54K","1,31%"
"29.05.2025","2.665,000","2.680,000","2.700,000","2.605,000","190,01K","0,19%"
"28.05.2025","2.660,000","2.530,000","2.720,000","2.445,000","380,27K","3,91%"
"27.05.2025","2.560,000","2.600,000","2.655,000","2.510,000","194,79K","-1,16%"
"26.05.2025","2.590,000","2.550,000","2.600,000","2.490,000","143,80K","2,78%"
"23.05.2025","2.520,000","2.510,000","2.585,000","2.430,000","276,15K","0,40%"
"22.05.2025","2.510,000","2.590,000","2.660,000","2.490,000","391,65K","-3,28%"
"21.05.2025","2.595,000","2.750,000","2.765,000","2.560,000","637,20K","-5,81%"
"20.05.2025","2.755,000","2.765,000","2.810,000","2.650,000","1,66M","-2,30%"
"19.05.2025","2.820,000","2.800,000","2.875,000","2.725,000","1,30M","2,55%"
"16.05.2025","2.750,000","2.755,000","2.825,000","2.705,000","848,70K","-1,61%"
"15.05.2025","2.795,000","2.580,000","2.800,000","2.460,000","1,85M","7,29%"
"14.05.2025","2.605,000","2.460,000","2.635,000","2.365,000","2,44M","6,76%"
"13.05.2025","2.440,000","2.280,000","2.460,000","2.255,000","1,21M","7,49%"
"12.05.2025","2.270,000","2.160,000","2.295,000","2.130,000","644,89K","8,10%"
"09.05.2025","2.100,000","2.055,000","2.125,000","2.000,000","551,62K","3,19%"
"08.05.2025","2.035,000","2.095,000","2.180,000","2.015,000","386,74K","-2,63%"
"07.05.2025","2.090,000","2.195,000","2.200,000","2.080,000","801,96K","-4,35%"
"06.05.2025","2.185,000","2.110,000","2.210,000","2.080,000","938,88K","3,55%"
"05.05.2025","2.110,000","2.065,000","2.170,000","2.005,000","390,94K","0,48%"
"30.04.2025","2.100,000","2.160,000","2.180,000","2.065,000","895,95K","-4,11%"
"29.04.2025","2.190,000","2.215,000","2.250,000","2.150,000","265,60K","-1,13%"
"28.04.2025","2.215,000","2.195,000","2.290,000","2.120,000","214,74K","1,14%"
"25.04.2025","2.190,000","2.275,000","2.300,000","2.100,000","663,69K","-1,57%"
"24.04.2025","2.225,000","2.275,000","2.390,000","2.165,000","1,14M","-0,22%"
"23.04.2025","2.230,000","2.065,000","2.270,000","2.065,000","1,24M","8,52%"
"22.04.2025","2.055,000","2.040,000","2.095,000","2.005,000","959,70K","4,85%"
"21.04.2025","1.960,000","1.790,000","2.025,000","1.700,000","719,69K","6,23%"
"16.04.2025","1.845,000","1.890,000","1.940,000","1.820,000","735,35K","-2,12%"
"15.04.2025","1.885,000","1.880,000","1.905,000","1.760,000","940,66K","1,89%"
"14.04.2025","1.850,000","1.790,000","1.870,000","1.700,000","936,90K","13,50%"
"11.04.2025","1.630,000","1.590,000","1.675,000","1.545,000","1,33M","6,54%"
"10.04.2025","1.530,000","1.570,000","1.620,000","1.465,000","1,21M","-3,77%"
"09.04.2025","1.590,000","1.550,000","1.740,000","1.460,000","993,42K","2,91%"
"08.04.2025","1.545,000","1.760,000","1.775,000","1.515,000","1,18M","-8,58%"
"07.04.2025","1.690,000","1.780,000","1.880,000","1.650,000","831,57K","-8,89%"
"04.04.2025","1.855,000","1.900,000","1.900,000","1.750,000","239,69K","-6,31%"
"03.04.2025","1.980,000","2.010,000","2.055,000","1.970,000","194,40K","-4,12%"
"01.04.2025","2.065,000","2.065,000","2.135,000","2.055,000","272,99K","0,00%"
"31.03.2025","2.065,000","2.095,000","2.095,000","2.005,000","517,00K","-1,90%"
"28.03.2025","2.105,000","2.150,000","2.150,000","2.095,000","205,67K","-2,09%"
"27.03.2025","2.150,000","2.200,000","2.230,000","2.130,000","268,11K","-0,69%"
"26.03.2025","2.165,000","2.210,000","2.245,000","2.140,000","385,97K","-2,04%"
"25.03.2025","2.210,000","2.200,000","2.230,000","2.170,000","846,30K","0,91%"
"21.03.2025","2.190,000","2.200,000","2.210,000","2.100,000","581,01K","0,92%"
"20.03.2025","2.170,000","2.230,000","2.270,000","2.150,000","196,31K","-2,03%"
"19.03.2025","2.215,000","2.190,000","2.250,000","2.070,000","473,55K","3,02%"
"18.03.2025","2.150,000","2.205,000","2.205,000","2.075,000","339,69K","-4,23%"
"17.03.2025","2.245,000","2.295,000","2.295,000","2.235,000","248,24K","0,22%"
"14.03.2025","2.240,000","2.190,000","2.280,000","2.190,000","512,77K","2,99%"
"13.03.2025","2.175,000","2.220,000","2.270,000","2.155,000","171,93K","-2,25%"
"12.03.2025","2.225,000","2.175,000","2.260,000","2.055,000","358,07K","3,97%"
"11.03.2025","2.140,000","2.140,000","2.190,000","2.055,000","494,93K","1,18%"
"10.03.2025","2.115,000","2.370,000","2.370,000","2.050,000","572,53K","-11,32%"
"07.03.2025","2.385,000","2.320,000","2.440,000","2.275,000","1,08M","2,80%"
"06.03.2025","2.320,000","2.230,000","2.360,000","2.150,000","937,16K","2,65%"
"05.03.2025","2.260,000","2.010,000","2.300,000","1.950,000","983,92K","13,00%"
"28.02.2025","2.000,000","2.090,000","2.120,000","1.970,000","841,05K","-3,38%"
"27.02.2025","2.070,000","2.270,000","2.275,000","2.045,000","748,88K","-8,41%"
"26.02.2025","2.260,000","2.310,000","2.340,000","2.230,000","320,72K","-2,38%"
"25.02.2025","2.315,000","2.450,000","2.450,000","2.285,000","619,20K","-4,34%"
"24.02.2025","2.420,000","2.550,000","2.550,000","2.415,000","348,86K","-2,42%"
"21.02.2025","2.480,000","2.480,000","2.515,000","2.460,000","533,25K","0,40%"
"20.02.2025","2.470,000","2.515,000","2.535,000","2.455,000","433,99K","-1,79%"
"19.02.2025","2.515,000","2.480,000","2.560,000","2.450,000","716,75K","1,62%"
"18.02.2025","2.475,000","2.415,000","2.520,000","2.410,000","987,92K","2,48%"
"17.02.2025","2.415,000","2.490,000","2.535,000","2.395,000","1,62M","-7,12%"
"14.02.2025","2.600,000","2.540,000","2.650,000","2.450,000","231,06K","4,00%"
"13.02.2025","2.500,000","2.400,000","2.530,000","2.400,000","222,04K","2,67%"
"12.02.2025","2.435,000","2.400,000","2.495,000","2.330,000","418,34K","0,62%"
"11.02.2025","2.420,000","2.500,000","2.540,000","2.300,000","732,57K","-3,39%"
"10.02.2025","2.505,000","2.615,000","2.690,000","2.490,000","140,29K","-3,47%"
"07.02.2025","2.595,000","2.675,000","2.695,000","2.570,000","558,52K","-1,33%"
"06.02.2025","2.630,000","2.610,000","2.665,000","2.580,000","326,46K","0,57%"
"05.02.2025","2.615,000","2.700,000","2.700,000","2.580,000","215,38K","-2,61%"
"04.02.2025","2.685,000","2.680,000","2.745,000","2.505,000","343,97K","2,87%"
"03.02.2025","2.610,000","2.735,000","2.735,000","2.600,000","317,39K","-6,28%"
"31.01.2025","2.785,000","2.870,000","2.870,000","2.780,000","226,36K","-1,24%"
"30.01.2025","2.820,000","2.830,000","2.900,000","2.780,000","189,75K","-0,70%"
"29.01.2025","2.840,000","2.750,000","2.865,000","2.695,000","530,71K","3,65%"
"28.01.2025","2.740,000","2.675,000","2.760,000","2.630,000","386,43K","2,43%"
"27.01.2025","2.675,000","2.680,000","2.690,000","2.570,000","403,02K","-0,56%"
"24.01.2025","2.690,000","2.655,000","2.740,000","2.545,000","233,99K","0,19%"
"23.01.2025","2.685,000","2.655,000","2.710,000","2.570,000","312,46K","1,13%"
"22.01.2025","2.655,000","2.700,000","2.700,000","2.575,000","718,45K","0,19%"
"21.01.2025","2.650,000","2.560,000","2.650,000","2.505,000","173,42K","3,52%"
"20.01.2025","2.560,000","2.490,000","2.570,000","2.450,000","218,92K","3,23%"
"17.01.2025","2.480,000","2.545,000","2.590,000","2.400,000","430,89K","-2,55%"
"16.01.2025","2.545,000","2.675,000","2.680,000","2.525,000","699,93K","-4,86%"
"15.01.2025","2.675,000","2.675,000","2.725,000","2.580,000","348,49K","0,00%"
"14.01.2025","2.675,000","2.650,000","2.735,000","2.620,000","1,33M","0,94%"
"13.01.2025","2.650,000","2.845,000","2.845,000","2.600,000","929,29K","-6,53%"
"10.01.2025","2.835,000","2.925,000","2.960,000","2.805,000","445,67K","-2,91%"
"09.01.2025","2.920,000","2.975,000","3.025,000","2.890,000","966,43K","-1,18%"
"08.01.2025","2.955,000","3.080,000","3.080,000","2.930,000","745,15K","-3,43%"
"07.01.2025","3.060,000","3.010,000","3.080,000","2.900,000","654,78K","3,20%"
"06.01.2025","2.965,000","2.870,000","2.965,000","2.830,000","504,47K","4,77%"
"03.01.2025","2.830,000","2.850,000","2.940,000","2.765,000","1,05M","0,00%"
"02.01.2025","2.830,000","2.770,000","2.885,000","2.700,000","889,87K","2,91%"
"31.12.2024","2.750,000","2.850,000","2.875,000","2.695,000","459,65K","0,00%"
"30.12.2024","2.750,000","2.850,000","2.875,000","2.695,000","459,65K","-3,85%"
"27.12.2024","2.860,000","2.950,000","2.985,000","2.775,000","647,50K","-2,72%"
"26.12.2024","2.940,000","2.950,000","2.990,000","2.890,000","824,80K","0,68%"
"24.12.2024","2.920,000","2.990,000","2.990,000","2.860,000","189,41K","1,74%"
"23.12.2024","2.870,000","2.800,000","3.000,000","2.705,000","769,75K","2,87%"
"20.12.2024","2.790,000","2.920,000","3.000,000","2.770,000","1,41M","-4,45%"
"19.12.2024","2.920,000","2.915,000","3.050,000","2.840,000","1,73M","0,17%"
"18.12.2024","2.915,000","3.180,000","3.180,000","2.870,000","1,02M","-3,95%"
"17.12.2024","3.035,000","3.150,000","3.155,000","2.855,000","1,48M","-1,30%"
"16.12.2024","3.075,000","2.830,000","3.180,000","2.830,000","2,54M","11,62%"
"13.12.2024","2.755,000","2.335,000","2.910,000","2.335,000","2,73M","17,48%"
"12.12.2024","2.345,000","2.400,000","2.440,000","2.320,000","600,59K","-1,88%"
"11.12.2024","2.390,000","2.360,000","2.395,000","2.280,000","479,51K","3,91%"
"10.12.2024","2.300,000","2.300,000","2.380,000","2.240,000","370,64K","0,00%"
"09.12.2024","2.300,000","2.255,000","2.320,000","2.225,000","331,51K","2,00%"
"06.12.2024","2.255,000","2.225,000","2.275,000","2.155,000","1,74M","2,50%"
"05.12.2024","2.200,000","2.300,000","2.300,000","2.190,000","310,62K","-2,87%"
"04.12.2024","2.265,000","2.360,000","2.400,000","2.230,000","352,12K","-4,23%"
"03.12.2024","2.365,000","2.235,000","2.400,000","2.215,000","695,21K","6,29%"
"02.12.2024","2.225,000","2.265,000","2.265,000","2.195,000","1,68M","0,68%"
"29.11.2024","2.210,000","2.225,000","2.260,000","2.175,000","316,72K","-0,67%"
"28.11.2024","2.225,000","2.245,000","2.245,000","2.140,000","558,08K","1,60%"
"27.11.2024","2.190,000","2.180,000","2.225,000","2.155,000","696,41K","0,46%"
"26.11.2024","2.180,000","2.195,000","2.225,000","2.170,000","252,74K","-0,91%"
"25.11.2024","2.200,000","2.185,000","2.230,000","2.075,000","1,11M","2,56%"
"22.11.2024","2.145,000","2.130,000","2.175,000","2.095,000","413,77K","0,70%"
"21.11.2024","2.130,000","2.215,000","2.265,000","2.085,000","749,65K","-3,62%"
"20.11.2024","2.210,000","2.260,000","2.260,000","2.160,000","369,83K","-0,23%"
"19.11.2024","2.215,000","2.200,000","2.265,000","2.170,000","421,22K","2,31%"
"15.11.2024","2.165,000","2.200,000","2.235,000","2.140,000","564,58K","-1,59%"
"14.11.2024","2.200,000","2.125,000","2.215,000","2.105,000","521,24K","3,53%"
"13.11.2024","2.125,000","2.085,000","2.130,000","2.060,000","669,84K","2,66%"
"12.11.2024","2.070,000","2.040,000","2.075,000","1.995,000","378,10K","2,48%"
"11.11.2024","2.020,000","2.055,000","2.060,000","1.980,000","326,44K","-0,49%"
"08.11.2024","2.030,000","2.235,000","2.260,000","1.995,000","4,44M","-8,14%"
"07.11.2024","2.210,000","2.200,000","2.290,000","2.175,000","386,86K","1,61%"
"06.11.2024","2.175,000","2.210,000","2.280,000","2.160,000","482,35K","-1,58%"
"05.11.2024","2.210,000","2.250,000","2.250,000","2.125,000","1,24M","-2,21%"
"04.11.2024","2.260,000","2.120,000","2.270,000","2.080,000","1,67M","7,11%"
"01.11.2024","2.110,000","2.040,000","2.120,000","2.040,000","206,00K","3,43%"
"31.10.2024","2.040,000","2.040,000","2.070,000","2.005,000","199,24K","-0,49%"
"30.10.2024","2.050,000","2.000,000","2.095,000","1.970,000","486,99K","1,99%"
"29.10.2024","2.010,000","1.930,000","2.070,000","1.820,000","2,53M","8,06%"
"28.10.2024","1.860,000","1.850,000","1.890,000","1.795,000","157,80K","0,81%"
"25.10.2024","1.845,000","1.900,000","1.935,000","1.825,000","225,96K","-2,38%"
"24.10.2024","1.890,000","1.845,000","1.895,000","1.840,000","264,54K","2,44%"
"23.10.2024","1.845,000","1.830,000","1.845,000","1.780,000","146,32K","0,82%"
"22.10.2024","1.830,000","1.830,000","1.835,000","1.790,000","122,26K","1,10%"
"21.10.2024","1.810,000","1.850,000","1.850,000","1.785,000","132,55K","0,00%"
"18.10.2024","1.810,000","1.770,000","1.845,000","1.770,000","165,24K","-0,55%"
"17.10.2024","1.820,000","1.810,000","1.840,000","1.740,000","443,02K","2,54%"
"16.10.2024","1.775,000","1.765,000","1.815,000","1.735,000","386,33K","-1,11%"
"15.10.2024","1.795,000","1.780,000","1.815,000","1.755,000","250,90K","-0,28%"
"14.10.2024","1.800,000","1.840,000","1.860,000","1.785,000","1,33M","-1,64%"
"10.10.2024","1.830,000","1.835,000","1.855,000","1.800,000","142,46K","-0,27%"
"09.10.2024","1.835,000","1.835,000","1.865,000","1.810,000","262,50K","0,00%"
"08.10.2024","1.835,000","1.900,000","1.900,000","1.830,000","229,38K","-2,39%"
"07.10.2024","1.880,000","1.905,000","1.910,000","1.845,000","341,57K","-1,05%"
"04.10.2024","1.900,000","1.910,000","1.920,000","1.860,000","223,85K","0,53%"
"03.10.2024","1.890,000","1.860,000","1.910,000","1.815,000","379,72K","2,16%"
"02.10.2024","1.850,000","1.875,000","1.895,000","1.820,000","276,08K","-0,80%"
"01.10.2024","1.865,000","1.850,000","1.890,000","1.775,000","301,67K","0,81%"
"30.09.2024","1.850,000","1.800,000","1.860,000","1.775,000","226,46K","2,49%"
"27.09.2024","1.805,000","1.700,000","1.820,000","1.700,000","845,92K","4,64%"
"26.09.2024","1.725,000","1.750,000","1.795,000","1.705,000","508,44K","-1,43%"
"25.09.2024","1.750,000","1.800,000","1.810,000","1.745,000","222,18K","-2,78%"
"24.09.2024","1.800,000","1.750,000","1.805,000","1.715,000","292,98K","3,45%"
"23.09.2024","1.740,000","1.755,000","1.765,000","1.680,000","378,32K","-0,85%"
"20.09.2024","1.755,000","1.780,000","1.800,000","1.715,000","418,60K","-1,40%"
"19.09.2024","1.780,000","1.820,000","1.840,000","1.760,000","419,14K","-0,56%"
"18.09.2024","1.790,000","1.850,000","1.880,000","1.720,000","5,28M","-2,72%"
"17.09.2024","1.840,000","1.855,000","1.860,000","1.790,000","265,17K","-0,81%"
"16.09.2024","1.855,000","1.845,000","1.880,000","1.825,000","296,63K","0,54%"
"13.09.2024","1.845,000","1.790,000","1.850,000","1.780,000","675,58K","3,07%"
"12.09.2024","1.790,000","1.750,000","1.820,000","1.720,000","282,46K","4,37%"
"11.09.2024","1.715,000","1.655,000","1.730,000","1.650,000","579,57K","3,94%"
"10.09.2024","1.650,000","1.685,000","1.730,000","1.625,000","690,97K","-2,08%"
"09.09.2024","1.685,000","1.700,000","1.730,000","1.670,000","467,94K","-0,88%"
"06.09.2024","1.700,000","1.820,000","1.845,000","1.690,000","271,48K","-5,29%"
"05.09.2024","1.795,000","1.775,000","1.810,000","1.730,000","1,49M","1,99%"
"04.09.2024","1.760,000","1.730,000","1.810,000","1.715,000","584,23K","2,62%"
"03.09.2024","1.715,000","1.735,000","1.795,000","1.715,000","332,29K","-2,83%"
"02.09.2024","1.765,000","1.745,000","1.785,000","1.725,000","458,62K","1,73%"
"30.08.2024","1.735,000","1.655,000","1.765,000","1.655,000","1,82M","5,47%"
"29.08.2024","1.645,000","1.635,000","1.645,000","1.615,000","244,58K","2,49%"
"28.08.2024","1.605,000","1.600,000","1.620,000","1.570,000","278,45K","0,94%"
"27.08.2024","1.590,000","1.520,000","1.590,000","1.515,000","215,00K","3,92%"
"26.08.2024","1.530,000","1.560,000","1.590,000","1.515,000","607,09K","-1,92%"
"23.08.2024","1.560,000","1.550,000","1.560,000","1.510,000","658,48K","0,32%"
"22.08.2024","1.555,000","1.585,000","1.595,000","1.520,000","1,32M","-3,72%"
"21.08.2024","1.615,000","1.650,000","1.660,000","1.600,000","1,52M","-1,82%"
"20.08.2024","1.645,000","1.620,000","1.660,000","1.610,000","1,79M","1,54%"
"19.08.2024","1.620,000","1.675,000","1.685,000","1.605,000","473,33K","-3,28%"
"16.08.2024","1.675,000","1.665,000","1.700,000","1.655,000","209,13K","1,82%"
"15.08.2024","1.645,000","1.660,000","1.685,000","1.640,000","326,55K","0,61%"
"14.08.2024","1.635,000","1.640,000","1.715,000","1.610,000","269,04K","-2,39%"
"13.08.2024","1.675,000","1.710,000","1.715,000","1.660,000","150,13K","-0,89%"
"12.08.2024","1.690,000","1.765,000","1.765,000","1.685,000","164,94K","-3,70%"
"09.08.2024","1.755,000","1.720,000","1.790,000","1.690,000","698,63K","-0,28%"
"08.08.2024","1.760,000","1.785,000","1.825,000","1.715,000","294,09K","-0,28%"
"07.08.2024","1.765,000","1.720,000","1.765,000","1.690,000","706,43K","3,52%"
"06.08.2024","1.705,000","1.650,000","1.710,000","1.650,000","287,48K","3,96%"
"05.08.2024","1.640,000","1.500,000","1.695,000","1.435,000","1,80M","4,46%"
"02.08.2024","1.570,000","1.510,000","1.620,000","1.505,000","323,42K","-0,63%"
"01.08.2024","1.580,000","1.530,000","1.580,000","1.490,000","233,30K","2,60%"
"31.07.2024","1.540,000","1.455,000","1.545,000","1.430,000","288,28K","7,69%"
"30.07.2024","1.430,000","1.480,000","1.505,000","1.410,000","391,95K","-4,67%"
"29.07.2024","1.500,000","1.560,000","1.560,000","1.480,000","148,69K","-2,28%"
"26.07.2024","1.535,000","1.565,000","1.600,000","1.490,000","1,17M","-1,29%"
"25.07.2024","1.555,000","1.580,000","1.595,000","1.530,000","141,92K","-1,58%"
"24.07.2024","1.580,000","1.645,000","1.670,000","1.575,000","201,77K","-3,95%"
"23.07.2024","1.645,000","1.640,000","1.655,000","1.630,000","286,55K","0,30%"
"22.07.2024","1.640,000","1.650,000","1.665,000","1.595,000","352,04K","0,61%"
"19.07.2024","1.630,000","1.625,000","1.645,000","1.605,000","1,05M","1,88%"
"18.07.2024","1.600,000","1.580,000","1.600,000","1.560,000","197,14K","2,24%"
"17.07.2024","1.565,000","1.605,000","1.605,000","1.550,000","291,22K","-0,63%"
"16.07.2024","1.575,000","1.640,000","1.650,000","1.515,000","1,83M","-3,08%"
"15.07.2024","1.625,000","1.885,000","1.885,000","1.610,000","332,94K","-14,47%"
"12.07.2024","1.900,000","1.930,000","1.940,000","1.865,000","229,46K","-1,55%"
"11.07.2024","1.930,000","1.955,000","1.955,000","1.855,000","316,61K","1,05%"
"10.07.2024","1.910,000","1.885,000","1.925,000","1.870,000","307,74K","1,33%"
"08.07.2024","1.885,000","1.860,000","1.925,000","1.845,000","652,76K","1,51%"
"05.07.2024","1.857,000","1.824,000","1.859,000","1.824,000","134,55K","1,81%"
"04.07.2024","1.824,000","1.770,000","1.839,000","1.770,000","183,85K","2,01%"
"03.07.2024","1.788,000","1.798,000","1.834,500","1.743,000","175,41K","-0,56%"
"02.07.2024","1.798,000","1.728,000","1.805,000","1.710,500","1,71M","3,87%"
"01.07.2024","1.731,000","1.779,000","1.784,000","1.705,000","145,44K","-2,70%"
"28.06.2024","1.779,000","1.810,000","1.834,000","1.750,500","145,38K","-1,63%"
"27.06.2024","1.808,500","1.800,000","1.818,000","1.725,000","291,64K","1,63%"
"26.06.2024","1.779,500","1.798,000","1.810,000","1.770,000","139,80K","-1,00%"
"25.06.2024","1.797,500","1.711,000","1.798,000","1.711,000","375,83K","2,31%"
"24.06.2024","1.757,000","1.709,000","1.790,000","1.660,500","437,84K","1,36%"
"19.06.2024","1.733,500","1.656,000","1.735,000","1.625,000","590,81K","5,38%"
"18.06.2024","1.645,000","1.679,500","1.679,500","1.610,000","216,47K","-2,08%"
"14.06.2024","1.680,000","1.710,000","1.715,000","1.655,000","173,60K","-1,47%"
"13.06.2024","1.705,000","1.660,000","1.711,000","1.641,000","693,02K","6,23%"
"12.06.2024","1.605,000","1.625,000","1.685,000","1.580,000","868,19K","-1,26%"
"11.06.2024","1.625,500","1.650,000","1.690,000","1.577,500","233,23K","-1,07%"
"10.06.2024","1.643,000","1.550,000","1.650,000","1.550,000","350,78K","3,66%"
"07.06.2024","1.585,000","1.535,500","1.608,000","1.510,000","181,69K","3,26%"
"06.06.2024","1.535,000","1.542,000","1.595,000","1.520,000","244,91K","-4,06%"
"05.06.2024","1.600,000","1.600,000","1.630,000","1.515,000","2,41M","-1,84%"
"04.06.2024","1.630,000","1.700,000","1.700,000","1.611,000","351,17K","-5,07%"
"03.06.2024","1.717,000","1.680,000","1.718,000","1.638,500","388,38K","2,85%"
"31.05.2024","1.669,500","1.730,000","1.764,000","1.632,500","724,38K","-3,50%"
"30.05.2024","1.730,000","1.700,000","1.756,000","1.700,000","683,59K","3,28%"
"29.05.2024","1.675,000","1.650,000","1.679,000","1.576,000","612,79K","1,82%"
"28.05.2024","1.645,000","1.669,000","1.714,500","1.638,000","409,92K","-0,69%"
"27.05.2024","1.656,500","1.636,000","1.702,000","1.620,000","307,84K","5,17%"
"24.05.2024","1.575,000","1.550,000","1.605,000","1.501,000","480,79K","1,48%"
"23.05.2024","1.552,000","1.541,500","1.600,000","1.500,000","519,28K","-0,51%"
"22.05.2024","1.560,000","1.583,500","1.604,500","1.530,000","422,27K","-1,36%"
"21.05.2024","1.581,500","1.565,000","1.625,000","1.560,000","333,53K","1,38%"
"20.05.2024","1.560,000","1.526,000","1.584,000","1.475,000","359,66K","1,96%"
"17.05.2024","1.530,000","1.530,000","1.565,000","1.484,000","865,22K","0,26%"
"16.05.2024","1.526,000","1.475,000","1.529,000","1.425,500","503,16K","5,17%"
"15.05.2024","1.451,000","1.480,000","1.486,000","1.425,000","983,39K","1,54%"
"14.05.2024","1.429,000","1.369,500","1.436,000","1.340,000","427,57K","3,63%"
"13.05.2024","1.379,000","1.376,500","1.400,000","1.330,000","200,12K","-0,79%"
"10.05.2024","1.390,000","1.428,000","1.450,000","1.371,000","890,64K","-3,14%"
"09.05.2024","1.435,000","1.444,000","1.457,500","1.356,000","443,81K","-0,59%"
"08.05.2024","1.443,500","1.525,000","1.530,000","1.430,000","351,50K","-5,03%"
"07.05.2024","1.520,000","1.480,000","1.520,000","1.450,000","591,88K","3,40%"
"06.05.2024","1.470,000","1.498,000","1.498,000","1.376,000","490,74K","0,34%"
"03.05.2024","1.465,000","1.410,000","1.497,000","1.410,000","359,54K","4,05%"
"02.05.2024","1.408,000","1.390,000","1.410,000","1.290,000","319,99K","4,30%"
"30.04.2024","1.350,000","1.350,000","1.400,000","1.338,000","532,51K","1,89%"
"29.04.2024","1.325,000","1.300,000","1.348,000","1.280,000","267,39K","3,64%"
"26.04.2024","1.278,500","1.240,000","1.297,500","1.200,000","341,91K","3,61%"
"25.04.2024","1.234,000","1.172,000","1.234,000","1.171,500","228,73K","5,11%"
"24.04.2024","1.174,000","1.210,000","1.234,000","1.161,000","144,79K","-2,57%"
"23.04.2024","1.205,000","1.230,000","1.290,000","1.185,000","152,43K","-2,03%"
"22.04.2024","1.230,000","1.175,000","1.240,000","1.165,000","416,20K","6,26%"
"19.04.2024","1.157,500","1.150,000","1.179,000","1.140,000","195,11K","0,65%"
"18.04.2024","1.150,000","1.168,000","1.178,000","1.114,000","160,41K","0,88%"
"17.04.2024","1.140,000","1.195,000","1.216,500","1.120,000","158,62K","-4,60%"
"16.04.2024","1.195,000","1.190,000","1.230,000","1.130,000","642,39K","-0,42%"
"15.04.2024","1.200,000","1.320,000","1.345,000","1.185,000","1,52M","-9,09%"
"12.04.2024","1.320,000","1.370,000","1.388,000","1.306,000","359,61K","-4,00%"
"11.04.2024","1.375,000","1.448,000","1.469,000","1.366,500","588,75K","-5,04%"
"10.04.2024","1.448,000","1.400,000","1.487,000","1.378,000","677,80K","-0,14%"
"09.04.2024","1.450,000","1.474,000","1.489,000","1.401,000","544,45K","-1,69%"
"08.04.2024","1.475,000","1.433,000","1.487,500","1.400,000","458,88K","3,95%"
"05.04.2024","1.419,000","1.364,000","1.429,000","1.364,000","498,11K","4,03%"
"04.04.2024","1.364,000","1.350,000","1.399,500","1.300,000","490,28K","4,12%"
"03.04.2024","1.310,000","1.261,000","1.325,000","1.199,000","298,56K","-0,38%"
"27.03.2024","1.315,000","1.295,000","1.320,000","1.266,000","201,20K","1,78%"
"26.03.2024","1.292,000","1.216,000","1.295,000","1.200,000","252,87K","3,36%"
"25.03.2024","1.250,000","1.210,000","1.280,000","1.200,000","378,15K","4,60%"
"22.03.2024","1.195,000","1.191,000","1.220,000","1.161,000","549,00K","0,42%"
"21.03.2024","1.190,000","1.200,000","1.200,000","1.157,000","609,49K","2,06%"
"20.03.2024","1.166,000","1.161,000","1.190,000","1.150,000","373,50K","0,78%"
"19.03.2024","1.157,000","1.140,000","1.189,000","1.130,000","495,63K","1,67%"
"18.03.2024","1.138,000","1.093,000","1.150,000","1.080,000","383,83K","6,95%"
"15.03.2024","1.064,000","1.002,000","1.065,000","1.001,000","453,53K","4,52%"
"14.03.2024","1.018,000","1.068,000","1.069,000","1.006,500","336,62K","-3,14%"
"13.03.2024","1.051,000","1.000,000","1.052,000","995,500","479,36K","6,16%"
"12.03.2024","990,000","908,000","1.009,500","908,000","444,94K","10,24%"
"11.03.2024","898,000","925,000","935,000","867,500","1,23M","-1,43%"
"08.03.2024","911,000","912,000","928,000","885,000","717,13K","-0,16%"
"07.03.2024","912,500","945,000","945,000","902,000","550,44K","-4,45%"
"06.03.2024","955,000","993,000","1.039,000","940,000","842,42K","-4,98%"
"05.03.2024","1.005,000","1.080,000","1.084,000","995,000","837,50K","-7,71%"
"04.03.2024","1.089,000","1.178,000","1.199,000","1.089,000","251,02K","-4,01%"
"01.03.2024","1.134,500","1.092,000","1.140,000","1.091,500","383,92K","3,70%"
"29.02.2024","1.094,000","1.119,000","1.166,000","1.081,000","455,46K","-1,53%"
"28.02.2024","1.111,000","1.190,000","1.259,000","1.080,000","1,45M","-7,42%"
"27.02.2024","1.200,000","1.264,000","1.270,000","1.170,000","1,10M","-5,21%"
"26.02.2024","1.266,000","1.255,000","1.269,000","1.196,500","354,23K","0,64%"
"23.02.2024","1.258,000","1.285,000","1.297,000","1.222,000","536,21K","-2,25%"
"22.02.2024","1.287,000","1.336,000","1.385,000","1.279,000","616,41K","-3,60%"
"21.02.2024","1.335,000","1.326,000","1.364,000","1.325,000","780,67K","0,68%"
"20.02.2024","1.326,000","1.300,000","1.339,000","1.291,000","922,61K","2,00%"
"19.02.2024","1.300,000","1.256,500","1.313,000","1.254,000","462,45K","3,75%"
"16.02.2024","1.253,000","1.260,000","1.260,000","1.212,000","374,21K","2,20%"
"15.02.2024","1.226,000","1.157,000","1.229,000","1.157,000","150,57K","1,91%"
"14.02.2024","1.203,000","1.215,000","1.227,500","1.171,000","220,01K","-1,23%"
"09.02.2024","1.218,000","1.220,000","1.246,000","1.190,000","1,15M","-0,16%"
"08.02.2024","1.220,000","1.292,500","1.300,000","1.206,500","1,03M","-6,15%"
"07.02.2024","1.300,000","1.390,000","1.405,500","1.290,000","275,50K","-9,78%"
"06.02.2024","1.441,000","1.500,000","1.500,000","1.416,000","154,26K","-2,60%"
"05.02.2024","1.479,500","1.532,000","1.556,000","1.451,000","267,99K","-3,49%"
"02.02.2024","1.533,000","1.545,000","1.548,000","1.500,000","799,66K","0,59%"
"01.02.2024","1.524,000","1.520,000","1.550,000","1.490,000","177,75K","1,13%"
"31.01.2024","1.507,000","1.517,000","1.522,000","1.425,000","269,59K","0,20%"
"30.01.2024","1.504,000","1.490,000","1.514,000","1.490,000","379,85K","1,62%"
"29.01.2024","1.480,000","1.467,000","1.505,000","1.400,000","240,44K","-0,74%"
"26.01.2024","1.491,000","1.495,000","1.560,000","1.465,000","405,14K","-0,73%"
"25.01.2024","1.502,000","1.485,000","1.525,000","1.465,000","1,34M","2,18%"
"24.01.2024","1.470,000","1.467,000","1.484,000","1.410,000","494,70K","1,55%"
"23.01.2024","1.447,500","1.420,000","1.467,000","1.420,000","561,24K","1,22%"
"22.01.2024","1.430,000","1.429,000","1.457,000","1.400,000","240,57K","2,22%"
"19.01.2024","1.399,000","1.370,000","1.426,000","1.350,000","556,47K","2,64%"
"18.01.2024","1.363,000","1.426,000","1.450,000","1.345,000","654,75K","-2,64%"
"17.01.2024","1.400,000","1.362,000","1.415,000","1.362,000","380,86K","2,94%"
"16.01.2024","1.360,000","1.300,000","1.370,000","1.300,000","727,59K","5,84%"
"15.01.2024","1.285,000","1.263,000","1.295,000","1.222,000","151,06K","3,21%"
"12.01.2024","1.245,000","1.270,000","1.289,500","1.225,000","182,90K","-1,97%"
"11.01.2024","1.270,000","1.265,000","1.300,000","1.236,000","364,19K","0,87%"
"10.01.2024","1.259,000","1.239,500","1.265,000","1.185,000","329,40K","2,86%"
"09.01.2024","1.224,000","1.225,000","1.258,000","1.170,000","370,19K","0,04%"
"08.01.2024","1.223,500","1.210,000","1.247,500","1.190,000","330,33K","2,82%"
"05.01.2024","1.190,000","1.185,000","1.203,000","1.180,000","537,12K","0,68%"
"04.01.2024","1.182,000","1.223,000","1.238,000","1.180,000","489,39K","-3,11%"
"03.01.2024","1.220,000","1.235,000","1.260,000","1.205,000","488,09K","-1,13%"
"02.01.2024","1.234,000","1.234,000","1.249,000","1.204,000","260,22K","2,58%"
"29.12.2023","1.203,000","1.200,000","1.250,000","1.187,500","187,12K","0,42%"
"28.12.2023","1.198,000","1.150,000","1.218,000","1.121,000","677,43K","5,09%"
"27.12.2023","1.140,000","1.130,000","1.180,000","1.122,000","445,93K","-2,81%"
"26.12.2023","1.173,000","1.200,000","1.204,000","1.142,000","247,93K","-0,51%"
"22.12.2023","1.179,000","1.170,000","1.180,000","1.102,000","235,66K","2,88%"
"21.12.2023","1.146,000","1.100,000","1.164,500","1.094,000","970,08K","3,34%"
"20.12.2023","1.109,000","1.135,000","1.149,000","1.058,000","208,38K","-0,36%"
"19.12.2023","1.113,000","1.137,000","1.175,500","1.081,000","215,15K","-2,11%"
"18.12.2023","1.137,000","1.118,000","1.138,000","1.050,000","312,42K","1,70%"
"15.12.2023","1.118,000","1.160,000","1.225,000","1.101,000","315,44K","-5,25%"
"14.12.2023","1.180,000","1.210,000","1.261,000","1.165,000","198,55K","-0,84%"
"13.12.2023","1.190,000","1.269,000","1.315,000","1.120,000","686,95K","1,36%"
"12.12.2023","1.174,000","1.195,000","1.238,000","1.170,000","992,27K","2,35%"
"11.12.2023","1.147,000","1.065,000","1.148,000","1.065,000","1,34M","9,76%"
"07.12.2023","1.045,000","1.030,000","1.050,000","1.011,000","383,24K","2,05%"
"06.12.2023","1.024,000","1.027,000","1.100,000","980,000","590,88K","-1,44%"
"05.12.2023","1.039,000","919,000","1.040,000","918,000","864,01K","13,06%"
"04.12.2023","919,000","869,500","920,000","841,500","427,99K","6,98%"
"01.12.2023","859,000","819,500","862,000","783,000","369,85K","7,91%"
"30.11.2023","796,000","801,000","820,000","770,500","159,57K","0,13%"
"29.11.2023","795,000","772,000","795,000","752,000","518,36K","4,13%"
"28.11.2023","763,500","753,000","800,000","735,000","441,34K","1,53%"
"27.11.2023","752,000","840,000","870,000","751,000","741,02K","-10,69%"
"24.11.2023","842,000","785,000","842,000","782,000","393,23K","8,37%"
"23.11.2023","777,000","749,500","800,000","749,500","741,37K","3,05%"
"22.11.2023","754,000","711,500","814,000","700,000","1,47M","8,49%"
"21.11.2023","695,000","570,000","740,000","539,000","1,39M","36,95%"
"17.11.2023","507,500","500,000","524,000","490,000","170,04K","-0,10%"
"16.11.2023","508,000","544,000","545,500","489,000","222,34K","-5,93%"
"15.11.2023","540,000","520,500","549,500","516,500","171,55K","2,66%"
"14.11.2023","526,000","525,000","545,000","501,000","164,89K","-3,49%"
"13.11.2023","545,000","559,000","560,000","535,000","117,74K","-2,42%"
"10.11.2023","558,500","517,000","569,500","517,000","191,46K","5,38%"
"09.11.2023","530,000","500,000","530,000","473,000","231,31K","7,18%"
"08.11.2023","494,500","519,000","531,000","482,500","111,03K","-3,61%"
"07.11.2023","513,000","512,000","522,500","512,000","169,41K","-0,39%"
"03.11.2023","515,000","536,000","560,000","503,000","187,15K","-3,65%"
"02.11.2023","534,500","539,000","546,000","522,000","176,75K","3,79%"
"01.11.2023","515,000","500,000","521,000","465,000","380,31K","6,63%"
"31.10.2023","483,000","465,000","490,000","453,000","571,84K","0,10%"
"30.10.2023","482,500","549,000","560,000","473,000","615,29K","-11,63%"
"27.10.2023","546,000","570,000","580,000","545,500","78,15K","-3,62%"
"26.10.2023","566,500","580,000","585,500","561,000","160,96K","1,16%"
"25.10.2023","560,000","542,000","575,000","542,000","277,11K","3,32%"
"24.10.2023","542,000","561,000","594,000","525,000","784,02K","-2,34%"
"23.10.2023","555,000","580,000","594,000","525,500","416,83K","-6,88%"
"20.10.2023","596,000","550,000","599,000","550,000","492,82K","8,36%"
"19.10.2023","550,000","593,000","593,000","532,000","236,71K","-5,17%"
"18.10.2023","580,000","572,000","589,500","568,500","861,32K","2,65%"
"17.10.2023","565,000","565,000","604,000","563,500","613,61K","-2,59%"
"12.10.2023","580,000","542,000","580,000","534,000","625,90K","6,81%"
"11.10.2023","543,000","552,000","569,000","510,000","315,60K","-1,63%"
"10.10.2023","552,000","523,000","562,000","523,000","1,24M","5,95%"
"09.10.2023","521,000","503,000","529,500","502,500","560,16K","3,58%"
"06.10.2023","503,000","485,000","505,500","483,500","221,47K","4,79%"
"05.10.2023","480,000","470,000","496,000","470,000","333,95K","2,24%"
"04.10.2023","469,500","460,000","489,000","460,000","295,86K","2,07%"
"03.10.2023","460,000","440,000","462,000","432,000","690,40K","2,34%"
"02.10.2023","449,500","443,500","450,000","425,500","140,64K","1,12%"
"29.09.2023","444,500","443,500","458,000","430,000","483,36K","1,72%"
"28.09.2023","437,000","425,000","453,500","425,000","330,04K","2,82%"
"27.09.2023","425,000","400,500","429,000","400,500","424,04K","4,68%"
"26.09.2023","406,000","397,000","408,000","390,000","338,68K","2,40%"
"25.09.2023","396,500","400,000","404,000","391,000","195,59K","-1,86%"
"22.09.2023","404,000","402,000","410,000","390,000","135,37K","0,25%"
"21.09.2023","403,000","419,000","419,000","395,000","671,95K","-4,05%"
"20.09.2023","420,000","440,500","449,000","420,000","262,84K","-4,33%"
"19.09.2023","439,000","469,000","469,000","433,000","818,76K","-4,98%"
"18.09.2023","462,000","430,000","462,000","422,000","582,33K","8,07%"
"15.09.2023","427,500","442,000","442,000","415,000","195,10K","-0,58%"
"14.09.2023","430,000","434,000","434,000","424,000","402,53K","2,75%"
"13.09.2023","418,500","410,000","419,000","408,000","250,24K","3,72%"
"12.09.2023","403,500","395,000","413,000","383,000","433,69K","2,15%"
"11.09.2023","395,000","403,000","413,500","383,000","470,37K","-2,23%"
"08.09.2023","404,000","405,000","435,000","390,000","419,76K","-0,25%"
"07.09.2023","405,000","436,000","441,000","405,000","332,81K","-7,11%"
"06.09.2023","436,000","431,000","448,000","431,000","279,70K","-0,68%"
"05.09.2023","439,000","457,000","464,000","426,500","450,85K","-3,94%"
"04.09.2023","457,000","453,000","463,000","449,000","267,62K","-0,22%"
"01.09.2023","458,000","470,000","478,000","451,000","481,15K","-1,08%"
"31.08.2023","463,000","485,000","485,000","453,000","574,96K","-3,54%"
"30.08.2023","480,000","495,000","499,000","476,000","394,12K","-2,04%"
"29.08.2023","490,000","471,000","498,000","471,000","559,41K","4,26%"
"28.08.2023","470,000","441,000","479,000","435,500","829,22K","6,58%"
"25.08.2023","441,000","441,000","444,000","432,500","505,53K","-0,68%"
"24.08.2023","444,000","444,500","447,500","429,000","436,84K","0,57%"
"23.08.2023","441,500","437,000","452,000","437,000","459,13K","-1,78%"
"22.08.2023","449,500","438,000","449,500","425,500","466,83K","2,63%"
"18.08.2023","438,000","429,500","444,000","401,500","822,78K","2,58%"
"17.08.2023","427,000","399,000","434,000","392,000","1,16M","11,49%"
"16.08.2023","383,000","374,500","418,000","374,500","1,73M","2,54%"
"15.08.2023","373,500","340,500","381,000","340,000","600,17K","9,85%"
"14.08.2023","340,000","332,000","365,000","319,000","552,36K","0,00%"
"11.08.2023","340,000","339,000","340,000","332,000","403,78K","1,80%"
"10.08.2023","334,000","331,000","344,500","325,000","421,33K","0,30%"
"09.08.2023","333,000","326,000","336,000","325,000","388,66K","2,30%"
"08.08.2023","325,500","325,000","330,000","321,000","588,22K","0,15%"
"07.08.2023","325,000","342,000","342,000","322,000","393,25K","-3,99%"
"04.08.2023","338,500","331,000","340,000","331,000","308,50K","2,58%"
"03.08.2023","330,000","342,000","348,000","329,000","859,90K","-3,51%"
"02.08.2023","342,000","350,000","352,000","339,000","376,99K","-2,56%"
"01.08.2023","351,000","364,500","364,500","350,000","280,07K","-3,31%"
"31.07.2023","363,000","363,000","374,000","350,000","281,31K","-0,27%"
"28.07.2023","364,000","364,000","371,000","361,000","166,03K","0,55%"
"27.07.2023","362,000","387,000","388,000","361,000","177,72K","-4,99%"
"26.07.2023","381,000","388,000","388,000","374,000","153,32K","-0,26%"
"25.07.2023","382,000","368,500","382,500","368,500","168,46K","1,33%"
"24.07.2023","377,000","379,000","391,500","367,000","212,04K","-1,05%"
"21.07.2023","381,000","379,500","382,500","375,000","341,27K","1,06%"
"20.07.2023","377,000","383,000","383,000","362,500","83,17K","0,27%"
"19.07.2023","376,000","383,000","383,000","367,000","131,24K","0,40%"
"18.07.2023","374,500","380,000","383,000","371,000","289,41K","-1,19%"
"17.07.2023","379,000","372,500","379,500","372,000","155,52K","2,43%"
"14.07.2023","370,000","373,000","373,000","360,000","176,46K","-1,07%"
"13.07.2023","374,000","367,500","378,000","366,000","464,28K","1,77%"
"12.07.2023","367,500","361,500","373,500","361,500","304,95K","1,80%"
"11.07.2023","361,000","365,500","367,000","358,000","510,16K","-0,96%"
"10.07.2023","364,500","380,000","380,000","358,000","365,65K","-2,80%"
"07.07.2023","375,000","369,500","386,000","367,000","787,14K","1,90%"
"06.07.2023","368,000","376,000","382,000","364,000","293,61K","-2,65%"
"05.07.2023","378,000","375,000","392,500","361,000","767,26K","1,20%"
"04.07.2023","373,500","368,500","380,000","360,000","399,75K","1,36%"
"03.07.2023","368,500","350,000","370,000","346,000","772,87K","5,29%"
"30.06.2023","350,000","340,500","353,000","340,000","316,13K","2,64%"
"29.06.2023","341,000","323,000","345,000","320,000","312,69K","5,57%"
"28.06.2023","323,000","327,500","334,000","315,000","445,89K","-0,46%"
"27.06.2023","324,500","350,500","355,000","321,000","954,31K","-7,81%"
"26.06.2023","352,000","353,000","359,000","342,000","981,92K","2,92%"
"23.06.2023","342,000","323,000","344,000","320,000","1,06M","6,88%"
"22.06.2023","320,000","325,000","329,000","317,000","578,15K","-1,54%"
"21.06.2023","325,000","305,000","326,000","305,000","673,47K","6,56%"
"16.06.2023","305,000","310,000","310,000","291,000","444,03K","0,83%"
"15.06.2023","302,500","294,000","304,000","289,000","284,49K","2,89%"
"14.06.2023","294,000","303,000","306,000","289,500","290,50K","-3,29%"
"13.06.2023","304,000","312,000","314,500","302,500","224,84K","-2,56%"
"12.06.2023","312,000","320,000","320,000","310,500","80,25K","-0,64%"
"09.06.2023","314,000","320,000","320,000","307,500","161,68K","0,00%"
"08.06.2023","314,000","319,500","323,000","308,000","307,49K","0,48%"
"07.06.2023","312,500","326,000","327,000","309,000","346,73K","-1,73%"
"06.06.2023","318,000","318,000","327,000","315,000","369,90K","1,11%"
"05.06.2023","314,500","306,000","315,000","306,000","498,66K","4,14%"
"02.06.2023","302,000","313,000","318,500","302,000","414,98K","-3,21%"
"01.06.2023","312,000","300,000","313,000","296,000","301,23K","4,35%"
"31.05.2023","299,000","297,000","299,500","285,000","286,73K","0,84%"
"30.05.2023","296,500","296,000","299,500","286,000","282,63K","0,00%"
"29.05.2023","296,500","289,500","298,500","285,500","251,57K","3,31%"
"24.05.2023","287,000","297,000","297,000","280,000","532,54K","-1,71%"
"23.05.2023","292,000","312,000","312,000","291,000","957,74K","-5,50%"
"22.05.2023","309,000","304,000","313,000","299,000","366,18K","1,64%"
"19.05.2023","304,000","296,000","305,000","295,000","288,09K","3,05%"
"18.05.2023","295,000","299,000","303,000","291,000","387,78K","-1,34%"
"17.05.2023","299,000","286,000","299,500","282,000","680,59K","5,28%"
"16.05.2023","284,000","289,500","300,000","283,000","806,20K","-0,18%"
"15.05.2023","284,500","284,500","289,500","276,000","255,89K","-0,18%"
"12.05.2023","285,000","280,000","287,000","271,000","377,71K","2,15%"
"11.05.2023","279,000","268,000","279,000","267,000","329,70K","3,33%"
"10.05.2023","270,000","268,000","270,000","260,500","398,03K","2,27%"
"09.05.2023","264,000","258,000","268,000","255,500","409,39K","2,72%"
"08.05.2023","257,000","254,500","260,000","251,000","492,14K","2,59%"
"05.05.2023","250,500","244,000","253,000","244,000","593,76K","2,45%"
"04.05.2023","244,500","253,500","253,500","244,000","140,32K","-2,00%"
"03.05.2023","249,500","243,250","254,000","243,250","202,61K","-0,10%"
"02.05.2023","249,750","249,500","250,000","238,000","118,29K","0,71%"
"28.04.2023","248,000","247,000","249,000","237,250","329,92K","0,61%"
"27.04.2023","246,500","246,500","250,500","230,000","440,06K","0,00%"
"26.04.2023","246,500","249,500","249,500","239,000","372,00K","0,61%"
"25.04.2023","245,000","247,000","252,000","240,000","1,61M","0,00%"
"24.04.2023","245,000","244,750","247,000","242,000","488,22K","1,66%"
"21.04.2023","241,000","245,000","250,000","240,000","820,87K","-2,03%"
"20.04.2023","246,000","249,000","255,500","240,000","1,03M","-1,20%"
"19.04.2023","249,000","260,000","260,000","244,000","382,96K","-4,23%"
"18.04.2023","260,000","256,000","269,000","255,000","470,55K","1,56%"
"17.04.2023","256,000","241,000","256,000","238,000","451,57K","6,22%"
"14.04.2023","241,000","239,000","244,500","235,000","572,61K","3,10%"
"13.04.2023","233,750","226,500","236,000","226,000","941,47K","2,52%"
"12.04.2023","228,000","230,000","232,000","225,250","392,63K","0,66%"
"11.04.2023","226,500","211,000","229,500","210,250","1,11M","7,60%"
"10.04.2023","210,500","200,000","210,750","200,000","257,84K","5,25%"
"05.04.2023","200,000","202,000","203,500","197,000","160,63K","-0,62%"
"04.04.2023","201,250","206,000","207,000","198,500","173,15K","-1,35%"
"03.04.2023","204,000","199,000","206,000","199,000","463,07K","2,00%"
"31.03.2023","200,000","205,750","209,500","198,000","457,92K","-2,79%"
"30.03.2023","205,750","212,000","218,000","200,000","678,81K","-2,49%"
"29.03.2023","211,000","207,500","215,000","207,500","197,29K","1,69%"
"28.03.2023","207,500","200,000","210,000","193,500","538,90K","4,80%"
"27.03.2023","198,000","182,000","200,000","182,000","823,11K","7,03%"
"23.03.2023","185,000","192,000","195,500","183,500","748,28K","-3,65%"
"22.03.2023","192,000","196,000","200,000","189,750","470,55K","-1,03%"
"21.03.2023","194,000","188,000","195,000","188,000","321,89K","3,74%"
"20.03.2023","187,000","189,000","195,000","186,000","770,54K","-0,80%"
"17.03.2023","188,500","190,000","196,000","183,000","320,76K","0,80%"
"16.03.2023","187,000","178,000","190,000","178,000","395,49K","5,06%"
"15.03.2023","178,000","181,000","187,000","176,250","733,89K","-5,82%"
"14.03.2023","189,000","197,000","204,000","181,000","723,49K","-3,32%"
"13.03.2023","195,500","210,000","211,000","191,000","649,26K","-7,78%"
"10.03.2023","212,000","227,500","227,500","209,000","478,16K","-5,78%"
"09.03.2023","225,000","229,000","237,000","220,000","180,44K","-1,75%"
"08.03.2023","229,000","237,000","242,000","225,500","210,60K","-3,58%"
"07.03.2023","237,500","250,000","250,000","234,500","421,25K","-3,16%"
"06.03.2023","245,250","239,000","247,000","238,000","384,40K","1,03%"
"03.03.2023","242,750","240,000","253,500","236,000","909,53K","1,15%"
"02.03.2023","240,000","235,000","247,750","232,500","493,60K","2,13%"
"01.03.2023","235,000","218,000","235,000","218,000","196,09K","6,82%"
"28.02.2023","220,000","227,750","227,750","217,500","174,80K","-2,00%"
"27.02.2023","224,500","222,750","229,000","221,000","220,19K","0,67%"
"24.02.2023","223,000","230,500","233,000","215,000","238,89K","-3,46%"
"23.02.2023","231,000","237,250","244,750","225,000","372,46K","-2,94%"
"22.02.2023","238,000","250,000","250,000","236,000","95,35K","-2,26%"
"17.02.2023","243,500","252,000","252,000","238,250","63,73K","-3,18%"
"16.02.2023","251,500","253,000","254,000","246,250","76,68K","1,41%"
"15.02.2023","248,000","249,000","254,500","244,000","418,70K","0,10%"
"14.02.2023","247,750","254,500","254,500","247,500","105,05K","-1,49%"
"13.02.2023","251,500","247,000","252,500","241,750","228,31K","1,41%"
"10.02.2023","248,000","253,500","253,500","241,000","110,30K","-0,10%"
"09.02.2023","248,250","249,750","253,500","242,750","204,82K","2,27%"
"08.02.2023","242,750","239,000","244,750","236,000","132,74K","2,00%"
"07.02.2023","238,000","235,500","241,000","225,000","115,11K","1,06%"
"06.02.2023","235,500","238,500","249,000","231,500","334,55K","-1,88%"
"03.02.2023","240,000","245,250","252,000","224,250","372,47K","-2,04%"
"02.02.2023","245,000","250,000","251,000","242,000","153,77K","-0,41%"
"01.02.2023","246,000","246,000","250,000","243,000","306,42K","0,00%"
"31.01.2023","246,000","238,750","246,000","237,250","379,51K","3,36%"
"30.01.2023","238,000","247,000","252,000","237,000","408,24K","-4,61%"
"27.01.2023","249,500","253,500","257,000","240,000","432,21K","-0,60%"
"26.01.2023","251,000","245,000","254,500","245,000","567,13K","3,72%"
"25.01.2023","242,000","229,000","249,000","223,000","677,92K","5,45%"
"24.01.2023","229,500","219,000","229,500","210,000","411,69K","7,12%"
"23.01.2023","214,250","214,000","218,250","206,500","762,39K","3,00%"
"20.01.2023","208,000","193,500","210,000","192,500","252,11K","7,22%"
"19.01.2023","194,000","201,750","207,500","182,250","343,13K","-3,96%"
"18.01.2023","202,000","215,500","221,000","190,000","712,05K","-6,16%"
"17.01.2023","215,250","210,000","220,000","207,000","1,07M","2,50%"
"16.01.2023","210,000","210,000","212,750","200,000","362,29K","0,48%"
"13.01.2023","209,000","212,500","212,500","207,000","398,89K","0,36%"
"12.01.2023","208,250","209,000","212,000","206,250","363,33K","-0,48%"
"11.01.2023","209,250","207,500","210,000","197,000","630,21K","2,45%"
"10.01.2023","204,250","205,000","206,000","200,000","239,25K","0,74%"
"09.01.2023","202,750","206,000","206,000","198,000","472,60K","1,38%"
"06.01.2023","200,000","209,000","213,000","198,500","877,56K","-1,48%"
"05.01.2023","203,000","196,000","209,000","194,000","455,88K","4,37%"
"04.01.2023","194,500","193,000","195,000","189,000","239,29K","2,91%"
"03.01.2023","189,000","194,000","194,000","183,000","650,85K","-0,92%"
"02.01.2023","190,750","189,000","196,000","185,000","492,02K","3,25%"
"30.12.2022","184,750","180,000","187,000","174,000","356,93K","6,64%"
"29.12.2022","173,250","171,500","177,000","170,000","252,39K","1,17%"
"28.12.2022","171,250","170,500","175,000","170,500","646,51K","-0,15%"
"27.12.2022","171,500","175,000","183,000","170,000","503,58K","-0,87%"
"26.12.2022","173,000","167,250","174,750","167,250","438,64K","2,06%"
"23.12.2022","169,500","168,000","169,750","164,250","194,42K","1,80%"
"22.12.2022","166,500","171,750","171,750","163,000","255,82K","-0,30%"
"21.12.2022","167,000","170,000","175,000","166,000","1,11M","-0,60%"
"20.12.2022","168,000","164,750","170,000","158,250","35,68K","3,07%"
"19.12.2022","163,000","156,000","163,000","150,000","986,30K","4,49%"
"16.12.2022","156,000","161,500","161,500","154,000","668,65K","-2,50%"
"15.12.2022","160,000","157,000","160,000","154,000","202,25K","2,56%"
"14.12.2022","156,000","157,500","159,750","152,000","391,46K","0,32%"
"13.12.2022","155,500","152,750","158,000","152,750","251,94K","2,81%"
"12.12.2022","151,250","153,500","153,750","142,000","299,33K","-0,33%"
"07.12.2022","151,750","149,500","153,000","147,000","291,07K","4,12%"
"06.12.2022","145,750","141,000","146,000","140,000","441,92K","4,29%"
"05.12.2022","139,750","149,750","151,500","138,000","416,94K","-5,89%"
"02.12.2022","148,500","143,000","150,000","137,000","1,04M","3,48%"
"01.12.2022","143,500","132,000","144,000","131,000","601,64K","8,71%"
"30.11.2022","132,000","129,000","132,000","129,000","225,10K","2,33%"
"29.11.2022","129,000","124,000","129,750","124,000","287,04K","4,67%"
"28.11.2022","123,250","123,000","127,000","118,500","439,83K","1,86%"
"25.11.2022","121,000","122,000","125,750","120,250","425,37K","0,41%"
"24.11.2022","120,500","119,000","121,500","118,000","141,42K","2,12%"
"23.11.2022","118,000","119,000","130,000","115,750","813,85K","-0,84%"
"22.11.2022","119,000","119,750","122,000","115,000","377,85K","-0,63%"
"18.11.2022","119,750","116,000","121,000","115,000","420,49K","3,23%"
"17.11.2022","116,000","114,000","119,000","113,500","516,32K","2,43%"
"16.11.2022","113,250","106,750","116,000","104,500","593,09K","7,35%"
"15.11.2022","105,500","104,000","108,000","103,000","517,90K","0,96%"
"14.11.2022","104,500","102,000","106,000","97,400","239,13K","2,45%"
"11.11.2022","102,000","100,000","103,000","99,300","302,50K","3,03%"
"10.11.2022","99,000","97,000","99,900","97,000","98,04K","3,66%"
"09.11.2022","95,500","98,900","100,000","95,200","124,75K","-2,55%"
"08.11.2022","98,000","100,750","101,000","97,700","59,00K","-2,24%"
"07.11.2022","100,250","101,500","104,250","98,200","52,14K","-0,25%"
"04.11.2022","100,500","99,300","103,000","99,300","315,99K","1,41%"
"03.11.2022","99,100","101,000","103,000","95,000","86,39K","-2,12%"
"02.11.2022","101,250","99,700","104,500","99,700","111,46K","-1,70%"
"01.11.2022","103,000","100,000","103,500","99,500","402,18K","3,52%"
"31.10.2022","99,500","98,800","100,500","97,500","479,11K","1,12%"
"28.10.2022","98,400","97,900","98,600","95,000","406,22K","2,50%"
"27.10.2022","96,000","92,500","97,300","92,500","589,47K","1,80%"
"26.10.2022","94,300","95,000","98,500","92,000","627,03K","-0,53%"
"25.10.2022","94,800","87,800","95,800","86,100","431,88K","8,72%"
"24.10.2022","87,200","85,000","87,900","84,200","243,66K","1,51%"
"21.10.2022","85,900","83,900","86,700","83,300","112,54K","2,38%"
"20.10.2022","83,900","86,000","87,400","83,000","59,10K","-2,10%"
"19.10.2022","85,700","85,200","88,200","85,000","209,52K","-2,06%"
"18.10.2022","87,500","87,200","89,300","84,000","155,11K","-0,11%"
"17.10.2022","87,600","91,900","91,900","87,100","210,93K","-0,90%"
"14.10.2022","88,400","91,000","92,000","87,000","34,92K","-1,78%"
"13.10.2022","90,000","84,700","90,000","84,700","448,18K","5,26%"
"12.10.2022","85,500","86,400","89,800","85,000","296,16K","-1,16%"
"11.10.2022","86,500","91,300","93,200","86,500","126,56K","-5,67%"
"06.10.2022","91,700","94,400","94,400","91,000","219,46K","-1,19%"
"05.10.2022","92,800","93,000","94,900","91,800","312,81K","-1,07%"
"04.10.2022","93,800","92,000","94,900","91,500","87,18K","0,86%"
"03.10.2022","93,000","93,000","96,200","91,700","251,08K","1,09%"
"30.09.2022","92,000","94,500","95,200","91,200","107,40K","-0,65%"
"29.09.2022","92,600","91,000","94,700","86,300","178,53K","0,65%"
"28.09.2022","92,000","86,800","93,000","86,800","92,88K","5,87%"
"27.09.2022","86,900","89,600","92,800","83,000","178,25K","-3,55%"
"26.09.2022","90,100","94,000","95,900","88,000","222,99K","-4,25%"
"23.09.2022","94,100","98,800","99,000","94,000","169,57K","-5,71%"
"22.09.2022","99,800","99,700","101,250","97,500","105,34K","0,30%"
"21.09.2022","99,500","97,500","102,000","97,500","149,80K","-2,21%"
"20.09.2022","101,750","101,000","102,000","98,500","166,81K","0,74%"
"19.09.2022","101,000","104,750","104,750","100,500","211,98K","-2,42%"
"16.09.2022","103,500","96,000","103,500","96,000","507,50K","5,40%"
"15.09.2022","98,200","97,000","99,500","94,000","435,66K","2,61%"
"14.09.2022","95,700","92,900","96,800","92,900","237,46K","2,90%"
"13.09.2022","93,000","96,900","96,900","92,000","152,54K","-2,62%"
"12.09.2022","95,500","95,000","95,800","92,200","343,11K","1,27%"
"09.09.2022","94,300","97,000","97,000","93,500","204,13K","-0,74%"
"08.09.2022","95,000","97,400","97,700","90,000","281,72K","-1,04%"
"07.09.2022","96,000","88,300","96,500","88,300","446,30K","6,79%"
"06.09.2022","89,900","86,800","91,900","86,800","47,21K","-1,53%"
"05.09.2022","91,300","86,300","91,500","86,300","181,81K","3,63%"
"01.09.2022","88,100","89,900","91,000","86,500","229,97K","-2,33%"
"31.08.2022","90,200","93,100","96,500","87,300","342,79K","-2,91%"
"30.08.2022","92,900","95,500","95,500","92,500","346,37K","-2,21%"
"29.08.2022","95,000","93,400","98,700","93,400","256,12K","-0,21%"
"26.08.2022","95,200","99,800","99,800","93,600","316,67K","-2,16%"
"25.08.2022","97,300","94,700","98,000","91,500","322,00K","3,51%"
"24.08.2022","94,000","90,000","94,200","89,500","766,21K","5,03%"
"23.08.2022","89,500","85,100","89,800","85,100","172,40K","4,19%"
"22.08.2022","85,900","87,400","87,400","83,100","126,30K","-1,26%"
"19.08.2022","87,000","86,100","87,900","82,300","286,45K","-0,23%"
"18.08.2022","87,200","83,500","87,500","82,200","449,97K","6,21%"
"17.08.2022","82,100","82,800","84,000","81,200","156,03K","-0,85%"
"16.08.2022","82,800","85,800","85,800","82,200","314,84K","-2,13%"
"12.08.2022","84,600","83,500","84,600","81,500","237,66K","2,55%"
"11.08.2022","82,500","85,000","85,000","81,500","237,67K","0,00%"
"10.08.2022","82,500","84,000","85,400","81,700","497,79K","-1,43%"
"09.08.2022","83,700","87,200","87,900","82,500","295,23K","-3,90%"
"08.08.2022","87,100","85,000","89,300","83,700","688,25K","4,31%"
"05.08.2022","83,500","77,600","89,000","77,000","1,29M","8,16%"
"04.08.2022","77,200","75,100","77,500","73,900","543,87K","4,18%"
"03.08.2022","74,100","74,900","75,400","72,700","481,79K","-1,07%"
"02.08.2022","74,900","73,000","75,000","71,200","297,12K","2,88%"
"01.08.2022","72,800","75,800","76,900","72,500","697,24K","-2,93%"
"29.07.2022","75,000","77,000","78,200","71,900","398,42K","-2,98%"
"28.07.2022","77,300","76,000","77,700","74,300","846,51K","3,48%"
"27.07.2022","74,700","72,200","75,500","70,900","1,83M","3,75%"
"26.07.2022","72,000","72,600","73,300","70,800","613,97K","-1,10%"
"25.07.2022","72,800","70,800","73,000","70,500","593,58K","3,70%"
"22.07.2022","70,200","69,400","71,500","68,400","697,76K","0,57%"
"21.07.2022","69,800","66,200","71,100","66,200","504,08K","2,50%"
"20.07.2022","68,100","65,000","69,000","64,400","378,68K","4,77%"
"19.07.2022","65,000","64,000","65,300","62,600","259,64K","2,85%"
"18.07.2022","63,200","61,500","63,500","61,500","291,11K","2,76%"
"15.07.2022","61,500","62,000","62,200","59,600","160,07K","1,15%"
"14.07.2022","60,800","61,000","61,000","59,300","135,97K","0,33%"
"13.07.2022","60,600","59,100","61,700","59,100","553,45K","0,17%"
"12.07.2022","60,500","61,800","62,000","60,500","618,09K","-1,63%"
"11.07.2022","61,500","62,900","63,200","60,000","307,47K","-2,23%"
"08.07.2022","62,900","61,000","64,400","59,000","419,59K","4,83%"
"07.07.2022","60,000","57,000","62,500","55,200","650,05K","5,63%"
"06.07.2022","56,800","54,700","57,000","52,600","347,55K","3,84%"
"05.07.2022","54,700","50,300","54,700","50,300","296,55K","5,19%"
"04.07.2022","52,000","53,500","54,000","50,100","481,21K","-3,35%"
"01.07.2022","53,800","53,500","54,400","52,700","247,04K","-0,19%"
"30.06.2022","53,900","53,900","54,500","52,500","354,15K","0,94%"
"29.06.2022","53,400","54,000","54,300","52,100","106,75K","-0,74%"
"28.06.2022","53,800","51,000","54,000","51,000","274,66K","5,08%"
"27.06.2022","51,200","49,000","51,500","48,800","453,44K","2,40%"
"24.06.2022","50,000","49,300","51,500","49,300","184,20K","-1,38%"
"23.06.2022","50,700","51,700","53,000","48,600","156,22K","-2,12%"
"22.06.2022","51,800","52,000","53,400","51,200","144,45K","-2,26%"
"21.06.2022","53,000","53,500","54,200","52,100","96,47K","1,15%"
"16.06.2022","52,400","53,600","53,800","52,100","124,31K","-2,96%"
"15.06.2022","54,000","55,100","55,500","53,400","276,75K","-1,46%"
"14.06.2022","54,800","54,000","55,400","53,200","192,43K","0,92%"
"13.06.2022","54,300","55,400","55,400","51,000","242,79K","-1,99%"
"10.06.2022","55,400","53,900","55,700","53,100","384,23K","2,78%"
"09.06.2022","53,900","56,100","56,400","53,200","619,02K","-3,41%"
"08.06.2022","55,800","56,300","58,000","54,000","743,55K","-2,79%"
"07.06.2022","57,400","57,800","59,000","56,300","241,27K","-0,86%"
"06.06.2022","57,900","59,900","60,400","56,700","530,22K","-3,50%"
"03.06.2022","60,000","57,300","60,600","55,600","1,32M","4,71%"
"02.06.2022","57,300","56,000","57,900","56,000","333,60K","2,14%"
"01.06.2022","56,100","54,600","56,300","54,000","170,10K","2,37%"
"31.05.2022","54,800","56,500","56,900","54,000","220,79K","-3,18%"
"30.05.2022","56,600","55,500","57,400","55,100","77,96K","3,85%"
"27.05.2022","54,500","55,800","57,400","54,500","321,28K","-1,80%"
"26.05.2022","55,500","51,500","55,700","51,500","709,59K","8,40%"
"24.05.2022","51,200","50,800","51,500","49,500","147,57K","0,39%"
"23.05.2022","51,000","49,800","51,200","49,800","138,36K","2,00%"
"20.05.2022","50,000","50,000","51,500","49,000","78,12K","-0,99%"
"19.05.2022","50,500","51,000","51,000","49,100","176,34K","1,00%"
"17.05.2022","50,000","50,000","50,000","50,000","2,00K","-0,60%"
"16.05.2022","50,300","51,500","51,500","50,000","269,42K","0,20%"
"13.05.2022","50,200","50,200","50,200","50,200","0,02K","0,60%"
"12.05.2022","49,900","49,000","50,500","47,300","231,77K","3,42%"
"11.05.2022","48,250","48,000","50,500","47,200","230,72K","2,66%"
"10.05.2022","47,000","47,100","48,500","46,200","194,17K","-1,26%"
"09.05.2022","47,600","48,800","48,800","47,000","187,53K","-2,96%"
"06.05.2022","49,050","49,800","49,800","48,600","187,57K","-0,71%"
"05.05.2022","49,400","51,500","51,500","49,100","387,97K","-2,76%"
"04.05.2022","50,800","51,900","51,900","50,100","291,54K","-1,36%"
"03.05.2022","51,500","48,750","51,500","48,500","816,00K","4,89%"
"02.05.2022","49,100","51,500","51,500","48,800","235,89K","-1,80%"
"29.04.2022","50,000","51,000","51,300","50,000","294,94K","-1,19%"
"28.04.2022","50,600","49,800","51,000","49,500","490,87K","0,20%"
"27.04.2022","50,500","50,900","51,300","50,100","249,47K","0,80%"
"26.04.2022","50,100","51,800","51,800","50,000","406,86K","-3,09%"
"25.04.2022","51,700","52,200","53,000","50,100","254,96K","-1,15%"
"22.04.2022","52,300","52,900","54,200","52,000","240,31K","-1,32%"
"21.04.2022","53,000","54,900","55,800","52,500","274,98K","-3,46%"
"20.04.2022","54,900","55,300","56,000","54,300","63,49K","-0,72%"
"19.04.2022","55,300","54,800","55,500","54,100","235,62K","0,91%"
"18.04.2022","54,800","56,300","56,700","54,700","105,90K","-2,14%"
"13.04.2022","56,000","56,800","57,000","54,700","162,26K","-0,88%"
"12.04.2022","56,500","58,700","58,700","55,500","68,06K","-2,59%"
"11.04.2022","58,000","59,100","59,100","57,000","99,52K","-1,36%"
"08.04.2022","58,800","58,500","59,200","58,000","152,40K","0,34%"
"07.04.2022","58,600","56,800","58,900","56,100","209,82K","2,81%"
"06.04.2022","57,000","55,000","57,200","55,000","357,93K","1,79%"
"05.04.2022","56,000","56,000","56,800","55,200","197,47K","-0,88%"
"04.04.2022","56,500","56,500","56,600","55,400","435,01K","0,71%"
"01.04.2022","56,100","56,000","56,500","54,500","104,27K","1,26%"
"31.03.2022","55,400","56,100","57,000","54,500","153,60K","-1,77%"
"30.03.2022","56,400","57,500","57,500","55,700","330,57K","-1,40%"
"29.03.2022","57,200","58,900","59,300","56,500","153,53K","-2,72%"
"28.03.2022","58,800","58,800","59,600","57,000","102,79K","-0,17%"
"25.03.2022","58,900","55,500","59,400","55,000","309,28K","7,68%"
"23.03.2022","54,700","57,000","57,700","54,200","313,05K","-3,70%"
"22.03.2022","56,800","57,300","58,200","55,100","294,83K","0,00%"
"21.03.2022","56,800","57,000","58,400","56,100","105,73K","-0,35%"
"18.03.2022","57,000","58,300","58,500","56,800","160,12K","-1,04%"
"17.03.2022","57,600","58,000","59,000","57,000","251,84K","-0,86%"
"16.03.2022","58,100","58,900","59,500","57,000","158,91K","-0,68%"
"15.03.2022","58,500","59,400","60,700","56,700","99,66K","-1,52%"
"14.03.2022","59,400","61,500","61,500","57,500","154,45K","-4,19%"
"11.03.2022","62,000","62,800","63,700","61,100","172,23K","-1,27%"
"10.03.2022","62,800","62,700","62,900","61,000","146,10K","2,11%"
"09.03.2022","61,500","62,100","63,800","60,900","81,25K","-2,07%"
"08.03.2022","62,800","64,000","64,700","60,300","95,19K","-0,16%"
"07.03.2022","62,900","63,700","64,700","62,600","153,18K","-1,26%"
"04.03.2022","63,700","63,500","64,600","62,000","307,46K","-0,31%"
"03.03.2022","63,900","65,500","65,600","63,200","364,30K","-0,47%"
"02.03.2022","64,200","64,900","65,800","64,000","251,74K","0,31%"
"25.02.2022","64,000","63,200","65,400","62,500","402,29K","1,27%"
"24.02.2022","63,200","64,500","65,000","60,200","300,21K","-3,22%"
"23.02.2022","65,300","65,800","66,900","62,800","427,98K","-0,76%"
"22.02.2022","65,800","66,700","66,700","64,400","225,29K","1,23%"
"21.02.2022","65,000","63,500","66,700","62,300","592,11K","3,50%"
"18.02.2022","62,800","60,800","64,500","59,100","842,08K","3,12%"
"17.02.2022","60,900","59,400","61,200","59,400","370,57K","2,70%"
"16.02.2022","59,300","58,000","59,400","57,300","266,88K","2,77%"
"15.02.2022","57,700","57,900","58,400","56,700","33,36K","-0,17%"
"14.02.2022","57,800","60,000","60,000","57,100","193,37K","-2,03%"
"11.02.2022","59,000","58,800","59,500","57,400","196,16K","3,51%"
"10.02.2022","57,000","58,000","58,900","57,000","73,72K","-2,40%"
"09.02.2022","58,400","58,500","59,000","57,300","117,16K","-0,17%"
"08.02.2022","58,500","60,000","61,000","58,100","271,18K","-2,17%"
"07.02.2022","59,800","58,500","60,000","57,800","246,11K","3,46%"
"04.02.2022","57,800","58,400","58,800","55,700","330,45K","0,52%"
"03.02.2022","57,500","58,200","58,200","54,500","706,56K","0,00%"
"02.02.2022","57,500","59,100","60,000","56,300","484,28K","-2,04%"
"01.02.2022","58,700","57,800","60,800","54,100","650,52K","0,34%"
"31.01.2022","58,500","51,300","59,400","51,000","811,19K","14,04%"
"28.01.2022","51,300","51,000","52,600","49,600","425,15K","3,64%"
"27.01.2022","49,500","49,000","49,550","48,000","221,32K","2,27%"
"26.01.2022","48,400","49,500","50,400","48,000","318,30K","-1,53%"
"25.01.2022","49,150","46,500","49,400","45,200","320,11K","5,93%"
"24.01.2022","46,400","49,250","50,300","45,900","351,55K","-5,79%"
"21.01.2022","49,250","51,700","51,700","49,000","338,76K","-4,37%"
"20.01.2022","51,500","51,000","51,900","51,000","79,91K","0,98%"
"19.01.2022","51,000","52,000","52,500","50,000","153,40K","-1,73%"
"18.01.2022","51,900","52,400","53,000","51,400","130,09K","-0,38%"
"17.01.2022","52,100","52,500","52,900","52,000","55,49K","-1,33%"
"14.01.2022","52,800","52,900","53,000","51,800","88,65K","0,00%"
"13.01.2022","52,800","52,500","53,300","52,200","56,11K","-0,38%"
"12.01.2022","53,000","53,000","53,500","52,000","123,80K","0,38%"
"11.01.2022","52,800","52,500","52,800","51,800","94,89K","0,76%"
"10.01.2022","52,400","52,900","52,900","51,900","103,89K","-1,13%"
"07.01.2022","53,000","53,400","54,000","52,400","103,58K","-1,67%"
"06.01.2022","53,900","53,300","53,900","52,500","77,63K","-0,37%"
"05.01.2022","54,100","54,200","54,400","52,600","45,81K","-0,18%"
"04.01.2022","54,200","54,900","54,900","52,000","49,15K","-0,55%"
"03.01.2022","54,500","54,100","54,500","53,000","256,08K","0,55%"
"30.12.2021","54,200","55,500","55,500","53,300","130,64K","-0,37%"
"29.12.2021","54,400","54,500","54,500","52,600","74,42K","2,64%"
"28.12.2021","53,000","55,000","55,000","52,900","302,99K","-2,75%"
"27.12.2021","54,500","55,000","55,800","54,100","71,51K","-1,45%"
"23.12.2021","55,300","55,000","55,900","54,800","151,32K","-1,07%"
"22.12.2021","55,900","56,500","56,800","55,000","96,73K","-0,89%"
"21.12.2021","56,400","56,000","56,900","55,700","140,34K","0,18%"
"20.12.2021","56,300","57,000","57,000","55,000","167,55K","-1,05%"
"17.12.2021","56,900","58,000","58,000","56,500","120,46K","-1,04%"
"16.12.2021","57,500","57,300","58,500","56,700","283,73K","0,88%"
"15.12.2021","57,000","59,000","59,400","56,500","127,57K","-3,39%"
"14.12.2021","59,000","59,600","59,900","58,500","104,51K","-1,01%"
"13.12.2021","59,600","60,900","61,000","59,200","260,64K","-3,25%"
"10.12.2021","61,600","61,900","61,900","59,800","150,26K","2,16%"
"09.12.2021","60,300","61,000","61,500","59,800","271,68K","-1,63%"
"07.12.2021","61,300","59,500","62,800","59,500","160,53K","0,00%"
"06.12.2021","61,300","60,000","61,900","58,900","246,71K","2,51%"
"03.12.2021","59,800","60,900","61,000","56,500","168,01K","0,17%"
"02.12.2021","59,700","58,000","60,900","57,300","258,67K","4,55%"
"01.12.2021","57,100","53,800","57,400","53,800","483,94K","6,53%"
"30.11.2021","53,600","53,400","54,500","51,600","189,91K","0,37%"
"29.11.2021","53,400","55,000","58,500","53,000","57,88K","-2,55%"
"26.11.2021","54,800","57,300","57,300","53,100","295,99K","-6,32%"
"25.11.2021","58,500","57,000","59,000","56,000","127,07K","2,63%"
"24.11.2021","57,000","55,200","57,400","55,200","65,14K","1,06%"
"23.11.2021","56,400","56,000","57,300","54,300","127,81K","-0,35%"
"19.11.2021","56,600","56,500","57,500","54,800","229,45K","0,18%"
"18.11.2021","56,500","56,500","56,500","54,100","308,67K","0,89%"
"17.11.2021","56,000","57,000","57,800","54,000","276,20K","-0,53%"
"16.11.2021","56,300","59,000","59,300","55,400","725,78K","-4,09%"
"15.11.2021","58,700","61,700","63,600","58,400","600,76K","-4,24%"
"12.11.2021","61,300","64,500","64,500","61,000","447,23K","-4,07%"
"11.11.2021","63,900","66,500","68,300","63,700","723,68K","-3,77%"
"10.11.2021","66,400","68,000","69,800","65,500","1,05M","-0,90%"
"09.11.2021","67,000","68,000","70,400","66,800","923,47K","-1,33%"
"08.11.2021","67,900","65,300","67,900","64,000","570,89K","3,98%"
"05.11.2021","65,300","65,800","65,800","64,800","150,95K","0,93%"
"04.11.2021","64,700","65,900","65,900","63,500","238,59K","-1,67%"
"03.11.2021","65,800","65,000","65,900","64,000","368,75K","1,39%"
"02.11.2021","64,900","65,700","65,800","63,900","363,26K","0,15%"
"01.11.2021","64,800","61,100","65,000","61,100","380,83K","4,68%"
"29.10.2021","61,900","67,000","67,000","61,300","366,64K","-6,21%"
"28.10.2021","66,000","65,900","67,400","64,000","277,66K","0,00%"
"27.10.2021","66,000","70,000","70,800","65,000","449,11K","-5,58%"
"26.10.2021","69,900","70,400","71,000","68,600","490,36K","0,00%"
"25.10.2021","69,900","68,700","71,000","68,100","581,83K","2,79%"
"22.10.2021","68,000","67,200","68,200","65,000","637,87K","0,15%"
"21.10.2021","67,900","62,800","68,200","60,000","737,06K","8,47%"
"20.10.2021","62,600","60,000","62,900","59,200","442,83K","5,92%"
"19.10.2021","59,100","57,700","59,200","56,000","240,62K","4,05%"
"18.10.2021","56,800","55,100","57,500","55,100","287,51K","1,97%"
"15.10.2021","55,700","55,900","55,900","55,100","331,02K","1,27%"
"14.10.2021","55,000","54,400","55,200","54,400","172,07K","1,48%"
"13.10.2021","54,200","53,900","54,500","53,000","338,75K","1,50%"
"12.10.2021","53,400","53,500","54,500","52,000","292,88K","1,33%"
"07.10.2021","52,700","52,300","53,400","51,600","356,65K","-0,19%"
"06.10.2021","52,800","53,200","53,700","52,000","158,10K","-2,04%"
"05.10.2021","53,900","53,900","54,800","52,800","588,47K","0,19%"
"04.10.2021","53,800","50,500","53,900","50,400","458,30K","6,53%"
"01.10.2021","50,500","50,900","52,100","49,500","140,29K","2,02%"
"30.09.2021","49,500","48,900","51,300","48,600","434,12K","1,12%"
"29.09.2021","48,950","48,000","49,000","48,000","170,72K","2,19%"
"28.09.2021","47,900","48,600","48,600","47,000","159,63K","-1,64%"
"27.09.2021","48,700","48,600","49,800","48,000","165,55K","0,31%"
"24.09.2021","48,550","49,700","50,000","48,100","171,90K","-1,42%"
"23.09.2021","49,250","49,600","50,400","48,100","524,97K","-0,71%"
"22.09.2021","49,600","49,000","49,750","48,350","821,30K","3,33%"
"21.09.2021","48,000","47,200","48,300","47,000","594,25K","2,13%"
"20.09.2021","47,000","50,700","50,700","46,850","879,36K","-10,13%"
"17.09.2021","52,300","49,400","53,200","49,000","1,19M","3,56%"
"16.09.2021","50,500","46,200","50,500","44,500","1,60M","8,02%"
"15.09.2021","46,750","45,900","47,400","44,400","1,46M","2,86%"
"14.09.2021","45,450","45,200","45,500","44,000","1,29M","1,34%"
"13.09.2021","44,850","44,000","45,600","43,550","1,66M","9,79%"
"10.09.2021","40,850","42,000","42,150","40,100","833,10K","-2,16%"
"09.09.2021","41,750","43,500","44,000","41,100","721,23K","-3,36%"
"08.09.2021","43,200","43,800","43,800","41,750","1,06M","0,47%"
"07.09.2021","43,000","43,750","44,700","43,000","1,55M","0,23%"
"06.09.2021","42,900","41,000","42,950","40,500","478,70K","4,63%"
"03.09.2021","41,000","40,800","41,500","40,300","335,99K","-1,44%"
"02.09.2021","41,600","42,600","42,900","40,300","689,34K","-0,60%"
"01.09.2021","41,850","43,400","45,700","41,700","1,22M","-4,45%"
"31.08.2021","43,800","44,250","44,500","42,000","935,26K","0,46%"
"30.08.2021","43,600","40,000","44,000","40,000","1,72M","10,38%"
"27.08.2021","39,500","38,500","40,650","37,150","1,09M","2,46%"
"26.08.2021","38,550","36,450","39,500","36,350","895,16K","5,04%"
"25.08.2021","36,700","36,200","37,000","35,500","1,14M","1,94%"
"24.08.2021","36,000","34,000","36,400","33,750","980,99K","7,46%"
"23.08.2021","33,500","32,150","33,500","32,000","272,76K","4,20%"
"20.08.2021","32,150","31,850","32,200","31,550","376,39K","0,78%"
"19.08.2021","31,900","32,700","32,700","31,400","421,07K","-2,89%"
"18.08.2021","32,850","32,350","33,150","32,150","183,88K","-0,45%"
"17.08.2021","33,000","33,700","33,750","32,600","235,54K","-2,22%"
"13.08.2021","33,750","33,550","33,900","33,250","285,96K","0,60%"
"12.08.2021","33,550","33,350","34,000","33,200","280,25K","0,75%"
"11.08.2021","33,300","32,850","33,900","32,250","716,13K","1,37%"
"10.08.2021","32,850","32,250","33,250","32,050","296,15K","1,86%"
"09.08.2021","32,250","32,750","33,000","32,050","123,66K","-1,53%"
"06.08.2021","32,750","32,800","33,000","32,100","96,59K","0,31%"
"05.08.2021","32,650","31,950","32,800","31,450","246,49K","3,82%"
"04.08.2021","31,450","32,250","32,700","31,350","79,07K","-2,48%"
"03.08.2021","32,250","32,300","33,200","31,050","126,84K","-0,62%"
"02.08.2021","32,450","33,300","33,300","31,750","322,40K","0,31%"
"30.07.2021","32,350","33,900","33,900","32,300","170,73K","-3,86%"
"29.07.2021","33,650","32,650","34,000","32,650","337,68K","1,51%"
"28.07.2021","33,150","33,700","33,950","32,700","80,02K","-2,21%"
"27.07.2021","33,900","33,150","33,900","32,150","380,99K","0,59%"
"26.07.2021","33,700","34,400","34,900","33,500","203,33K","-2,03%"
"23.07.2021","34,400","34,000","34,600","33,550","743,11K","0,00%"
"22.07.2021","34,400","34,000","34,500","33,500","431,16K","0,15%"
"21.07.2021","34,350","33,350","34,450","33,350","269,26K","3,15%"
"20.07.2021","33,300","33,000","33,500","32,000","118,92K","2,46%"
"19.07.2021","32,500","32,500","33,150","31,550","238,95K","-1,52%"
"16.07.2021","33,000","33,300","33,300","32,300","259,83K","-0,60%"
"15.07.2021","33,200","33,200","33,700","33,000","269,46K","-0,15%"
"14.07.2021","33,250","33,150","33,400","32,800","229,67K","1,53%"
"13.07.2021","32,750","32,500","32,750","31,700","256,14K","2,34%"
"12.07.2021","32,000","31,000","32,000","30,800","121,80K","3,73%"
"08.07.2021","30,850","30,900","30,950","29,650","395,47K","0,49%"
"07.07.2021","30,700","32,400","32,400","30,400","430,72K","-3,61%"
"06.07.2021","31,850","32,450","32,800","31,250","335,90K","-1,24%"
"05.07.2021","32,250","32,050","32,800","32,050","304,10K","0,16%"
"02.07.2021","32,200","32,000","32,300","31,500","112,93K","2,22%"
"01.07.2021","31,500","31,850","32,000","31,200","207,68K","0,00%"
"30.06.2021","31,500","30,500","31,800","30,500","682,67K","0,64%"
"29.06.2021","31,300","32,000","32,500","31,100","471,86K","-1,88%"
"28.06.2021","31,900","31,600","32,800","31,000","228,96K","0,63%"
"25.06.2021","31,700","30,900","31,700","30,050","550,68K","-1,25%"
"24.06.2021","32,100","31,700","32,150","30,900","653,28K","4,56%"
"23.06.2021","30,700","31,600","32,000","30,700","781,79K","-1,13%"
"22.06.2021","31,050","31,500","32,600","31,000","1,48M","-4,46%"
"18.06.2021","32,500","32,900","33,200","30,550","438,03K","0,93%"
"17.06.2021","32,200","33,600","34,700","32,000","642,23K","-5,01%"
"16.06.2021","33,900","33,850","34,700","33,200","657,99K","0,30%"
"15.06.2021","33,800","33,400","34,000","32,000","457,17K","1,20%"
"14.06.2021","33,400","31,600","33,500","31,450","659,50K","6,20%"
"11.06.2021","31,450","31,800","32,000","30,450","581,30K","-1,41%"
"10.06.2021","31,900","33,400","35,400","31,000","1,57M","-4,06%"
"09.06.2021","33,250","31,000","33,600","31,000","1,27M","7,26%"
"08.06.2021","31,000","30,800","31,300","28,700","901,10K","1,64%"
"07.06.2021","30,500","29,550","31,700","29,400","2,36M","3,39%"
"04.06.2021","29,500","28,500","29,600","28,100","786,16K","3,15%"
"03.06.2021","28,600","28,000","28,900","25,900","702,66K","0,70%"
"02.06.2021","28,400","27,800","28,500","27,400","735,51K","3,46%"
"01.06.2021","27,450","27,000","27,700","26,750","694,15K","2,04%"
"31.05.2021","26,900","26,600","27,250","25,900","383,53K","1,51%"
"28.05.2021","26,500","26,200","26,800","26,000","524,12K","0,76%"
"27.05.2021","26,300","25,400","26,450","25,100","1,92M","3,54%"
"26.05.2021","25,400","24,150","25,400","23,850","402,00K","5,18%"
"21.05.2021","24,150","24,250","24,300","23,750","278,31K","0,42%"
"20.05.2021","24,050","23,550","24,300","23,500","465,36K","0,21%"
"19.05.2021","24,000","24,300","24,450","23,100","100,79K","-1,23%"
"18.05.2021","24,300","24,400","24,900","23,800","846,35K","-1,22%"
"17.05.2021","24,600","24,500","24,650","23,550","350,74K","1,23%"
"14.05.2021","24,300","23,400","24,300","23,400","492,54K","4,29%"
"13.05.2021","23,300","23,200","23,700","23,150","286,87K","0,22%"
"12.05.2021","23,250","23,200","23,750","23,200","137,96K","-1,48%"
"11.05.2021","23,600","23,800","23,800","23,250","115,61K","-0,84%"
"10.05.2021","23,800","24,700","24,700","23,700","176,32K","0,21%"
"07.05.2021","23,750","23,250","24,150","23,250","420,25K","3,49%"
"06.05.2021","22,950","22,800","23,300","22,500","146,24K","0,22%"
"05.05.2021","22,900","23,450","23,450","22,900","131,65K","-1,29%"
"04.05.2021","23,200","23,400","23,500","22,900","218,48K","-2,52%"
"03.05.2021","23,800","23,550","24,100","23,300","402,50K","0,00%"
"30.04.2021","23,800","23,950","24,500","23,150","604,85K","-0,83%"
"29.04.2021","24,000","24,100","24,450","23,700","354,67K","-0,41%"
"28.04.2021","24,100","23,850","24,500","23,650","445,88K","1,05%"
"27.04.2021","23,850","23,600","23,900","23,150","384,26K","0,42%"
"26.04.2021","23,750","22,850","23,900","22,650","369,96K","3,49%"
"23.04.2021","22,950","23,000","23,100","22,500","97,57K","-0,22%"
"22.04.2021","23,000","22,350","23,200","21,700","374,61K","1,55%"
"21.04.2021","22,650","21,400","22,700","21,000","1,03M","4,86%"
"20.04.2021","21,600","22,000","22,150","21,350","394,12K","-2,04%"
"19.04.2021","22,050","22,150","22,300","22,000","150,89K","-0,45%"
"16.04.2021","22,150","21,700","22,200","20,800","163,55K","2,07%"
"15.04.2021","21,700","22,250","22,350","21,600","265,90K","-2,03%"
"14.04.2021","22,150","22,500","23,150","22,000","351,11K","-2,85%"
"13.04.2021","22,800","22,750","23,000","22,000","125,90K","0,44%"
"12.04.2021","22,700","23,000","23,000","22,550","219,59K","-1,30%"
"09.04.2021","23,000","23,000","23,200","22,600","64,04K","0,44%"
"08.04.2021","22,900","23,100","23,300","22,800","81,29K","-0,43%"
"07.04.2021","23,000","23,900","23,900","22,850","717,94K","-0,65%"
"06.04.2021","23,150","22,600","23,350","22,450","1,21M","2,66%"
"05.04.2021","22,550","22,100","22,700","22,100","175,95K","-0,22%"
"31.03.2021","22,600","22,900","23,300","22,000","144,88K","-0,66%"
"30.03.2021","22,750","22,100","22,950","22,000","87,59K","1,34%"
"29.03.2021","22,450","22,000","22,450","21,350","109,58K","2,05%"
"26.03.2021","22,000","22,700","23,650","22,000","105,96K","-2,22%"
"25.03.2021","22,500","22,500","23,000","22,200","259,09K","-2,60%"
"23.03.2021","23,100","23,100","23,350","22,900","103,83K","0,00%"
"22.03.2021","23,100","23,000","23,300","22,750","476,90K","0,87%"
"19.03.2021","22,900","23,000","23,900","22,600","654,14K","-0,65%"
"18.03.2021","23,050","24,400","24,400","23,050","414,34K","-4,36%"
"17.03.2021","24,100","24,700","24,900","23,800","311,49K","-2,23%"
"16.03.2021","24,650","25,600","25,600","24,600","432,66K","-3,33%"
"15.03.2021","25,500","24,500","26,000","24,500","559,40K","4,72%"
"12.03.2021","24,350","23,900","25,000","23,500","506,38K","2,10%"
"11.03.2021","23,850","23,300","23,900","22,800","302,71K","3,25%"
"10.03.2021","23,100","22,650","23,150","22,300","429,30K","2,21%"
"09.03.2021","22,600","22,900","23,450","22,400","373,36K","-0,44%"
"08.03.2021","22,700","23,900","23,900","22,600","322,61K","-5,42%"
"05.03.2021","24,000","24,150","24,500","23,450","270,71K","-0,83%"
"04.03.2021","24,200","24,600","24,900","24,050","370,80K","-2,02%"
"03.03.2021","24,700","25,500","25,500","24,400","244,90K","-3,52%"
"02.03.2021","25,600","26,000","26,000","25,150","194,16K","-2,48%"
"01.03.2021","26,250","26,100","27,000","25,550","157,42K","0,57%"
"26.02.2021","26,100","26,900","26,950","26,100","70,86K","-1,88%"
"25.02.2021","26,600","27,500","27,900","26,600","132,63K","-3,27%"
"24.02.2021","27,500","26,600","27,600","26,000","187,36K","3,38%"
"23.02.2021","26,600","27,050","27,850","25,800","197,17K","-1,48%"
"22.02.2021","27,000","28,850","28,850","27,000","89,36K","-4,59%"
"19.02.2021","28,300","28,800","28,800","27,800","52,32K","-1,74%"
"18.02.2021","28,800","28,050","28,900","27,500","238,58K","0,52%"
"17.02.2021","28,650","28,500","28,700","27,700","133,18K","1,96%"
"12.02.2021","28,100","28,050","28,450","28,000","92,54K","-0,71%"
"11.02.2021","28,300","28,600","29,100","28,100","84,10K","-0,70%"
"10.02.2021","28,500","29,100","29,200","28,500","102,58K","-1,38%"
"09.02.2021","28,900","29,100","29,550","28,500","381,07K","-0,34%"
"08.02.2021","29,000","27,500","29,100","27,500","510,63K","6,03%"
"05.02.2021","27,350","27,500","28,150","27,300","103,54K","-0,36%"
"04.02.2021","27,450","27,800","28,150","27,450","211,43K","-0,72%"
"03.02.2021","27,650","27,150","27,650","26,600","452,13K","3,95%"
"02.02.2021","26,600","27,200","27,500","26,600","91,58K","-1,12%"
"01.02.2021","26,900","26,250","27,350","26,000","135,55K","1,89%"
"29.01.2021","26,400","27,000","27,500","26,300","86,65K","-2,94%"
"28.01.2021","27,200","27,500","27,500","26,800","190,98K","-0,37%"
"27.01.2021","27,300","27,450","27,700","26,950","120,72K","0,74%"
"26.01.2021","27,100","27,950","27,950","26,850","116,84K","-0,91%"
"25.01.2021","27,350","27,000","27,650","26,900","190,99K","0,92%"
"22.01.2021","27,100","26,200","27,500","26,150","79,68K","0,37%"
"21.01.2021","27,000","27,850","27,850","26,300","239,39K","-1,82%"
"20.01.2021","27,500","27,100","27,650","27,100","245,69K","-1,08%"
"19.01.2021","27,800","27,900","27,900","27,100","161,13K","0,72%"
"18.01.2021","27,600","27,000","27,600","26,450","98,51K","0,00%"
"15.01.2021","27,600","27,650","27,650","26,950","344,45K","0,36%"
"14.01.2021","27,500","27,150","27,500","26,800","186,05K","1,29%"
"13.01.2021","27,150","27,300","27,850","26,750","339,92K","-0,18%"
"12.01.2021","27,200","27,700","27,950","27,100","253,77K","-2,16%"
"11.01.2021","27,800","27,800","28,200","26,600","191,46K","-0,36%"
"08.01.2021","27,900","28,700","29,000","27,800","148,27K","-2,79%"
"07.01.2021","28,700","29,100","29,400","28,450","473,93K","-1,37%"
"06.01.2021","29,100","29,300","29,450","28,500","317,91K","0,17%"
"05.01.2021","29,050","29,000","29,450","28,400","335,90K","-1,02%"
"04.01.2021","29,350","29,250","29,350","28,150","325,90K","0,34%"
"30.12.2020","29,250","28,950","29,300","27,950","452,40K","2,27%"
"29.12.2020","28,600","26,200","28,750","26,200","464,30K","8,75%"
"28.12.2020","26,300","26,500","27,000","26,250","488,05K","-1,31%"
"23.12.2020","26,650","26,450","26,750","26,200","731,58K","0,95%"
"22.12.2020","26,400","27,150","27,900","26,300","291,14K","-3,65%"
"21.12.2020","27,400","27,900","27,900","25,500","416,41K","-2,14%"
"18.12.2020","28,000","29,000","29,550","27,500","393,11K","-4,44%"
"17.12.2020","29,300","30,500","30,500","28,900","400,98K","-1,68%"
"16.12.2020","29,800","30,500","30,500","29,700","159,02K","-1,16%"
"15.12.2020","30,150","30,800","30,800","29,300","149,97K","0,50%"
"14.12.2020","30,000","31,000","31,000","29,600","363,25K","-0,17%"
"11.12.2020","30,050","29,000","30,100","29,000","266,72K","2,56%"
"10.12.2020","29,300","28,950","30,000","28,100","564,80K","1,74%"
"09.12.2020","28,800","30,100","31,500","28,650","477,38K","-3,84%"
"04.12.2020","29,950","31,800","31,800","29,800","433,96K","-4,01%"
"03.12.2020","31,200","32,500","33,000","30,200","704,92K","-3,11%"
"02.12.2020","32,200","31,600","32,550","31,450","1,53M","2,55%"
"01.12.2020","31,400","29,400","31,800","29,200","1,61M","7,72%"
"30.11.2020","29,150","29,950","30,050","28,550","687,72K","-0,34%"
"27.11.2020","29,250","27,300","29,550","27,200","1,21M","7,54%"
"26.11.2020","27,200","27,900","27,900","27,100","423,21K","0,37%"
"25.11.2020","27,100","27,700","27,700","27,000","736,47K","-0,37%"
"24.11.2020","27,200","26,450","27,650","26,450","1,39M","3,03%"
"20.11.2020","26,400","26,800","26,800","26,000","187,60K","-0,94%"
"19.11.2020","26,650","27,500","27,500","26,600","265,99K","-2,02%"
"18.11.2020","27,200","28,000","28,350","26,900","299,14K","-3,20%"
"17.11.2020","28,100","28,500","28,500","27,500","271,59K","0,36%"
"16.11.2020","28,000","28,650","28,650","27,600","324,07K","0,36%"
"13.11.2020","27,900","28,500","28,500","27,600","284,02K","-0,71%"
"12.11.2020","28,100","30,200","30,200","27,800","804,03K","-6,95%"
"11.11.2020","30,200","30,100","30,300","29,500","1,12M","1,68%"
"10.11.2020","29,700","29,000","29,700","28,000","681,90K","2,41%"
"09.11.2020","29,000","29,700","30,000","28,900","487,21K","0,17%"
"06.11.2020","28,950","28,450","28,950","27,250","91,41K","1,40%"
"05.11.2020","28,550","28,200","28,700","26,500","423,76K","2,70%"
"04.11.2020","27,800","28,200","28,800","27,600","167,54K","-2,11%"
"03.11.2020","28,400","28,950","29,000","27,900","198,27K","0,71%"
"02.11.2020","28,200","26,600","28,300","26,600","221,08K","6,42%"
"30.10.2020","26,500","27,400","27,400","26,000","80,92K","-1,49%"
"29.10.2020","26,900","26,150","27,000","25,700","55,33K","3,46%"
"28.10.2020","26,000","26,700","26,950","25,650","194,97K","-4,41%"
"27.10.2020","27,200","29,150","29,800","27,200","363,01K","-7,01%"
"26.10.2020","29,250","30,800","30,950","29,100","453,37K","-5,49%"
"23.10.2020","30,950","30,700","31,000","27,750","602,95K","0,81%"
"22.10.2020","30,700","29,850","30,900","29,550","746,41K","2,33%"
"21.10.2020","30,000","29,100","30,150","28,650","617,96K","1,69%"
"20.10.2020","29,500","28,500","29,600","27,500","745,74K","4,24%"
"19.10.2020","28,300","26,700","28,500","25,500","1,14M","7,60%"
"16.10.2020","26,300","26,300","26,450","25,600","560,54K","-0,19%"
"15.10.2020","26,350","26,450","26,550","25,800","385,98K","-0,19%"
"14.10.2020","26,400","25,500","26,450","25,000","396,83K","2,13%"
"13.10.2020","25,850","24,750","25,850","24,050","340,31K","4,23%"
"09.10.2020","24,800","25,000","25,000","24,050","312,14K","-0,40%"
"08.10.2020","24,900","24,750","25,150","24,700","323,71K","0,00%"
"07.10.2020","24,900","25,900","26,000","24,750","472,20K","-3,11%"
"06.10.2020","25,700","26,050","26,600","25,700","235,86K","-1,72%"
"05.10.2020","26,150","25,850","26,350","25,500","409,92K","0,19%"
"02.10.2020","26,100","25,500","26,100","25,100","326,16K","1,75%"
"01.10.2020","25,650","24,700","25,850","23,950","396,05K","3,85%"
"30.09.2020","24,700","24,700","25,450","24,200","328,53K","-0,20%"
"29.09.2020","24,750","24,600","24,950","23,500","199,21K","-1,00%"
"28.09.2020","25,000","24,900","25,000","24,200","121,02K","0,40%"
"25.09.2020","24,900","24,050","24,900","24,000","197,46K","3,53%"
"24.09.2020","24,050","23,300","24,100","23,300","242,64K","3,22%"
"23.09.2020","23,300","23,800","23,800","22,300","265,31K","0,43%"
"22.09.2020","23,200","23,800","24,000","22,500","238,87K","-0,85%"
"21.09.2020","23,400","22,000","23,400","21,700","196,32K","1,74%"
"18.09.2020","23,000","21,000","23,400","20,800","360,11K","9,00%"
"17.09.2020","21,100","22,200","22,500","20,950","253,62K","-6,22%"
"16.09.2020","22,500","23,850","23,850","22,200","355,86K","-6,83%"
"15.09.2020","24,150","25,000","25,000","23,650","119,29K","-2,62%"
"14.09.2020","24,800","26,200","26,200","24,600","93,43K","-2,55%"
"11.09.2020","25,450","25,800","26,100","24,800","144,71K","-1,36%"
"10.09.2020","25,800","25,100","25,850","25,100","267,91K","1,98%"
"09.09.2020","25,300","25,000","25,400","24,550","308,62K","2,02%"
"08.09.2020","24,800","22,900","24,800","22,600","206,95K","4,42%"
"07.09.2020","23,750","23,500","23,850","23,350","162,00K","1,50%"
"04.09.2020","23,400","23,850","23,950","23,000","204,15K","-1,27%"
"03.09.2020","23,700","24,100","24,100","23,400","85,43K","-0,21%"
"02.09.2020","23,750","24,200","24,250","23,750","76,65K","-2,26%"
"01.09.2020","24,300","24,700","24,700","23,900","122,17K","0,62%"
"31.08.2020","24,150","24,850","24,900","24,000","309,53K","-1,23%"
"28.08.2020","24,450","23,900","24,500","23,150","422,19K","2,73%"
"27.08.2020","23,800","25,100","25,300","23,400","290,77K","-5,18%"
"26.08.2020","25,100","25,350","25,500","23,000","172,67K","0,00%"
"25.08.2020","25,100","25,700","25,900","25,050","349,95K","-3,09%"
"24.08.2020","25,900","26,750","26,750","25,800","263,99K","-3,90%"
"21.08.2020","26,950","26,950","27,150","26,500","442,92K","1,32%"
"20.08.2020","26,600","26,150","26,700","26,000","108,01K","1,92%"
"19.08.2020","26,100","26,350","26,350","25,250","175,64K","0,38%"
"18.08.2020","26,000","26,800","26,800","25,450","170,15K","-3,70%"
"14.08.2020","27,000","26,950","27,300","26,350","187,41K","-0,37%"
"13.08.2020","27,100","26,700","27,100","26,600","284,74K","1,31%"
"12.08.2020","26,750","27,350","27,750","25,200","578,72K","-3,25%"
"11.08.2020","27,650","27,850","27,950","27,350","220,60K","-0,72%"
"10.08.2020","27,850","27,750","27,900","27,200","306,41K","0,72%"
"07.08.2020","27,650","28,000","28,100","27,050","305,81K","-0,90%"
"06.08.2020","27,900","27,900","28,200","27,000","194,61K","0,72%"
"05.08.2020","27,700","29,300","29,300","27,450","368,72K","-2,81%"
"04.08.2020","28,500","28,700","29,750","27,200","1,47M","2,15%"
"03.08.2020","27,900","26,300","27,900","25,200","1,25M","4,49%"
"31.07.2020","26,700","27,000","27,050","26,100","147,26K","0,75%"
"30.07.2020","26,500","26,000","26,700","25,100","298,55K","1,92%"
"29.07.2020","26,000","27,000","27,000","25,550","383,32K","-1,14%"
"28.07.2020","26,300","26,900","27,350","26,100","515,66K","-2,59%"
"27.07.2020","27,000","27,600","27,900","26,500","1,05M","-2,17%"
"24.07.2020","27,600","27,550","27,600","26,100","634,31K","-0,36%"
"23.07.2020","27,700","28,000","28,700","26,500","754,61K","-1,07%"
"22.07.2020","28,000","27,300","28,100","26,900","600,07K","3,32%"
"21.07.2020","27,100","26,750","27,300","26,600","343,39K","1,12%"
"20.07.2020","26,800","27,250","27,250","26,600","363,98K","-0,92%"
"17.07.2020","27,050","27,500","27,600","26,300","430,77K","-0,37%"
"16.07.2020","27,150","27,450","27,450","26,000","217,34K","-1,27%"
"15.07.2020","27,500","27,800","28,000","27,050","396,12K","-0,72%"
"14.07.2020","27,700","27,300","27,800","26,200","351,44K","1,65%"
"13.07.2020","27,250","27,500","27,850","27,000","684,95K","1,49%"
"08.07.2020","26,850","25,100","26,950","25,000","746,26K","7,40%"
"07.07.2020","25,000","25,750","25,750","24,550","676,73K","-0,79%"
"06.07.2020","25,200","23,900","25,300","23,700","766,20K","10,04%"
"03.07.2020","22,900","22,250","23,000","22,200","479,37K","3,62%"
"02.07.2020","22,100","22,950","22,950","22,000","167,51K","-1,78%"
"01.07.2020","22,500","22,150","23,100","21,700","248,83K","-0,88%"
"30.06.2020","22,700","23,300","24,000","22,000","198,97K","-2,37%"
"29.06.2020","23,250","23,000","23,750","23,000","113,61K","0,65%"
"26.06.2020","23,100","23,600","23,900","23,000","89,20K","-2,12%"
"25.06.2020","23,600","23,200","23,650","22,950","254,05K","1,94%"
"24.06.2020","23,150","23,700","23,700","22,750","144,52K","-1,07%"
"23.06.2020","23,400","24,300","25,000","23,300","613,37K","-3,70%"
"22.06.2020","24,300","25,450","25,450","24,000","317,93K","-3,19%"
"19.06.2020","25,100","25,000","25,500","23,400","352,03K","4,37%"
"18.06.2020","24,050","25,000","25,000","23,000","300,34K","-7,14%"
"17.06.2020","25,900","27,500","27,500","25,900","159,10K","-2,63%"
"16.06.2020","26,600","26,100","27,500","26,100","417,29K","2,31%"
"12.06.2020","26,000","26,250","27,450","25,200","275,39K","0,78%"
"11.06.2020","25,800","28,400","28,400","24,650","611,28K","-9,15%"
"10.06.2020","28,400","28,150","28,900","27,100","446,60K","-0,18%"
"09.06.2020","28,450","29,700","29,850","27,900","517,89K","-5,32%"
"08.06.2020","30,050","28,500","30,200","28,300","1,00M","8,29%"
"05.06.2020","27,750","27,500","28,200","27,500","383,98K","1,09%"
"04.06.2020","27,450","27,250","27,800","26,300","367,49K","0,92%"
"03.06.2020","27,200","28,000","28,700","27,200","316,56K","-1,63%"
"02.06.2020","27,650","27,000","28,000","27,000","214,09K","3,95%"
"01.06.2020","26,600","26,000","26,950","26,000","825,06K","3,10%"
"29.05.2020","25,800","26,750","27,150","25,000","142,19K","-3,73%"
"28.05.2020","26,800","27,700","28,000","26,500","158,83K","-3,94%"
"27.05.2020","27,900","28,150","28,300","26,850","242,12K","-0,36%"
"26.05.2020","28,000","28,000","28,500","27,000","223,75K","0,90%"
"22.05.2020","27,750","28,500","28,700","27,100","309,89K","-2,63%"
"21.05.2020","28,500","28,400","29,000","28,000","546,55K","0,00%"
"20.05.2020","28,500","28,650","29,450","27,800","796,17K","-2,73%"
"19.05.2020","29,300","29,550","29,550","28,600","353,80K","-1,01%"
"18.05.2020","29,600","30,000","30,450","29,000","286,33K","0,34%"
"15.05.2020","29,500","29,000","29,600","28,050","226,99K","2,08%"
"14.05.2020","28,900","27,650","29,050","27,650","347,53K","3,96%"
"13.05.2020","27,800","28,000","28,700","26,600","505,75K","-2,80%"
"12.05.2020","28,600","28,000","29,000","28,000","544,31K","2,88%"
"11.05.2020","27,800","27,450","28,150","27,000","442,21K","2,96%"
"08.05.2020","27,000","27,700","28,200","27,000","516,72K","-2,17%"
"07.05.2020","27,600","27,950","28,350","26,100","1,02M","-1,08%"
"06.05.2020","27,900","24,700","28,200","24,050","1,02M","12,73%"
"05.05.2020","24,750","24,950","25,200","24,000","565,40K","0,00%"
"04.05.2020","24,750","23,000","24,800","22,400","304,80K","7,14%"
"30.04.2020","23,100","21,500","23,200","21,500","406,03K","5,96%"
"29.04.2020","21,800","22,350","22,700","21,300","437,01K","0,69%"
"28.04.2020","21,650","20,150","22,300","20,150","528,07K","7,44%"
"27.04.2020","20,150","19,450","20,300","19,050","178,84K","3,60%"
"24.04.2020","19,450","20,300","20,300","19,200","151,13K","-4,42%"
"23.04.2020","20,350","20,500","20,500","19,700","140,00K","0,25%"
"22.04.2020","20,300","19,850","20,600","19,800","213,54K","2,78%"
"21.04.2020","19,750","20,250","20,250","19,600","134,55K","-2,71%"
"20.04.2020","20,300","20,600","20,800","19,200","125,12K","0,50%"
"17.04.2020","20,200","21,000","21,000","19,900","128,54K","0,75%"
"16.04.2020","20,050","21,950","21,950","20,050","184,09K","-5,65%"
"15.04.2020","21,250","20,450","21,300","19,400","307,15K","2,41%"
"14.04.2020","20,750","20,150","21,000","20,000","215,38K","3,23%"
"13.04.2020","20,100","20,350","20,450","19,400","199,79K","-1,23%"
"08.04.2020","20,350","20,000","20,450","19,850","100,45K","2,78%"
"07.04.2020","19,800","19,500","20,550","19,500","259,38K","2,06%"
"06.04.2020","19,400","19,000","19,600","18,000","227,28K","4,02%"
"03.04.2020","18,650","18,250","19,050","17,900","195,06K","1,91%"
"02.04.2020","18,300","17,800","18,600","17,800","134,47K","2,81%"
"01.04.2020","17,800","17,800","17,800","17,000","144,99K","1,71%"
"30.03.2020","17,500","16,500","17,500","16,000","147,02K","5,11%"
"27.03.2020","16,650","16,800","16,800","16,350","160,01K","-2,63%"
"26.03.2020","17,100","18,300","18,950","16,950","245,79K","-3,93%"
"25.03.2020","17,800","17,500","18,000","17,000","203,06K","8,54%"
"20.03.2020","16,400","16,050","17,500","15,750","197,98K","3,80%"
"19.03.2020","15,800","16,100","16,900","15,200","183,25K","-1,86%"
"18.03.2020","16,100","18,750","18,950","15,350","198,48K","-15,71%"
"17.03.2020","19,100","17,150","19,500","17,100","213,20K","4,66%"
"16.03.2020","18,250","18,800","18,800","17,000","299,42K","-6,89%"
"13.03.2020","19,600","19,500","21,000","19,100","157,41K","-1,51%"
"12.03.2020","19,900","20,500","20,500","19,500","185,67K","-11,56%"
"11.03.2020","22,500","22,850","23,100","21,650","159,49K","-4,66%"
"10.03.2020","23,600","23,000","23,750","22,250","445,66K","7,52%"
"09.03.2020","21,950","22,650","22,900","20,000","311,54K","-8,35%"
"06.03.2020","23,950","24,950","25,500","23,950","210,30K","-6,26%"
"05.03.2020","25,550","25,000","26,700","24,000","417,56K","2,20%"
"04.03.2020","25,000","24,150","25,100","24,150","133,35K","2,88%"
"03.03.2020","24,300","24,000","24,900","23,900","481,52K","1,67%"
"02.03.2020","23,900","23,300","23,900","22,350","309,69K","8,39%"
"28.02.2020","22,050","21,900","22,900","20,200","304,88K","-0,68%"
"27.02.2020","22,200","22,700","23,200","21,300","307,96K","-3,27%"
"26.02.2020","22,950","24,000","24,000","22,750","578,83K","-10,00%"
"21.02.2020","25,500","25,900","26,750","25,050","115,06K","-1,35%"
"20.02.2020","25,850","25,850","26,450","25,400","93,16K","-1,15%"
"19.02.2020","26,150","26,000","26,400","25,700","179,70K","0,58%"
"18.02.2020","26,000","25,200","26,000","24,950","369,47K","3,38%"
"17.02.2020","25,150","24,950","25,150","24,400","154,39K","2,24%"
"14.02.2020","24,600","25,500","25,950","24,050","378,99K","-1,60%"
"13.02.2020","25,000","25,700","25,700","23,850","376,02K","-3,85%"
"12.02.2020","26,000","25,800","26,500","25,300","282,85K","0,78%"
"11.02.2020","25,800","27,050","27,100","25,750","377,86K","-5,67%"
"10.02.2020","27,350","27,850","28,800","26,900","148,81K","-2,32%"
"07.02.2020","28,000","29,000","29,050","27,750","171,82K","-1,75%"
"06.02.2020","28,500","28,500","29,000","28,100","43,08K","-0,70%"
"05.02.2020","28,700","30,000","30,000","28,500","388,30K","-2,71%"
"04.02.2020","29,500","30,000","30,350","28,600","157,42K","-1,34%"
"03.02.2020","29,900","29,500","29,900","28,700","307,13K","2,05%"
"31.01.2020","29,300","29,400","29,400","28,000","101,47K","-0,34%"
"30.01.2020","29,400","28,750","29,400","28,000","478,29K","1,03%"
"29.01.2020","29,100","30,000","30,400","28,650","275,24K","-1,52%"
"28.01.2020","29,550","28,300","29,700","28,150","479,68K","4,42%"
"27.01.2020","28,300","28,450","28,450","26,650","746,57K","-1,74%"
"24.01.2020","28,800","30,750","30,750","28,300","266,41K","-4,95%"
"23.01.2020","30,300","30,000","30,600","28,600","405,76K","0,17%"
"22.01.2020","30,250","29,500","30,250","28,600","417,03K","1,85%"
"21.01.2020","29,700","31,150","31,150","28,500","1,03M","-4,04%"
"20.01.2020","30,950","30,000","30,950","29,950","666,51K","4,21%"
"17.01.2020","29,700","29,000","30,000","28,450","1,34M","6,26%"
"16.01.2020","27,950","25,900","28,000","25,300","873,68K","10,47%"
"15.01.2020","25,300","25,200","25,950","25,000","215,39K","0,80%"
"14.01.2020","25,100","26,200","26,200","24,500","356,77K","-4,56%"
"13.01.2020","26,300","26,300","26,450","26,000","179,58K","1,15%"
"10.01.2020","26,000","26,750","27,000","26,000","440,26K","-2,80%"
"09.01.2020","26,750","26,200","26,900","25,700","454,86K","1,52%"
"08.01.2020","26,350","26,500","26,950","25,500","208,09K","-0,57%"
"07.01.2020","26,500","27,000","27,000","25,600","365,29K","1,92%"
"06.01.2020","26,000","25,600","26,600","24,200","360,00K","4,00%"
"03.01.2020","25,000","25,500","25,550","24,500","229,28K","-1,19%"
"02.01.2020","25,300","26,000","27,000","25,000","236,67K","-2,69%"
"30.12.2019","26,000","27,000","28,450","25,300","577,92K","-3,17%"
"27.12.2019","26,850","27,200","28,100","24,000","692,03K","0,19%"
"26.12.2019","26,800","23,600","26,900","23,400","1,25M","14,29%"
"23.12.2019","23,450","23,000","23,750","22,500","414,91K","1,52%"
"20.12.2019","23,100","23,350","23,500","22,500","336,46K","-0,43%"
"19.12.2019","23,200","23,000","23,650","22,950","140,56K","0,87%"
"18.12.2019","23,000","22,900","23,400","22,200","364,51K","1,77%"
"17.12.2019","22,600","23,300","23,450","22,000","395,32K","-3,00%"
"16.12.2019","23,300","22,700","23,700","22,700","507,16K","4,95%"
"13.12.2019","22,200","21,500","22,700","21,200","683,41K","4,23%"
"12.12.2019","21,300","22,100","22,700","21,000","565,45K","-2,52%"
"11.12.2019","21,850","22,450","22,850","21,200","557,88K","-2,67%"
"10.12.2019","22,450","23,900","23,900","22,300","298,78K","-6,26%"
"09.12.2019","23,950","23,900","24,000","23,050","545,36K","1,05%"
"06.12.2019","23,700","23,450","23,900","23,200","424,82K","1,94%"
"05.12.2019","23,250","22,950","23,350","22,100","413,19K","1,53%"
"04.12.2019","22,900","22,400","23,000","22,200","207,05K","3,15%"
"03.12.2019","22,200","23,100","23,100","21,900","154,13K","-3,06%"
"02.12.2019","22,900","23,050","23,700","22,500","168,50K","-0,65%"
"29.11.2019","23,050","23,400","23,500","23,000","214,79K","-1,28%"
"28.11.2019","23,350","23,050","23,450","22,350","281,93K","2,19%"
"27.11.2019","22,850","21,850","23,100","21,300","1,57M","3,86%"
"26.11.2019","22,000","22,600","22,950","21,200","931,20K","-2,00%"
"25.11.2019","22,450","21,700","22,700","21,200","758,87K","6,15%"
"22.11.2019","21,150","20,500","21,700","20,250","497,82K","4,70%"
"21.11.2019","20,200","20,950","20,950","20,200","452,53K","-0,98%"
"20.11.2019","20,400","20,400","21,800","20,250","1,02M","3,03%"
"19.11.2019","19,800","19,500","20,100","19,050","205,12K","1,54%"
"15.11.2019","19,500","19,750","20,300","19,050","301,27K","0,00%"
"14.11.2019","19,500","20,600","21,300","19,050","351,97K","-6,70%"
"13.11.2019","20,900","21,800","21,850","20,750","256,69K","-4,57%"
"12.11.2019","21,900","21,200","22,000","20,150","733,48K","2,34%"
"11.11.2019","21,400","22,400","22,400","20,900","398,04K","-2,95%"
"08.11.2019","22,050","24,250","24,900","22,050","815,54K","-7,74%"
"07.11.2019","23,900","23,200","24,250","22,750","2,43M","3,91%"
"06.11.2019","23,000","23,000","23,100","22,200","294,02K","0,66%"
"05.11.2019","22,850","23,600","23,750","22,500","776,09K","-1,51%"
"04.11.2019","23,200","22,300","23,200","22,300","966,51K","5,69%"
"01.11.2019","21,950","22,400","22,950","21,000","1,55M","0,46%"
"31.10.2019","21,850","21,000","23,000","21,000","1,25M","4,05%"
"30.10.2019","21,000","20,300","21,150","19,500","409,48K","5,53%"
"29.10.2019","19,900","19,700","20,000","19,200","329,16K","2,58%"
"28.10.2019","19,400","19,100","21,450","18,500","618,46K","-4,20%"
"25.10.2019","20,250","19,500","20,250","19,400","1,03M","3,32%"
"24.10.2019","19,600","18,900","19,750","18,250","438,05K","3,16%"
"23.10.2019","19,000","20,000","20,300","19,050","443,63K","-5,00%"
"22.10.2019","20,000","20,000","20,350","19,600","641,54K","0,76%"
"21.10.2019","19,850","20,900","20,900","19,700","855,78K","-5,25%"
"18.10.2019","20,950","21,150","21,950","20,650","699,57K","-4,12%"
"17.10.2019","21,850","22,250","22,250","21,000","684,81K","0,23%"
"16.10.2019","21,800","22,500","22,500","21,300","332,23K","-3,33%"
"15.10.2019","22,550","22,450","22,550","21,500","234,97K","0,45%"
"11.10.2019","22,450","23,150","23,450","22,400","330,98K","-2,81%"
"10.10.2019","23,100","22,300","23,150","22,200","369,39K","3,59%"
"09.10.2019","22,300","21,600","22,400","21,100","180,17K","2,29%"
"08.10.2019","21,800","22,200","22,200","20,700","255,54K","0,00%"
"07.10.2019","21,800","22,850","23,700","21,600","432,70K","-4,60%"
"04.10.2019","22,850","21,950","22,900","21,950","277,95K","4,10%"
"03.10.2019","21,950","22,100","22,800","21,500","369,84K","0,23%"
"02.10.2019","21,900","21,600","22,350","21,350","258,13K","0,46%"
"01.10.2019","21,800","21,000","22,100","21,000","207,74K","4,31%"
"30.09.2019","20,900","22,000","22,000","20,500","215,39K","-3,24%"
"27.09.2019","21,600","20,900","21,900","20,900","138,37K","0,93%"
"26.09.2019","21,400","22,450","22,450","20,000","208,90K","0,00%"
"25.09.2019","21,400","21,100","21,700","20,300","303,33K","0,71%"
"24.09.2019","21,250","23,000","23,000","21,000","281,75K","-8,01%"
"23.09.2019","23,100","23,850","23,850","21,900","481,43K","-2,94%"
"20.09.2019","23,800","23,600","23,950","23,300","148,50K","0,63%"
"19.09.2019","23,650","24,000","24,000","22,900","284,98K","0,42%"
"18.09.2019","23,550","24,000","24,000","22,400","397,74K","-0,21%"
"17.09.2019","23,600","24,500","25,000","21,800","719,69K","-2,48%"
"16.09.2019","24,200","24,400","25,050","23,850","357,28K","2,11%"
"13.09.2019","23,700","22,950","25,000","22,950","957,81K","3,49%"
"12.09.2019","22,900","21,500","22,950","21,300","539,52K","7,76%"
"11.09.2019","21,250","21,000","21,600","20,650","659,70K","1,67%"
"10.09.2019","20,900","18,750","20,900","18,700","786,80K","12,67%"
"09.09.2019","18,550","19,450","19,600","18,250","513,36K","1,64%"
"06.09.2019","18,250","17,500","18,350","17,250","865,54K","8,31%"
"05.09.2019","16,850","15,900","17,200","15,550","954,68K","10,13%"
"04.09.2019","15,300","16,400","16,450","14,850","1,10M","0,00%"
"03.09.2019","15,300","18,950","18,950","15,000","1,00M","-16,16%"
"02.09.2019","18,250","18,000","18,600","17,300","370,16K","5,49%"
"30.08.2019","17,300","17,550","18,200","16,800","787,62K","-3,62%"
"29.08.2019","17,950","18,400","18,400","17,200","1,10M","-5,53%"
"28.08.2019","19,000","18,850","19,200","17,150","727,64K","2,98%"
"27.08.2019","18,450","20,600","20,600","17,700","741,42K","-10,22%"
"26.08.2019","20,550","21,000","21,750","20,550","173,06K","0,00%"
"23.08.2019","20,550","22,000","22,300","20,550","430,46K","-7,22%"
"22.08.2019","22,150","23,500","23,500","22,100","416,18K","-1,99%"
"21.08.2019","22,600","22,150","23,300","22,000","1,19M","2,73%"
"20.08.2019","22,000","22,700","23,750","21,450","799,63K","-6,18%"
"16.08.2019","23,450","23,600","24,400","22,200","1,85M","5,39%"
"15.08.2019","22,250","22,800","23,350","22,000","1,20M","3,97%"
"14.08.2019","21,400","25,300","25,500","21,300","1,84M","-12,11%"
"13.08.2019","24,350","29,000","29,000","23,700","1,36M","1,46%"
"12.08.2019","24,000","34,500","34,500","22,000","2,31M","-49,47%"
"09.08.2019","47,500","45,500","47,700","45,000","860,97K","5,56%"
"08.08.2019","45,000","46,200","46,500","44,700","584,43K","-0,33%"
"07.08.2019","45,150","45,800","47,000","45,150","335,57K","-3,53%"
"06.08.2019","46,800","46,400","47,000","45,500","235,41K","0,54%"
"05.08.2019","46,550","46,000","46,600","44,500","139,75K","-0,21%"
"02.08.2019","46,650","45,000","46,950","44,850","148,86K","2,30%"
"01.08.2019","45,600","47,000","47,600","45,600","468,59K","-2,98%"
"31.07.2019","47,000","46,500","47,150","45,100","304,35K","1,18%"
"30.07.2019","46,450","46,000","46,800","45,950","848,90K","0,32%"
"29.07.2019","46,300","45,850","46,800","45,500","359,15K","0,76%"
"26.07.2019","45,950","43,850","46,100","43,750","510,48K","4,91%"
"25.07.2019","43,800","42,850","43,800","42,800","263,99K","2,22%"
"24.07.2019","42,850","43,000","44,100","42,850","296,67K","-1,72%"
"23.07.2019","43,600","42,750","43,600","42,400","276,85K","2,59%"
"22.07.2019","42,500","43,000","43,750","41,950","454,76K","-2,86%"
"19.07.2019","43,750","44,000","44,000","43,000","171,98K","-0,57%"
"18.07.2019","44,000","43,400","44,350","41,600","490,05K","1,62%"
"17.07.2019","43,300","43,700","44,200","43,000","264,65K","-0,92%"
"16.07.2019","43,700","43,050","44,800","42,900","393,77K","-1,13%"
"15.07.2019","44,200","46,500","46,600","43,900","764,74K","-4,54%"
"12.07.2019","46,300","45,300","46,450","45,000","357,05K","2,43%"
"11.07.2019","45,200","44,000","45,700","44,000","1,15M","2,26%"
"10.07.2019","44,200","44,700","44,800","43,600","927,11K","0,80%"
"05.07.2019","43,850","42,100","45,200","41,400","1,15M","4,16%"
"04.07.2019","42,100","41,950","42,150","41,200","324,33K","0,36%"
"03.07.2019","41,950","41,950","42,300","41,050","484,21K","-1,29%"
"02.07.2019","42,500","43,200","43,500","41,900","572,07K","-1,62%"
"01.07.2019","43,200","43,900","44,400","42,800","296,74K","0,00%"
"28.06.2019","43,200","43,850","43,900","42,500","354,17K","0,00%"
"27.06.2019","43,200","41,000","43,250","41,000","388,25K","5,37%"
"26.06.2019","41,000","41,950","42,900","40,900","270,28K","-2,26%"
"25.06.2019","41,950","41,250","42,000","41,000","177,73K","1,57%"
"24.06.2019","41,300","41,000","41,700","40,200","318,06K","-0,84%"
"21.06.2019","41,650","43,000","43,150","40,900","599,74K","-2,34%"
"19.06.2019","42,650","44,500","44,750","42,550","889,91K","-3,72%"
"18.06.2019","44,300","43,750","45,300","42,900","1,98M","0,23%"
"14.06.2019","44,200","42,750","44,950","42,750","1,41M","4,00%"
"13.06.2019","42,500","41,150","44,450","40,000","5,54M","4,04%"
"12.06.2019","40,850","40,300","41,350","40,300","2,88M","4,74%"
"11.06.2019","39,000","38,500","39,450","38,100","1,35M","2,36%"
"10.06.2019","38,100","37,250","38,450","37,100","302,58K","1,60%"
"07.06.2019","37,500","38,050","38,500","37,250","128,63K","-1,32%"
"06.06.2019","38,000","38,000","38,300","37,500","143,26K","0,00%"
"05.06.2019","38,000","38,800","38,800","37,250","1,67M","0,00%"
"04.06.2019","38,000","38,000","38,200","37,000","1,03M","0,93%"
"03.06.2019","37,650","38,400","38,950","37,300","175,98K","-2,21%"
"31.05.2019","38,500","39,200","39,500","38,050","386,52K","-1,28%"
"30.05.2019","39,000","40,100","40,400","39,000","461,28K","-2,50%"
"29.05.2019","40,000","39,750","40,000","38,500","180,54K","0,00%"
"28.05.2019","40,000","39,750","40,000","39,000","272,33K","0,63%"
"27.05.2019","39,750","40,000","40,300","39,150","391,53K","0,63%"
"24.05.2019","39,500","38,750","39,500","37,500","4,28M","2,86%"
"23.05.2019","38,400","38,900","38,950","37,700","781,63K","-1,29%"
"22.05.2019","38,900","39,500","40,000","38,500","742,41K","-0,77%"
"21.05.2019","39,200","40,000","40,200","38,750","625,71K","1,29%"
"20.05.2019","38,700","38,300","39,600","37,700","399,64K","1,18%"
"17.05.2019","38,250","39,000","39,450","38,000","215,13K","-1,92%"
"16.05.2019","39,000","39,000","39,600","37,900","233,91K","0,52%"
"15.05.2019","38,800","40,000","40,000","38,700","401,84K","-1,02%"
"14.05.2019","39,200","41,650","41,650","38,550","408,45K","-0,03%"
"13.05.2019","39,213","39,129","39,759","37,196","563,07K","-15,67%"
"10.05.2019","46,500","47,950","47,950","46,000","532,13K","-1,38%"
"09.05.2019","47,150","46,850","47,250","46,000","484,46K","1,40%"
"08.05.2019","46,500","45,100","46,900","45,100","863,43K","3,45%"
"07.05.2019","44,950","45,300","45,300","43,200","453,93K","-1,86%"
"06.05.2019","45,800","42,900","46,100","41,000","414,99K","6,14%"
"03.05.2019","43,150","41,000","43,150","41,000","1,50M","6,67%"
"02.05.2019","40,450","40,000","40,450","39,350","1,41M","2,66%"
"30.04.2019","39,400","38,700","40,400","38,500","489,49K","2,34%"
"29.04.2019","38,500","39,150","40,050","38,350","349,75K","-1,28%"
"26.04.2019","39,000","39,250","41,000","39,000","375,39K","0,00%"
"25.04.2019","39,000","37,000","43,000","35,000","1,17M","0,26%"
"24.04.2019","38,900","38,600","39,000","37,600","284,09K","-2,26%"
"23.04.2019","39,800","38,600","41,000","38,600","442,47K","0,51%"
"22.04.2019","39,600","39,700","39,700","37,300","482,18K","-1,00%"
"17.04.2019","40,000","39,700","40,800","38,200","577,92K","1,65%"
"16.04.2019","39,350","41,000","41,400","39,100","414,61K","-2,11%"
"15.04.2019","40,200","39,000","40,200","38,550","406,81K","3,34%"
"12.04.2019","38,900","40,000","40,350","38,000","181,97K","-2,02%"
"11.04.2019","39,700","39,500","40,400","38,400","1,13M","2,06%"
"10.04.2019","38,900","40,000","40,000","38,300","551,57K","-0,77%"
"09.04.2019","39,200","41,300","41,300","38,050","485,94K","-4,85%"
"08.04.2019","41,200","42,100","42,700","40,800","145,98K","-1,20%"
"05.04.2019","41,700","42,500","43,000","41,000","135,48K","-1,42%"
"04.04.2019","42,300","41,600","42,500","40,500","189,64K","0,95%"
"03.04.2019","41,900","44,600","44,950","41,500","750,73K","-6,05%"
"01.04.2019","44,600","47,100","47,150","43,500","144,00K","-3,36%"
"29.03.2019","46,150","46,100","46,600","45,500","404,80K","0,65%"
"28.03.2019","45,850","45,700","46,450","44,000","1,01M","3,03%"
"27.03.2019","44,500","44,600","45,000","42,000","747,50K","0,00%"
"26.03.2019","44,500","46,900","47,500","44,000","622,26K","-5,32%"
"25.03.2019","47,000","47,750","48,500","46,000","340,82K","0,00%"
"22.03.2019","47,000","49,800","49,800","47,000","375,12K","-6,00%"
"21.03.2019","50,000","50,500","50,900","48,900","218,80K","-0,99%"
"20.03.2019","50,500","51,600","52,400","50,200","228,53K","-2,70%"
"19.03.2019","51,900","53,500","54,400","51,600","175,13K","-2,81%"
"18.03.2019","53,400","52,700","53,500","51,600","401,30K","1,71%"
"15.03.2019","52,500","52,000","52,500","51,000","276,87K","0,00%"
"14.03.2019","52,500","52,500","52,500","50,700","131,78K","-0,57%"
"13.03.2019","52,800","52,000","52,800","50,500","166,89K","-0,38%"
"12.03.2019","53,000","53,000","53,200","51,000","131,57K","1,92%"
"11.03.2019","52,000","51,300","52,800","51,100","211,99K","2,16%"
"08.03.2019","50,900","50,200","51,800","50,100","65,85K","0,20%"
"07.03.2019","50,800","50,000","52,900","50,000","245,17K","-1,74%"
"06.03.2019","51,700","54,000","54,000","50,000","412,99K","-4,79%"
"01.03.2019","54,300","55,800","55,800","53,200","164,68K","-1,99%"
"28.02.2019","55,400","54,900","55,400","53,400","326,00K","0,54%"
"27.02.2019","55,100","54,500","55,100","54,200","124,81K","-0,54%"
"26.02.2019","55,400","56,000","56,000","54,000","95,18K","-0,18%"
"25.02.2019","55,500","56,800","56,800","54,900","163,98K","-0,36%"
"22.02.2019","55,700","54,500","56,000","54,500","505,60K","2,20%"
"21.02.2019","54,500","54,400","54,900","54,200","417,91K","-0,91%"
"20.02.2019","55,000","56,000","57,900","54,500","365,70K","-2,31%"
"19.02.2019","56,300","57,200","57,500","55,300","202,74K","-2,43%"
"18.02.2019","57,700","58,500","59,000","57,600","58,73K","-0,86%"
"15.02.2019","58,200","59,000","59,000","58,200","420,82K","-1,02%"
"14.02.2019","58,800","59,000","59,900","58,300","124,69K","-1,18%"
"13.02.2019","59,500","59,900","60,400","58,600","139,13K","-0,83%"
"12.02.2019","60,000","60,400","60,400","58,600","178,23K","0,84%"
"11.02.2019","59,500","59,500","60,900","58,400","61,27K","-0,67%"
"08.02.2019","59,900","57,100","59,900","56,000","152,78K","4,90%"
"07.02.2019","57,100","58,500","59,500","56,600","363,85K","-5,46%"
"06.02.2019","60,400","60,000","60,500","58,000","203,02K","1,17%"
"05.02.2019","59,700","58,200","59,800","57,500","226,79K","1,19%"
"04.02.2019","59,000","59,000","59,100","58,000","265,85K","0,00%"
"01.02.2019","59,000","57,000","59,500","56,000","290,99K","2,61%"
"31.01.2019","57,500","57,100","58,000","56,100","161,88K","-0,86%"
"30.01.2019","58,000","57,000","58,000","55,500","351,88K","2,47%"
"29.01.2019","56,600","55,000","56,600","55,000","79,38K","1,25%"
"28.01.2019","55,900","56,500","56,500","54,400","247,82K","-1,24%"
"25.01.2019","56,600","57,000","57,900","56,100","170,93K","-1,05%"
"24.01.2019","57,200","56,500","57,600","56,500","270,63K","0,88%"
"23.01.2019","56,700","55,500","57,200","55,500","485,26K","1,25%"
"22.01.2019","56,000","56,000","56,900","55,000","460,87K","-1,41%"
"21.01.2019","56,800","56,200","57,500","55,600","259,52K","0,53%"
"18.01.2019","56,500","55,600","56,800","55,500","277,90K","1,07%"
"17.01.2019","55,900","55,400","55,900","54,000","281,95K","1,45%"
"16.01.2019","55,100","54,000","55,200","54,000","409,22K","2,04%"
"15.01.2019","54,000","54,200","55,000","53,500","404,70K","-0,37%"
"14.01.2019","54,200","52,900","54,700","51,100","342,71K","2,26%"
"11.01.2019","53,000","52,600","54,300","52,500","517,62K","-0,19%"
"10.01.2019","53,100","51,000","53,400","50,000","656,19K","2,91%"
"09.01.2019","51,600","50,300","51,800","49,800","539,45K","2,18%"
"08.01.2019","50,500","49,550","50,600","48,500","536,99K","1,71%"
"07.01.2019","49,650","48,600","49,750","48,000","376,15K","2,06%"
"04.01.2019","48,650","47,450","49,000","47,450","492,93K","2,85%"
"03.01.2019","47,300","47,000","47,950","45,900","380,86K","0,53%"
"02.01.2019","47,050","46,000","47,500","43,400","316,11K","4,09%"