"Fecha","Último","Apertura","Máximo","Mínimo","Vol.","% var."
"30.06.2025","44,200","45,800","48,300","43,400","1,60M","-3,49%"
"27.06.2025","45,800","45,000","46,850","44,100","496,34K","0,11%"
"26.06.2025","45,750","45,950","47,000","44,700","933,99K","2,35%"
"25.06.2025","44,700","46,650","46,650","44,100","627,10K","-3,35%"
"24.06.2025","46,250","43,950","46,950","43,950","931,11K","5,23%"
"23.06.2025","43,950","46,200","46,850","42,800","1,84M","-5,59%"
"19.06.2025","46,550","45,850","47,000","45,000","461,56K","1,20%"
"18.06.2025","46,000","47,400","48,500","45,800","1,01M","-3,26%"
"17.06.2025","47,550","48,150","48,600","45,200","1,11M","-1,96%"
"13.06.2025","48,500","50,500","53,500","48,050","3,50M","-3,00%"
"12.06.2025","50,000","46,050","50,800","46,050","2,15M","6,04%"
"11.06.2025","47,150","48,400","49,350","46,600","1,20M","-2,38%"
"10.06.2025","48,300","48,700","48,700","45,500","1,80M","3,21%"
"09.06.2025","46,800","49,200","49,200","46,300","1,93M","-2,90%"
"06.06.2025","48,200","47,500","50,300","46,500","2,32M","0,94%"
"05.06.2025","47,750","49,700","50,600","47,000","1,98M","-2,55%"
"04.06.2025","49,000","52,000","52,400","48,500","1,69M","-5,41%"
"03.06.2025","51,800","48,900","53,000","47,650","2,85M","5,50%"
"02.06.2025","49,100","51,700","51,700","48,850","2,65M","-4,47%"
"30.05.2025","51,400","54,500","54,500","51,000","2,24M","-3,75%"
"29.05.2025","53,400","52,200","53,900","51,900","1,13M","0,00%"
"28.05.2025","53,400","53,000","54,600","51,800","1,77M","-0,19%"
"27.05.2025","53,500","52,200","56,900","51,200","2,71M","3,08%"
"26.05.2025","51,900","52,200","53,900","51,200","1,34M","-0,57%"
"23.05.2025","52,200","52,000","53,400","50,500","1,01M","-1,51%"
"22.05.2025","53,000","52,300","53,800","50,600","1,43M","0,95%"
"21.05.2025","52,500","55,200","56,300","52,300","3,17M","-3,67%"
"20.05.2025","54,500","52,700","54,900","51,400","2,76M","3,42%"
"19.05.2025","52,700","53,000","53,800","50,700","2,38M","1,35%"
"16.05.2025","52,000","53,000","54,400","51,500","2,39M","-1,33%"
"15.05.2025","52,700","53,300","53,900","51,400","3,44M","-0,94%"
"14.05.2025","53,200","52,300","56,900","52,100","7,54M","1,92%"
"13.05.2025","52,200","45,150","53,500","45,000","7,88M","16,52%"
"12.05.2025","44,800","42,700","45,300","42,700","3,39M","5,04%"
"09.05.2025","42,650","42,550","44,100","41,000","2,14M","-0,23%"
"08.05.2025","42,750","43,000","44,550","42,300","636,67K","-2,06%"
"07.05.2025","43,650","45,000","46,400","42,600","2,22M","-3,00%"
"06.05.2025","45,000","41,800","45,400","40,050","2,84M","11,25%"
"05.05.2025","40,450","42,350","42,950","40,000","1,38M","-3,80%"
"30.04.2025","42,050","43,000","43,000","41,900","957,11K","-2,32%"
"29.04.2025","43,050","44,450","44,450","42,400","1,06M","-1,60%"
"28.04.2025","43,750","45,000","47,250","43,050","641,94K","-1,13%"
"25.04.2025","44,250","44,700","45,150","43,050","1,06M","1,03%"
"24.04.2025","43,800","43,050","45,550","42,100","1,44M","0,81%"
"23.04.2025","43,450","43,000","44,000","41,500","3,69M","3,21%"
"22.04.2025","42,100","42,700","44,950","41,600","2,97M","-1,98%"
"21.04.2025","42,950","47,500","47,500","42,700","1,95M","-10,43%"
"16.04.2025","47,950","53,400","53,500","47,000","2,37M","-10,21%"
"15.04.2025","53,400","52,800","53,900","50,400","1,29M","0,38%"
"14.04.2025","53,200","53,600","53,900","51,500","3,31M","8,35%"
"11.04.2025","49,100","46,050","51,400","46,050","3,59M","7,68%"
"10.04.2025","45,600","49,000","49,000","43,800","2,48M","-6,17%"
"09.04.2025","48,600","46,750","49,600","42,100","3,77M","2,53%"
"08.04.2025","47,400","47,900","49,500","44,400","2,61M","1,61%"
"07.04.2025","46,650","47,500","49,500","45,150","2,08M","-6,04%"
"04.04.2025","49,650","52,900","52,900","47,400","2,41M","-5,61%"
"03.04.2025","52,600","54,900","54,900","52,000","1,72M","-3,84%"
"01.04.2025","54,700","54,500","57,200","54,500","890,21K","-0,18%"
"31.03.2025","54,800","55,800","56,000","53,300","1,07M","-2,49%"
"28.03.2025","56,200","58,000","58,900","55,500","1,20M","-3,27%"
"27.03.2025","58,100","60,000","60,000","56,600","1,32M","-0,68%"
"26.03.2025","58,500","58,300","59,800","56,600","2,14M","-2,01%"
"25.03.2025","59,700","60,900","61,600","58,200","2,35M","-0,83%"
"21.03.2025","60,200","58,900","61,400","57,500","1,81M","3,79%"
"20.03.2025","58,000","60,700","60,700","57,700","1,32M","-3,17%"
"19.03.2025","59,900","60,100","60,600","58,200","1,01M","1,35%"
"18.03.2025","59,100","61,000","61,800","56,500","1,49M","-3,11%"
"17.03.2025","61,000","59,900","61,300","58,700","1,84M","2,87%"
"14.03.2025","59,300","57,400","59,800","56,500","2,05M","4,96%"
"13.03.2025","56,500","56,800","59,000","55,100","985,19K","-0,35%"
"12.03.2025","56,700","54,200","56,900","52,700","985,96K","5,59%"
"11.03.2025","53,700","53,400","54,000","52,000","848,76K","3,27%"
"10.03.2025","52,000","54,900","55,000","50,500","1,57M","-5,63%"
"07.03.2025","55,100","57,000","57,500","54,000","1,12M","-2,30%"
"06.03.2025","56,400","56,900","57,400","55,700","996,66K","-0,18%"
"05.03.2025","56,500","53,700","57,000","52,300","1,48M","6,60%"
"28.02.2025","53,000","52,800","53,700","50,300","1,22M","0,57%"
"27.02.2025","52,700","54,600","55,700","51,600","1,85M","-3,66%"
"26.02.2025","54,700","55,900","57,000","53,100","1,13M","-0,55%"
"25.02.2025","55,000","58,500","58,900","54,100","2,26M","-5,34%"
"24.02.2025","58,100","59,200","59,700","57,300","901,94K","-1,36%"
"21.02.2025","58,900","60,800","61,200","57,900","1,89M","-1,17%"
"20.02.2025","59,600","60,500","61,100","58,100","2,33M","-1,16%"
"19.02.2025","60,300","62,000","62,000","59,000","1,66M","-0,99%"
"18.02.2025","60,900","57,100","64,900","57,100","3,42M","5,18%"
"17.02.2025","57,900","60,800","60,800","57,300","2,16M","-5,08%"
"14.02.2025","61,000","60,400","61,300","58,300","2,16M","2,18%"
"13.02.2025","59,700","58,200","60,300","57,500","1,91M","3,11%"
"12.02.2025","57,900","57,500","59,000","55,000","3,09M","0,87%"
"11.02.2025","57,400","62,000","62,000","56,100","4,02M","-6,67%"
"10.02.2025","61,500","63,500","64,400","60,500","2,39M","-2,69%"
"07.02.2025","63,200","65,300","67,000","62,100","2,70M","-4,68%"
"06.02.2025","66,300","67,000","67,300","65,300","1,43M","-0,30%"
"05.02.2025","66,500","69,000","69,000","66,100","2,39M","-3,06%"
"04.02.2025","68,600","67,000","69,000","66,800","1,30M","1,93%"
"03.02.2025","67,300","68,800","68,800","65,000","2,98M","-2,60%"
"31.01.2025","69,100","70,700","70,900","68,800","2,56M","-1,57%"
"30.01.2025","70,200","71,000","71,000","68,200","3,04M","1,15%"
"29.01.2025","69,400","70,900","72,000","68,500","2,86M","0,00%"
"28.01.2025","69,400","69,500","74,500","68,100","2,35M","0,58%"
"27.01.2025","69,000","73,100","73,100","68,500","2,46M","-5,61%"
"24.01.2025","73,100","70,900","74,500","70,200","9,27M","6,87%"
"23.01.2025","68,400","70,400","70,400","66,600","2,43M","-1,58%"
"22.01.2025","69,500","65,900","70,500","65,900","3,97M","5,46%"
"21.01.2025","65,900","67,800","68,100","64,700","4,82M","-1,79%"
"20.01.2025","67,100","66,300","70,000","65,100","2,59M","1,36%"
"17.01.2025","66,200","69,000","69,800","65,100","3,66M","-1,63%"
"16.01.2025","67,300","69,000","70,000","66,200","3,41M","-2,32%"
"15.01.2025","68,900","72,200","73,000","68,000","4,54M","-3,77%"
"14.01.2025","71,600","70,300","73,400","70,300","3,76M","1,42%"
"13.01.2025","70,600","73,900","77,200","69,200","6,54M","-3,16%"
"10.01.2025","72,900","67,600","73,800","66,000","5,29M","7,21%"
"09.01.2025","68,000","69,200","70,600","66,200","4,54M","-1,31%"
"08.01.2025","68,900","71,200","72,000","68,300","4,04M","-3,23%"
"07.01.2025","71,200","73,500","74,000","68,400","3,65M","-2,47%"
"06.01.2025","73,000","74,300","76,500","72,500","3,78M","-1,75%"
"03.01.2025","74,300","74,500","78,000","72,300","3,60M","0,00%"
"02.01.2025","74,300","72,300","75,600","71,400","3,06M","3,05%"
"31.12.2024","72,100","75,600","75,600","71,000","4,23M","0,00%"
"30.12.2024","72,100","75,600","75,600","71,000","4,23M","-3,99%"
"27.12.2024","75,100","78,000","78,000","74,500","3,18M","-2,85%"
"26.12.2024","77,300","78,400","78,900","76,200","2,99M","0,13%"
"24.12.2024","77,200","77,900","78,700","75,000","507,26K","0,13%"
"23.12.2024","77,100","80,000","80,800","76,000","1,89M","-1,15%"
"20.12.2024","78,000","75,900","80,000","72,900","4,34M","3,04%"
"19.12.2024","75,700","79,500","81,000","72,600","3,73M","-5,73%"
"18.12.2024","80,300","81,000","87,000","79,000","4,47M","-4,40%"
"17.12.2024","84,000","81,700","85,200","78,500","6,61M","4,35%"
"16.12.2024","80,500","72,900","81,000","72,500","5,65M","10,58%"
"13.12.2024","72,800","73,000","75,000","72,000","4,26M","-0,27%"
"12.12.2024","73,000","74,300","76,000","71,500","3,72M","-0,41%"
"11.12.2024","73,300","73,600","75,500","70,100","4,54M","0,00%"
"10.12.2024","73,300","76,500","77,800","73,000","2,30M","-2,01%"
"09.12.2024","74,800","76,300","78,000","73,100","3,09M","-1,97%"
"06.12.2024","76,300","80,800","81,900","75,300","4,32M","-3,90%"
"05.12.2024","79,400","83,000","84,900","78,000","4,58M","-3,29%"
"04.12.2024","82,100","83,900","90,000","79,000","7,07M","-1,56%"
"03.12.2024","83,400","79,000","83,900","78,600","7,42M","5,70%"
"02.12.2024","78,900","75,900","79,000","75,300","5,89M","5,62%"
"29.11.2024","74,700","72,000","75,500","71,300","3,69M","5,21%"
"28.11.2024","71,000","71,800","73,800","69,700","3,21M","0,71%"
"27.11.2024","70,500","76,000","77,400","69,200","5,07M","-5,87%"
"26.11.2024","74,900","74,900","77,000","70,500","4,65M","0,94%"
"25.11.2024","74,200","77,500","80,400","71,500","9,33M","-3,76%"
"22.11.2024","77,100","74,600","78,700","74,200","5,94M","5,04%"
"21.11.2024","73,400","68,500","74,300","68,500","8,26M","7,47%"
"20.11.2024","68,300","65,000","68,500","64,000","5,38M","6,22%"
"19.11.2024","64,300","69,000","70,300","63,000","6,50M","-4,60%"
"15.11.2024","67,400","65,000","71,000","64,600","11,66M","4,82%"
"14.11.2024","64,300","59,800","64,700","59,800","7,05M","7,35%"
"13.11.2024","59,900","59,000","60,100","57,000","4,18M","2,74%"
"12.11.2024","58,300","57,800","59,500","57,500","4,03M","0,87%"
"11.11.2024","57,800","56,900","58,600","54,600","3,66M","2,48%"
"08.11.2024","56,400","58,100","60,300","55,100","6,71M","-1,57%"
"07.11.2024","57,300","54,000","58,100","52,800","5,36M","6,11%"
"06.11.2024","54,000","55,600","56,300","53,000","3,66M","-1,46%"
"05.11.2024","54,800","56,100","56,500","54,100","2,42M","-3,01%"
"04.11.2024","56,500","54,600","57,300","53,900","3,59M","3,10%"
"01.11.2024","54,800","52,700","55,100","52,300","4,59M","5,38%"
"31.10.2024","52,000","52,900","53,500","51,600","1,93M","-0,76%"
"30.10.2024","52,400","52,800","52,800","51,600","1,69M","0,38%"
"29.10.2024","52,200","52,000","52,700","51,000","2,75M","0,97%"
"28.10.2024","51,700","53,400","53,400","51,500","2,84M","-0,77%"
"25.10.2024","52,100","51,200","53,000","51,100","3,21M","1,96%"
"24.10.2024","51,100","50,500","51,500","50,100","2,92M","0,79%"
"23.10.2024","50,700","52,500","52,500","50,200","2,09M","-3,06%"
"22.10.2024","52,300","52,800","53,000","51,600","1,34M","-0,38%"
"21.10.2024","52,500","53,300","54,000","52,300","1,69M","-0,94%"
"18.10.2024","53,000","53,800","54,000","52,600","1,35M","0,00%"
"17.10.2024","53,000","52,400","53,800","52,000","2,36M","1,15%"
"16.10.2024","52,400","53,500","54,200","52,000","2,14M","-2,06%"
"15.10.2024","53,500","54,700","54,800","53,300","1,95M","-1,65%"
"14.10.2024","54,400","55,600","56,500","54,100","1,75M","-1,27%"
"10.10.2024","55,100","54,600","55,400","53,800","2,11M","1,10%"
"09.10.2024","54,500","54,800","54,900","53,200","4,08M","0,00%"
"08.10.2024","54,500","54,100","55,400","54,100","1,59M","-0,18%"
"07.10.2024","54,600","55,200","55,700","54,300","1,21M","-1,09%"
"04.10.2024","55,200","55,400","55,600","54,500","1,72M","0,91%"
"03.10.2024","54,700","54,900","55,500","54,200","1,17M","0,00%"
"02.10.2024","54,700","56,700","56,700","54,100","1,04M","-1,08%"
"01.10.2024","55,300","55,300","56,900","55,000","1,21M","-1,07%"
"30.09.2024","55,900","57,700","57,700","54,700","1,31M","-2,95%"
"27.09.2024","57,600","56,500","57,900","56,200","1,83M","1,41%"
"26.09.2024","56,800","55,900","56,900","54,300","3,49M","3,09%"
"25.09.2024","55,100","55,200","56,100","53,500","1,55M","0,18%"
"24.09.2024","55,000","54,500","56,000","53,600","1,94M","2,23%"
"23.09.2024","53,800","55,300","55,800","53,300","1,66M","-1,65%"
"20.09.2024","54,700","55,500","55,900","54,000","1,61M","-1,26%"
"19.09.2024","55,400","54,700","56,400","54,300","2,98M","1,65%"
"18.09.2024","54,500","55,400","55,900","54,200","1,47M","-0,73%"
"17.09.2024","54,900","55,600","56,500","54,500","1,56M","-1,26%"
"16.09.2024","55,600","57,900","57,900","55,100","2,37M","-2,28%"
"13.09.2024","56,900","57,200","57,600","56,100","2,24M","0,89%"
"12.09.2024","56,400","56,100","57,200","54,000","2,56M","0,53%"
"11.09.2024","56,100","53,200","56,600","53,100","4,80M","6,65%"
"10.09.2024","52,600","54,100","54,500","50,900","1,91M","-2,41%"
"09.09.2024","53,900","55,400","55,500","53,300","2,84M","0,00%"
"06.09.2024","53,900","55,600","55,700","53,700","2,25M","-2,88%"
"05.09.2024","55,500","55,600","56,000","54,700","1,71M","-0,18%"
"04.09.2024","55,600","54,900","55,800","54,600","2,41M","1,09%"
"03.09.2024","55,000","57,000","57,000","54,600","3,03M","-3,00%"
"02.09.2024","56,700","56,500","57,700","56,000","2,22M","-0,35%"
"30.08.2024","56,900","56,100","57,500","56,100","2,62M","2,15%"
"29.08.2024","55,700","54,700","55,700","54,700","2,13M","2,39%"
"28.08.2024","54,400","54,200","55,300","54,000","2,23M","0,55%"
"27.08.2024","54,100","54,600","55,500","54,100","2,46M","-2,17%"
"26.08.2024","55,300","56,400","57,500","54,700","1,56M","-0,54%"
"23.08.2024","55,600","55,700","58,000","55,400","1,48M","1,09%"
"22.08.2024","55,000","53,000","55,700","53,000","1,39M","-1,43%"
"21.08.2024","55,800","57,300","57,800","55,500","1,51M","-2,96%"
"20.08.2024","57,500","58,400","59,000","57,000","1,27M","-2,21%"
"19.08.2024","58,800","59,000","59,200","57,900","1,97M","-1,18%"
"16.08.2024","59,500","59,700","60,100","58,800","1,92M","0,00%"
"15.08.2024","59,500","59,000","60,700","59,000","1,77M","0,85%"
"14.08.2024","59,000","59,700","61,000","58,100","1,91M","-1,83%"
"13.08.2024","60,100","60,700","61,900","59,000","2,72M","-1,64%"
"12.08.2024","61,100","59,500","61,700","58,300","2,31M","2,00%"
"09.08.2024","59,900","56,500","60,000","56,000","3,27M","5,64%"
"08.08.2024","56,700","55,600","57,100","55,200","1,39M","3,47%"
"07.08.2024","54,800","56,100","58,300","53,700","1,18M","-1,08%"
"06.08.2024","55,400","53,200","55,900","53,200","1,39M","6,13%"
"05.08.2024","52,200","54,000","54,000","49,000","2,15M","-6,95%"
"02.08.2024","56,100","56,300","56,500","55,000","1,31M","-1,58%"
"01.08.2024","57,000","58,400","58,400","56,600","885,61K","-0,18%"
"31.07.2024","57,100","57,000","59,000","55,000","1,22M","6,13%"
"30.07.2024","53,800","55,500","56,000","52,800","2,28M","-3,58%"
"29.07.2024","55,800","59,500","60,000","55,500","2,88M","-5,58%"
"26.07.2024","59,100","59,500","61,200","59,000","1,06M","0,17%"
"25.07.2024","59,000","59,100","60,200","59,000","2,05M","-1,17%"
"24.07.2024","59,700","61,700","61,700","59,600","1,03M","-2,61%"
"23.07.2024","61,300","61,500","61,600","60,000","1,37M","0,16%"
"22.07.2024","61,200","59,000","61,200","58,700","2,10M","3,38%"
"19.07.2024","59,200","58,700","60,300","58,700","955,06K","1,20%"
"18.07.2024","58,500","59,000","60,500","58,500","1,48M","-1,18%"
"17.07.2024","59,200","59,400","60,500","57,100","1,86M","0,00%"
"16.07.2024","59,200","57,600","60,000","54,000","3,26M","0,34%"
"15.07.2024","59,000","63,000","63,700","58,300","5,64M","-6,20%"
"12.07.2024","62,900","63,300","64,900","62,900","1,69M","-0,79%"
"11.07.2024","63,400","65,600","65,600","62,200","2,13M","0,00%"
"10.07.2024","63,400","62,700","66,200","62,700","3,27M","1,12%"
"08.07.2024","62,700","59,800","63,900","59,500","2,64M","4,15%"
"05.07.2024","60,200","59,900","60,600","59,200","1,60M","1,01%"
"04.07.2024","59,600","61,000","61,800","59,500","2,28M","0,51%"
"03.07.2024","59,300","59,200","61,900","59,200","1,44M","-2,47%"
"02.07.2024","60,800","60,200","61,900","60,000","1,37M","2,36%"
"01.07.2024","59,400","61,500","62,900","58,500","2,38M","-2,94%"
"28.06.2024","61,200","63,000","64,000","60,000","3,28M","-2,08%"
"27.06.2024","62,500","58,500","64,000","57,900","5,77M","6,11%"
"26.06.2024","58,900","58,400","58,900","56,500","2,56M","1,38%"
"25.06.2024","58,100","57,000","58,300","56,600","3,03M","1,93%"
"24.06.2024","57,000","57,800","57,900","55,300","1,82M","-2,40%"
"19.06.2024","58,400","58,600","59,700","56,500","2,20M","-0,17%"
"18.06.2024","58,500","60,000","61,000","58,200","1,89M","-3,78%"
"14.06.2024","60,800","62,000","62,900","60,100","1,96M","-1,78%"
"13.06.2024","61,900","61,700","65,000","60,100","4,57M","3,69%"
"12.06.2024","59,700","57,500","60,000","56,500","2,54M","2,58%"
"11.06.2024","58,200","61,200","62,000","56,900","3,62M","-4,59%"
"10.06.2024","61,000","56,300","61,500","56,100","4,00M","8,73%"
"07.06.2024","56,100","54,000","57,000","53,200","2,03M","4,66%"
"06.06.2024","53,600","58,000","58,500","53,000","1,98M","-6,62%"
"05.06.2024","57,400","55,900","58,000","53,500","2,52M","1,23%"
"04.06.2024","56,700","59,200","59,700","56,200","2,52M","-4,06%"
"03.06.2024","59,100","60,600","62,000","57,300","2,90M","-1,34%"
"31.05.2024","59,900","61,000","61,900","59,500","2,77M","-1,16%"
"30.05.2024","60,600","60,800","62,000","59,100","4,98M","0,83%"
"29.05.2024","60,100","58,300","62,000","58,100","4,07M","3,09%"
"28.05.2024","58,300","56,000","58,500","54,700","2,36M","4,67%"
"27.05.2024","55,700","54,000","56,000","53,500","1,64M","3,15%"
"24.05.2024","54,000","55,700","55,700","53,500","1,63M","0,00%"
"23.05.2024","54,000","56,000","57,100","53,600","2,39M","-2,35%"
"22.05.2024","55,300","58,600","58,600","54,600","3,73M","-4,16%"
"21.05.2024","57,700","58,000","58,900","55,500","4,17M","-1,54%"
"20.05.2024","58,600","57,500","59,300","56,100","6,23M","2,81%"
"17.05.2024","57,000","53,200","57,700","53,200","8,97M","6,54%"
"16.05.2024","53,500","51,300","53,600","50,100","5,32M","4,29%"
"15.05.2024","51,300","50,900","51,700","50,100","2,55M","2,60%"
"14.05.2024","50,000","49,100","51,700","48,150","2,39M","1,11%"
"13.05.2024","49,450","50,000","51,200","48,200","1,54M","-0,20%"
"10.05.2024","49,550","48,500","51,900","47,600","2,44M","2,16%"
"09.05.2024","48,500","49,550","49,600","47,200","3,18M","-2,12%"
"08.05.2024","49,550","51,600","52,200","49,200","2,83M","-4,16%"
"07.05.2024","51,700","54,200","55,800","51,200","3,62M","-4,08%"
"06.05.2024","53,900","53,000","54,700","51,000","4,85M","3,85%"
"03.05.2024","51,900","49,000","52,500","49,000","5,30M","6,68%"
"02.05.2024","48,650","47,500","49,100","46,300","3,18M","3,62%"
"30.04.2024","46,950","48,000","48,850","46,600","2,59M","-1,37%"
"29.04.2024","47,600","48,400","49,000","47,000","2,85M","-1,96%"
"26.04.2024","48,550","49,100","50,000","47,900","1,47M","-0,92%"
"25.04.2024","49,000","46,550","49,100","46,550","830,40K","3,81%"
"24.04.2024","47,200","49,000","49,000","46,000","1,35M","-4,07%"
"23.04.2024","49,200","50,800","51,000","48,500","1,70M","-3,15%"
"22.04.2024","50,800","49,000","51,500","49,000","2,84M","2,01%"
"19.04.2024","49,800","47,800","50,600","47,800","1,02M","2,47%"
"18.04.2024","48,600","49,300","50,500","48,050","1,24M","-1,62%"
"17.04.2024","49,400","51,200","52,500","49,100","2,01M","-2,56%"
"16.04.2024","50,700","49,800","51,400","46,000","2,48M","1,60%"
"15.04.2024","49,900","51,100","54,900","49,000","3,19M","-5,13%"
"12.04.2024","52,600","53,100","55,800","51,500","2,95M","-1,50%"
"11.04.2024","53,400","51,600","54,900","48,100","2,50M","6,16%"
"10.04.2024","50,300","52,500","53,500","50,000","1,80M","-3,27%"
"09.04.2024","52,000","53,500","56,000","50,500","6,10M","-1,70%"
"08.04.2024","52,900","50,600","53,600","48,900","5,83M","1,93%"
"05.04.2024","51,900","45,200","51,900","44,750","3,97M","13,82%"
"04.04.2024","45,600","46,000","46,900","44,800","2,62M","-0,87%"
"03.04.2024","46,000","48,950","49,000","44,800","3,15M","-6,03%"
"27.03.2024","48,950","50,000","51,200","48,150","2,15M","-1,11%"
"26.03.2024","49,500","51,000","52,800","48,900","2,73M","-2,75%"
"25.03.2024","50,900","53,500","54,000","50,000","1,96M","-4,86%"
"22.03.2024","53,500","54,500","54,600","50,200","3,25M","-0,19%"
"21.03.2024","53,600","55,000","58,000","50,000","4,84M","-0,74%"
"20.03.2024","54,000","47,800","54,800","47,600","5,98M","14,89%"
"19.03.2024","47,000","45,050","47,900","44,800","2,66M","4,44%"
"18.03.2024","45,000","47,000","47,900","44,700","2,53M","-4,05%"
"15.03.2024","46,900","46,000","48,500","44,800","1,30M","1,41%"
"14.03.2024","46,250","49,000","49,900","46,000","1,43M","-5,23%"
"13.03.2024","48,800","49,200","53,300","48,000","2,78M","1,67%"
"12.03.2024","48,000","45,900","48,950","44,150","1,66M","7,50%"
"11.03.2024","44,650","47,800","47,800","44,000","1,78M","-6,49%"
"08.03.2024","47,750","46,150","49,050","43,800","1,73M","3,35%"
"07.03.2024","46,200","48,400","49,700","45,300","1,76M","-5,71%"
"06.03.2024","49,000","47,750","51,000","45,900","3,13M","2,62%"
"05.03.2024","47,750","52,000","52,800","47,000","1,95M","-7,82%"
"04.03.2024","51,800","49,000","53,900","49,000","2,86M","8,37%"
"01.03.2024","47,800","45,750","48,000","45,700","1,50M","6,22%"
"29.02.2024","45,000","44,050","46,200","44,000","1,70M","1,12%"
"28.02.2024","44,500","47,500","48,000","42,650","2,55M","-6,02%"
"27.02.2024","47,350","51,500","51,500","46,000","1,89M","-7,34%"
"26.02.2024","51,100","54,000","54,200","50,000","1,58M","-5,37%"
"23.02.2024","54,000","55,000","55,400","51,500","1,13M","0,19%"
"22.02.2024","53,900","51,000","54,700","50,500","1,34M","3,06%"
"21.02.2024","52,300","54,700","55,500","51,200","2,24M","-4,56%"
"20.02.2024","54,800","57,700","59,000","54,500","1,40M","-5,03%"
"19.02.2024","57,700","58,100","59,300","56,200","1,15M","-0,69%"
"16.02.2024","58,100","61,500","62,000","56,800","2,56M","-3,17%"
"15.02.2024","60,000","55,600","61,000","54,100","2,71M","9,09%"
"14.02.2024","55,000","56,900","59,300","54,400","1,84M","-2,31%"
"09.02.2024","56,300","53,700","59,500","51,300","2,26M","6,63%"
"08.02.2024","52,800","55,200","57,800","52,000","2,40M","-7,04%"
"07.02.2024","56,800","57,900","58,500","54,000","3,61M","-6,73%"
"06.02.2024","60,900","63,300","64,200","60,300","1,51M","-4,09%"
"05.02.2024","63,500","65,800","68,800","62,200","1,76M","-5,08%"
"02.02.2024","66,900","64,800","68,900","64,000","2,59M","3,08%"
"01.02.2024","64,900","62,500","65,800","61,100","2,22M","3,67%"
"31.01.2024","62,600","64,300","64,300","60,500","2,15M","-2,95%"
"30.01.2024","64,500","63,500","64,500","61,000","2,82M","2,06%"
"29.01.2024","63,200","66,000","66,000","62,000","2,39M","-4,10%"
"26.01.2024","65,900","71,000","72,900","62,000","3,98M","-5,59%"
"25.01.2024","69,800","63,200","70,000","62,300","5,57M","10,79%"
"24.01.2024","63,000","62,200","64,000","61,000","2,45M","1,29%"
"23.01.2024","62,200","64,000","64,800","60,500","3,28M","-2,05%"
"22.01.2024","63,500","64,500","66,500","62,500","3,39M","-1,55%"
"19.01.2024","64,500","68,000","71,900","62,100","8,64M","-4,87%"
"18.01.2024","67,800","59,300","69,000","59,300","7,83M","14,33%"
"17.01.2024","59,300","55,500","59,800","55,300","3,77M","7,82%"
"16.01.2024","55,000","55,000","56,100","53,300","2,50M","0,18%"
"15.01.2024","54,900","56,000","57,000","54,300","1,83M","-1,96%"
"12.01.2024","56,000","56,700","59,000","55,100","2,62M","-1,23%"
"11.01.2024","56,700","58,000","60,500","55,500","2,47M","-1,90%"
"10.01.2024","57,800","55,200","58,000","54,300","2,73M","3,58%"
"09.01.2024","55,800","56,700","60,200","53,000","4,94M","-0,89%"
"08.01.2024","56,300","53,000","57,400","52,500","5,56M","7,44%"
"05.01.2024","52,400","51,400","52,600","49,500","4,48M","1,95%"
"04.01.2024","51,400","53,600","53,600","50,700","5,24M","-2,65%"
"03.01.2024","52,800","54,000","54,800","52,000","3,08M","-2,04%"
"02.01.2024","53,900","52,600","54,500","52,500","1,51M","2,47%"
"29.12.2023","52,600","53,000","56,500","52,000","2,27M","1,15%"
"28.12.2023","52,000","49,300","53,700","48,900","3,17M","1,36%"
"27.12.2023","51,300","54,000","54,600","48,100","4,08M","-5,00%"
"26.12.2023","54,000","59,000","59,500","52,500","3,82M","-7,53%"
"22.12.2023","58,400","62,200","63,800","56,000","4,07M","-5,81%"
"21.12.2023","62,000","63,900","67,300","58,000","5,79M","-1,59%"
"20.12.2023","63,000","59,000","63,000","59,000","5,91M","7,88%"
"19.12.2023","58,400","52,000","58,600","50,800","4,75M","12,52%"
"18.12.2023","51,900","53,000","53,600","48,000","3,91M","-0,95%"
"15.12.2023","52,400","58,400","58,900","50,100","4,77M","-6,76%"
"14.12.2023","56,200","64,100","64,500","56,100","5,00M","-10,51%"
"13.12.2023","62,800","63,500","70,000","58,000","6,88M","7,35%"
"12.12.2023","58,500","50,000","59,500","50,000","7,54M","19,14%"
"11.12.2023","49,100","45,400","52,500","44,000","5,23M","12,36%"
"07.12.2023","43,700","41,000","44,000","40,200","4,10M","8,71%"
"06.12.2023","40,200","39,850","41,400","38,900","2,52M","1,52%"
"05.12.2023","39,600","39,300","40,000","37,000","3,55M","0,89%"
"04.12.2023","39,250","39,850","40,500","35,500","3,20M","0,90%"
"01.12.2023","38,900","37,100","39,000","37,100","3,47M","6,43%"
"30.11.2023","36,550","35,100","38,800","35,000","2,50M","6,87%"
"29.11.2023","34,200","32,000","39,100","30,050","3,60M","7,04%"
"28.11.2023","31,950","33,000","34,000","30,100","3,16M","-6,03%"
"27.11.2023","34,000","38,000","39,850","32,000","3,41M","-7,36%"
"24.11.2023","36,700","34,450","37,500","34,450","5,52M","9,23%"
"23.11.2023","33,600","30,800","34,000","30,800","5,49M","9,09%"
"22.11.2023","30,800","27,000","33,900","27,000","4,65M","15,36%"
"21.11.2023","26,700","29,000","29,000","24,200","4,03M","22,76%"
"17.11.2023","21,750","20,800","21,800","20,500","1,26M","4,82%"
"16.11.2023","20,750","22,000","22,450","20,500","1,69M","-3,71%"
"15.11.2023","21,550","22,900","22,900","21,500","1,04M","-4,22%"
"14.11.2023","22,500","23,150","23,150","21,500","1,62M","-1,96%"
"13.11.2023","22,950","23,400","24,800","22,500","1,20M","-5,56%"
"10.11.2023","24,300","23,100","24,700","23,100","1,89M","5,19%"
"09.11.2023","23,100","24,250","24,950","22,500","1,52M","-4,35%"
"08.11.2023","24,150","27,500","27,500","23,500","1,70M","-10,89%"
"07.11.2023","27,100","30,000","30,000","26,000","3,80M","-7,35%"
"03.11.2023","29,250","22,050","31,800","22,050","4,04M","39,29%"
"02.11.2023","21,000","19,083","21,125","19,083","2,20M","10,53%"
"01.11.2023","19,000","17,750","19,917","17,333","995,42K","10,68%"
"31.10.2023","17,167","18,500","18,833","16,917","947,36K","-6,79%"
"30.10.2023","18,417","19,229","19,667","17,667","680,97K","-4,02%"
"27.10.2023","19,187","20,083","20,667","19,187","895,91K","-4,46%"
"26.10.2023","20,083","19,687","20,417","19,417","791,78K","2,55%"
"25.10.2023","19,583","20,000","20,417","18,417","1,42M","1,95%"
"24.10.2023","19,208","20,562","21,542","19,167","1,06M","-7,80%"
"23.10.2023","20,833","21,500","21,625","20,000","1,87M","-8,59%"
"20.10.2023","22,792","21,417","23,833","21,333","3,20M","6,63%"
"19.10.2023","21,375","22,667","22,750","20,708","2,23M","-7,23%"
"18.10.2023","23,042","24,583","24,583","22,500","2,19M","-4,33%"
"17.10.2023","24,083","23,333","25,083","22,667","2,07M","2,48%"
"12.10.2023","23,500","22,667","23,667","22,167","2,10M","2,55%"
"11.10.2023","22,917","22,708","24,167","21,000","3,23M","1,10%"
"10.10.2023","22,667","19,167","22,833","19,167","3,63M","18,13%"
"09.10.2023","19,187","18,417","19,917","18,417","3,29M","4,66%"
"06.10.2023","18,333","18,333","18,979","18,167","2,37M","-2,87%"
"05.10.2023","18,875","18,958","19,167","18,625","2,64M","-0,98%"
"04.10.2023","19,062","19,083","19,167","18,333","3,69M","-0,54%"
"03.10.2023","19,167","18,792","19,292","18,417","766,89K","-1,92%"
"02.10.2023","19,542","18,250","20,000","17,583","4,38M","4,22%"
"29.09.2023","18,750","19,583","20,229","18,333","1,82M","-4,05%"
"28.09.2023","19,542","18,979","19,958","18,979","1,53M","4,34%"
"27.09.2023","18,729","17,229","19,583","17,000","1,33M","8,31%"
"26.09.2023","17,292","17,917","18,000","16,667","1,13M","-3,49%"
"25.09.2023","17,917","17,750","18,229","17,500","802,66K","-0,46%"
"22.09.2023","18,000","17,125","18,021","17,083","1,09M","1,89%"
"21.09.2023","17,667","18,167","18,167","16,333","1,11M","-2,97%"
"20.09.2023","18,208","18,354","19,167","17,917","1,05M","-1,47%"
"19.09.2023","18,479","18,833","19,146","18,417","701,64K","-1,88%"
"18.09.2023","18,833","18,750","18,833","18,187","1,61M","0,56%"
"15.09.2023","18,729","19,250","19,562","18,354","1,03M","-2,28%"
"14.09.2023","19,167","20,000","20,000","19,125","1,55M","-2,75%"
"13.09.2023","19,708","19,208","20,083","19,208","2,00M","2,83%"
"12.09.2023","19,167","17,500","19,417","17,333","2,58M","5,26%"
"11.09.2023","18,208","19,208","20,000","17,583","1,71M","-4,69%"
"08.09.2023","19,104","18,542","20,458","18,333","1,86M","1,89%"
"07.09.2023","18,750","20,000","20,167","18,417","1,06M","-3,54%"
"06.09.2023","19,437","19,583","20,125","18,750","2,70M","-0,74%"
"05.09.2023","19,583","20,917","21,083","19,417","1,63M","-6,37%"
"04.09.2023","20,917","22,125","22,833","20,500","2,95M","-4,74%"
"01.09.2023","21,958","21,250","22,917","21,250","2,41M","3,33%"
"31.08.2023","21,250","22,667","22,667","20,083","3,50M","-4,85%"
"30.08.2023","22,333","23,417","25,333","22,333","3,58M","-3,42%"
"29.08.2023","23,125","21,667","24,542","21,625","6,73M","7,35%"
"28.08.2023","21,542","20,812","21,625","20,417","4,25M","7,48%"
"25.08.2023","20,042","18,333","20,417","18,333","3,24M","6,53%"
"24.08.2023","18,812","17,312","19,250","17,312","5,07M","8,80%"
"23.08.2023","17,292","16,000","17,417","15,833","3,40M","9,21%"
"22.08.2023","15,833","16,417","16,500","15,667","4,09M","-3,92%"
"18.08.2023","16,479","17,333","17,333","15,833","3,83M","-4,93%"
"17.08.2023","17,333","16,333","18,333","16,271","5,29M","6,39%"
"16.08.2023","16,292","14,333","16,312","14,333","3,37M","14,66%"
"15.08.2023","14,208","13,333","14,542","13,333","2,17M","6,90%"
"14.08.2023","13,292","12,417","13,750","11,958","1,59M","7,05%"
"11.08.2023","12,417","12,500","12,708","12,083","2,69M","-0,67%"
"10.08.2023","12,500","12,917","13,167","12,396","3,18M","-3,23%"
"09.08.2023","12,917","13,125","13,417","12,417","2,08M","-1,59%"
"08.08.2023","13,125","13,396","13,667","13,000","2,30M","-2,78%"
"07.08.2023","13,500","13,333","13,812","13,062","1,32M","1,25%"
"04.08.2023","13,333","13,083","13,500","13,021","1,11M","1,11%"
"03.08.2023","13,187","13,062","13,333","12,750","1,34M","3,43%"
"02.08.2023","12,750","13,250","13,417","12,667","1,04M","-2,86%"
"01.08.2023","13,125","13,187","13,479","12,354","3,17M","-0,47%"
"31.07.2023","13,187","13,750","13,958","13,062","1,50M","-2,91%"
"28.07.2023","13,583","13,333","13,917","13,187","1,25M","1,88%"
"27.07.2023","13,333","14,250","14,250","13,250","1,46M","-5,19%"
"26.07.2023","14,062","14,333","14,729","13,667","1,20M","-1,89%"
"25.07.2023","14,333","14,250","14,542","13,792","2,01M","1,03%"
"24.07.2023","14,187","14,167","14,833","13,583","3,06M","0,15%"
"21.07.2023","14,167","13,167","14,917","13,083","3,37M","6,25%"
"20.07.2023","13,333","12,396","13,729","11,917","2,88M","8,47%"
"19.07.2023","12,292","12,333","12,667","11,917","1,75M","1,03%"
"18.07.2023","12,167","11,667","12,417","11,500","2,20M","5,80%"
"17.07.2023","11,500","11,458","11,667","11,250","928,34K","0,00%"
"14.07.2023","11,500","11,500","11,667","11,187","920,76K","0,00%"
"13.07.2023","11,500","11,187","11,667","11,000","1,77M","0,18%"
"12.07.2023","11,479","11,500","11,917","11,167","1,74M","-0,18%"
"11.07.2023","11,500","10,125","11,625","10,083","2,37M","11,29%"
"10.07.2023","10,333","10,667","10,729","10,083","1,11M","-1,78%"
"07.07.2023","10,521","10,542","10,875","10,292","1,08M","0,00%"
"06.07.2023","10,521","10,833","10,958","10,250","1,73M","-2,51%"
"05.07.2023","10,792","11,000","11,208","10,708","1,53M","-1,89%"
"04.07.2023","11,000","11,125","11,417","10,833","3,29M","-0,75%"
"03.07.2023","11,083","11,250","11,479","11,000","1,63M","-1,30%"
"30.06.2023","11,229","10,792","11,542","10,792","1,62M","4,66%"
"29.06.2023","10,729","11,000","11,000","10,292","1,39M","1,38%"
"28.06.2023","10,583","11,000","11,167","10,500","1,01M","-4,15%"
"27.06.2023","11,042","11,250","11,833","10,583","1,96M","-1,85%"
"26.06.2023","11,250","11,167","11,500","10,667","2,64M","1,50%"
"23.06.2023","11,083","10,958","11,417","10,667","1,25M","1,14%"
"22.06.2023","10,958","11,583","11,583","10,833","1,70M","-3,31%"
"21.06.2023","11,333","11,083","11,583","10,958","2,94M","4,41%"
"16.06.2023","10,854","10,750","11,583","10,750","4,54M","2,16%"
"15.06.2023","10,625","9,208","10,667","9,167","3,76M","14,86%"
"14.06.2023","9,250","9,646","10,417","8,896","6,18M","-3,48%"
"13.06.2023","9,583","8,292","9,583","8,208","8,09M","16,87%"
"12.06.2023","8,200","8,000","8,200","7,833","4,38M","4,24%"
"09.06.2023","7,867","7,667","7,917","7,667","6,00M","2,72%"
"08.06.2023","7,658","7,775","8,067","7,525","1,76M","-1,50%"
"07.06.2023","7,775","8,058","8,158","7,725","3,36M","-1,27%"
"06.06.2023","7,875","7,900","8,000","7,758","4,09M","2,05%"
"05.06.2023","7,717","7,750","7,833","7,358","1,90M","0,11%"
"02.06.2023","7,708","7,692","7,908","7,675","4,52M","0,54%"
"01.06.2023","7,667","7,708","7,833","7,550","2,32M","0,11%"
"31.05.2023","7,658","7,817","8,000","7,508","7,34M","-1,29%"
"30.05.2023","7,758","8,083","8,167","7,750","1,76M","-4,32%"
"29.05.2023","8,108","8,050","8,333","7,833","4,70M","0,52%"
"24.05.2023","8,067","8,000","8,083","7,417","2,46M","2,98%"
"23.05.2023","7,833","7,575","8,042","7,417","6,68M","6,58%"
"22.05.2023","7,350","7,533","7,625","7,250","1,71M","-2,00%"
"19.05.2023","7,500","7,583","7,583","7,175","1,34M","2,27%"
"18.05.2023","7,333","7,408","7,542","7,217","1,03M","-1,90%"
"17.05.2023","7,475","7,333","7,492","6,833","2,92M","3,58%"
"16.05.2023","7,217","7,083","7,292","6,883","2,39M","3,10%"
"15.05.2023","7,000","6,583","7,058","6,417","2,44M","5,66%"
"12.05.2023","6,625","6,467","6,667","6,333","1,45M","2,32%"
"11.05.2023","6,475","6,392","6,500","6,342","1,49M","0,91%"
"10.05.2023","6,417","6,500","6,533","6,142","858,26K","1,32%"
"09.05.2023","6,333","6,175","6,417","6,167","2,17M","2,15%"
"08.05.2023","6,200","6,150","6,250","6,083","745,27K","0,54%"
"05.05.2023","6,167","5,958","6,333","5,792","1,89M","4,67%"
"04.05.2023","5,892","6,000","6,000","5,792","909,71K","-1,81%"
"03.05.2023","6,000","6,167","6,250","5,958","1,48M","-2,70%"
"02.05.2023","6,167","6,133","6,300","6,050","918,71K","-2,25%"
"28.04.2023","6,308","6,167","6,458","6,092","1,26M","2,99%"
"27.04.2023","6,125","6,217","6,250","6,000","1,24M","-2,52%"
"26.04.2023","6,283","6,342","6,417","6,150","1,00M","-1,18%"
"25.04.2023","6,358","6,392","6,533","6,217","2,37M","1,46%"
"24.04.2023","6,267","6,250","6,475","6,033","2,05M","0,67%"
"21.04.2023","6,225","6,125","6,400","6,050","1,74M","0,95%"
"20.04.2023","6,167","6,167","6,408","6,108","1,31M","0,14%"
"19.04.2023","6,158","6,667","6,667","6,083","2,25M","-5,26%"
"18.04.2023","6,500","6,275","6,750","6,275","2,44M","3,45%"
"17.04.2023","6,283","6,000","6,408","5,958","2,77M","4,87%"
"14.04.2023","5,992","5,917","6,000","5,833","871,72K","1,70%"
"13.04.2023","5,892","5,917","6,000","5,692","1,30M","1,43%"
"12.04.2023","5,808","5,792","5,950","5,767","1,28M","1,46%"
"11.04.2023","5,725","5,842","6,083","5,708","2,31M","-3,51%"
"10.04.2023","5,933","5,833","5,983","5,750","873,86K","3,34%"
"05.04.2023","5,742","5,958","5,958","5,708","693,00K","0,15%"
"04.04.2023","5,733","5,708","5,917","5,675","1,17M","0,00%"
"03.04.2023","5,733","5,583","5,917","5,508","887,37K","2,23%"
"31.03.2023","5,608","5,833","6,000","5,508","1,65M","-2,04%"
"30.03.2023","5,725","5,708","5,950","5,667","1,47M","0,59%"
"29.03.2023","5,692","5,425","5,733","5,425","1,42M","5,40%"
"28.03.2023","5,400","5,283","5,583","5,283","902,68K","2,37%"
"27.03.2023","5,275","5,067","5,308","5,067","731,63K","4,11%"
"23.03.2023","5,067","5,150","5,333","5,017","755,38K","-1,94%"
"22.03.2023","5,167","5,292","5,492","5,125","1,12M","-2,36%"
"21.03.2023","5,292","5,483","5,483","5,233","581,05K","-1,09%"
"20.03.2023","5,350","5,292","5,492","5,175","535,47K","0,31%"
"17.03.2023","5,333","5,217","5,475","5,217","1,79M","1,27%"
"16.03.2023","5,267","5,067","5,417","4,925","1,21M","4,12%"
"15.03.2023","5,058","5,208","5,250","4,833","2,41M","-3,19%"
"14.03.2023","5,225","5,733","5,767","5,167","3,02M","-7,66%"
"13.03.2023","5,658","5,833","6,042","5,583","1,23M","-5,96%"
"10.03.2023","6,017","6,167","6,358","5,833","3,32M","-3,09%"
"09.03.2023","6,208","6,233","6,375","6,117","1,43M","-0,13%"
"08.03.2023","6,217","6,208","6,250","6,075","945,76K","0,81%"
"07.03.2023","6,167","6,292","6,400","6,142","890,93K","-2,76%"
"06.03.2023","6,342","6,567","6,567","6,225","2,18M","-0,91%"
"03.03.2023","6,400","6,417","6,608","6,400","2,30M","3,09%"
"02.03.2023","6,208","6,067","6,417","6,042","1,40M","2,34%"
"01.03.2023","6,067","6,000","6,075","5,925","753,82K","1,11%"
"28.02.2023","6,000","6,150","6,167","5,942","1,32M","-1,77%"
"27.02.2023","6,108","6,125","6,242","6,000","1,78M","-0,27%"
"24.02.2023","6,125","6,133","6,208","6,050","961,64K","0,68%"
"23.02.2023","6,083","5,958","6,417","5,958","6,46M","0,00%"
"22.02.2023","6,083","6,242","6,325","6,042","1,60M","-2,67%"
"17.02.2023","6,250","6,458","6,625","6,083","1,45M","-3,10%"
"16.02.2023","6,450","6,517","6,658","6,342","1,33M","-1,15%"
"15.02.2023","6,525","6,667","7,000","6,500","2,44M","-3,09%"
"14.02.2023","6,733","7,000","7,583","6,667","8,35M","-5,94%"
"13.02.2023","7,158","6,375","7,392","6,300","9,78M","13,32%"
"10.02.2023","6,317","6,142","6,500","6,042","4,47M","2,71%"
"09.02.2023","6,150","5,917","6,150","5,850","2,49M","4,09%"
"08.02.2023","5,908","5,908","5,908","5,583","1,81M","2,01%"
"07.02.2023","5,792","5,775","5,917","5,675","1,71M","0,29%"
"06.02.2023","5,775","5,750","5,875","5,542","2,51M","2,36%"
"03.02.2023","5,642","5,417","5,675","5,417","3,51M","2,27%"
"02.02.2023","5,517","5,667","5,683","5,442","3,42M","-1,34%"
"01.02.2023","5,592","5,542","5,667","5,458","1,59M","1,05%"
"31.01.2023","5,533","5,500","5,558","5,392","1,51M","1,22%"
"30.01.2023","5,467","5,517","5,583","5,383","1,45M","-1,65%"
"27.01.2023","5,558","5,683","5,775","5,417","1,73M","-1,62%"
"26.01.2023","5,650","5,642","5,700","5,500","2,01M","1,95%"
"25.01.2023","5,542","5,433","5,583","5,417","1,38M","2,31%"
"24.01.2023","5,417","5,625","5,667","5,383","1,54M","-3,27%"
"23.01.2023","5,600","5,542","5,617","5,350","3,18M","3,23%"
"20.01.2023","5,425","5,167","5,542","5,167","2,92M","4,16%"
"19.01.2023","5,208","5,400","5,567","4,967","10,54M","-3,85%"
"18.01.2023","5,417","5,992","6,000","5,333","5,85M","-7,67%"
"17.01.2023","5,867","5,542","5,958","5,517","13,15M","5,55%"
"16.01.2023","5,558","5,575","5,592","5,467","3,31M","1,06%"
"13.01.2023","5,500","5,533","5,558","5,333","6,39M","0,00%"
"12.01.2023","5,500","5,567","5,667","5,342","4,08M","-1,35%"
"11.01.2023","5,575","5,625","5,700","5,533","4,24M","-1,04%"
"10.01.2023","5,633","5,908","5,908","5,542","3,23M","-1,89%"
"09.01.2023","5,742","5,708","5,908","5,583","2,47M","0,73%"
"06.01.2023","5,700","5,733","5,825","5,583","6,14M","0,59%"
"05.01.2023","5,667","5,583","5,742","5,467","1,18M","0,74%"
"04.01.2023","5,625","5,583","5,675","5,417","1,42M","-1,46%"
"03.01.2023","5,708","5,817","5,917","5,592","998,13K","-1,44%"
"02.01.2023","5,792","5,608","5,833","5,608","2,02M","1,46%"
"30.12.2022","5,708","5,717","5,908","5,625","756,39K","-0,72%"
"29.12.2022","5,750","5,917","6,158","5,667","1,32M","-1,43%"
"28.12.2022","5,833","6,083","6,242","5,758","1,65M","-3,45%"
"27.12.2022","6,042","5,667","6,067","5,450","5,06M","7,73%"
"26.12.2022","5,608","5,667","5,708","5,517","2,25M","1,51%"
"23.12.2022","5,525","5,333","5,617","5,250","1,90M","2,00%"
"22.12.2022","5,417","5,367","5,425","5,083","2,56M","1,88%"
"21.12.2022","5,317","5,417","5,417","5,267","2,68M","1,28%"
"20.12.2022","5,249","5,315","5,315","5,208","190,44K","0,47%"
"19.12.2022","5,225","5,331","5,331","5,126","910,48K","-0,16%"
"16.12.2022","5,233","5,249","5,290","5,167","743,89K","0,63%"
"15.12.2022","5,200","5,323","5,323","5,143","957,74K","-0,16%"
"14.12.2022","5,208","5,167","5,274","5,167","971,91K","0,00%"
"13.12.2022","5,208","5,290","5,356","5,184","718,93K","-0,78%"
"12.12.2022","5,249","5,315","5,331","5,176","1,12M","-1,69%"
"07.12.2022","5,340","5,249","5,389","5,208","2,20M","1,40%"
"06.12.2022","5,266","5,496","5,496","5,176","2,89M","-0,47%"
"05.12.2022","5,290","5,496","5,635","5,241","1,53M","-4,59%"
"02.12.2022","5,545","5,496","5,660","5,372","1,01M","0,60%"
"01.12.2022","5,512","5,742","5,742","5,331","3,83M","-3,59%"
"30.11.2022","5,717","5,331","5,742","5,331","5,44M","7,56%"
"29.11.2022","5,315","4,872","5,331","4,839","9,72M","10,20%"
"28.11.2022","4,823","4,700","4,831","4,511","3,22M","2,62%"
"25.11.2022","4,700","4,593","4,733","4,560","3,52M","1,24%"
"24.11.2022","4,642","4,593","4,708","4,585","2,38M","0,53%"
"23.11.2022","4,618","4,716","4,839","4,610","1,82M","-2,09%"
"22.11.2022","4,716","4,839","4,880","4,692","2,84M","0,17%"
"18.11.2022","4,708","4,634","4,790","4,634","2,07M","1,59%"
"17.11.2022","4,634","4,733","4,733","4,593","3,10M","-2,08%"
"16.11.2022","4,733","4,749","4,856","4,651","2,46M","-1,87%"
"15.11.2022","4,823","4,839","4,971","4,683","2,15M","0,00%"
"14.11.2022","4,823","4,897","4,921","4,774","1,21M","-1,51%"
"11.11.2022","4,897","4,979","5,143","4,807","2,36M","-1,65%"
"10.11.2022","4,979","4,971","5,061","4,757","807,60K","-0,98%"
"09.11.2022","5,028","5,143","5,159","4,921","462,75K","-1,76%"
"08.11.2022","5,118","5,085","5,151","5,028","710,99K","0,16%"
"07.11.2022","5,110","5,249","5,290","5,061","516,93K","-1,58%"
"04.11.2022","5,192","5,323","5,323","5,094","809,61K","-1,09%"
"03.11.2022","5,249","5,331","5,331","5,167","293,22K","0,79%"
"02.11.2022","5,208","5,249","5,307","5,159","554,07K","-0,94%"
"01.11.2022","5,258","5,315","5,364","5,208","634,65K","-1,23%"
"31.10.2022","5,323","5,372","5,463","5,200","594,19K","0,46%"
"28.10.2022","5,299","5,233","5,331","5,167","299,61K","1,41%"
"27.10.2022","5,225","5,323","5,323","5,167","620,31K","-0,47%"
"26.10.2022","5,249","5,192","5,446","5,184","1,17M","1,02%"
"25.10.2022","5,196","5,076","5,212","5,076","210,29K","0,78%"
"24.10.2022","5,156","5,148","5,188","5,068","324,75K","0,31%"
"21.10.2022","5,140","5,084","5,148","4,995","503,32K","0,00%"
"20.10.2022","5,140","5,293","5,293","5,043","1,87M","-1,39%"
"19.10.2022","5,212","5,381","5,389","5,068","740,47K","-1,67%"
"18.10.2022","5,301","5,389","5,389","5,228","283,03K","0,30%"
"17.10.2022","5,285","5,349","5,494","5,237","516,41K","-1,20%"
"14.10.2022","5,349","5,542","5,550","5,228","270,21K","-1,34%"
"13.10.2022","5,422","5,582","5,582","5,237","353,40K","0,00%"
"12.10.2022","5,422","5,590","5,590","5,309","159,18K","-0,74%"
"11.10.2022","5,462","5,631","5,631","5,309","542,79K","-2,72%"
"06.10.2022","5,615","5,615","5,631","5,494","333,73K","0,00%"
"05.10.2022","5,615","5,631","5,743","5,494","301,23K","-0,71%"
"04.10.2022","5,655","5,534","5,735","5,494","1,59M","-0,14%"
"03.10.2022","5,663","5,711","5,775","5,534","631,23K","-0,71%"
"30.09.2022","5,703","5,783","5,783","5,615","356,17K","1,72%"
"29.09.2022","5,607","5,462","5,631","5,237","394,05K","2,65%"
"28.09.2022","5,462","5,389","5,510","5,228","570,07K","3,19%"
"27.09.2022","5,293","5,389","5,413","5,228","303,60K","-1,79%"
"26.09.2022","5,389","5,333","5,526","5,228","492,55K","-1,47%"
"23.09.2022","5,470","5,550","5,631","5,309","533,58K","-0,73%"
"22.09.2022","5,510","5,510","5,590","5,430","1,01M","0,44%"
"21.09.2022","5,486","5,470","5,550","5,389","597,00K","0,29%"
"20.09.2022","5,470","5,550","5,631","5,357","1,11M","-1,45%"
"19.09.2022","5,550","5,783","5,792","5,309","2,52M","-4,30%"
"16.09.2022","5,800","5,840","5,840","5,631","1,30M","-1,23%"
"15.09.2022","5,872","5,985","6,097","5,792","1,22M","-2,67%"
"14.09.2022","6,033","6,033","6,186","5,872","491,56K","-0,66%"
"13.09.2022","6,073","6,113","6,186","5,920","530,93K","-0,66%"
"12.09.2022","6,113","6,033","6,266","6,033","390,09K","0,66%"
"09.09.2022","6,073","6,194","6,355","5,800","1,74M","-2,58%"
"08.09.2022","6,234","6,113","6,435","6,041","729,87K","3,20%"
"07.09.2022","6,041","5,751","6,274","5,751","1,93M","3,02%"
"06.09.2022","5,864","5,623","5,864","5,405","1,52M","4,14%"
"05.09.2022","5,631","5,486","5,631","5,317","636,96K","5,26%"
"01.09.2022","5,349","5,228","5,526","5,228","663,85K","0,91%"
"31.08.2022","5,301","5,277","5,526","5,237","737,61K","1,07%"
"30.08.2022","5,245","5,430","5,542","5,228","809,81K","-4,82%"
"29.08.2022","5,510","5,389","5,711","5,269","927,71K","0,59%"
"26.08.2022","5,478","5,389","5,590","5,389","895,29K","-1,45%"
"25.08.2022","5,558","5,639","5,792","5,397","860,50K","-1,29%"
"24.08.2022","5,631","5,607","5,767","5,478","1,23M","0,36%"
"23.08.2022","5,610","5,634","5,650","5,452","386,22K","2,01%"
"22.08.2022","5,500","5,523","5,603","5,405","1,12M","1,02%"
"19.08.2022","5,444","5,429","5,492","5,294","628,07K","0,29%"
"18.08.2022","5,429","5,176","5,429","5,105","429,03K","3,93%"
"17.08.2022","5,223","5,152","5,334","5,152","254,16K","-1,20%"
"16.08.2022","5,286","5,215","5,508","5,215","644,44K","0,30%"
"12.08.2022","5,271","5,057","5,342","5,057","346,47K","0,30%"
"11.08.2022","5,255","5,207","5,405","5,057","627,54K","0,91%"
"10.08.2022","5,207","5,286","5,286","5,113","335,64K","-0,90%"
"09.08.2022","5,255","5,286","5,294","5,065","797,12K","0,00%"
"08.08.2022","5,255","5,215","5,492","5,215","2,14M","3,91%"
"05.08.2022","5,057","4,955","5,120","4,820","1,03M","4,58%"
"04.08.2022","4,836","4,820","5,120","4,812","1,72M","-2,08%"
"03.08.2022","4,939","4,267","4,939","4,267","2,09M","12,61%"
"02.08.2022","4,386","4,465","4,465","4,196","958,54K","0,18%"
"01.08.2022","4,378","4,433","4,623","4,196","622,24K","0,73%"
"29.07.2022","4,346","4,852","4,860","4,346","2,03M","-7,72%"
"28.07.2022","4,710","4,662","4,860","4,583","1,36M","0,85%"
"27.07.2022","4,670","4,425","4,686","4,409","1,43M","5,54%"
"26.07.2022","4,425","4,283","4,425","4,188","663,61K","2,19%"
"25.07.2022","4,330","4,188","4,346","4,149","752,46K","2,43%"
"22.07.2022","4,228","4,093","4,251","4,093","953,48K","3,48%"
"21.07.2022","4,085","3,793","4,109","3,714","2,93M","8,16%"
"20.07.2022","3,777","3,872","3,919","3,714","1,01M","-2,45%"
"19.07.2022","3,872","3,829","3,911","3,722","508,78K","0,51%"
"18.07.2022","3,852","3,635","3,872","3,635","712,73K","5,52%"
"15.07.2022","3,651","3,556","3,674","3,556","260,01K","1,87%"
"14.07.2022","3,584","3,619","3,667","3,556","507,30K","-1,41%"
"13.07.2022","3,635","3,773","3,777","3,595","318,61K","0,22%"
"12.07.2022","3,627","3,714","3,730","3,556","803,28K","-2,34%"
"11.07.2022","3,714","3,793","3,793","3,576","729,05K","-1,88%"
"08.07.2022","3,785","3,639","3,785","3,477","3,60M","3,57%"
"07.07.2022","3,655","3,279","3,674","3,236","2,50M","10,12%"
"06.07.2022","3,319","3,283","3,339","3,260","618,96K","0,12%"
"05.07.2022","3,315","3,303","3,343","3,240","670,43K","0,60%"
"04.07.2022","3,295","3,335","3,358","3,165","1,60M","-2,80%"
"01.07.2022","3,390","3,354","3,390","3,331","462,39K","1,42%"
"30.06.2022","3,343","3,319","3,343","3,220","392,93K","0,48%"
"29.06.2022","3,327","3,358","3,390","3,303","386,29K","0,00%"
"28.06.2022","3,327","3,394","3,394","3,240","745,63K","2,68%"
"27.06.2022","3,240","3,173","3,271","3,007","759,50K","2,50%"
"24.06.2022","3,161","3,169","3,192","3,113","450,53K","0,13%"
"23.06.2022","3,157","3,319","3,319","3,121","1,08M","-5,11%"
"22.06.2022","3,327","3,429","3,437","3,279","712,93K","-0,61%"
"21.06.2022","3,347","3,224","3,374","3,147","987,22K","3,81%"
"16.06.2022","3,224","3,170","3,224","3,147","436,61K","0,72%"
"15.06.2022","3,201","3,224","3,224","3,163","635,08K","0,48%"
"14.06.2022","3,186","3,136","3,209","3,136","450,99K","1,59%"
"13.06.2022","3,136","3,117","3,178","3,117","404,69K","-0,37%"
"10.06.2022","3,147","3,132","3,147","3,094","627,77K","0,24%"
"09.06.2022","3,140","3,170","3,228","3,071","677,70K","-1,56%"
"08.06.2022","3,190","3,147","3,220","3,147","878,64K","-0,72%"
"07.06.2022","3,213","3,270","3,278","3,170","394,73K","-2,22%"
"06.06.2022","3,286","3,305","3,401","3,286","613,78K","-0,93%"
"03.06.2022","3,316","3,305","3,359","3,301","171,90K","-0,23%"
"02.06.2022","3,324","3,305","3,393","3,305","167,98K","-92,34%"
"01.06.2022","43,400","44,000","44,500","43,100","23,57K","0,00%"
"31.05.2022","43,400","43,900","43,900","42,750","11,08K","-0,23%"
"30.05.2022","43,500","43,800","44,750","43,000","62,34K","-0,68%"
"27.05.2022","43,800","44,700","44,700","42,900","37,01K","-2,12%"
"26.05.2022","44,750","43,200","44,900","43,100","48,05K","4,07%"
"24.05.2022","43,000","41,950","44,000","40,300","51,98K","3,12%"
"23.05.2022","41,700","41,400","41,950","40,700","28,27K","-0,24%"
"20.05.2022","41,800","42,600","43,000","40,500","46,55K","-1,42%"
"19.05.2022","42,400","42,950","43,000","42,350","35,85K","-2,08%"
"17.05.2022","43,300","43,000","44,000","42,750","31,01K","1,88%"
"16.05.2022","42,500","41,400","42,950","41,400","26,45K","2,16%"
"13.05.2022","41,600","40,300","41,800","40,300","41,45K","3,48%"
"12.05.2022","40,200","39,550","41,000","39,050","46,40K","-0,74%"
"11.05.2022","40,500","41,400","41,500","40,000","9,25K","0,00%"
"10.05.2022","40,500","39,400","40,700","39,000","62,98K","2,02%"
"09.05.2022","39,700","41,900","41,900","39,000","52,03K","-4,22%"
"06.05.2022","41,450","41,000","42,300","40,900","33,04K","1,10%"
"05.05.2022","41,000","41,350","43,250","40,700","38,90K","-1,20%"
"04.05.2022","41,500","41,950","42,000","41,400","87,51K","-0,36%"
"03.05.2022","41,650","41,200","42,500","41,100","36,88K","0,00%"
"02.05.2022","41,650","44,000","44,050","41,500","49,42K","-4,03%"
"29.04.2022","43,400","43,400","43,850","43,400","66,45K","-0,23%"
"28.04.2022","43,500","42,700","43,500","42,150","46,08K","1,16%"
"27.04.2022","43,000","42,950","43,000","42,100","43,34K","0,47%"
"26.04.2022","42,800","42,950","42,950","42,200","46,44K","1,30%"
"25.04.2022","42,250","42,400","42,400","41,000","35,03K","0,60%"
"22.04.2022","42,000","42,000","42,550","41,700","80,18K","-0,47%"
"21.04.2022","42,200","42,450","42,450","41,700","16,87K","0,48%"
"20.04.2022","42,000","42,700","42,700","41,300","49,54K","0,00%"
"19.04.2022","42,000","42,500","42,500","42,000","50,57K","-0,83%"
"18.04.2022","42,350","42,400","42,950","42,050","42,40K","-0,59%"
"13.04.2022","42,600","43,250","43,250","42,300","27,40K","-0,93%"
"12.04.2022","43,000","43,800","43,800","42,800","49,88K","0,35%"
"11.04.2022","42,850","43,100","43,200","42,550","83,37K","-1,04%"
"08.04.2022","43,300","45,000","45,000","43,200","105,88K","-1,37%"
"07.04.2022","43,900","43,250","44,000","43,250","65,42K","0,23%"
"06.04.2022","43,800","44,100","44,100","43,100","207,55K","-1,13%"
"05.04.2022","44,300","46,500","46,500","44,000","171,52K","-3,90%"
"04.04.2022","46,100","46,000","46,950","45,200","34,11K","0,44%"
"01.04.2022","45,900","44,000","46,000","43,800","75,71K","4,56%"
"31.03.2022","43,900","45,100","45,100","43,100","110,67K","-2,12%"
"30.03.2022","44,850","45,600","45,900","44,450","107,53K","-1,54%"
"29.03.2022","45,550","47,000","47,750","45,550","41,22K","-2,15%"
"28.03.2022","46,550","48,000","48,900","45,300","53,27K","-1,90%"
"25.03.2022","47,450","47,000","47,800","45,700","139,32K","3,15%"
"23.03.2022","46,000","45,550","48,500","45,200","72,29K","0,22%"
"22.03.2022","45,900","46,450","46,700","44,900","305,58K","-0,65%"
"21.03.2022","46,200","47,400","47,700","45,700","147,18K","-2,53%"
"18.03.2022","47,400","48,500","48,500","46,950","101,44K","-1,25%"
"17.03.2022","48,000","49,000","49,000","47,550","61,64K","-0,62%"
"16.03.2022","48,300","47,100","48,300","46,550","93,75K","2,77%"
"15.03.2022","47,000","48,000","49,500","47,000","50,52K","-2,69%"
"14.03.2022","48,300","51,400","51,800","47,800","87,08K","-5,85%"
"11.03.2022","51,300","49,300","52,000","48,700","206,08K","3,85%"
"10.03.2022","49,400","50,000","50,200","48,700","37,64K","-1,20%"
"09.03.2022","50,000","52,000","52,900","49,500","162,71K","-5,12%"
"08.03.2022","52,700","50,000","54,000","50,000","259,62K","4,56%"
"07.03.2022","50,400","49,000","54,500","48,500","245,31K","0,80%"
"04.03.2022","50,000","50,000","50,000","48,000","73,46K","0,00%"
"03.03.2022","50,000","48,900","50,500","48,000","72,01K","0,00%"
"02.03.2022","50,000","48,000","50,000","47,800","61,22K","4,49%"
"25.02.2022","47,850","45,300","47,900","45,300","37,64K","1,81%"
"24.02.2022","47,000","46,500","47,650","45,100","58,61K","-1,26%"
"23.02.2022","47,600","47,000","49,000","46,200","94,71K","2,59%"
"22.02.2022","46,400","45,900","46,900","45,600","32,85K","1,75%"
"21.02.2022","45,600","48,000","48,000","45,550","52,93K","-5,00%"
"18.02.2022","48,000","47,000","48,000","45,450","62,87K","0,00%"
"17.02.2022","48,000","48,600","49,000","45,550","84,66K","-1,03%"
"16.02.2022","48,500","48,000","48,600","47,050","49,26K","-1,02%"
"15.02.2022","49,000","44,900","49,000","44,700","105,03K","9,50%"
"14.02.2022","44,750","44,100","45,000","43,900","14,83K","2,40%"
"11.02.2022","43,700","42,500","45,000","42,500","47,80K","0,69%"
"10.02.2022","43,400","40,300","43,500","40,300","87,78K","2,24%"
"09.02.2022","42,450","42,900","43,800","42,050","30,59K","-0,70%"
"08.02.2022","42,750","43,200","43,500","42,750","31,45K","0,12%"
"07.02.2022","42,700","42,150","43,000","42,150","66,32K","1,43%"
"04.02.2022","42,100","39,600","42,600","39,600","122,32K","3,31%"
"03.02.2022","40,750","40,500","41,100","39,300","26,60K","-0,73%"
"02.02.2022","41,050","41,250","41,550","40,050","29,06K","0,12%"
"01.02.2022","41,000","40,650","41,700","40,200","74,44K","1,23%"
"31.01.2022","40,500","41,000","41,000","39,950","24,36K","1,25%"
"28.01.2022","40,000","39,500","41,000","38,200","69,53K","4,17%"
"27.01.2022","38,400","40,450","40,450","38,200","60,68K","-4,48%"
"26.01.2022","40,200","40,400","40,400","39,000","17,22K","3,08%"
"25.01.2022","39,000","40,000","40,000","38,000","40,00K","-2,01%"
"24.01.2022","39,800","39,000","40,900","37,350","42,95K","0,25%"
"21.01.2022","39,700","39,900","40,850","39,400","11,14K","-1,00%"
"20.01.2022","40,100","39,200","40,100","39,200","38,45K","0,25%"
"19.01.2022","40,000","39,100","41,000","39,100","33,83K","0,00%"
"18.01.2022","40,000","40,200","40,950","40,000","42,84K","-1,36%"
"17.01.2022","40,550","40,500","41,450","40,100","37,71K","-0,98%"
"14.01.2022","40,950","41,500","41,600","40,600","92,89K","-2,50%"
"13.01.2022","42,000","41,650","42,800","41,600","52,96K","-0,47%"
"12.01.2022","42,200","42,500","43,000","41,650","9,54K","-1,06%"
"11.01.2022","42,650","42,600","43,000","42,250","28,86K","-0,12%"
"10.01.2022","42,700","42,900","42,900","41,050","100,57K","1,91%"
"07.01.2022","41,900","42,500","42,500","40,500","20,17K","-0,24%"
"06.01.2022","42,000","40,050","42,000","39,600","45,83K","1,08%"
"05.01.2022","41,550","42,000","42,750","41,350","23,44K","-2,24%"
"04.01.2022","42,500","41,600","42,950","41,600","40,53K","-1,16%"
"03.01.2022","43,000","42,500","43,850","41,900","74,97K","2,38%"
"30.12.2021","42,000","41,300","42,000","40,900","31,11K","1,20%"
"29.12.2021","41,500","43,000","43,000","41,500","18,91K","-2,58%"
"28.12.2021","42,600","43,300","43,900","42,400","29,79K","-1,96%"
"27.12.2021","43,450","42,750","43,950","42,400","91,45K","1,52%"
"23.12.2021","42,800","43,000","43,000","42,000","31,87K","0,94%"
"22.12.2021","42,400","42,950","42,950","41,150","25,62K","-0,70%"
"21.12.2021","42,700","41,100","42,700","39,500","73,76K","3,39%"
"20.12.2021","41,300","41,000","41,800","39,600","35,56K","0,73%"
"17.12.2021","41,000","40,600","41,000","40,600","19,51K","0,49%"
"16.12.2021","40,800","41,000","41,700","40,500","21,16K","0,25%"
"15.12.2021","40,700","40,700","41,000","40,350","22,35K","-0,73%"
"14.12.2021","41,000","40,050","41,000","40,050","32,25K","0,74%"
"13.12.2021","40,700","41,450","41,450","40,600","17,54K","-1,93%"
"10.12.2021","41,500","40,000","41,900","40,000","18,62K","-0,72%"
"09.12.2021","41,800","41,950","41,950","40,700","87,15K","-1,30%"
"07.12.2021","42,350","43,300","44,000","40,000","159,29K","-2,19%"
"06.12.2021","43,300","41,950","43,400","41,200","97,70K","4,09%"
"03.12.2021","41,600","41,600","43,000","40,500","88,90K","-0,24%"
"02.12.2021","41,700","39,750","42,000","39,750","137,01K","4,25%"
"01.12.2021","40,000","37,350","40,000","37,300","113,23K","7,24%"
"30.11.2021","37,300","38,200","38,300","37,150","61,53K","-2,23%"
"29.11.2021","38,150","40,350","41,000","37,800","103,84K","-5,69%"
"26.11.2021","40,450","42,000","42,000","39,650","84,09K","-3,69%"
"25.11.2021","42,000","43,000","43,000","41,700","172,26K","0,00%"
"24.11.2021","42,000","41,450","42,700","41,300","41,68K","0,24%"
"23.11.2021","41,900","43,000","43,000","40,600","44,36K","-2,10%"
"19.11.2021","42,800","42,800","44,000","42,350","84,53K","-0,93%"
"18.11.2021","43,200","41,600","43,200","41,250","130,27K","2,86%"
"17.11.2021","42,000","42,500","43,000","41,800","110,98K","-1,18%"
"16.11.2021","42,500","44,000","44,850","41,800","168,83K","-4,17%"
"15.11.2021","44,350","43,000","44,500","42,000","295,97K","5,09%"
"12.11.2021","42,200","42,500","43,150","41,200","302,59K","-0,24%"
"11.11.2021","42,300","42,300","42,900","40,600","302,25K","-1,63%"
"10.11.2021","43,000","42,700","43,900","41,000","175,14K","0,00%"
"09.11.2021","43,000","42,900","43,600","41,750","142,40K","0,00%"
"08.11.2021","43,000","40,150","43,000","40,150","234,69K","4,88%"
"05.11.2021","41,000","39,900","41,000","38,300","334,81K","6,91%"
"04.11.2021","38,350","36,700","38,650","36,500","108,57K","3,65%"
"03.11.2021","37,000","36,300","37,000","34,550","124,39K","1,09%"
"02.11.2021","36,600","34,950","36,650","34,550","171,97K","4,87%"
"01.11.2021","34,900","35,250","35,250","33,700","133,39K","2,20%"
"29.10.2021","34,150","34,900","35,400","33,600","86,72K","-2,01%"
"28.10.2021","34,850","33,700","35,000","33,700","73,00K","1,01%"
"27.10.2021","34,500","35,200","35,500","33,600","183,66K","-2,27%"
"26.10.2021","35,300","35,000","35,400","34,100","127,44K","1,00%"
"25.10.2021","34,950","34,950","34,950","34,000","102,65K","-0,14%"
"22.10.2021","35,000","34,000","35,000","33,400","91,86K","2,49%"
"21.10.2021","34,150","33,400","34,200","33,350","172,22K","2,09%"
"20.10.2021","33,450","32,600","33,500","32,600","258,32K","2,14%"
"19.10.2021","32,750","32,750","32,850","32,100","198,67K","0,46%"
"18.10.2021","32,600","32,100","33,000","31,000","100,06K","1,24%"
"15.10.2021","32,200","31,000","32,250","30,600","169,72K","3,87%"
"14.10.2021","31,000","30,250","31,600","30,250","140,29K","0,32%"
"13.10.2021","30,900","31,200","31,200","30,150","57,90K","-0,96%"
"12.10.2021","31,200","31,000","31,600","30,300","124,76K","-2,19%"
"07.10.2021","31,900","32,000","32,450","31,350","79,32K","0,00%"
"06.10.2021","31,900","32,200","32,450","31,050","27,04K","-1,24%"
"05.10.2021","32,300","31,500","32,700","31,400","69,89K","0,94%"
"04.10.2021","32,000","32,700","33,250","31,400","74,19K","-1,23%"
"01.10.2021","32,400","32,400","32,650","31,500","91,12K","1,57%"
"30.09.2021","31,900","31,900","32,250","31,500","101,98K","1,27%"
"29.09.2021","31,500","30,100","31,500","30,100","51,82K","2,61%"
"28.09.2021","30,700","31,500","31,500","29,800","79,20K","0,99%"
"27.09.2021","30,400","29,950","31,250","29,950","60,86K","1,67%"
"24.09.2021","29,900","30,500","30,950","29,700","47,39K","-0,99%"
"23.09.2021","30,200","30,100","30,850","29,950","103,40K","-0,98%"
"22.09.2021","30,500","31,500","31,500","30,100","69,30K","-0,33%"
"21.09.2021","30,600","30,200","30,650","29,700","33,79K","2,17%"
"20.09.2021","29,950","31,500","31,500","29,200","254,63K","-5,82%"
"17.09.2021","31,800","32,100","32,900","31,650","64,95K","-1,24%"
"16.09.2021","32,200","32,850","32,850","31,300","112,26K","-0,92%"
"15.09.2021","32,500","33,000","33,000","31,000","275,10K","0,00%"
"14.09.2021","32,500","33,750","33,900","32,300","54,62K","-3,70%"
"13.09.2021","33,750","34,050","34,800","32,700","191,90K","4,49%"
"10.09.2021","32,300","32,750","32,750","31,500","67,20K","-1,37%"
"09.09.2021","32,750","33,850","34,500","32,400","206,59K","-3,25%"
"08.09.2021","33,850","34,350","34,500","32,800","174,57K","-1,31%"
"07.09.2021","34,300","32,000","34,400","31,850","340,11K","7,69%"
"06.09.2021","31,850","31,800","32,350","31,450","97,43K","0,16%"
"03.09.2021","31,800","31,950","31,950","31,000","114,54K","-0,47%"
"02.09.2021","31,950","32,200","32,500","31,400","96,39K","0,00%"
"01.09.2021","31,950","33,000","33,000","31,450","136,51K","-3,18%"
"31.08.2021","33,000","32,000","33,000","31,700","105,99K","3,13%"
"30.08.2021","32,000","31,000","32,000","31,000","255,23K","2,07%"
"27.08.2021","31,350","31,600","31,950","31,000","108,42K","-0,48%"
"26.08.2021","31,500","31,100","31,600","30,750","89,84K","1,29%"
"25.08.2021","31,100","31,800","31,850","30,800","232,64K","-2,35%"
"24.08.2021","31,850","32,100","32,700","31,000","178,41K","-0,78%"
"23.08.2021","32,100","33,300","33,700","32,100","84,85K","-3,31%"
"20.08.2021","33,200","33,000","33,800","32,100","64,78K","0,61%"
"19.08.2021","33,000","32,900","33,100","32,300","57,07K","0,30%"
"18.08.2021","32,900","32,500","33,500","31,850","129,69K","0,46%"
"17.08.2021","32,750","33,450","34,200","32,500","158,23K","-2,09%"
"13.08.2021","33,450","31,200","33,900","30,650","442,41K","7,21%"
"12.08.2021","31,200","29,300","31,700","29,200","398,12K","6,48%"
"11.08.2021","29,300","27,300","29,300","27,000","364,95K","7,33%"
"10.08.2021","27,300","27,300","27,350","26,450","26,89K","0,00%"
"09.08.2021","27,300","26,700","27,300","25,700","111,65K","3,61%"
"06.08.2021","26,350","26,000","26,750","25,650","35,71K","-0,57%"
"05.08.2021","26,500","26,600","26,800","25,650","28,82K","0,00%"
"04.08.2021","26,500","26,500","26,650","26,000","32,45K","0,57%"
"03.08.2021","26,350","25,500","26,350","25,000","47,56K","3,33%"
"02.08.2021","25,500","25,500","25,650","25,000","158,66K","-0,78%"
"30.07.2021","25,700","26,500","26,600","25,250","111,93K","-1,91%"
"29.07.2021","26,200","26,600","26,950","26,000","97,66K","-1,50%"
"28.07.2021","26,600","27,700","27,700","26,400","50,94K","-1,12%"
"27.07.2021","26,900","27,150","27,250","26,550","45,10K","0,00%"
"26.07.2021","26,900","25,900","26,900","25,900","120,71K","2,48%"
"23.07.2021","26,250","26,000","27,000","25,650","194,03K","-1,32%"
"22.07.2021","26,600","27,000","27,200","25,900","243,59K","0,00%"
"21.07.2021","26,600","26,500","27,400","26,100","143,26K","1,14%"
"20.07.2021","26,300","26,200","27,450","26,000","49,17K","0,19%"
"19.07.2021","26,250","26,500","27,250","25,850","123,99K","-4,72%"
"16.07.2021","27,550","28,500","28,600","27,500","55,37K","-3,33%"
"15.07.2021","28,500","28,500","29,000","27,700","130,09K","1,06%"
"14.07.2021","28,200","27,500","28,800","27,450","259,53K","1,81%"
"13.07.2021","27,700","28,000","28,000","27,200","41,28K","-0,54%"
"12.07.2021","27,850","27,050","28,100","26,250","88,15K","3,53%"
"08.07.2021","26,900","26,800","27,300","25,850","183,50K","0,00%"
"07.07.2021","26,900","27,500","27,500","25,550","56,44K","-2,18%"
"06.07.2021","27,500","28,000","28,200","26,750","117,54K","-1,43%"
"05.07.2021","27,900","26,000","27,900","25,500","306,86K","9,41%"
"02.07.2021","25,500","25,500","25,600","24,250","73,57K","2,00%"
"01.07.2021","25,000","25,250","25,750","24,950","149,46K","2,88%"
"30.06.2021","24,300","22,500","25,000","22,300","165,06K","7,05%"
"29.06.2021","22,700","23,500","23,500","22,700","101,20K","-3,40%"
"28.06.2021","23,500","24,100","24,350","23,000","145,78K","-2,08%"
"25.06.2021","24,000","24,500","24,500","23,100","337,88K","-4,76%"
"24.06.2021","25,200","25,500","25,500","24,700","39,55K","-1,18%"
"23.06.2021","25,500","25,400","25,500","25,100","73,07K","0,39%"
"22.06.2021","25,400","25,900","25,900","24,600","139,36K","-1,93%"
"18.06.2021","25,900","27,450","27,450","25,000","110,14K","-3,72%"
"17.06.2021","26,900","27,150","27,700","26,500","49,31K","-0,92%"
"16.06.2021","27,150","27,500","27,500","26,900","69,05K","0,93%"
"15.06.2021","26,900","27,150","27,250","26,500","55,18K","-0,74%"
"14.06.2021","27,100","26,250","27,450","26,250","66,68K","1,50%"
"11.06.2021","26,700","27,600","27,600","26,050","116,44K","-3,44%"
"10.06.2021","27,650","27,500","28,000","26,500","165,45K","0,55%"
"09.06.2021","27,500","25,950","27,700","25,800","218,96K","6,59%"
"08.06.2021","25,800","26,950","26,950","25,400","91,69K","-1,53%"
"07.06.2021","26,200","26,500","26,950","25,700","393,89K","-0,19%"
"04.06.2021","26,250","25,500","26,400","25,150","152,69K","3,14%"
"03.06.2021","25,450","25,750","25,950","25,150","68,44K","-1,17%"
"02.06.2021","25,750","25,200","25,950","25,200","215,29K","2,59%"
"01.06.2021","25,100","25,000","25,250","23,750","198,69K","0,40%"
"31.05.2021","25,000","23,500","25,100","23,250","277,26K","6,84%"
"28.05.2021","23,400","22,550","23,450","22,500","170,19K","4,00%"
"27.05.2021","22,500","22,300","22,800","22,200","67,01K","0,90%"
"26.05.2021","22,300","22,350","22,500","22,000","82,76K","-0,45%"
"21.05.2021","22,400","22,750","23,000","22,100","111,76K","-1,54%"
"20.05.2021","22,750","23,100","23,200","22,350","143,64K","-0,66%"
"19.05.2021","22,900","23,000","23,400","22,250","81,60K","-0,65%"
"18.05.2021","23,050","23,700","23,700","22,600","102,95K","-1,50%"
"17.05.2021","23,400","23,450","23,850","23,000","121,02K","0,00%"
"14.05.2021","23,400","23,600","24,250","22,500","117,52K","-0,85%"
"13.05.2021","23,600","22,500","23,900","21,900","160,61K","3,06%"
"12.05.2021","22,900","23,800","24,050","22,600","277,28K","-4,18%"
"11.05.2021","23,900","24,050","24,800","23,550","161,51K","-3,63%"
"10.05.2021","24,800","23,350","24,950","22,700","243,15K","6,44%"
"07.05.2021","23,300","23,000","23,700","22,750","267,50K","2,42%"
"06.05.2021","22,750","22,750","22,800","21,700","174,24K","0,00%"
"05.05.2021","22,750","22,300","23,000","22,300","125,06K","0,00%"
"04.05.2021","22,750","23,000","23,300","22,400","331,11K","0,00%"
"03.05.2021","22,750","21,650","22,900","21,350","484,46K","5,08%"
"30.04.2021","21,650","20,900","21,650","20,300","293,79K","3,84%"
"29.04.2021","20,850","19,900","20,850","19,900","225,06K","4,77%"
"28.04.2021","19,900","19,400","20,000","19,300","92,46K","2,58%"
"27.04.2021","19,400","19,500","19,800","19,000","51,77K","-1,02%"
"26.04.2021","19,600","19,950","19,950","19,300","40,31K","-1,01%"
"23.04.2021","19,800","20,000","20,150","19,450","51,18K","-1,00%"
"22.04.2021","20,000","19,900","20,150","19,300","52,60K","0,50%"
"21.04.2021","19,900","20,000","20,150","19,300","88,57K","0,25%"
"20.04.2021","19,850","19,750","20,150","19,400","225,92K","0,51%"
"19.04.2021","19,750","18,800","19,750","18,800","228,95K","5,05%"
"16.04.2021","18,800","18,500","19,000","18,000","122,77K","3,58%"
"15.04.2021","18,150","18,500","19,000","18,000","92,15K","-2,94%"
"14.04.2021","18,700","18,750","19,150","18,550","50,28K","-0,27%"
"13.04.2021","18,750","19,000","19,200","18,500","64,72K","-2,60%"
"12.04.2021","19,250","19,400","19,550","19,000","83,03K","-0,26%"
"09.04.2021","19,300","19,600","19,600","19,000","70,80K","-1,53%"
"08.04.2021","19,600","19,450","19,600","19,000","64,42K","3,16%"
"07.04.2021","19,000","19,000","19,600","18,750","109,14K","0,00%"
"06.04.2021","19,000","18,500","19,350","18,500","40,59K","1,88%"
"05.04.2021","18,650","18,300","19,800","18,100","112,53K","-1,32%"
"31.03.2021","18,900","19,000","19,400","18,400","92,39K","0,00%"
"30.03.2021","18,900","17,550","18,900","17,150","136,71K","7,69%"
"29.03.2021","17,550","17,600","17,600","17,100","67,95K","-0,85%"
"26.03.2021","17,700","17,600","18,000","17,500","36,44K","0,57%"
"25.03.2021","17,600","18,050","18,250","17,300","120,44K","-2,22%"
"23.03.2021","18,000","18,400","18,400","18,000","43,12K","-1,64%"
"22.03.2021","18,300","19,000","19,000","18,200","40,18K","-1,08%"
"19.03.2021","18,500","18,050","18,800","18,000","51,51K","-1,33%"
"18.03.2021","18,750","19,000","19,500","18,300","44,92K","-1,06%"
"17.03.2021","18,950","19,200","19,350","18,650","35,68K","0,26%"
"16.03.2021","18,900","18,900","19,300","18,700","29,97K","1,07%"
"15.03.2021","18,700","18,500","18,850","18,100","55,90K","1,08%"
"12.03.2021","18,500","18,300","19,000","18,200","40,45K","-0,27%"
"11.03.2021","18,550","18,400","18,600","18,150","54,25K","0,00%"
"10.03.2021","18,550","18,300","18,850","18,300","55,70K","-1,59%"
"09.03.2021","18,850","19,100","19,400","18,600","30,83K","-1,31%"
"08.03.2021","19,100","19,350","20,150","19,100","71,85K","1,60%"
"05.03.2021","18,800","18,500","19,500","18,500","47,84K","0,00%"
"04.03.2021","18,800","18,900","19,800","18,700","22,34K","-0,53%"
"03.03.2021","18,900","19,200","19,300","18,750","29,25K","-2,58%"
"02.03.2021","19,400","19,500","20,250","19,300","30,16K","-2,02%"
"01.03.2021","19,800","19,650","20,200","19,600","122,96K","1,54%"
"26.02.2021","19,500","19,000","19,500","18,600","53,74K","0,52%"
"25.02.2021","19,400","19,300","19,900","19,300","34,48K","-0,51%"
"24.02.2021","19,500","19,500","19,700","19,000","30,89K","1,56%"
"23.02.2021","19,200","19,700","19,700","18,500","33,48K","-1,79%"
"22.02.2021","19,550","19,600","19,600","18,800","75,42K","-0,26%"
"19.02.2021","19,600","19,500","20,100","19,400","46,53K","0,51%"
"18.02.2021","19,500","20,000","20,350","19,500","75,38K","-3,70%"
"17.02.2021","20,250","20,600","20,850","20,150","88,93K","-1,70%"
"12.02.2021","20,600","20,800","20,950","20,500","40,48K","-0,96%"
"11.02.2021","20,800","20,600","21,000","20,100","78,47K","-0,95%"
"10.02.2021","21,000","21,050","21,050","20,700","141,65K","1,94%"
"09.02.2021","20,600","20,400","20,950","20,400","118,34K","0,73%"
"08.02.2021","20,450","20,600","21,400","20,200","89,74K","-0,73%"
"05.02.2021","20,600","20,850","21,350","20,000","180,46K","-0,96%"
"04.02.2021","20,800","20,300","21,000","20,300","293,67K","2,46%"
"03.02.2021","20,300","19,550","20,450","19,000","315,65K","3,84%"
"02.02.2021","19,550","19,200","19,600","19,100","108,31K","2,09%"
"01.02.2021","19,150","18,650","19,200","18,600","66,61K","2,96%"
"29.01.2021","18,600","18,800","19,000","18,600","63,26K","-1,33%"
"28.01.2021","18,850","18,900","19,350","18,800","54,28K","-0,26%"
"27.01.2021","18,900","18,850","19,400","18,700","127,70K","0,27%"
"26.01.2021","18,850","19,200","19,200","18,500","61,59K","-0,26%"
"25.01.2021","18,900","18,800","19,350","18,600","66,88K","1,89%"
"22.01.2021","18,550","18,300","18,850","18,200","91,02K","0,27%"
"21.01.2021","18,500","20,000","20,000","18,000","105,82K","-5,61%"
"20.01.2021","19,600","19,750","20,000","19,250","102,23K","-1,26%"
"19.01.2021","19,850","19,500","19,850","18,900","71,28K","3,12%"
"18.01.2021","19,250","19,800","19,800","19,050","66,01K","-1,28%"
"15.01.2021","19,500","20,000","20,000","19,250","68,56K","-2,74%"
"14.01.2021","20,050","20,200","20,400","19,500","96,00K","0,25%"
"13.01.2021","20,000","19,500","20,000","19,350","118,01K","4,17%"
"12.01.2021","19,200","19,000","19,400","18,600","83,32K","1,05%"
"11.01.2021","19,000","19,450","19,450","18,550","104,49K","-2,31%"
"08.01.2021","19,450","20,400","20,550","19,250","108,30K","-3,95%"
"07.01.2021","20,250","20,050","20,500","19,750","173,90K","2,53%"
"06.01.2021","19,750","19,850","20,000","19,550","240,36K","-0,50%"
"05.01.2021","19,850","18,800","19,850","18,550","327,66K","7,01%"
"04.01.2021","18,550","17,750","18,800","16,700","215,15K","5,40%"
"30.12.2020","17,600","17,950","18,000","17,550","63,25K","-1,95%"
"29.12.2020","17,950","18,250","18,450","17,700","50,90K","0,28%"
"28.12.2020","17,900","17,800","18,500","17,650","100,95K","-1,10%"
"23.12.2020","18,100","18,000","18,500","17,500","99,79K","0,56%"
"22.12.2020","18,000","18,000","18,600","17,600","64,80K","-0,55%"
"21.12.2020","18,100","18,550","18,600","17,300","114,39K","-2,95%"
"18.12.2020","18,650","18,300","18,850","18,000","155,33K","2,47%"
"17.12.2020","18,200","18,000","18,650","18,000","109,19K","1,11%"
"16.12.2020","18,000","17,050","18,200","17,050","185,22K","5,57%"
"15.12.2020","17,050","17,200","17,600","16,900","194,52K","-0,87%"
"14.12.2020","17,200","17,700","19,000","17,000","225,70K","-2,82%"
"11.12.2020","17,700","17,800","18,250","17,500","139,38K","-1,39%"
"10.12.2020","17,950","18,250","18,900","17,850","126,20K","-1,64%"
"09.12.2020","18,250","18,600","19,300","18,000","176,33K","-2,41%"
"04.12.2020","18,700","19,750","19,800","18,050","179,74K","-4,59%"
"03.12.2020","19,600","19,750","20,000","19,400","111,48K","0,00%"
"02.12.2020","19,600","19,300","19,750","19,250","118,79K","1,82%"
"01.12.2020","19,250","19,100","19,600","18,850","160,91K","0,79%"
"30.11.2020","19,100","19,900","19,900","19,050","108,44K","-2,55%"
"27.11.2020","19,600","19,850","19,850","19,050","108,60K","0,26%"
"26.11.2020","19,550","19,150","20,000","19,150","72,05K","1,82%"
"25.11.2020","19,200","19,650","20,000","19,150","169,66K","-2,29%"
"24.11.2020","19,650","20,000","20,700","19,150","137,15K","-1,75%"
"20.11.2020","20,000","20,000","20,650","19,750","44,54K","-1,48%"
"19.11.2020","20,300","20,450","20,800","20,000","46,29K","-0,49%"
"18.11.2020","20,400","20,000","20,500","19,200","131,97K","1,24%"
"17.11.2020","20,150","20,450","20,500","19,900","101,69K","-0,25%"
"16.11.2020","20,200","20,000","20,500","19,750","119,39K","2,28%"
"13.11.2020","19,750","20,950","20,950","19,300","65,30K","-1,00%"
"12.11.2020","19,950","21,000","21,250","19,200","210,44K","-5,00%"
"11.11.2020","21,000","20,500","21,500","20,100","374,86K","3,19%"
"10.11.2020","20,350","18,650","20,350","18,500","484,70K","10,60%"
"09.11.2020","18,400","18,200","19,000","18,000","153,87K","1,10%"
"06.11.2020","18,200","18,400","18,500","18,000","16,38K","0,55%"
"05.11.2020","18,100","18,400","18,650","18,100","63,96K","0,56%"
"04.11.2020","18,000","18,400","18,450","17,700","75,51K","-0,55%"
"03.11.2020","18,100","17,600","18,100","17,500","133,33K","4,02%"
"02.11.2020","17,400","16,900","17,450","15,900","124,85K","3,26%"
"30.10.2020","16,850","18,000","18,000","16,700","98,48K","-2,88%"
"29.10.2020","17,350","16,750","17,550","16,500","80,10K","3,58%"
"28.10.2020","16,750","17,100","17,100","16,000","205,31K","-1,47%"
"27.10.2020","17,000","18,600","19,450","16,200","304,85K","-8,11%"
"26.10.2020","18,500","18,800","20,150","17,900","546,91K","-1,60%"
"23.10.2020","18,800","18,350","18,900","18,000","209,23K","2,17%"
"22.10.2020","18,400","18,200","18,500","18,100","102,23K","1,10%"
"21.10.2020","18,200","18,600","18,600","18,000","101,06K","-1,09%"
"20.10.2020","18,400","18,600","18,650","18,000","114,17K","0,55%"
"19.10.2020","18,300","17,900","18,350","17,800","163,27K","1,95%"
"16.10.2020","17,950","17,800","18,000","17,600","127,64K","1,70%"
"14.10.2020","17,650","18,100","18,100","17,500","123,94K","-1,12%"
"13.10.2020","17,850","17,900","18,400","17,600","165,82K","-0,56%"
"09.10.2020","17,950","18,150","18,400","17,900","189,24K","0,00%"
"08.10.2020","17,950","17,750","18,300","17,500","84,96K","1,13%"
"07.10.2020","17,750","17,450","17,950","17,200","135,03K","0,28%"
"06.10.2020","17,700","17,950","18,200","17,500","75,36K","-1,67%"
"05.10.2020","18,000","18,350","18,350","17,200","113,78K","-1,10%"
"02.10.2020","18,200","18,300","18,350","17,700","136,33K","1,11%"
"01.10.2020","18,000","18,200","18,250","17,500","139,92K","0,28%"
"30.09.2020","17,950","17,850","18,200","17,600","89,72K","1,13%"
"29.09.2020","17,750","18,200","18,200","16,400","113,38K","0,57%"
"28.09.2020","17,650","18,300","18,500","17,500","127,56K","-2,75%"
"25.09.2020","18,150","18,200","18,600","17,750","187,10K","0,83%"
"24.09.2020","18,000","17,750","18,750","17,700","235,80K","2,27%"
"23.09.2020","17,600","16,300","17,600","16,000","204,27K","9,32%"
"22.09.2020","16,100","15,500","16,500","15,500","122,71K","2,88%"
"21.09.2020","15,650","16,000","16,700","15,400","113,67K","-1,57%"
"18.09.2020","15,900","15,500","16,300","15,500","164,63K","5,30%"
"17.09.2020","15,100","16,600","16,850","15,000","212,39K","-9,04%"
"16.09.2020","16,600","17,700","17,700","15,500","415,78K","-6,21%"
"15.09.2020","17,700","17,700","17,800","17,500","87,84K","0,57%"
"14.09.2020","17,600","18,150","18,150","17,450","169,45K","0,00%"
"11.09.2020","17,600","18,200","18,300","17,600","79,34K","-2,76%"
"10.09.2020","18,100","18,050","18,300","17,700","105,99K","0,28%"
"09.09.2020","18,050","18,100","18,150","17,700","91,56K","-0,55%"
"08.09.2020","18,150","19,000","19,000","17,900","68,63K","-1,36%"
"07.09.2020","18,400","18,200","18,500","18,000","64,60K","1,94%"
"04.09.2020","18,050","18,600","18,600","17,200","110,29K","-0,28%"
"03.09.2020","18,100","18,600","19,000","18,000","75,17K","-1,63%"
"02.09.2020","18,400","19,200","19,200","18,300","171,10K","-3,41%"
"01.09.2020","19,050","18,000","19,700","18,000","99,96K","-0,52%"
"31.08.2020","19,150","18,800","19,350","18,800","176,46K","1,86%"
"28.08.2020","18,800","18,100","19,000","17,700","431,98K","6,21%"
"27.08.2020","17,700","18,450","18,500","17,100","272,96K","-0,84%"
"26.08.2020","17,850","17,500","18,500","17,500","109,43K","-1,65%"
"25.08.2020","18,150","18,750","18,900","17,450","182,32K","-2,94%"
"24.08.2020","18,700","18,950","18,950","18,400","212,44K","1,91%"
"21.08.2020","18,350","18,300","18,700","18,200","204,83K","1,94%"
"20.08.2020","18,000","17,700","18,100","16,900","248,68K","2,86%"
"19.08.2020","17,500","17,350","17,500","16,550","117,14K","2,64%"
"18.08.2020","17,050","18,000","18,000","16,000","325,04K","-3,67%"
"14.08.2020","17,700","18,600","18,600","17,600","122,11K","-2,48%"
"13.08.2020","18,150","17,650","18,350","17,250","283,10K","2,83%"
"12.08.2020","17,650","18,550","19,000","15,600","394,81K","-4,34%"
"11.08.2020","18,450","18,400","19,100","17,800","1,02M","2,79%"
"10.08.2020","17,950","16,500","17,950","16,500","720,19K","11,49%"
"07.08.2020","16,100","15,250","16,600","14,900","556,98K","8,05%"
"06.08.2020","14,900","14,950","15,100","14,250","119,09K","2,05%"
"05.08.2020","14,600","14,750","15,200","14,250","146,05K","0,69%"
"04.08.2020","14,500","15,000","15,400","14,350","668,27K","0,00%"
"03.08.2020","14,500","14,050","14,550","13,200","676,31K","3,57%"
"31.07.2020","14,000","14,550","14,750","14,000","296,42K","-2,10%"
"30.07.2020","14,300","13,900","14,600","13,450","463,32K","0,35%"
"29.07.2020","14,250","15,000","15,100","13,650","592,41K","-1,72%"
"28.07.2020","14,500","13,300","14,600","13,000","1,85M","9,43%"
"27.07.2020","13,250","12,450","13,900","12,400","1,39M","6,85%"
"24.07.2020","12,400","12,400","12,550","11,850","166,96K","0,40%"
"23.07.2020","12,350","12,950","13,000","12,000","557,72K","-3,52%"
"22.07.2020","12,800","12,700","12,800","12,100","233,92K","1,59%"
"21.07.2020","12,600","12,450","12,650","12,000","277,94K","2,02%"
"20.07.2020","12,350","12,500","12,700","12,050","104,02K","-0,80%"
"17.07.2020","12,450","12,300","13,000","12,200","135,62K","1,22%"
"16.07.2020","12,300","12,400","12,800","12,000","174,28K","0,41%"
"15.07.2020","12,250","12,400","12,400","12,100","119,38K","-0,41%"
"14.07.2020","12,300","12,300","12,350","11,550","153,89K","0,82%"
"13.07.2020","12,200","11,800","12,400","11,700","275,58K","1,67%"
"08.07.2020","12,000","11,950","12,050","11,000","278,14K","2,13%"
"07.07.2020","11,750","11,500","11,850","11,500","63,07K","1,29%"
"06.07.2020","11,600","11,000","11,600","11,000","156,15K","6,91%"
"03.07.2020","10,850","10,900","11,000","10,650","38,34K","-0,46%"
"02.07.2020","10,900","11,000","11,100","10,300","48,10K","0,93%"
"01.07.2020","10,800","10,650","10,950","10,550","36,40K","3,35%"
"30.06.2020","10,450","10,500","10,700","10,200","104,29K","-2,34%"
"29.06.2020","10,700","11,000","11,150","10,550","51,34K","0,00%"
"26.06.2020","10,700","11,000","11,200","10,700","39,40K","-2,73%"
"25.06.2020","11,000","11,100","11,250","10,800","47,66K","0,00%"
"24.06.2020","11,000","11,000","11,200","10,500","119,48K","0,92%"
"23.06.2020","10,900","11,200","11,450","10,900","156,81K","-2,68%"
"22.06.2020","11,200","11,000","11,400","10,900","108,41K","0,00%"
"19.06.2020","11,200","10,100","11,200","10,100","110,44K","8,74%"
"18.06.2020","10,300","10,800","10,800","10,100","190,89K","-8,04%"
"17.06.2020","11,200","12,000","12,000","10,650","146,25K","-4,68%"
"16.06.2020","11,750","12,000","12,150","11,500","56,22K","-0,42%"
"12.06.2020","11,800","11,850","12,350","11,550","82,07K","0,43%"
"11.06.2020","11,750","12,550","12,550","11,700","240,77K","-6,00%"
"10.06.2020","12,500","12,300","12,700","11,200","147,94K","1,63%"
"09.06.2020","12,300","13,000","13,050","12,100","252,90K","-6,82%"
"08.06.2020","13,200","12,900","13,400","12,600","836,24K","4,76%"
"05.06.2020","12,600","12,100","12,650","12,100","395,75K","5,00%"
"04.06.2020","12,000","11,750","12,000","11,550","160,49K","2,13%"
"03.06.2020","11,750","11,600","11,900","11,400","191,18K","0,43%"
"02.06.2020","11,700","11,700","12,000","11,500","102,19K","1,30%"
"01.06.2020","11,550","11,150","11,600","10,950","50,00K","3,13%"
"29.05.2020","11,200","11,200","11,650","11,050","86,78K","0,00%"
"28.05.2020","11,200","11,500","11,600","10,850","123,51K","-2,61%"
"27.05.2020","11,500","11,850","12,150","11,400","234,46K","-4,17%"
"26.05.2020","12,000","12,000","12,500","11,800","135,66K","-1,23%"
"22.05.2020","12,150","12,200","12,350","11,500","143,70K","0,83%"
"21.05.2020","12,050","11,850","12,250","11,800","202,88K","2,12%"
"20.05.2020","11,800","11,700","12,100","11,500","115,51K","2,61%"
"19.05.2020","11,500","12,000","12,100","11,500","196,76K","-4,17%"
"18.05.2020","12,000","12,200","12,800","11,800","308,33K","-1,64%"
"15.05.2020","12,200","12,400","12,950","12,100","172,13K","-0,81%"
"14.05.2020","12,300","12,550","12,550","12,000","140,60K","-1,20%"
"13.05.2020","12,450","13,200","13,200","12,000","207,54K","-3,49%"
"12.05.2020","12,900","13,000","13,450","12,700","336,19K","0,00%"
"11.05.2020","12,900","11,500","13,350","11,000","787,17K","10,26%"
"08.05.2020","11,700","12,100","12,400","11,600","189,11K","-1,68%"
"07.05.2020","11,900","12,200","12,400","11,000","449,97K","-2,06%"
"06.05.2020","12,150","11,800","12,350","11,800","438,89K","6,58%"
"05.05.2020","11,400","11,000","11,400","10,800","200,86K","6,05%"
"04.05.2020","10,750","11,000","11,000","10,550","115,33K","-0,46%"
"30.04.2020","10,800","10,900","10,900","10,500","144,29K","-0,92%"
"29.04.2020","10,900","11,300","11,300","10,350","167,25K","-0,91%"
"28.04.2020","11,000","11,300","11,750","10,700","382,06K","0,00%"
"27.04.2020","11,000","10,100","11,000","10,100","345,59K","9,45%"
"24.04.2020","10,050","10,200","10,900","9,800","437,96K","0,50%"
"23.04.2020","10,000","9,200","10,000","9,200","605,23K","8,58%"
"22.04.2020","9,210","9,150","9,210","8,930","136,60K","2,33%"
"21.04.2020","9,000","9,150","9,200","8,830","64,90K","1,69%"
"20.04.2020","8,850","9,250","9,250","8,750","64,22K","-1,67%"
"17.04.2020","9,000","9,000","9,400","8,750","47,95K","1,58%"
"16.04.2020","8,860","9,300","9,300","8,750","88,83K","-1,66%"
"15.04.2020","9,010","9,280","9,280","8,700","126,11K","-3,01%"
"14.04.2020","9,290","9,150","9,500","9,150","152,71K","1,53%"
"13.04.2020","9,150","9,300","9,440","8,950","119,65K","0,88%"
"08.04.2020","9,070","9,000","9,200","8,700","143,10K","3,07%"
"07.04.2020","8,800","8,690","8,950","8,690","205,59K","3,29%"
"06.04.2020","8,520","7,900","8,650","7,800","217,34K","11,08%"
"03.04.2020","7,670","7,550","7,790","7,550","93,19K","5,79%"
"02.04.2020","7,250","7,400","7,500","7,000","59,80K","2,11%"
"01.04.2020","7,100","6,850","7,250","6,850","122,24K","3,05%"
"30.03.2020","6,890","6,900","6,900","6,700","10,84K","-0,14%"
"27.03.2020","6,900","7,400","7,600","6,850","37,25K","-6,12%"
"26.03.2020","7,350","7,250","7,500","7,100","56,47K","0,55%"
"25.03.2020","7,310","7,200","7,400","7,000","148,39K","4,43%"
"20.03.2020","7,000","6,350","7,000","6,350","90,43K","15,13%"
"19.03.2020","6,080","5,500","6,300","5,300","132,89K","10,55%"
"18.03.2020","5,500","6,300","6,300","5,100","162,39K","-13,39%"
"17.03.2020","6,350","7,000","7,000","6,200","58,26K","-3,05%"
"16.03.2020","6,550","7,000","7,000","6,500","81,44K","-9,41%"
"13.03.2020","7,230","7,150","7,750","7,150","39,62K","-4,24%"
"12.03.2020","7,550","7,850","7,850","7,000","119,43K","-6,79%"
"11.03.2020","8,100","8,700","8,700","8,050","41,64K","-5,81%"
"10.03.2020","8,600","8,700","8,850","8,250","99,22K","3,86%"
"09.03.2020","8,280","8,990","8,990","8,100","80,65K","-10,00%"
"06.03.2020","9,200","8,860","9,250","8,700","40,25K","0,55%"
"05.03.2020","9,150","9,000","9,400","9,000","27,15K","1,10%"
"04.03.2020","9,050","9,390","9,500","9,050","44,72K","0,56%"
"03.03.2020","9,000","9,650","9,800","9,000","66,69K","-4,05%"
"02.03.2020","9,380","8,900","9,700","8,810","111,45K","4,80%"
"28.02.2020","8,950","8,500","9,100","8,440","101,15K","0,56%"
"27.02.2020","8,900","9,500","9,500","8,700","139,57K","-4,30%"
"26.02.2020","9,300","9,000","9,490","9,000","119,65K","-6,06%"
"21.02.2020","9,900","9,800","10,200","9,750","73,36K","1,02%"
"20.02.2020","9,800","10,000","10,350","9,800","52,03K","-3,45%"
"19.02.2020","10,150","10,500","10,500","10,000","58,99K","0,00%"
"18.02.2020","10,150","10,000","10,650","9,900","63,81K","-2,40%"
"17.02.2020","10,400","10,600","10,600","10,000","64,14K","-0,48%"
"14.02.2020","10,450","10,200","10,550","10,000","37,04K","1,95%"
"13.02.2020","10,250","10,700","10,700","9,950","141,50K","-4,21%"
"12.02.2020","10,700","10,800","11,000","10,500","50,39K","-0,47%"
"11.02.2020","10,750","11,200","11,200","10,000","126,14K","-4,44%"
"10.02.2020","11,250","11,350","11,350","10,850","82,18K","-0,88%"
"07.02.2020","11,350","11,800","11,800","11,150","58,37K","-1,30%"
"06.02.2020","11,500","12,000","12,000","11,400","41,68K","0,00%"
"05.02.2020","11,500","12,000","12,000","11,400","30,53K","-1,29%"
"04.02.2020","11,650","12,150","12,200","11,500","130,09K","-2,10%"
"03.02.2020","11,900","12,000","12,200","11,700","95,49K","0,85%"
"31.01.2020","11,800","12,200","12,200","11,550","85,72K","-2,07%"
"30.01.2020","12,050","12,000","12,250","11,750","68,25K","2,55%"
"29.01.2020","11,750","12,600","12,800","11,750","230,14K","-3,29%"
"28.01.2020","12,150","11,200","12,250","11,000","133,22K","8,00%"
"27.01.2020","11,250","11,100","11,350","10,500","257,95K","-1,75%"
"24.01.2020","11,450","12,300","12,300","11,150","230,02K","-4,18%"
"23.01.2020","11,950","12,500","12,500","11,900","68,06K","-1,65%"
"22.01.2020","12,150","12,500","12,800","11,700","229,04K","-2,80%"
"21.01.2020","12,500","13,100","13,300","12,300","246,42K","-4,58%"
"20.01.2020","13,100","12,850","13,350","12,750","251,80K","1,95%"
"17.01.2020","12,850","13,350","13,350","11,800","434,75K","-3,02%"
"16.01.2020","13,250","13,400","13,600","13,000","411,35K","2,32%"
"15.01.2020","12,950","12,500","13,500","12,500","1,09M","6,58%"
"14.01.2020","12,150","11,000","12,500","11,000","1,17M","10,96%"
"13.01.2020","10,950","9,950","11,000","9,800","544,68K","11,17%"
"10.01.2020","9,850","9,990","9,990","9,520","101,13K","0,51%"
"09.01.2020","9,800","10,000","10,000","9,700","118,41K","0,00%"
"08.01.2020","9,800","10,000","10,000","9,700","105,05K","-1,01%"
"07.01.2020","9,900","10,000","10,100","9,850","186,65K","0,51%"
"06.01.2020","9,850","9,650","9,950","9,600","204,00K","2,07%"
"03.01.2020","9,650","9,760","9,950","9,050","258,58K","-1,03%"
"02.01.2020","9,750","9,700","9,900","9,500","238,84K","4,06%"
"30.12.2019","9,370","9,400","9,450","9,180","161,94K","1,41%"
"27.12.2019","9,240","9,150","9,580","8,800","394,25K","3,01%"
"26.12.2019","8,970","8,740","9,090","8,580","398,51K","4,79%"
"23.12.2019","8,560","8,450","8,650","8,250","216,16K","0,82%"
"20.12.2019","8,490","8,700","8,700","8,410","36,05K","-0,12%"
"19.12.2019","8,500","8,560","8,750","8,380","70,23K","-0,58%"
"18.12.2019","8,550","8,400","8,600","8,400","98,66K","1,79%"
"17.12.2019","8,400","8,350","8,500","8,040","92,93K","0,60%"
"16.12.2019","8,350","8,350","8,600","8,050","91,06K","0,00%"
"13.12.2019","8,350","8,400","8,450","8,200","66,02K","0,60%"
"12.12.2019","8,300","8,200","8,500","8,200","27,68K","0,00%"
"11.12.2019","8,300","8,400","8,450","8,080","36,80K","1,84%"
"10.12.2019","8,150","8,350","8,450","8,000","89,16K","-1,21%"
"09.12.2019","8,250","8,280","8,550","8,150","56,04K","-0,36%"
"06.12.2019","8,280","8,150","8,300","7,900","92,20K","1,60%"
"05.12.2019","8,150","8,030","8,260","7,870","102,49K","1,49%"
"04.12.2019","8,030","8,000","8,200","7,850","64,53K","0,37%"
"03.12.2019","8,000","8,000","8,100","7,800","67,41K","0,00%"
"02.12.2019","8,000","8,200","8,200","7,900","30,20K","-2,44%"
"29.11.2019","8,200","8,290","8,290","8,050","68,09K","-1,20%"
"28.11.2019","8,300","8,160","8,300","7,800","89,20K","1,72%"
"27.11.2019","8,160","8,200","8,300","8,000","15,54K","2,00%"
"26.11.2019","8,000","8,170","8,170","7,900","31,56K","-1,96%"
"25.11.2019","8,160","8,500","8,650","8,100","24,94K","-3,43%"
"22.11.2019","8,450","8,290","8,450","8,100","89,32K","1,93%"
"21.11.2019","8,290","8,400","8,440","8,200","31,87K","-0,36%"
"20.11.2019","8,320","8,100","8,320","8,100","142,88K","2,72%"
"19.11.2019","8,100","8,000","8,100","7,500","39,32K","1,25%"
"15.11.2019","8,000","7,800","8,000","7,500","30,72K","3,23%"
"14.11.2019","7,750","8,000","8,000","7,600","81,25K","0,52%"
"13.11.2019","7,710","8,000","8,300","7,700","45,15K","-1,15%"
"12.11.2019","7,800","8,010","8,060","7,510","106,13K","-2,50%"
"11.11.2019","8,000","8,050","8,450","7,800","111,09K","-3,61%"
"08.11.2019","8,300","8,530","8,610","8,110","48,70K","-2,58%"
"07.11.2019","8,520","8,450","8,850","8,450","59,48K","-2,07%"
"06.11.2019","8,700","8,900","8,900","8,550","30,23K","-0,23%"
"05.11.2019","8,720","8,910","9,150","8,620","123,32K","-2,02%"
"04.11.2019","8,900","9,300","9,300","8,660","234,49K","-1,11%"
"01.11.2019","9,000","9,100","9,350","8,900","303,30K","1,01%"
"31.10.2019","8,910","8,440","9,000","8,300","185,76K","7,35%"
"30.10.2019","8,300","7,950","8,300","7,850","238,89K","7,79%"
"29.10.2019","7,700","7,260","7,850","7,260","110,23K","6,06%"
"28.10.2019","7,260","7,150","7,800","7,150","129,55K","1,54%"
"25.10.2019","7,150","7,300","7,440","6,800","167,20K","-0,69%"
"24.10.2019","7,200","7,190","7,300","6,800","191,08K","0,14%"
"23.10.2019","7,190","7,480","7,640","6,900","118,16K","-4,13%"
"22.10.2019","7,500","7,700","7,700","7,350","186,62K","-1,96%"
"21.10.2019","7,650","7,700","7,700","7,350","119,33K","-0,65%"
"18.10.2019","7,700","7,700","7,900","7,600","142,12K","-1,16%"
"17.10.2019","7,790","7,800","7,800","7,600","90,32K","1,83%"
"16.10.2019","7,650","7,850","8,000","7,650","101,69K","-2,55%"
"15.10.2019","7,850","7,900","8,190","7,800","85,39K","-1,26%"
"11.10.2019","7,950","8,250","8,280","7,950","115,07K","-2,45%"
"10.10.2019","8,150","8,100","8,250","7,900","48,09K","1,75%"
"09.10.2019","8,010","7,950","8,280","7,900","134,77K","-2,91%"
"08.10.2019","8,250","7,900","8,400","7,900","62,43K","1,48%"
"07.10.2019","8,130","8,450","8,760","8,010","204,38K","-3,44%"
"04.10.2019","8,420","8,300","8,440","8,200","125,24K","3,31%"
"03.10.2019","8,150","8,000","8,350","7,800","85,96K","1,24%"
"02.10.2019","8,050","8,150","8,250","7,790","93,11K","0,63%"
"01.10.2019","8,000","7,600","8,150","7,600","99,81K","2,96%"
"30.09.2019","7,770","7,900","7,900","7,610","29,44K","0,91%"
"27.09.2019","7,700","8,100","8,150","7,700","301,52K","-3,75%"
"26.09.2019","8,000","8,500","8,550","8,000","27,14K","-2,44%"
"25.09.2019","8,200","7,800","8,300","7,500","77,22K","2,37%"
"24.09.2019","8,010","8,750","8,800","8,010","83,41K","-8,98%"
"23.09.2019","8,800","8,800","8,800","8,420","119,65K","-1,12%"
"20.09.2019","8,900","9,100","9,200","8,810","39,86K","-0,56%"
"19.09.2019","8,950","9,000","9,200","8,850","78,55K","0,00%"
"18.09.2019","8,950","9,000","9,450","8,900","144,16K","-1,54%"
"17.09.2019","9,090","8,550","9,750","8,100","295,27K","6,32%"
"16.09.2019","8,550","8,500","8,800","8,200","193,43K","1,42%"
"13.09.2019","8,430","8,350","8,460","8,350","74,58K","1,44%"
"12.09.2019","8,310","7,800","9,000","7,800","300,76K","3,88%"
"11.09.2019","8,000","7,750","8,150","7,450","201,09K","3,23%"
"10.09.2019","7,750","7,400","7,780","7,250","102,88K","3,75%"
"09.09.2019","7,470","7,380","7,690","7,310","154,53K","2,19%"
"06.09.2019","7,310","7,500","7,550","7,250","108,14K","0,83%"
"05.09.2019","7,250","7,000","7,300","6,700","141,95K","8,37%"
"04.09.2019","6,690","6,610","6,900","6,610","93,05K","1,36%"
"03.09.2019","6,600","7,000","7,000","6,130","108,92K","-2,94%"
"02.09.2019","6,800","6,800","7,000","6,510","116,67K","4,45%"
"30.08.2019","6,510","6,840","6,950","6,500","117,53K","-3,41%"
"29.08.2019","6,740","7,000","7,000","6,500","143,31K","-3,71%"
"28.08.2019","7,000","7,000","7,350","6,750","94,56K","-4,76%"
"27.08.2019","7,350","7,800","7,800","7,200","282,63K","-5,53%"
"26.08.2019","7,780","7,890","7,890","7,550","149,41K","-1,39%"
"23.08.2019","7,890","8,000","8,050","7,610","85,38K","-0,75%"
"22.08.2019","7,950","7,910","8,250","7,910","118,43K","0,51%"
"21.08.2019","7,910","7,800","7,980","7,800","84,90K","2,73%"
"20.08.2019","7,700","7,900","7,900","7,100","159,75K","-1,91%"
"16.08.2019","7,850","8,020","8,290","7,800","196,05K","-1,38%"
"15.08.2019","7,960","8,200","8,400","7,900","146,51K","-0,50%"
"14.08.2019","8,000","8,260","8,350","7,600","270,46K","-2,79%"
"13.08.2019","8,230","9,650","9,650","7,500","317,41K","11,22%"
"12.08.2019","7,400","9,300","9,300","5,100","367,81K","-32,42%"
"09.08.2019","10,950","10,700","11,050","10,600","457,87K","-1,79%"
"08.08.2019","11,150","11,150","11,300","10,750","87,66K","0,00%"
"07.08.2019","11,150","11,150","11,150","10,900","81,43K","-0,45%"
"06.08.2019","11,200","11,200","11,350","10,950","80,56K","2,75%"
"05.08.2019","10,900","11,200","11,200","10,500","81,86K","-3,11%"
"02.08.2019","11,250","11,350","11,350","10,950","108,23K","-0,88%"
"01.08.2019","11,350","11,300","11,400","11,100","104,79K","0,44%"
"31.07.2019","11,300","11,300","11,450","11,150","174,46K","0,89%"
"30.07.2019","11,200","11,200","11,400","11,100","68,29K","0,90%"
"29.07.2019","11,100","11,450","11,450","11,100","145,32K","-0,89%"
"26.07.2019","11,200","10,900","11,400","10,900","185,62K","1,36%"
"25.07.2019","11,050","11,000","11,050","10,700","164,20K","0,00%"
"24.07.2019","11,050","10,900","11,200","10,800","141,78K","0,00%"
"23.07.2019","11,050","10,900","11,050","10,600","124,63K","0,91%"
"22.07.2019","10,950","11,400","11,400","10,700","179,32K","-3,10%"
"19.07.2019","11,300","11,450","11,500","11,250","45,95K","-1,31%"
"18.07.2019","11,450","11,500","11,800","11,000","122,45K","0,44%"
"17.07.2019","11,400","11,750","11,950","11,400","145,03K","-2,98%"
"16.07.2019","11,750","11,950","12,300","11,650","156,32K","-1,67%"
"15.07.2019","11,950","12,800","12,850","11,800","244,52K","-4,78%"
"12.07.2019","12,550","12,500","12,850","12,400","125,60K","0,80%"
"11.07.2019","12,450","12,850","13,000","12,400","224,49K","-1,97%"
"10.07.2019","12,700","12,950","13,200","12,500","309,43K","-0,78%"
"05.07.2019","12,800","13,000","13,200","12,600","395,74K","-0,78%"
"04.07.2019","12,900","12,200","12,900","12,200","285,01K","6,17%"
"03.07.2019","12,150","12,250","12,500","11,700","212,57K","-0,41%"
"02.07.2019","12,200","13,000","13,000","12,200","277,07K","-5,43%"
"01.07.2019","12,900","11,650","12,900","11,650","1,10M","12,17%"
"28.06.2019","11,500","11,000","11,500","11,000","342,54K","5,02%"
"27.06.2019","10,950","10,450","11,000","10,450","87,53K","1,86%"
"26.06.2019","10,750","10,800","11,200","10,500","78,68K","-1,83%"
"25.06.2019","10,950","10,700","11,050","10,650","59,03K","-0,90%"
"24.06.2019","11,050","11,000","11,350","10,800","64,77K","-0,90%"
"21.06.2019","11,150","11,400","11,400","11,050","64,96K","-0,89%"
"19.06.2019","11,250","11,300","11,300","11,050","98,21K","-0,88%"
"18.06.2019","11,350","11,200","11,450","11,100","167,15K","1,79%"
"14.06.2019","11,150","11,000","11,150","10,850","196,91K","4,21%"
"13.06.2019","10,700","10,700","10,850","10,650","146,38K","-1,38%"
"12.06.2019","10,850","11,000","11,500","10,850","498,53K","0,46%"
"11.06.2019","10,800","10,700","10,950","10,450","72,52K","1,41%"
"10.06.2019","10,650","10,750","10,800","10,300","146,10K","0,95%"
"07.06.2019","10,550","10,750","10,750","10,300","49,16K","2,93%"
"06.06.2019","10,250","10,700","10,750","10,250","69,78K","-2,84%"
"05.06.2019","10,550","10,000","10,700","10,000","68,10K","2,43%"
"04.06.2019","10,300","10,450","11,000","10,200","88,78K","-2,83%"
"03.06.2019","10,600","10,700","11,250","10,300","77,73K","-0,93%"
"31.05.2019","10,700","11,000","11,400","10,600","184,50K","-3,17%"
"30.05.2019","11,050","10,800","11,550","10,800","885,31K","2,79%"
"29.05.2019","10,750","10,050","10,750","10,050","291,86K","6,97%"
"28.05.2019","10,050","10,600","10,750","10,000","160,28K","-2,43%"
"27.05.2019","10,300","9,700","10,500","9,700","666,40K","7,29%"
"24.05.2019","9,600","9,400","9,650","9,350","70,25K","2,67%"
"23.05.2019","9,350","9,300","9,750","9,270","101,79K","0,86%"
"22.05.2019","9,270","9,250","9,350","9,100","69,51K","0,22%"
"21.05.2019","9,250","9,150","9,340","9,100","62,62K","0,54%"
"20.05.2019","9,200","9,500","9,500","9,000","100,11K","-0,97%"
"17.05.2019","9,290","9,500","9,600","9,200","48,54K","-0,96%"
"16.05.2019","9,380","9,700","9,700","9,300","73,17K","-1,26%"
"15.05.2019","9,500","9,590","9,600","9,260","73,33K","-0,94%"
"14.05.2019","9,590","9,780","9,780","9,400","126,11K","2,02%"
"13.05.2019","9,400","9,870","9,870","9,000","65,09K","-2,59%"
"10.05.2019","9,650","9,500","9,870","9,360","123,20K","0,52%"
"09.05.2019","9,600","9,700","9,790","9,300","131,19K","1,05%"
"08.05.2019","9,500","9,400","9,650","9,210","161,13K","1,06%"
"07.05.2019","9,400","9,470","9,700","9,200","86,11K","-2,59%"
"06.05.2019","9,650","9,800","9,950","9,450","73,43K","-1,53%"
"03.05.2019","9,800","9,900","10,000","9,530","127,12K","0,51%"
"02.05.2019","9,750","10,000","10,000","9,500","72,61K","-1,52%"
"30.04.2019","9,900","10,000","10,150","9,900","66,24K","-1,00%"
"29.04.2019","10,000","9,400","10,150","9,200","364,57K","7,53%"
"26.04.2019","9,300","8,850","9,450","8,850","48,62K","1,22%"
"25.04.2019","9,188","8,812","9,450","8,175","113,57K","4,27%"
"24.04.2019","8,812","9,562","9,562","8,812","282,01K","-7,49%"
"23.04.2019","9,525","9,450","9,600","9,225","295,92K","2,00%"
"22.04.2019","9,338","8,850","9,338","8,850","365,32K","6,87%"
"17.04.2019","8,738","8,625","8,850","8,625","154,87K","1,31%"
"16.04.2019","8,625","8,475","8,662","8,400","85,32K","1,77%"
"15.04.2019","8,475","8,625","8,625","8,363","65,94K","-2,59%"
"12.04.2019","8,700","8,700","8,700","8,400","58,26K","0,00%"
"11.04.2019","8,700","8,963","8,963","8,475","83,81K","-2,93%"
"10.04.2019","8,963","9,000","9,150","8,887","43,40K","0,86%"
"09.04.2019","8,887","8,925","9,150","8,775","193,71K","-0,43%"
"08.04.2019","8,925","9,000","9,262","8,887","76,89K","-2,86%"
"05.04.2019","9,188","9,675","9,750","9,075","117,25K","-4,29%"
"04.04.2019","9,600","9,525","9,750","9,450","159,25K","0,79%"
"03.04.2019","9,525","9,525","9,675","9,000","267,73K","0,00%"
"01.04.2019","9,525","9,375","9,600","9,000","302,66K","3,67%"
"29.03.2019","9,188","8,925","9,300","8,925","193,06K","3,82%"
"28.03.2019","8,850","8,512","8,887","8,438","59,16K","3,97%"
"27.03.2019","8,512","8,475","8,625","8,213","132,48K","-2,16%"
"26.03.2019","8,700","8,512","8,850","8,400","107,27K","0,87%"
"25.03.2019","8,625","8,738","8,775","8,287","147,62K","-0,86%"
"22.03.2019","8,700","9,000","9,000","8,625","84,22K","-3,33%"
"21.03.2019","9,000","8,925","9,225","8,812","55,97K","0,00%"
"20.03.2019","9,000","9,075","9,262","8,963","122,21K","-1,64%"
"19.03.2019","9,150","9,000","9,375","9,000","84,04K","-0,41%"
"18.03.2019","9,188","9,113","9,375","9,000","54,99K","0,82%"
"15.03.2019","9,113","9,225","9,225","9,000","70,17K","1,26%"
"14.03.2019","9,000","9,262","9,262","8,662","92,98K","-2,05%"
"13.03.2019","9,188","9,000","9,375","9,000","107,30K","1,25%"
"12.03.2019","9,075","9,450","9,450","8,850","92,53K","0,00%"
"11.03.2019","9,075","9,000","9,300","9,000","76,34K","1,68%"
"08.03.2019","8,925","9,000","9,262","8,887","64,78K","-2,86%"
"07.03.2019","9,188","9,000","9,225","8,700","169,59K","1,25%"
"06.03.2019","9,075","9,300","9,300","9,000","133,43K","-3,97%"
"01.03.2019","9,450","9,787","9,787","9,375","70,95K","-2,71%"
"28.02.2019","9,713","9,713","9,750","9,450","156,77K","0,00%"
"27.02.2019","9,713","9,900","9,900","9,488","203,42K","-2,63%"
"26.02.2019","9,975","10,012","10,012","9,750","132,44K","-1,12%"
"25.02.2019","10,088","10,387","10,387","9,975","47,29K","-2,88%"
"22.02.2019","10,387","10,463","10,463","10,162","62,11K","-0,73%"
"21.02.2019","10,463","10,162","10,463","9,787","144,32K","3,72%"
"20.02.2019","10,088","10,125","10,312","9,900","165,34K","-0,73%"
"19.02.2019","10,162","10,575","10,688","10,162","98,70K","-3,22%"
"18.02.2019","10,500","10,275","10,575","10,200","100,21K","2,19%"
"15.02.2019","10,275","10,463","10,463","10,238","115,89K","-0,36%"
"14.02.2019","10,312","10,350","10,500","9,975","298,22K","-0,72%"
"13.02.2019","10,387","10,500","10,912","10,350","1,02M","0,36%"
"12.02.2019","10,350","9,825","10,463","9,825","1,01M","6,15%"
"11.02.2019","9,750","9,600","9,863","9,600","113,98K","1,97%"
"08.02.2019","9,562","9,488","9,675","9,450","113,00K","1,19%"
"07.02.2019","9,450","9,713","9,713","9,375","105,77K","-4,55%"
"06.02.2019","9,900","10,012","10,050","9,750","53,58K","-1,49%"
"05.02.2019","10,050","9,975","10,200","9,975","278,57K","1,13%"
"04.02.2019","9,938","9,375","10,125","9,150","267,70K","5,16%"
"01.02.2019","9,450","9,525","9,600","9,225","104,96K","-0,40%"
"31.01.2019","9,488","9,450","9,713","9,375","176,54K","0,00%"
"30.01.2019","9,488","9,225","9,562","9,000","355,90K","3,27%"
"29.01.2019","9,188","9,150","9,188","9,037","120,48K","0,42%"
"28.01.2019","9,150","9,450","9,713","8,925","259,28K","-2,78%"
"25.01.2019","9,412","9,675","9,750","9,375","116,08K","-1,96%"
"24.01.2019","9,600","9,450","9,637","9,375","89,28K","1,59%"
"23.01.2019","9,450","9,750","9,750","9,375","47,34K","-0,40%"
"22.01.2019","9,488","9,713","9,825","9,450","58,60K","-2,69%"
"21.01.2019","9,750","9,713","9,787","9,450","96,12K","-0,76%"
"18.01.2019","9,825","9,338","9,825","9,225","281,92K","5,22%"
"17.01.2019","9,338","9,412","9,600","9,262","100,26K","-1,19%"
"16.01.2019","9,450","9,637","9,637","9,412","109,05K","-1,94%"
"15.01.2019","9,637","9,637","9,750","9,450","59,41K","0,00%"
"14.01.2019","9,637","9,787","9,787","9,488","77,92K","-0,78%"
"11.01.2019","9,713","9,900","9,900","9,525","70,80K","1,18%"
"10.01.2019","9,600","9,562","9,750","9,375","136,64K","0,40%"
"09.01.2019","9,562","9,562","9,825","9,450","148,96K","1,19%"
"08.01.2019","9,450","9,600","9,600","9,188","147,28K","1,20%"
"07.01.2019","9,338","8,925","9,375","8,925","94,66K","4,63%"
"04.01.2019","8,925","9,000","9,525","8,925","147,95K","-0,83%"
"03.01.2019","9,000","9,262","9,375","8,925","108,90K","-2,83%"
"02.01.2019","9,262","9,000","9,375","9,000","60,32K","2,91%"