"Fecha","Último","Apertura","Máximo","Mínimo","Vol.","% var."
"30.06.2025","1.410,00","1.410,00","1.450,00","1.380,00","1,45M","-1,05%"
"27.06.2025","1.425,00","1.410,00","1.435,00","1.400,00","665,15K","1,06%"
"26.06.2025","1.410,00","1.395,00","1.435,00","1.395,00","952,04K","1,81%"
"25.06.2025","1.385,00","1.430,00","1.430,00","1.375,00","669,26K","-3,15%"
"24.06.2025","1.430,00","1.375,00","1.460,00","1.375,00","1,27M","5,15%"
"23.06.2025","1.360,00","1.405,00","1.405,00","1.345,00","1,25M","-5,56%"
"19.06.2025","1.440,00","1.430,00","1.485,00","1.405,00","281,95K","0,70%"
"18.06.2025","1.430,00","1.400,00","1.455,00","1.400,00","1,61M","1,42%"
"17.06.2025","1.410,00","1.450,00","1.450,00","1.390,00","932,30K","-3,75%"
"13.06.2025","1.465,00","1.500,00","1.515,00","1.435,00","1,05M","-2,01%"
"12.06.2025","1.495,00","1.505,00","1.530,00","1.470,00","1,16M","1,70%"
"11.06.2025","1.470,00","1.510,00","1.525,00","1.465,00","1,19M","-2,65%"
"10.06.2025","1.510,00","1.460,00","1.530,00","1.460,00","1,08M","3,78%"
"09.06.2025","1.455,00","1.485,00","1.505,00","1.445,00","1,11M","-2,35%"
"06.06.2025","1.490,00","1.485,00","1.515,00","1.445,00","747,32K","1,36%"
"05.06.2025","1.470,00","1.430,00","1.480,00","1.425,00","1,33M","2,44%"
"04.06.2025","1.435,00","1.505,00","1.510,00","1.430,00","1,68M","-4,65%"
"03.06.2025","1.505,00","1.485,00","1.530,00","1.485,00","786,35K","0,33%"
"02.06.2025","1.500,00","1.570,00","1.570,00","1.495,00","676,47K","-4,15%"
"30.05.2025","1.565,00","1.610,00","1.620,00","1.560,00","1,00M","-3,40%"
"29.05.2025","1.620,00","1.590,00","1.625,00","1.580,00","1,35M","2,21%"
"28.05.2025","1.585,00","1.590,00","1.605,00","1.540,00","1,28M","-1,55%"
"27.05.2025","1.610,00","1.615,00","1.615,00","1.585,00","1,90M","-0,31%"
"26.05.2025","1.615,00","1.590,00","1.640,00","1.590,00","757,60K","1,89%"
"23.05.2025","1.585,00","1.575,00","1.590,00","1.540,00","3,64M","-0,63%"
"22.05.2025","1.595,00","1.565,00","1.600,00","1.520,00","2,40M","1,92%"
"21.05.2025","1.565,00","1.630,00","1.655,00","1.560,00","1,97M","-3,99%"
"20.05.2025","1.630,00","1.575,00","1.640,00","1.540,00","2,50M","3,16%"
"19.05.2025","1.580,00","1.550,00","1.615,00","1.535,00","1,01M","2,60%"
"16.05.2025","1.540,00","1.510,00","1.545,00","1.495,00","820,45K","-0,32%"
"15.05.2025","1.545,00","1.495,00","1.590,00","1.480,00","2,18M","1,98%"
"14.05.2025","1.515,00","1.500,00","1.570,00","1.420,00","2,93M","3,06%"
"13.05.2025","1.470,00","1.430,00","1.495,00","1.420,00","1,25M","3,16%"
"12.05.2025","1.425,00","1.400,00","1.445,00","1.355,00","1,97M","4,01%"
"09.05.2025","1.370,00","1.275,00","1.390,00","1.270,00","2,29M","8,30%"
"08.05.2025","1.265,00","1.265,00","1.290,00","1.240,00","712,80K","0,00%"
"07.05.2025","1.265,00","1.290,00","1.295,00","1.230,00","1,22M","-1,94%"
"06.05.2025","1.290,00","1.250,00","1.300,00","1.240,00","803,69K","3,20%"
"05.05.2025","1.250,00","1.250,00","1.290,00","1.220,00","770,17K","-0,79%"
"30.04.2025","1.260,00","1.290,00","1.305,00","1.250,00","839,67K","-3,08%"
"29.04.2025","1.300,00","1.290,00","1.330,00","1.285,00","787,75K","1,17%"
"28.04.2025","1.285,00","1.330,00","1.330,00","1.265,00","707,49K","-2,65%"
"25.04.2025","1.320,00","1.340,00","1.350,00","1.305,00","821,75K","-0,75%"
"24.04.2025","1.330,00","1.345,00","1.410,00","1.310,00","971,75K","-1,85%"
"23.04.2025","1.355,00","1.320,00","1.380,00","1.320,00","2,15M","3,83%"
"22.04.2025","1.305,00","1.260,00","1.320,00","1.250,00","792,47K","5,24%"
"21.04.2025","1.240,00","1.300,00","1.300,00","1.205,00","641,19K","-6,06%"
"16.04.2025","1.320,00","1.390,00","1.410,00","1.310,00","414,83K","-5,71%"
"15.04.2025","1.400,00","1.460,00","1.460,00","1.370,00","621,12K","-2,10%"
"14.04.2025","1.430,00","1.540,00","1.555,00","1.400,00","2,54M","-0,69%"
"11.04.2025","1.440,00","1.420,00","1.490,00","1.365,00","975,24K","5,88%"
"10.04.2025","1.360,00","1.320,00","1.390,00","1.295,00","1,27M","-0,73%"
"09.04.2025","1.370,00","1.270,00","1.450,00","1.190,00","1,94M","9,16%"
"08.04.2025","1.255,00","1.335,00","1.375,00","1.230,00","1,47M","-3,09%"
"07.04.2025","1.295,00","1.275,00","1.375,00","1.270,00","1,56M","-3,36%"
"04.04.2025","1.340,00","1.390,00","1.390,00","1.285,00","1,71M","-8,22%"
"03.04.2025","1.460,00","1.450,00","1.490,00","1.420,00","431,82K","-1,68%"
"01.04.2025","1.485,00","1.470,00","1.525,00","1.445,00","778,01K","2,06%"
"31.03.2025","1.455,00","1.480,00","1.505,00","1.440,00","1,32M","-3,64%"
"28.03.2025","1.510,00","1.540,00","1.540,00","1.495,00","514,69K","-2,27%"
"27.03.2025","1.545,00","1.620,00","1.630,00","1.530,00","676,12K","-1,90%"
"26.03.2025","1.575,00","1.615,00","1.625,00","1.555,00","676,96K","-2,48%"
"25.03.2025","1.615,00","1.625,00","1.640,00","1.590,00","1,71M","-0,62%"
"21.03.2025","1.625,00","1.620,00","1.635,00","1.550,00","461,40K","2,52%"
"20.03.2025","1.585,00","1.570,00","1.600,00","1.560,00","623,57K","1,28%"
"19.03.2025","1.565,00","1.515,00","1.585,00","1.515,00","1,20M","3,64%"
"18.03.2025","1.510,00","1.515,00","1.550,00","1.490,00","694,18K","-1,63%"
"17.03.2025","1.535,00","1.540,00","1.575,00","1.525,00","645,39K","0,00%"
"14.03.2025","1.535,00","1.510,00","1.550,00","1.470,00","741,12K","3,37%"
"13.03.2025","1.485,00","1.530,00","1.530,00","1.465,00","627,46K","-2,94%"
"12.03.2025","1.530,00","1.435,00","1.570,00","1.430,00","1,20M","6,99%"
"11.03.2025","1.430,00","1.430,00","1.480,00","1.380,00","963,05K","0,70%"
"10.03.2025","1.420,00","1.475,00","1.475,00","1.390,00","777,48K","-5,02%"
"07.03.2025","1.495,00","1.525,00","1.525,00","1.435,00","715,76K","-0,33%"
"06.03.2025","1.500,00","1.520,00","1.520,00","1.465,00","686,24K","0,00%"
"05.03.2025","1.500,00","1.445,00","1.515,00","1.425,00","848,41K","6,38%"
"28.02.2025","1.410,00","1.420,00","1.470,00","1.380,00","1,24M","-1,40%"
"27.02.2025","1.430,00","1.455,00","1.500,00","1.400,00","1,76M","-2,39%"
"26.02.2025","1.465,00","1.495,00","1.520,00","1.455,00","623,15K","-2,01%"
"25.02.2025","1.495,00","1.545,00","1.590,00","1.485,00","1,28M","-5,08%"
"24.02.2025","1.575,00","1.600,00","1.600,00","1.545,00","395,59K","0,32%"
"21.02.2025","1.570,00","1.600,00","1.625,00","1.560,00","719,11K","-1,88%"
"20.02.2025","1.600,00","1.615,00","1.625,00","1.575,00","682,46K","-0,62%"
"19.02.2025","1.610,00","1.630,00","1.640,00","1.590,00","824,23K","-0,92%"
"18.02.2025","1.625,00","1.505,00","1.630,00","1.505,00","1,85M","8,33%"
"17.02.2025","1.500,00","1.550,00","1.590,00","1.450,00","1,75M","-7,41%"
"14.02.2025","1.620,00","1.590,00","1.630,00","1.575,00","424,76K","2,53%"
"13.02.2025","1.580,00","1.555,00","1.590,00","1.530,00","787,11K","2,27%"
"12.02.2025","1.545,00","1.510,00","1.600,00","1.455,00","1,29M","2,32%"
"11.02.2025","1.510,00","1.600,00","1.635,00","1.500,00","1,40M","-5,33%"
"10.02.2025","1.595,00","1.625,00","1.655,00","1.585,00","761,32K","-1,54%"
"07.02.2025","1.620,00","1.700,00","1.720,00","1.590,00","1,13M","-3,57%"
"06.02.2025","1.680,00","1.700,00","1.730,00","1.665,00","641,21K","-1,18%"
"05.02.2025","1.700,00","1.735,00","1.750,00","1.685,00","1,15M","-2,02%"
"04.02.2025","1.735,00","1.695,00","1.745,00","1.685,00","529,58K","3,27%"
"03.02.2025","1.680,00","1.690,00","1.715,00","1.600,00","1,01M","-2,04%"
"31.01.2025","1.715,00","1.720,00","1.740,00","1.695,00","535,91K","-0,29%"
"30.01.2025","1.720,00","1.670,00","1.740,00","1.665,00","929,98K","3,61%"
"29.01.2025","1.660,00","1.570,00","1.670,00","1.550,00","796,87K","6,41%"
"28.01.2025","1.560,00","1.580,00","1.595,00","1.490,00","2,26M","0,65%"
"27.01.2025","1.550,00","1.595,00","1.595,00","1.525,00","1,22M","-4,32%"
"24.01.2025","1.620,00","1.675,00","1.695,00","1.570,00","1,16M","-2,99%"
"23.01.2025","1.670,00","1.735,00","1.735,00","1.660,00","836,43K","-3,75%"
"22.01.2025","1.735,00","1.685,00","1.750,00","1.660,00","1,54M","3,58%"
"21.01.2025","1.675,00","1.550,00","1.680,00","1.540,00","2,93M","8,77%"
"20.01.2025","1.540,00","1.530,00","1.560,00","1.525,00","1,07M","0,65%"
"17.01.2025","1.530,00","1.640,00","1.655,00","1.525,00","1,99M","-5,85%"
"16.01.2025","1.625,00","1.725,00","1.730,00","1.605,00","2,23M","-5,52%"
"15.01.2025","1.720,00","1.775,00","1.810,00","1.710,00","1,74M","-2,55%"
"14.01.2025","1.765,00","1.730,00","1.785,00","1.705,00","2,00M","2,92%"
"13.01.2025","1.715,00","1.820,00","1.830,00","1.705,00","1,67M","-5,51%"
"10.01.2025","1.815,00","1.895,00","1.895,00","1.740,00","2,34M","-2,94%"
"09.01.2025","1.870,00","1.870,00","1.900,00","1.835,00","1,19M","-0,27%"
"08.01.2025","1.875,00","1.920,00","1.920,00","1.800,00","4,20M","-2,34%"
"07.01.2025","1.920,00","1.900,00","1.940,00","1.855,00","1,96M","1,05%"
"06.01.2025","1.900,00","1.900,00","1.955,00","1.810,00","1,53M","0,26%"
"03.01.2025","1.895,00","1.855,00","1.900,00","1.800,00","2,09M","4,12%"
"02.01.2025","1.820,00","1.765,00","1.850,00","1.730,00","2,02M","2,82%"
"31.12.2024","1.770,00","1.725,00","1.780,00","1.650,00","1,40M","0,00%"
"30.12.2024","1.770,00","1.725,00","1.780,00","1.650,00","1,40M","2,91%"
"27.12.2024","1.720,00","1.740,00","1.770,00","1.670,00","1,39M","0,00%"
"26.12.2024","1.720,00","1.690,00","1.735,00","1.670,00","1,03M","1,78%"
"24.12.2024","1.690,00","1.655,00","1.695,00","1.615,00","233,05K","2,42%"
"23.12.2024","1.650,00","1.635,00","1.670,00","1.560,00","1,04M","2,48%"
"20.12.2024","1.610,00","1.560,00","1.635,00","1.505,00","1,55M","2,55%"
"19.12.2024","1.570,00","1.650,00","1.690,00","1.565,00","2,08M","-4,85%"
"18.12.2024","1.650,00","1.735,00","1.795,00","1.620,00","2,26M","-4,90%"
"17.12.2024","1.735,00","1.785,00","1.795,00","1.710,00","1,70M","-0,29%"
"16.12.2024","1.740,00","1.690,00","1.800,00","1.680,00","2,37M","3,88%"
"13.12.2024","1.675,00","1.600,00","1.680,00","1.595,00","1,79M","4,69%"
"12.12.2024","1.600,00","1.590,00","1.650,00","1.575,00","2,20M","0,31%"
"11.12.2024","1.595,00","1.560,00","1.600,00","1.515,00","861,42K","4,25%"
"10.12.2024","1.530,00","1.580,00","1.580,00","1.515,00","1,06M","-1,29%"
"09.12.2024","1.550,00","1.515,00","1.580,00","1.500,00","1,09M","1,64%"
"06.12.2024","1.525,00","1.540,00","1.580,00","1.475,00","2,25M","-0,33%"
"05.12.2024","1.530,00","1.535,00","1.575,00","1.520,00","1,24M","0,33%"
"04.12.2024","1.525,00","1.585,00","1.600,00","1.510,00","2,44M","-3,79%"
"03.12.2024","1.585,00","1.570,00","1.600,00","1.540,00","2,15M","0,96%"
"02.12.2024","1.570,00","1.520,00","1.575,00","1.490,00","1,96M","3,63%"
"29.11.2024","1.515,00","1.515,00","1.525,00","1.450,00","1,42M","0,00%"
"28.11.2024","1.515,00","1.490,00","1.520,00","1.485,00","974,40K","1,00%"
"27.11.2024","1.500,00","1.550,00","1.570,00","1.475,00","2,25M","-2,91%"
"26.11.2024","1.545,00","1.575,00","1.575,00","1.530,00","1,95M","-1,59%"
"25.11.2024","1.570,00","1.560,00","1.600,00","1.520,00","1,82M","0,64%"
"22.11.2024","1.560,00","1.535,00","1.590,00","1.510,00","1,89M","1,63%"
"21.11.2024","1.535,00","1.550,00","1.575,00","1.510,00","2,17M","-0,65%"
"20.11.2024","1.545,00","1.590,00","1.590,00","1.510,00","1,71M","0,32%"
"19.11.2024","1.540,00","1.545,00","1.615,00","1.510,00","3,30M","3,70%"
"15.11.2024","1.485,00","1.575,00","1.590,00","1.475,00","2,81M","-4,81%"
"14.11.2024","1.560,00","1.525,00","1.570,00","1.485,00","2,52M","2,63%"
"13.11.2024","1.520,00","1.430,00","1.560,00","1.430,00","4,49M","6,29%"
"12.11.2024","1.430,00","1.370,00","1.450,00","1.345,00","1,83M","4,76%"
"11.11.2024","1.365,00","1.350,00","1.370,00","1.295,00","1,38M","1,49%"
"08.11.2024","1.345,00","1.440,00","1.450,00","1.315,00","2,06M","-4,27%"
"07.11.2024","1.405,00","1.370,00","1.415,00","1.370,00","1,34M","2,55%"
"06.11.2024","1.370,00","1.405,00","1.450,00","1.360,00","1,62M","-1,44%"
"05.11.2024","1.390,00","1.370,00","1.400,00","1.340,00","1,52M","2,58%"
"04.11.2024","1.355,00","1.325,00","1.360,00","1.295,00","1,79M","2,65%"
"01.11.2024","1.320,00","1.320,00","1.365,00","1.300,00","1,83M","1,15%"
"31.10.2024","1.305,00","1.310,00","1.320,00","1.285,00","1,08M","0,00%"
"30.10.2024","1.305,00","1.315,00","1.330,00","1.295,00","1,38M","0,38%"
"29.10.2024","1.300,00","1.315,00","1.345,00","1.285,00","2,24M","0,78%"
"28.10.2024","1.290,00","1.315,00","1.340,00","1.285,00","1,01M","-1,15%"
"25.10.2024","1.305,00","1.285,00","1.315,00","1.275,00","1,13M","1,56%"
"24.10.2024","1.285,00","1.240,00","1.285,00","1.240,00","745,77K","3,21%"
"23.10.2024","1.245,00","1.250,00","1.265,00","1.220,00","724,59K","-1,58%"
"22.10.2024","1.265,00","1.260,00","1.265,00","1.240,00","810,63K","1,20%"
"21.10.2024","1.250,00","1.210,00","1.250,00","1.210,00","619,48K","1,63%"
"18.10.2024","1.230,00","1.200,00","1.235,00","1.200,00","652,18K","2,93%"
"17.10.2024","1.195,00","1.215,00","1.235,00","1.185,00","1,59M","0,00%"
"16.10.2024","1.195,00","1.250,00","1.265,00","1.195,00","1,15M","-4,40%"
"15.10.2024","1.250,00","1.220,00","1.260,00","1.205,00","1,27M","1,63%"
"14.10.2024","1.230,00","1.240,00","1.250,00","1.215,00","670,73K","-0,40%"
"10.10.2024","1.235,00","1.245,00","1.260,00","1.225,00","821,26K","-0,80%"
"09.10.2024","1.245,00","1.195,00","1.250,00","1.175,00","1,49M","3,75%"
"08.10.2024","1.200,00","1.185,00","1.215,00","1.175,00","1,03M","0,84%"
"07.10.2024","1.190,00","1.220,00","1.220,00","1.175,00","1,01M","-2,46%"
"04.10.2024","1.220,00","1.245,00","1.255,00","1.220,00","1,10M","-3,17%"
"03.10.2024","1.260,00","1.220,00","1.265,00","1.220,00","1,05M","3,70%"
"02.10.2024","1.215,00","1.230,00","1.240,00","1.200,00","1,23M","-0,41%"
"01.10.2024","1.220,00","1.185,00","1.230,00","1.165,00","986,29K","2,95%"
"30.09.2024","1.185,00","1.200,00","1.210,00","1.170,00","789,17K","-1,25%"
"27.09.2024","1.200,00","1.205,00","1.225,00","1.195,00","1,11M","0,42%"
"26.09.2024","1.195,00","1.225,00","1.235,00","1.185,00","1,08M","-2,45%"
"25.09.2024","1.225,00","1.210,00","1.235,00","1.205,00","815,94K","-0,41%"
"24.09.2024","1.230,00","1.245,00","1.245,00","1.220,00","680,92K","0,41%"
"23.09.2024","1.225,00","1.250,00","1.250,00","1.210,00","1,39M","-1,61%"
"20.09.2024","1.245,00","1.270,00","1.270,00","1.240,00","990,21K","-3,11%"
"19.09.2024","1.285,00","1.275,00","1.310,00","1.260,00","1,11M","0,39%"
"18.09.2024","1.280,00","1.285,00","1.300,00","1.245,00","1,08M","-0,39%"
"17.09.2024","1.285,00","1.275,00","1.305,00","1.275,00","811,50K","-1,53%"
"16.09.2024","1.305,00","1.310,00","1.320,00","1.290,00","1,36M","0,38%"
"13.09.2024","1.300,00","1.265,00","1.315,00","1.260,00","1,49M","2,36%"
"12.09.2024","1.270,00","1.255,00","1.285,00","1.235,00","1,40M","0,79%"
"11.09.2024","1.260,00","1.190,00","1.270,00","1.190,00","1,75M","6,33%"
"10.09.2024","1.185,00","1.200,00","1.200,00","1.155,00","1,63M","-2,47%"
"09.09.2024","1.215,00","1.180,00","1.220,00","1.180,00","1,36M","2,97%"
"06.09.2024","1.180,00","1.200,00","1.200,00","1.160,00","935,52K","-2,48%"
"05.09.2024","1.210,00","1.220,00","1.255,00","1.190,00","2,80M","-0,82%"
"04.09.2024","1.220,00","1.190,00","1.225,00","1.170,00","2,64M","4,27%"
"03.09.2024","1.170,00","1.180,00","1.200,00","1.130,00","3,26M","-2,90%"
"02.09.2024","1.205,00","1.190,00","1.220,00","1.180,00","826,81K","1,26%"
"30.08.2024","1.190,00","1.165,00","1.205,00","1.165,00","1,94M","6,25%"
"29.08.2024","1.120,00","1.140,00","1.145,00","1.120,00","1,19M","0,00%"
"28.08.2024","1.120,00","1.125,00","1.135,00","1.110,00","1,45M","-0,44%"
"27.08.2024","1.125,00","1.115,00","1.130,00","1.100,00","961,92K","0,00%"
"26.08.2024","1.125,00","1.145,00","1.150,00","1.115,00","529,25K","-1,75%"
"23.08.2024","1.145,00","1.135,00","1.145,00","1.100,00","1,36M","2,23%"
"22.08.2024","1.120,00","1.165,00","1.170,00","1.105,00","1,43M","-5,49%"
"21.08.2024","1.185,00","1.175,00","1.195,00","1.170,00","848,40K","-0,84%"
"20.08.2024","1.195,00","1.210,00","1.215,00","1.180,00","714,39K","-0,42%"
"19.08.2024","1.200,00","1.210,00","1.220,00","1.165,00","1,42M","-0,41%"
"16.08.2024","1.205,00","1.215,00","1.245,00","1.205,00","1,01M","-1,23%"
"15.08.2024","1.220,00","1.180,00","1.220,00","1.180,00","628,84K","3,39%"
"14.08.2024","1.180,00","1.185,00","1.215,00","1.160,00","913,38K","0,85%"
"13.08.2024","1.170,00","1.195,00","1.195,00","1.155,00","811,38K","-0,43%"
"12.08.2024","1.175,00","1.160,00","1.180,00","1.130,00","638,05K","1,29%"
"09.08.2024","1.160,00","1.120,00","1.170,00","1.110,00","1,17M","4,04%"
"08.08.2024","1.115,00","1.075,00","1.130,00","1.075,00","675,20K","4,69%"
"07.08.2024","1.065,00","1.095,00","1.105,00","1.050,00","409,37K","-0,93%"
"06.08.2024","1.075,00","1.045,00","1.075,00","1.035,00","710,40K","3,86%"
"05.08.2024","1.035,00","950,00","1.080,00","950,00","3,83M","1,97%"
"02.08.2024","1.015,00","1.050,00","1.065,00","1.015,00","730,54K","-7,31%"
"01.08.2024","1.095,00","1.085,00","1.105,00","1.060,00","619,09K","0,00%"
"31.07.2024","1.095,00","1.040,00","1.100,00","1.020,00","1,11M","7,35%"
"30.07.2024","1.020,00","1.065,00","1.070,00","1.005,00","1,17M","-4,67%"
"29.07.2024","1.070,00","1.105,00","1.125,00","1.060,00","506,15K","-4,04%"
"26.07.2024","1.115,00","1.135,00","1.150,00","1.100,00","363,07K","0,00%"
"25.07.2024","1.115,00","1.145,00","1.165,00","1.110,00","450,96K","-3,88%"
"24.07.2024","1.160,00","1.200,00","1.210,00","1.140,00","932,29K","-3,73%"
"23.07.2024","1.205,00","1.175,00","1.220,00","1.160,00","741,94K","2,55%"
"22.07.2024","1.175,00","1.130,00","1.180,00","1.130,00","1,19M","5,38%"
"19.07.2024","1.115,00","1.120,00","1.140,00","1.110,00","647,50K","1,36%"
"18.07.2024","1.100,00","1.130,00","1.130,00","1.080,00","1,34M","-2,22%"
"17.07.2024","1.125,00","1.145,00","1.155,00","1.090,00","899,17K","-0,88%"
"16.07.2024","1.135,00","1.160,00","1.165,00","1.085,00","1,17M","-1,30%"
"15.07.2024","1.150,00","1.295,00","1.295,00","1.135,00","1,09M","-13,53%"
"12.07.2024","1.330,00","1.325,00","1.335,00","1.300,00","755,83K","0,38%"
"11.07.2024","1.325,00","1.305,00","1.340,00","1.305,00","613,93K","1,92%"
"10.07.2024","1.300,00","1.275,00","1.305,00","1.265,00","735,33K","2,91%"
"08.07.2024","1.263,25","1.253,00","1.270,00","1.236,05","705,47K","1,09%"
"05.07.2024","1.249,60","1.247,60","1.256,00","1.221,00","786,22K","-0,11%"
"04.07.2024","1.251,00","1.265,00","1.265,00","1.238,05","313,10K","0,08%"
"03.07.2024","1.250,05","1.270,00","1.273,00","1.221,00","555,47K","0,16%"
"02.07.2024","1.248,00","1.220,25","1.265,00","1.219,50","439,50K","2,49%"
"01.07.2024","1.217,65","1.238,60","1.253,40","1.190,00","705,46K","-1,80%"
"28.06.2024","1.240,00","1.270,00","1.274,95","1.229,00","1,07M","-2,75%"
"27.06.2024","1.275,00","1.213,00","1.287,00","1.186,00","1,04M","6,07%"
"26.06.2024","1.202,00","1.181,00","1.213,50","1.178,15","642,64K","1,69%"
"25.06.2024","1.182,00","1.189,00","1.208,50","1.178,50","704,38K","-0,25%"
"24.06.2024","1.185,00","1.200,50","1.207,00","1.148,00","841,06K","-1,99%"
"19.06.2024","1.209,00","1.213,00","1.230,00","1.192,00","558,32K","-0,25%"
"18.06.2024","1.212,00","1.190,50","1.224,00","1.180,95","670,23K","-0,66%"
"14.06.2024","1.220,00","1.236,70","1.236,70","1.200,00","503,85K","-0,81%"
"13.06.2024","1.230,00","1.214,00","1.248,70","1.180,00","1,67M","4,45%"
"12.06.2024","1.177,65","1.180,00","1.214,50","1.166,35","947,58K","0,23%"
"11.06.2024","1.175,00","1.198,00","1.198,00","1.166,25","809,14K","-1,92%"
"10.06.2024","1.198,00","1.149,50","1.210,00","1.118,90","1,05M","4,17%"
"07.06.2024","1.150,00","1.130,30","1.161,70","1.130,30","581,06K","1,41%"
"06.06.2024","1.134,00","1.166,00","1.182,60","1.116,35","672,90K","-2,91%"
"05.06.2024","1.168,00","1.180,00","1.192,15","1.099,00","781,49K","-1,18%"
"04.06.2024","1.182,00","1.217,95","1.217,95","1.176,00","838,20K","-3,51%"
"03.06.2024","1.225,00","1.244,00","1.268,45","1.220,00","1,38M","-1,53%"
"31.05.2024","1.244,00","1.265,50","1.286,50","1.226,00","1,20M","-1,74%"
"30.05.2024","1.266,00","1.235,00","1.278,00","1.230,00","1,72M","3,36%"
"29.05.2024","1.224,90","1.235,00","1.235,00","1.190,50","1,21M","-0,82%"
"28.05.2024","1.235,00","1.235,00","1.237,30","1.180,00","1,64M","0,86%"
"27.05.2024","1.224,50","1.200,00","1.230,00","1.189,00","664,87K","3,29%"
"24.05.2024","1.185,45","1.189,00","1.196,85","1.163,00","742,94K","-0,13%"
"23.05.2024","1.187,00","1.210,00","1.232,00","1.150,00","1,14M","-1,74%"
"22.05.2024","1.208,00","1.221,00","1.245,00","1.174,00","1,50M","-0,62%"
"21.05.2024","1.215,50","1.204,00","1.224,35","1.170,00","1,22M","3,63%"
"20.05.2024","1.172,90","1.149,30","1.181,50","1.134,00","2,34M","1,11%"
"17.05.2024","1.160,00","1.205,00","1.206,00","1.149,00","1,23M","-3,50%"
"16.05.2024","1.202,10","1.205,00","1.212,00","1.180,00","1,15M","-0,11%"
"15.05.2024","1.203,40","1.120,00","1.215,00","1.110,00","1,72M","9,80%"
"14.05.2024","1.096,00","1.075,00","1.110,00","1.075,00","840,78K","1,48%"
"13.05.2024","1.080,00","1.120,00","1.128,00","1.056,00","586,22K","-3,57%"
"10.05.2024","1.120,00","1.165,00","1.168,50","1.083,00","732,91K","-3,61%"
"09.05.2024","1.162,00","1.205,00","1.205,00","1.101,00","867,89K","-0,92%"
"08.05.2024","1.172,80","1.205,00","1.223,00","1.163,00","1,04M","-2,67%"
"07.05.2024","1.205,00","1.245,00","1.259,45","1.190,00","1,17M","-2,75%"
"06.05.2024","1.239,10","1.226,00","1.280,00","1.198,00","1,53M","1,25%"
"03.05.2024","1.223,75","1.170,00","1.231,00","1.165,00","1,44M","5,13%"
"02.05.2024","1.164,00","1.164,00","1.175,00","1.122,45","697,03K","3,22%"
"30.04.2024","1.127,70","1.112,00","1.165,45","1.112,00","1,31M","1,60%"
"29.04.2024","1.109,90","1.099,90","1.120,95","1.088,00","599,06K","0,91%"
"26.04.2024","1.099,90","1.069,30","1.100,00","1.057,70","1,06M","2,99%"
"25.04.2024","1.068,00","1.050,00","1.077,75","1.035,15","727,33K","2,20%"
"24.04.2024","1.045,00","1.057,85","1.067,50","1.018,00","766,94K","-2,78%"
"23.04.2024","1.074,85","1.090,00","1.108,15","1.065,15","1,04M","-0,89%"
"22.04.2024","1.084,45","1.000,00","1.095,00","990,00","1,33M","11,45%"
"19.04.2024","973,00","953,00","984,85","953,00","959,95K","2,05%"
"18.04.2024","953,50","986,00","999,00","935,00","1,14M","-1,85%"
"17.04.2024","971,50","1.030,50","1.030,50","955,50","568,18K","-4,38%"
"16.04.2024","1.016,00","1.012,00","1.028,85","980,00","897,40K","0,40%"
"15.04.2024","1.012,00","1.078,00","1.085,00","995,00","1,10M","-6,12%"
"12.04.2024","1.078,00","1.117,25","1.117,25","1.068,95","766,43K","-4,22%"
"11.04.2024","1.125,45","1.102,00","1.129,85","1.085,00","834,93K","2,75%"
"10.04.2024","1.095,35","1.118,00","1.132,35","1.093,30","882,87K","-3,74%"
"09.04.2024","1.137,90","1.156,15","1.188,00","1.119,00","1,67M","1,33%"
"08.04.2024","1.123,00","1.107,00","1.126,40","1.065,00","1,23M","1,68%"
"05.04.2024","1.104,40","1.071,00","1.118,15","1.028,00","1,43M","6,91%"
"04.04.2024","1.033,00","1.056,50","1.089,10","1.021,00","994,79K","-1,57%"
"03.04.2024","1.049,50","1.011,00","1.050,00","1.000,00","697,00K","2,89%"
"27.03.2024","1.020,00","1.010,00","1.028,50","995,00","658,53K","0,89%"
"26.03.2024","1.011,00","1.006,00","1.025,00","977,15","417,63K","-0,34%"
"25.03.2024","1.014,50","1.059,75","1.092,85","1.000,00","712,56K","-3,75%"
"22.03.2024","1.054,00","1.060,00","1.070,00","1.026,00","783,92K","-0,46%"
"21.03.2024","1.058,90","1.025,00","1.070,00","980,00","1,71M","4,33%"
"20.03.2024","1.015,00","945,00","1.019,45","940,00","1,10M","7,64%"
"19.03.2024","943,00","980,00","980,00","934,15","1,67M","-2,73%"
"18.03.2024","969,45","861,00","969,45","854,00","1,28M","13,52%"
"15.03.2024","854,00","823,20","856,50","810,55","952,28K","3,89%"
"14.03.2024","822,00","834,00","838,70","797,00","981,99K","-1,08%"
"13.03.2024","831,00","869,50","898,05","825,00","2,37M","-2,12%"
"12.03.2024","849,00","789,00","851,00","786,50","989,38K","7,95%"
"11.03.2024","786,50","819,00","819,00","762,00","728,98K","-4,43%"
"08.03.2024","823,00","800,00","826,35","795,00","467,09K","2,88%"
"07.03.2024","800,00","814,00","840,00","776,75","686,15K","-2,44%"
"06.03.2024","820,00","830,00","844,00","801,35","1,00M","-1,56%"
"05.03.2024","833,00","859,05","904,00","828,00","625,88K","-3,70%"
"04.03.2024","865,00","900,55","949,50","850,05","1,08M","-1,14%"
"01.03.2024","875,00","857,00","895,90","857,00","854,40K","2,10%"
"29.02.2024","857,00","845,00","904,95","831,70","998,38K","1,30%"
"28.02.2024","846,00","875,00","886,90","841,85","1,17M","-2,99%"
"27.02.2024","872,05","903,40","915,50","870,55","713,66K","-3,47%"
"26.02.2024","903,40","945,00","977,00","895,95","658,33K","-4,95%"
"23.02.2024","950,45","945,00","959,00","918,00","595,73K","0,66%"
"22.02.2024","944,20","930,00","955,00","904,00","800,88K","1,31%"
"21.02.2024","931,95","950,00","965,00","920,00","862,98K","-2,20%"
"20.02.2024","952,95","930,00","980,00","918,35","791,34K","2,47%"
"19.02.2024","930,00","942,50","992,25","905,00","819,72K","-1,33%"
"16.02.2024","942,50","975,50","976,00","919,00","378,33K","-3,73%"
"15.02.2024","979,00","1.005,50","1.018,95","900,00","873,78K","-2,59%"
"14.02.2024","1.005,00","1.050,00","1.077,00","993,00","662,68K","-4,65%"
"09.02.2024","1.054,00","1.001,00","1.086,35","1.001,00","1,34M","0,86%"
"08.02.2024","1.045,00","1.095,50","1.100,00","1.018,25","1,34M","-4,57%"
"07.02.2024","1.095,00","1.111,00","1.125,00","1.051,00","1,30M","-3,65%"
"06.02.2024","1.136,45","1.200,00","1.209,90","1.125,00","977,44K","-5,30%"
"05.02.2024","1.200,00","1.299,00","1.300,00","1.175,35","928,61K","-5,18%"
"02.02.2024","1.265,50","1.280,00","1.295,00","1.251,00","1,29M","1,19%"
"01.02.2024","1.250,60","1.220,00","1.265,50","1.190,00","443,38K","2,55%"
"31.01.2024","1.219,50","1.235,00","1.235,00","1.182,00","778,28K","0,35%"
"30.01.2024","1.215,30","1.219,50","1.226,00","1.176,90","979,91K","2,56%"
"29.01.2024","1.185,00","1.198,00","1.200,00","1.135,35","458,55K","-0,59%"
"26.01.2024","1.192,00","1.230,00","1.235,00","1.155,00","1,25M","-2,30%"
"25.01.2024","1.220,00","1.200,00","1.234,50","1.170,00","1,03M","3,92%"
"24.01.2024","1.174,00","1.151,00","1.181,60","1.149,50","629,37K","1,56%"
"23.01.2024","1.156,00","1.220,00","1.235,00","1.136,00","2,08M","-4,92%"
"22.01.2024","1.215,85","1.200,00","1.230,00","1.189,90","956,50K","2,30%"
"19.01.2024","1.188,50","1.143,00","1.200,00","1.130,00","964,72K","3,98%"
"18.01.2024","1.143,00","1.160,00","1.203,95","1.130,00","867,71K","-0,95%"
"17.01.2024","1.154,00","1.116,00","1.175,00","1.116,00","1,07M","4,91%"
"16.01.2024","1.100,00","1.080,00","1.120,00","1.046,05","1,00M","3,38%"
"15.01.2024","1.064,00","1.075,00","1.084,00","1.035,00","769,43K","-1,48%"
"12.01.2024","1.080,00","1.085,00","1.119,95","1.026,00","746,97K","-0,46%"
"11.01.2024","1.085,00","1.150,00","1.178,00","1.082,50","943,94K","-4,41%"
"10.01.2024","1.135,00","1.115,00","1.149,00","1.068,00","715,79K","1,79%"
"09.01.2024","1.115,00","1.136,00","1.175,00","1.083,00","1,40M","-0,47%"
"08.01.2024","1.120,32","1.044,66","1.154,10","1.034,96","1,22M","7,76%"
"05.01.2024","1.039,63","986,95","1.040,68","970,04","1,69M","7,95%"
"04.01.2024","963,08","945,17","968,05","914,32","908,39K","3,64%"
"03.01.2024","929,25","910,34","930,64","896,41","655,55K","3,78%"
"02.01.2024","895,42","896,41","914,32","862,09","810,24K","0,00%"
"29.12.2023","895,42","865,57","904,87","835,73","795,12K","4,17%"
"28.12.2023","859,60","838,71","890,45","807,87","991,87K","4,10%"
"27.12.2023","825,78","913,33","913,33","797,92","710,74K","-6,21%"
"26.12.2023","880,50","921,29","930,24","876,52","543,51K","-4,00%"
"22.12.2023","917,16","895,42","934,22","857,61","1,11M","4,63%"
"21.12.2023","876,61","884,47","963,09","815,68","1,38M","3,12%"
"20.12.2023","850,07","866,93","903,14","836,41","1,05M","-2,15%"
"19.12.2023","868,74","922,80","952,28","864,81","965,23K","-4,12%"
"18.12.2023","906,09","907,07","949,33","850,07","1,08M","-1,39%"
"15.12.2023","918,86","1.008,29","1.008,59","886,43","1,52M","-7,97%"
"14.12.2023","998,47","1.002,40","1.061,36","963,09","1,17M","1,60%"
"13.12.2023","982,74","972,92","1.100,67","913,95","1,16M","2,15%"
"12.12.2023","962,11","895,28","972,92","871,45","957,11K","8,18%"
"11.12.2023","889,38","864,81","898,23","809,29","1,26M","4,85%"
"07.12.2023","848,26","834,35","869,73","786,69","1,37M","2,80%"
"06.12.2023","825,16","787,59","850,73","759,67","1,66M","4,77%"
"05.12.2023","787,59","710,20","793,47","710,20","1,45M","10,90%"
"04.12.2023","710,16","763,10","766,14","697,47","1,47M","-5,46%"
"01.12.2023","751,15","734,69","754,28","695,51","2,03M","3,00%"
"30.11.2023","729,26","708,24","730,92","661,22","637,14K","5,90%"
"29.11.2023","688,65","703,35","728,33","665,04","1,16M","1,88%"
"28.11.2023","675,92","747,43","752,33","666,17","1,50M","-8,97%"
"27.11.2023","742,53","862,04","881,63","714,12","3,21M","-13,57%"
"24.11.2023","859,10","783,82","886,48","755,76","1,84M","9,09%"
"23.11.2023","787,54","734,69","792,49","726,86","1,33M","9,68%"
"22.11.2023","718,04","692,57","778,78","682,04","2,20M","1,81%"
"21.11.2023","705,31","631,84","710,20","602,45","2,72M","28,11%"
"17.11.2023","550,53","489,75","553,47","488,82","1,14M","10,20%"
"16.11.2023","499,59","530,50","543,67","485,98","754,62K","-6,08%"
"15.11.2023","531,92","531,53","543,67","510,86","411,32K","1,11%"
"14.11.2023","526,09","514,28","537,80","505,47","355,79K","1,14%"
"13.11.2023","520,16","535,84","548,57","500,57","270,55K","-2,03%"
"10.11.2023","530,94","487,25","538,78","483,92","318,75K","9,27%"
"09.11.2023","485,88","460,41","498,61","447,67","503,18K","6,10%"
"08.11.2023","457,96","489,80","501,55","445,76","393,96K","-8,69%"
"07.11.2023","501,55","519,18","533,88","480,00","407,33K","-3,40%"
"03.11.2023","519,18","544,55","558,37","507,43","1,24M","-4,16%"
"02.11.2023","541,71","519,18","547,59","514,78","619,63K","6,19%"
"01.11.2023","510,12","471,18","524,08","471,18","955,45K","7,82%"
"31.10.2023","473,14","484,90","492,73","454,53","1,11M","-1,43%"
"30.10.2023","480,00","530,06","540,73","470,69","860,31K","-9,26%"
"27.10.2023","528,98","538,78","561,26","520,26","280,85K","-3,23%"
"26.10.2023","546,61","577,08","602,79","543,67","262,13K","-5,10%"
"25.10.2023","576,00","549,65","585,31","519,18","753,78K","4,16%"
"24.10.2023","552,98","584,82","617,14","529,96","854,36K","-5,21%"
"23.10.2023","583,35","656,82","656,82","568,16","1,53M","-16,60%"
"20.10.2023","699,43","644,08","715,10","641,63","1,62M","9,86%"
"19.10.2023","636,64","684,73","684,73","631,84","2,05M","-5,61%"
"18.10.2023","674,45","715,10","734,69","666,12","2,64M","-5,68%"
"17.10.2023","715,10","631,84","719,90","614,20","3,49M","11,38%"
"12.10.2023","642,02","595,45","656,33","587,76","2,71M","7,97%"
"11.10.2023","594,61","582,86","598,53","538,92","1,13M","2,88%"
"10.10.2023","577,96","543,18","591,67","527,02","1,03M","12,38%"
"09.10.2023","514,28","524,08","542,69","494,74","1,23M","0,00%"
"06.10.2023","514,28","499,59","543,67","486,86","645,69K","3,96%"
"05.10.2023","494,69","488,82","498,61","471,18","882,85K","1,20%"
"04.10.2023","488,82","458,74","488,82","447,28","788,64K","6,34%"
"03.10.2023","459,67","453,94","464,33","447,23","1,00M","-1,83%"
"02.10.2023","468,24","461,83","473,34","455,85","740,95K","0,05%"
"29.09.2023","468,00","492,44","492,83","460,41","1,01M","-4,16%"
"28.09.2023","488,33","442,77","488,82","442,77","849,57K","9,92%"
"27.09.2023","444,24","433,27","450,56","431,36","638,03K","2,83%"
"26.09.2023","432,00","434,94","445,17","426,32","1,01M","-0,68%"
"25.09.2023","434,94","442,33","445,71","432,64","462,57K","-2,09%"
"22.09.2023","444,24","445,71","458,84","439,84","411,16K","-1,20%"
"21.09.2023","449,63","443,76","462,37","432,88","1,43M","1,34%"
"20.09.2023","443,71","464,33","465,31","442,29","687,78K","-3,63%"
"19.09.2023","460,41","474,86","474,86","455,51","548,73K","-2,47%"
"18.09.2023","472,07","454,53","472,16","446,89","747,71K","2,75%"
"15.09.2023","459,43","467,56","470,11","450,22","670,06K","-2,09%"
"14.09.2023","469,22","453,55","469,32","451,10","886,93K","3,57%"
"13.09.2023","453,06","444,24","455,51","435,92","660,87K","2,78%"
"12.09.2023","440,82","425,14","447,67","423,09","847,78K","3,95%"
"11.09.2023","424,07","440,91","449,24","416,91","1,98M","-3,41%"
"08.09.2023","439,05","451,59","463,84","431,61","1,50M","-2,99%"
"07.09.2023","452,57","495,18","495,18","447,18","2,87M","-8,61%"
"06.09.2023","495,18","501,55","506,45","485,39","1,12M","-0,64%"
"05.09.2023","498,37","527,56","530,69","497,14","865,09K","-6,22%"
"04.09.2023","531,43","539,56","539,56","522,12","314,22K","-2,08%"
"01.09.2023","542,69","543,67","562,33","533,04","685,95K","-1,44%"
"31.08.2023","550,63","572,72","575,85","541,47","862,67K","-4,52%"
"30.08.2023","576,68","587,71","587,71","564,24","957,14K","-1,06%"
"29.08.2023","582,86","580,90","591,77","559,10","1,44M","1,12%"
"28.08.2023","576,39","548,33","584,96","546,61","1,03M","6,34%"
"25.08.2023","542,01","531,09","544,31","522,12","770,04K","2,65%"
"24.08.2023","528,00","519,48","538,78","504,29","921,84K","1,61%"
"23.08.2023","519,62","500,57","519,62","492,98","956,60K","3,96%"
"22.08.2023","499,84","488,82","504,39","483,13","917,46K","2,46%"
"18.08.2023","487,84","494,99","494,99","474,22","1,01M","-0,80%"
"17.08.2023","491,76","484,90","494,69","478,04","1,75M","2,26%"
"16.08.2023","480,88","456,49","492,24","449,39","2,04M","5,46%"
"15.08.2023","456,00","416,33","460,07","416,33","1,44M","8,53%"
"14.08.2023","420,15","393,99","434,89","389,63","1,96M","5,38%"
"11.08.2023","398,69","391,84","401,63","387,92","1,06M","2,78%"
"10.08.2023","387,92","371,56","389,88","371,56","1,07M","4,33%"
"09.08.2023","371,80","375,18","383,51","369,31","879,84K","-1,16%"
"08.08.2023","376,16","354,81","380,08","354,81","1,07M","6,08%"
"07.08.2023","354,61","354,17","362,45","350,55","801,40K","0,14%"
"04.08.2023","354,12","347,76","360,05","347,17","758,51K","1,56%"
"03.08.2023","348,69","350,20","363,43","343,84","1,49M","-0,43%"
"02.08.2023","350,20","345,80","354,61","343,45","864,13K","-0,35%"
"01.08.2023","351,43","357,40","360,49","344,86","868,11K","-1,10%"
"31.07.2023","355,35","364,95","368,33","354,61","918,54K","-2,63%"
"28.07.2023","364,95","365,29","373,03","363,33","483,12K","0,69%"
"27.07.2023","362,45","383,02","383,02","360,00","447,58K","-5,37%"
"26.07.2023","383,02","381,06","386,60","376,16","578,57K","1,69%"
"25.07.2023","376,65","363,53","380,52","363,53","536,65K","0,65%"
"24.07.2023","374,20","381,06","384,54","367,49","422,95K","-1,29%"
"21.07.2023","379,10","363,43","380,08","363,43","526,55K","3,49%"
"20.07.2023","366,32","355,59","366,37","355,59","752,77K","3,02%"
"19.07.2023","355,59","361,52","370,53","347,76","583,02K","-2,94%"
"18.07.2023","366,37","374,74","374,74","362,01","693,05K","-0,85%"
"17.07.2023","369,50","356,08","370,29","356,08","606,98K","3,91%"
"14.07.2023","355,59","362,11","362,11","348,98","281,96K","-0,55%"
"13.07.2023","357,55","350,69","358,48","347,22","664,27K","3,11%"
"12.07.2023","346,77","340,95","354,61","340,95","485,96K","1,87%"
"11.07.2023","340,41","344,33","344,33","335,71","765,55K","1,31%"
"10.07.2023","336,00","335,02","342,81","333,06","212,14K","-0,06%"
"07.07.2023","336,20","339,43","343,25","334,04","279,48K","0,59%"
"06.07.2023","334,24","344,82","346,09","329,14","388,78K","-3,75%"
"05.07.2023","347,27","348,24","353,63","340,90","547,89K","-1,39%"
"04.07.2023","352,16","343,84","353,63","341,88","399,03K","2,71%"
"03.07.2023","342,86","349,71","355,59","338,94","1,05M","-1,02%"
"30.06.2023","346,38","340,90","347,66","331,93","643,44K","1,68%"
"29.06.2023","340,65","332,86","341,44","332,86","753,34K","2,73%"
"28.06.2023","331,59","339,43","347,76","329,19","787,62K","-2,45%"
"27.06.2023","339,92","359,02","359,02","336,98","677,49K","-3,97%"
"26.06.2023","353,98","362,45","370,19","348,44","1,43M","1,22%"
"23.06.2023","349,71","344,82","355,59","342,91","870,10K","1,42%"
"22.06.2023","344,82","359,51","359,51","339,48","936,90K","-4,09%"
"21.06.2023","359,51","367,35","374,20","354,12","929,42K","0,27%"
"16.06.2023","358,53","346,77","366,37","341,83","972,10K","4,44%"
"15.06.2023","343,30","331,10","346,77","331,10","556,10K","3,99%"
"14.06.2023","330,12","334,04","337,17","324,00","250,27K","-1,12%"
"13.06.2023","333,85","343,84","347,07","327,67","619,60K","-2,91%"
"12.06.2023","343,84","348,73","348,73","337,96","583,36K","-1,36%"
"09.06.2023","348,59","353,63","356,82","345,80","613,53K","-1,49%"
"08.06.2023","353,88","350,20","360,78","342,86","924,13K","1,05%"
"07.06.2023","350,20","351,67","357,55","345,89","744,22K","0,42%"
"06.06.2023","348,73","350,69","354,07","346,14","1,53M","-0,84%"
"05.06.2023","351,67","346,77","358,73","341,14","1,03M","2,89%"
"02.06.2023","341,78","342,86","344,33","333,06","703,73K","1,17%"
"01.06.2023","337,81","318,37","341,39","317,88","904,47K","6,44%"
"31.05.2023","317,39","325,22","325,22","312,54","547,98K","-2,41%"
"30.05.2023","325,22","326,20","326,20","314,94","880,00K","0,61%"
"29.05.2023","323,27","318,37","328,16","307,59","216,69K","0,92%"
"24.05.2023","320,33","318,37","320,33","309,16","575,81K","-0,05%"
"23.05.2023","320,47","322,29","330,12","312,59","771,48K","0,97%"
"22.05.2023","317,39","301,71","318,86","301,71","656,09K","4,75%"
"19.05.2023","302,99","295,84","305,49","294,61","769,05K","2,25%"
"18.05.2023","296,33","302,11","302,89","291,92","334,09K","-1,47%"
"17.05.2023","300,73","288,98","304,55","282,12","970,43K","4,46%"
"16.05.2023","287,90","289,17","289,17","281,09","1,64M","-0,71%"
"15.05.2023","289,96","286,04","289,96","276,24","246,38K","1,02%"
"12.05.2023","287,02","284,08","288,24","276,39","615,55K","3,13%"
"11.05.2023","278,30","280,16","282,37","274,29","475,00K","-0,33%"
"10.05.2023","279,23","282,12","282,61","268,70","679,32K","1,35%"
"09.05.2023","275,51","271,35","279,77","269,98","559,07K","1,19%"
"08.05.2023","272,28","269,39","275,95","269,39","475,24K","1,07%"
"05.05.2023","269,39","255,67","272,33","254,69","370,36K","6,59%"
"04.05.2023","252,74","260,08","260,08","250,73","343,31K","-0,39%"
"03.05.2023","253,71","261,55","266,15","253,71","556,60K","-2,89%"
"02.05.2023","261,26","275,76","275,76","254,69","927,56K","-4,15%"
"28.04.2023","272,57","265,81","276,24","257,63","481,41K","1,92%"
"27.04.2023","267,43","281,14","281,14","264,49","482,57K","-4,06%"
"26.04.2023","278,74","284,08","286,53","267,43","686,30K","-2,22%"
"25.04.2023","285,06","282,12","287,80","271,00","937,72K","1,71%"
"24.04.2023","280,26","269,58","289,47","265,47","612,54K","4,68%"
"21.04.2023","267,72","264,00","269,14","254,94","372,36K","4,31%"
"20.04.2023","256,65","249,80","264,49","244,90","284,73K","2,75%"
"19.04.2023","249,80","257,49","257,68","247,40","784,67K","-2,67%"
"18.04.2023","256,65","262,48","266,45","247,35","987,41K","-0,76%"
"17.04.2023","258,61","251,71","262,53","242,06","863,23K","2,92%"
"14.04.2023","251,26","245,88","251,41","241,08","660,58K","2,74%"
"13.04.2023","244,55","244,85","244,90","239,07","541,34K","1,32%"
"12.04.2023","241,37","244,51","244,51","239,12","549,71K","1,61%"
"11.04.2023","237,55","234,61","242,94","233,04","719,45K","2,15%"
"10.04.2023","232,55","227,76","234,12","227,76","666,11K","6,94%"
"05.04.2023","217,47","214,53","221,88","210,61","747,55K","0,14%"
"04.04.2023","217,18","218,45","223,35","214,53","420,79K","-0,81%"
"03.04.2023","218,94","216,98","221,39","216,49","449,08K","2,05%"
"31.03.2023","214,53","216,98","225,31","209,73","578,80K","-1,75%"
"30.03.2023","218,35","220,41","221,63","216,10","395,38K","-0,04%"
"29.03.2023","218,45","220,75","222,71","216,49","574,35K","-0,27%"
"28.03.2023","219,04","212,08","221,14","212,08","629,60K","3,04%"
"27.03.2023","212,57","198,37","214,53","198,37","684,32K","7,67%"
"23.03.2023","197,44","203,17","208,16","194,94","918,99K","-3,33%"
"22.03.2023","204,24","207,67","207,67","198,86","510,39K","-1,65%"
"21.03.2023","207,67","201,31","208,16","200,82","1,00M","4,98%"
"20.03.2023","197,83","205,27","205,71","194,94","418,34K","-3,63%"
"17.03.2023","205,27","203,26","206,94","195,92","569,42K","0,02%"
"16.03.2023","205,22","191,02","205,32","187,10","699,90K","9,11%"
"15.03.2023","188,08","186,12","189,50","180,93","1,02M","0,00%"
"14.03.2023","188,08","202,97","206,20","187,45","1,31M","-3,64%"
"13.03.2023","195,18","204,15","211,59","186,12","934,08K","-6,01%"
"10.03.2023","207,67","220,41","230,20","204,88","744,97K","-6,61%"
"09.03.2023","222,37","230,20","233,14","220,51","378,65K","-2,99%"
"08.03.2023","229,22","227,26","230,20","223,35","398,00K","0,86%"
"07.03.2023","227,26","224,82","230,20","221,39","575,56K","-0,79%"
"06.03.2023","229,08","218,45","229,08","214,53","599,61K","5,34%"
"03.03.2023","217,47","222,37","225,31","215,51","438,67K","-0,89%"
"02.03.2023","219,43","230,69","230,69","217,96","195,88K","-4,56%"
"01.03.2023","229,91","223,35","230,45","220,41","346,76K","2,60%"
"28.02.2023","224,08","221,39","226,29","219,57","212,41K","1,58%"
"27.02.2023","220,60","223,35","231,18","220,41","427,44K","-2,09%"
"24.02.2023","225,31","227,26","229,96","219,97","330,28K","-1,08%"
"23.02.2023","227,76","224,33","229,86","220,41","474,54K","1,97%"
"22.02.2023","223,35","220,41","231,18","220,02","530,01K","-3,18%"
"17.02.2023","230,69","232,16","232,16","219,53","517,93K","0,47%"
"16.02.2023","229,62","225,31","232,16","224,33","303,92K","1,78%"
"15.02.2023","225,60","229,22","233,14","222,37","394,99K","-1,58%"
"14.02.2023","229,22","230,20","234,61","227,90","475,20K","0,00%"
"13.02.2023","229,22","227,26","232,31","223,15","410,28K","2,09%"
"10.02.2023","224,52","220,41","227,17","216,49","284,36K","1,21%"
"09.02.2023","221,83","225,80","230,20","219,43","427,20K","-1,11%"
"08.02.2023","224,33","225,26","225,80","218,20","348,71K","1,55%"
"07.02.2023","220,90","220,41","225,31","214,87","571,55K","2,59%"
"06.02.2023","215,31","215,46","218,45","208,16","826,56K","0,36%"
"03.02.2023","214,53","221,39","223,35","209,63","620,02K","-3,20%"
"02.02.2023","221,63","225,31","230,20","216,49","529,59K","0,29%"
"01.02.2023","221,00","233,14","233,39","215,51","258,75K","-2,76%"
"31.01.2023","227,26","228,24","230,74","219,53","1,00M","1,75%"
"30.01.2023","223,35","235,00","237,06","222,37","311,07K","-5,00%"
"27.01.2023","235,10","246,86","247,84","232,46","583,49K","-4,76%"
"26.01.2023","246,86","244,90","252,74","240,00","839,54K","1,33%"
"25.01.2023","243,62","227,26","243,62","220,41","542,78K","6,33%"
"24.01.2023","229,13","221,04","231,13","214,77","1,06M","3,50%"
"23.01.2023","221,39","225,31","229,22","217,66","566,50K","0,89%"
"20.01.2023","219,43","210,61","219,43","205,22","686,45K","7,18%"
"19.01.2023","204,74","215,51","217,47","195,82","1,50M","-4,67%"
"18.01.2023","214,77","240,98","248,82","212,57","1,39M","-8,65%"
"17.01.2023","235,10","225,31","241,96","224,33","1,09M","3,34%"
"16.01.2023","227,51","222,86","230,20","218,45","601,12K","2,81%"
"13.01.2023","221,29","218,45","223,35","213,55","684,63K","1,41%"
"12.01.2023","218,20","215,51","218,45","208,65","512,27K","2,41%"
"11.01.2023","213,06","208,65","213,21","205,81","467,09K","2,84%"
"10.01.2023","207,18","214,43","215,26","204,39","333,62K","-1,97%"
"09.01.2023","211,35","209,63","215,51","204,74","914,38K","0,14%"
"06.01.2023","211,05","201,80","212,08","200,82","977,01K","4,59%"
"05.01.2023","201,80","202,77","207,18","199,84","718,00K","0,51%"
"04.01.2023","200,77","198,61","203,12","195,92","797,21K","2,48%"
"03.01.2023","195,92","210,61","210,61","195,43","1,27M","-7,19%"
"02.01.2023","211,10","212,38","218,45","208,65","447,74K","1,65%"
"30.12.2022","207,67","202,09","211,10","196,41","328,75K","2,66%"
"29.12.2022","202,29","209,63","215,51","200,82","487,41K","-3,17%"
"28.12.2022","208,90","204,74","210,61","195,09","758,98K","3,01%"
"27.12.2022","202,79","198,78","208,20","194,19","702,50K","1,94%"
"26.12.2022","198,93","192,99","200,23","189,85","468,44K","4,52%"
"23.12.2022","190,33","183,57","192,12","183,57","897,18K","4,23%"
"22.12.2022","182,60","180,67","185,74","178,98","461,87K","2,16%"
"21.12.2022","178,73","178,49","180,67","176,80","561,40K","1,09%"
"20.12.2022","176,80","176,13","178,25","174,92","114,16K","1,24%"
"19.12.2022","174,63","175,84","175,84","171,97","488,30K","0,50%"
"16.12.2022","173,76","175,59","175,59","170,76","211,92K","0,19%"
"15.12.2022","173,42","172,94","174,87","169,51","372,42K","-0,28%"
"14.12.2022","173,90","172,94","176,80","169,07","485,12K","1,47%"
"13.12.2022","171,39","173,90","177,29","169,07","221,30K","-1,17%"
"12.12.2022","173,42","172,94","173,66","165,98","467,23K","-0,33%"
"07.12.2022","174,00","169,07","177,77","165,21","522,15K","2,36%"
"06.12.2022","169,99","166,18","169,99","164,10","635,63K","3,50%"
"05.12.2022","164,24","173,18","176,80","163,76","1,01M","-4,98%"
"02.12.2022","172,84","180,13","180,13","171,97","749,34K","-4,08%"
"01.12.2022","180,18","176,80","180,67","164,48","1,34M","3,61%"
"30.11.2022","173,90","177,77","181,01","173,28","689,28K","-1,64%"
"29.11.2022","176,80","171,97","176,80","168,20","671,55K","3,10%"
"28.11.2022","171,49","169,07","174,39","164,24","661,77K","2,31%"
"25.11.2022","167,62","164,24","171,01","161,59","711,33K","2,06%"
"24.11.2022","164,24","164,19","165,69","161,83","162,46K","2,35%"
"23.11.2022","160,47","159,12","161,34","154,10","749,72K","3,97%"
"22.11.2022","154,34","152,65","158,93","147,82","726,38K","0,47%"
"18.11.2022","153,62","146,85","154,53","146,85","486,94K","5,05%"
"17.11.2022","146,22","144,92","149,51","143,08","321,49K","1,34%"
"16.11.2022","144,29","146,85","149,75","143,71","503,20K","-2,35%"
"15.11.2022","147,77","144,92","150,23","144,92","632,07K","1,29%"
"14.11.2022","145,89","142,99","151,44","140,33","693,94K","2,72%"
"11.11.2022","142,02","137,19","143,76","135,74","529,46K","4,81%"
"10.11.2022","135,50","138,16","143,47","134,73","201,66K","-0,18%"
"09.11.2022","135,74","141,54","146,61","134,29","362,45K","-3,93%"
"08.11.2022","141,30","143,95","149,75","141,05","230,78K","-2,21%"
"07.11.2022","144,49","151,68","153,90","143,47","258,99K","-3,76%"
"04.11.2022","150,14","149,75","152,46","146,85","235,08K","0,84%"
"03.11.2022","148,88","145,02","150,48","145,02","412,88K","1,62%"
"02.11.2022","146,51","144,92","151,68","141,05","504,69K","0,43%"
"01.11.2022","145,89","148,06","148,78","144,92","622,73K","-0,95%"
"31.10.2022","147,29","139,22","147,82","139,22","522,64K","5,58%"
"28.10.2022","139,51","137,43","143,71","135,26","318,59K","-0,41%"
"27.10.2022","140,09","133,09","141,05","132,36","613,10K","5,69%"
"26.10.2022","132,55","129,61","135,02","129,61","483,15K","2,39%"
"25.10.2022","129,46","122,70","129,70","121,83","484,92K","6,60%"
"24.10.2022","121,44","124,63","125,31","120,38","415,96K","-2,93%"
"21.10.2022","125,11","120,77","125,55","120,77","164,38K","4,77%"
"20.10.2022","119,41","122,22","125,60","118,35","395,60K","-1,51%"
"19.10.2022","121,25","123,76","127,53","120,86","278,12K","-3,46%"
"18.10.2022","125,60","129,37","132,51","124,63","209,56K","-1,96%"
"17.10.2022","128,11","130,38","131,39","128,11","215,27K","1,11%"
"14.10.2022","126,71","133,33","133,33","124,53","114,54K","-3,21%"
"13.10.2022","130,91","125,60","131,88","125,60","519,65K","3,44%"
"12.10.2022","126,56","127,53","129,70","125,89","289,79K","-0,87%"
"11.10.2022","127,67","135,26","136,71","125,60","464,13K","-5,61%"
"06.10.2022","135,26","140,14","141,05","134,29","251,85K","-4,04%"
"05.10.2022","140,96","135,26","141,63","133,33","193,31K","4,21%"
"04.10.2022","135,26","139,22","142,02","133,28","295,93K","-1,41%"
"03.10.2022","137,19","136,51","139,99","133,71","242,45K","2,75%"
"30.09.2022","133,52","129,46","136,56","128,50","543,52K","3,68%"
"29.09.2022","128,79","124,10","130,43","122,70","445,62K","4,02%"
"28.09.2022","123,81","124,63","127,53","122,22","254,48K","1,71%"
"27.09.2022","121,73","123,67","124,63","118,93","308,53K","-1,56%"
"26.09.2022","123,67","131,39","132,36","120,91","354,40K","-4,44%"
"23.09.2022","129,41","131,39","135,26","127,14","369,87K","-6,33%"
"22.09.2022","138,16","134,77","140,09","131,88","176,51K","3,62%"
"21.09.2022","133,33","142,02","142,02","131,39","471,20K","-4,83%"
"20.09.2022","140,09","141,05","142,99","136,56","372,95K","-2,23%"
"19.09.2022","143,28","136,23","143,95","134,29","311,49K","6,31%"
"16.09.2022","134,77","135,02","138,16","132,36","484,47K","-2,11%"
"15.09.2022","137,67","136,23","138,16","133,33","547,06K","0,14%"
"14.09.2022","137,48","130,43","139,70","130,43","590,57K","6,19%"
"13.09.2022","129,46","132,26","133,09","124,63","686,10K","-1,72%"
"12.09.2022","131,73","131,49","138,06","129,46","421,63K","1,00%"
"09.09.2022","130,43","129,46","131,54","126,08","312,43K","2,66%"
"08.09.2022","127,05","132,36","136,23","125,60","377,04K","-3,49%"
"07.09.2022","131,63","123,42","132,31","123,42","596,02K","6,44%"
"06.09.2022","123,67","123,18","123,67","120,77","298,61K","0,83%"
"05.09.2022","122,65","122,60","123,18","118,83","98,28K","1,97%"
"01.09.2022","120,28","119,80","122,22","117,87","278,34K","-0,40%"
"31.08.2022","120,77","123,67","125,50","118,88","340,71K","-2,11%"
"30.08.2022","123,38","126,56","126,81","119,32","681,36K","-4,52%"
"29.08.2022","129,22","127,05","131,83","123,96","520,21K","2,02%"
"26.08.2022","126,66","130,43","130,43","120,48","801,72K","-2,60%"
"25.08.2022","130,04","119,80","130,67","119,80","944,84K","7,42%"
"24.08.2022","121,06","117,10","121,83","117,10","539,67K","3,55%"
"23.08.2022","116,90","113,04","117,63","111,20","325,54K","4,81%"
"22.08.2022","111,54","110,14","112,07","108,69","477,18K","-0,13%"
"19.08.2022","111,68","110,14","112,07","107,24","206,31K","1,00%"
"18.08.2022","110,57","106,52","112,07","106,28","288,34K","4,14%"
"17.08.2022","106,18","104,82","106,56","103,42","391,00K","2,00%"
"16.08.2022","104,10","109,70","109,95","103,62","673,63K","-4,31%"
"12.08.2022","108,79","105,55","109,90","104,34","312,88K","3,54%"
"11.08.2022","105,07","105,31","108,01","104,82","324,96K","-0,32%"
"10.08.2022","105,40","107,24","110,14","103,86","342,87K","-2,06%"
"09.08.2022","107,63","109,41","111,11","107,24","293,15K","-2,83%"
"08.08.2022","110,77","114,49","114,49","108,69","703,86K","0,57%"
"05.08.2022","110,14","110,53","110,53","105,07","974,68K","3,40%"
"04.08.2022","106,52","110,14","111,11","104,34","361,12K","-0,72%"
"03.08.2022","107,29","106,28","107,53","103,38","256,27K","1,42%"
"02.08.2022","105,79","108,21","108,21","103,38","564,60K","-1,35%"
"01.08.2022","107,24","108,21","112,31","103,47","592,91K","-2,89%"
"29.07.2022","110,43","119,80","120,77","107,68","393,92K","-6,31%"
"28.07.2022","117,87","116,13","122,46","111,15","715,41K","3,61%"
"27.07.2022","113,76","105,07","115,69","102,70","889,02K","10,30%"
"26.07.2022","103,14","100,24","105,31","99,22","379,79K","2,64%"
"25.07.2022","100,48","94,20","101,20","94,20","615,40K","7,22%"
"22.07.2022","93,71","91,78","94,00","89,66","309,79K","2,48%"
"21.07.2022","91,44","89,17","93,33","88,06","495,31K","2,10%"
"20.07.2022","89,56","93,71","93,71","88,88","589,91K","-3,64%"
"19.07.2022","92,94","91,98","94,20","91,69","181,66K","0,73%"
"18.07.2022","92,27","92,17","93,71","91,11","151,76K","1,60%"
"15.07.2022","90,82","90,48","90,82","88,79","274,54K","2,62%"
"14.07.2022","88,50","87,05","88,88","84,58","253,25K","1,44%"
"13.07.2022","87,24","92,65","92,65","86,23","231,04K","-2,90%"
"12.07.2022","89,85","91,78","92,85","88,69","177,16K","-3,02%"
"11.07.2022","92,65","91,78","93,04","87,05","278,93K","0,00%"
"08.07.2022","92,65","87,92","93,86","86,18","705,04K","3,73%"
"07.07.2022","89,32","83,28","90,09","83,28","572,94K","7,94%"
"06.07.2022","82,75","79,03","82,99","77,68","499,24K","4,58%"
"05.07.2022","79,13","72,46","79,22","72,17","867,57K","9,93%"
"04.07.2022","71,98","72,46","73,43","69,56","187,19K","-2,61%"
"01.07.2022","73,91","74,39","74,88","72,99","107,37K","-0,26%"
"30.06.2022","74,10","72,94","75,07","69,75","321,90K","1,59%"
"29.06.2022","72,94","74,10","75,36","72,22","290,14K","-1,56%"
"28.06.2022","74,10","74,39","76,23","71,88","444,69K","1,39%"
"27.06.2022","73,09","71,69","73,81","69,66","286,50K","1,54%"
"24.06.2022","71,98","70,53","73,43","70,53","298,69K","0,68%"
"23.06.2022","71,49","74,39","76,08","68,69","409,09K","-3,90%"
"22.06.2022","74,39","73,43","74,88","72,07","285,67K","1,32%"
"21.06.2022","73,43","71,49","75,21","71,49","106,00K","-0,98%"
"16.06.2022","74,15","73,23","74,88","71,59","488,87K","0,72%"
"15.06.2022","73,62","71,01","74,39","71,01","459,52K","2,83%"
"14.06.2022","71,59","74,01","74,78","70,53","559,40K","-3,20%"
"13.06.2022","73,96","73,04","76,32","69,27","706,65K","0,86%"
"10.06.2022","73,33","74,39","75,17","72,94","483,19K","-2,19%"
"09.06.2022","74,97","76,32","77,29","74,30","522,01K","-2,88%"
"08.06.2022","77,19","77,58","79,22","76,42","200,85K","0,13%"
"07.06.2022","77,10","78,16","78,16","75,84","168,35K","-1,36%"
"06.06.2022","78,16","79,13","79,32","77,29","433,28K","-1,34%"
"03.06.2022","79,22","78,35","80,00","76,81","312,54K","-1,20%"
"02.06.2022","80,19","80,19","81,15","77,34","425,52K","0,61%"
"01.06.2022","79,71","79,18","80,19","77,68","257,66K","0,61%"
"31.05.2022","79,22","77,29","80,29","77,29","475,02K","-2,13%"
"30.05.2022","80,95","82,90","82,90","79,60","69,74K","-0,92%"
"27.05.2022","81,70","81,60","82,55","80,60","231,93K","0,25%"
"26.05.2022","81,50","79,50","81,80","79,50","370,60K","4,49%"
"24.05.2022","78,00","78,50","78,85","76,40","83,81K","0,26%"
"23.05.2022","77,80","76,00","78,00","72,50","109,65K","2,37%"
"20.05.2022","76,00","77,40","77,40","74,35","84,58K","0,13%"
"19.05.2022","75,90","77,00","77,00","74,60","357,38K","-1,30%"
"17.05.2022","76,90","77,40","78,30","76,40","259,92K","0,92%"
"16.05.2022","76,20","75,20","77,40","74,40","446,16K","1,60%"
"13.05.2022","75,00","75,40","77,00","74,20","465,54K","1,35%"
"12.05.2022","74,00","73,70","76,50","72,00","247,85K","1,93%"
"11.05.2022","72,60","70,35","73,80","70,35","358,16K","3,71%"
"10.05.2022","70,00","67,20","70,50","67,20","356,67K","3,40%"
"09.05.2022","67,70","73,00","73,00","67,30","399,51K","-7,39%"
"06.05.2022","73,10","74,70","76,60","72,40","189,88K","-1,88%"
"05.05.2022","74,50","76,60","76,60","73,50","175,35K","-2,61%"
"04.05.2022","76,50","76,70","77,00","74,10","269,50K","-0,39%"
"03.05.2022","76,80","76,30","77,45","76,00","118,22K","1,65%"
"02.05.2022","75,55","76,00","76,65","73,30","217,88K","-0,98%"
"29.04.2022","76,30","80,00","80,00","74,80","360,60K","-4,03%"
"28.04.2022","79,50","76,00","80,00","75,70","340,35K","3,38%"
"27.04.2022","76,90","77,95","79,00","75,50","601,92K","0,52%"
"26.04.2022","76,50","78,00","78,95","76,50","281,62K","-1,92%"
"25.04.2022","78,00","78,80","78,80","75,70","371,37K","1,30%"
"22.04.2022","77,00","76,50","78,90","76,50","180,53K","-0,52%"
"21.04.2022","77,40","76,65","78,40","76,50","776,47K","-0,13%"
"20.04.2022","77,50","79,30","79,60","76,20","347,03K","-2,27%"
"19.04.2022","79,30","76,10","79,60","76,00","692,44K","2,99%"
"18.04.2022","77,00","79,00","79,00","76,20","465,62K","-2,22%"
"13.04.2022","78,75","78,00","78,75","76,10","406,10K","0,96%"
"12.04.2022","78,00","80,00","80,25","77,00","665,46K","-2,86%"
"11.04.2022","80,30","78,10","81,50","78,10","273,59K","-1,47%"
"08.04.2022","81,50","79,90","81,95","77,60","358,75K","3,16%"
"07.04.2022","79,00","79,90","80,10","76,50","289,77K","0,64%"
"06.04.2022","78,50","77,90","79,00","75,00","419,46K","-0,63%"
"05.04.2022","79,00","80,00","81,00","77,80","269,07K","-0,38%"
"04.04.2022","79,30","79,00","79,50","75,00","1,05M","1,54%"
"01.04.2022","78,10","76,30","78,45","75,20","239,37K","2,76%"
"31.03.2022","76,00","75,00","76,60","75,00","318,31K","2,15%"
"30.03.2022","74,40","73,85","75,90","73,70","680,24K","1,22%"
"29.03.2022","73,50","73,00","74,50","72,00","234,69K","-0,14%"
"28.03.2022","73,60","75,80","76,45","73,60","287,05K","-2,13%"
"25.03.2022","75,20","74,90","75,85","73,15","561,65K","3,58%"
"23.03.2022","72,60","73,90","74,75","71,95","856,04K","-1,89%"
"22.03.2022","74,00","73,50","74,50","72,80","592,24K","0,68%"
"21.03.2022","73,50","75,50","76,50","72,30","908,12K","-2,26%"
"18.03.2022","75,20","76,60","77,35","74,20","228,44K","-1,96%"
"17.03.2022","76,70","75,30","78,20","74,20","260,17K","2,27%"
"16.03.2022","75,00","71,00","75,50","71,00","769,83K","2,74%"
"15.03.2022","73,00","73,30","74,00","71,90","450,61K","-1,08%"
"14.03.2022","73,80","74,30","76,00","72,00","224,47K","-4,77%"
"11.03.2022","77,50","79,00","80,00","76,00","548,62K","-0,90%"
"10.03.2022","78,20","75,30","78,50","75,00","405,59K","3,23%"
"09.03.2022","75,75","76,00","78,00","74,90","547,62K","-1,37%"
"08.03.2022","76,80","75,00","76,90","74,50","206,69K","2,40%"
"07.03.2022","75,00","76,00","79,50","74,50","239,41K","-1,96%"
"04.03.2022","76,50","79,00","79,80","74,00","714,57K","-3,16%"
"03.03.2022","79,00","77,90","80,10","76,50","1,17M","2,86%"
"02.03.2022","76,80","74,00","77,50","72,00","752,80K","4,35%"
"25.02.2022","73,60","75,80","77,50","72,70","572,46K","-2,84%"
"24.02.2022","75,75","77,60","77,60","72,10","716,84K","-3,87%"
"23.02.2022","78,80","81,00","82,00","77,50","1,04M","-2,72%"
"22.02.2022","81,00","75,00","81,00","75,00","524,96K","5,95%"
"21.02.2022","76,45","76,60","78,10","76,10","169,17K","-0,59%"
"18.02.2022","76,90","73,00","76,90","73,00","461,81K","4,20%"
"17.02.2022","73,80","75,90","77,00","73,50","287,25K","-2,89%"
"16.02.2022","76,00","72,50","76,00","72,05","278,72K","5,26%"
"15.02.2022","72,20","71,20","73,50","71,20","108,84K","-0,35%"
"14.02.2022","72,45","74,90","74,90","71,00","319,14K","-0,34%"
"11.02.2022","72,70","72,70","75,60","72,30","308,73K","-0,95%"
"10.02.2022","73,40","73,20","75,50","72,00","140,62K","-0,81%"
"09.02.2022","74,00","74,80","76,75","72,00","234,19K","-1,33%"
"08.02.2022","75,00","76,60","77,50","73,90","486,24K","-2,60%"
"07.02.2022","77,00","73,20","77,50","73,20","750,34K","4,90%"
"04.02.2022","73,40","73,00","73,80","70,90","300,17K","3,02%"
"03.02.2022","71,25","75,50","75,50","70,50","423,20K","-3,85%"
"02.02.2022","74,10","78,40","79,10","72,90","321,80K","-4,26%"
"01.02.2022","77,40","75,00","78,80","71,30","599,20K","-1,02%"
"31.01.2022","78,20","69,00","79,00","69,00","915,63K","15,00%"
"28.01.2022","68,00","70,00","72,00","66,25","789,02K","3,03%"
"27.01.2022","66,00","66,10","67,90","63,25","132,95K","0,00%"
"26.01.2022","66,00","67,00","68,50","65,90","389,96K","-1,12%"
"25.01.2022","66,75","62,00","67,00","61,85","248,73K","6,63%"
"24.01.2022","62,60","64,00","64,80","60,50","502,48K","-4,86%"
"21.01.2022","65,80","67,95","68,55","65,60","332,49K","-2,95%"
"20.01.2022","67,80","66,05","69,85","66,05","234,68K","1,95%"
"19.01.2022","66,50","67,70","68,30","66,00","350,18K","-2,21%"
"18.01.2022","68,00","71,60","72,40","66,50","348,65K","-5,42%"
"17.01.2022","71,90","70,50","72,00","69,80","71,39K","1,70%"
"14.01.2022","70,70","70,30","72,70","69,40","188,87K","0,28%"
"13.01.2022","70,50","70,15","74,60","70,15","372,62K","0,86%"
"12.01.2022","69,90","67,50","72,00","66,55","270,60K","4,33%"
"11.01.2022","67,00","65,00","67,40","63,25","350,03K","3,88%"
"10.01.2022","64,50","65,50","66,00","63,65","143,72K","-1,53%"
"07.01.2022","65,50","64,90","65,95","61,55","126,24K","2,34%"
"06.01.2022","64,00","63,10","65,00","63,00","121,62K","-1,92%"
"05.01.2022","65,25","67,50","68,00","64,30","285,71K","-1,88%"
"04.01.2022","66,50","68,40","69,50","66,20","373,95K","-2,06%"
"03.01.2022","67,90","65,00","68,50","63,80","356,95K","4,95%"
"30.12.2021","64,70","65,95","67,75","63,10","430,82K","-1,52%"
"29.12.2021","65,70","64,00","66,80","63,10","114,72K","3,14%"
"28.12.2021","63,70","66,00","68,25","62,90","184,61K","-4,14%"
"27.12.2021","66,45","66,50","67,95","65,35","163,04K","-0,67%"
"23.12.2021","66,90","67,00","67,50","65,00","256,37K","1,36%"
"22.12.2021","66,00","67,00","67,00","63,50","358,33K","0,30%"
"21.12.2021","65,80","64,40","66,40","64,40","304,36K","2,81%"
"20.12.2021","64,00","65,00","65,00","62,00","940,66K","-1,69%"
"17.12.2021","65,10","64,95","66,70","63,00","701,09K","1,72%"
"16.12.2021","64,00","65,00","66,40","63,50","575,87K","0,71%"
"15.12.2021","63,55","66,60","67,00","62,70","242,55K","-4,79%"
"14.12.2021","66,75","67,20","67,60","65,00","544,49K","-1,84%"
"13.12.2021","68,00","71,50","72,00","66,00","567,27K","-5,56%"
"10.12.2021","72,00","73,80","74,80","71,20","218,90K","-2,31%"
"09.12.2021","73,70","76,40","76,40","72,50","399,01K","-3,79%"
"07.12.2021","76,60","74,00","77,05","74,00","841,94K","4,36%"
"06.12.2021","73,40","71,45","73,60","70,00","401,62K","2,59%"
"03.12.2021","71,55","73,50","75,80","70,00","709,20K","-3,96%"
"02.12.2021","74,50","75,40","78,25","72,30","802,86K","-0,33%"
"01.12.2021","74,75","67,10","76,00","67,10","1,17M","14,82%"
"30.11.2021","65,10","65,45","66,90","61,50","208,51K","-0,61%"
"29.11.2021","65,50","65,75","69,00","62,50","235,43K","0,31%"
"26.11.2021","65,30","69,55","69,55","64,50","1,03M","-10,06%"
"25.11.2021","72,60","70,30","73,00","69,70","144,72K","3,27%"
"24.11.2021","70,30","69,80","71,15","66,50","439,56K","1,88%"
"23.11.2021","69,00","67,00","69,25","65,20","566,38K","-0,29%"
"19.11.2021","69,20","72,80","73,60","68,00","516,52K","-4,55%"
"18.11.2021","72,50","75,50","75,50","70,00","893,47K","-3,33%"
"17.11.2021","75,00","79,90","80,00","72,90","656,94K","-4,94%"
"16.11.2021","78,90","85,75","85,75","78,00","753,33K","-5,62%"
"15.11.2021","83,60","82,60","87,50","78,15","1,82M","1,21%"
"12.11.2021","82,60","84,00","85,45","79,30","659,34K","-1,67%"
"11.11.2021","84,00","83,00","86,75","82,75","629,15K","2,19%"
"10.11.2021","82,20","86,50","87,25","81,80","667,09K","-4,97%"
"09.11.2021","86,50","89,25","90,30","84,50","1,37M","-3,67%"
"08.11.2021","89,80","83,90","90,00","83,50","1,58M","8,72%"
"05.11.2021","82,60","84,00","84,00","80,00","930,89K","1,72%"
"04.11.2021","81,20","83,10","84,25","80,00","528,72K","-2,05%"
"03.11.2021","82,90","79,95","84,10","78,20","1,83M","4,28%"
"02.11.2021","79,50","77,00","79,90","76,95","430,52K","2,05%"
"01.11.2021","77,90","73,50","78,40","73,50","461,98K","6,71%"
"29.10.2021","73,00","78,00","78,10","71,95","994,13K","-7,07%"
"28.10.2021","78,55","78,50","80,90","78,00","630,95K","-0,57%"
"27.10.2021","79,00","84,00","86,95","76,80","1,53M","-7,06%"
"26.10.2021","85,00","86,15","88,50","84,00","1,06M","-1,16%"
"25.10.2021","86,00","84,25","88,70","82,90","2,35M","2,69%"
"22.10.2021","83,75","80,70","84,50","79,50","2,10M","2,51%"
"21.10.2021","81,70","78,70","81,80","75,70","2,80M","3,42%"
"20.10.2021","79,00","78,40","79,15","76,00","2,22M","0,00%"
"19.10.2021","79,00","76,50","79,00","76,00","1,60M","3,13%"
"18.10.2021","76,60","73,50","77,00","73,10","1,09M","4,22%"
"15.10.2021","73,50","70,25","74,70","70,25","1,01M","4,11%"
"14.10.2021","70,60","69,15","70,80","68,50","1,10M","4,98%"
"13.10.2021","67,25","67,20","67,50","63,00","413,24K","1,51%"
"12.10.2021","66,25","66,15","70,30","64,90","579,55K","4,74%"
"07.10.2021","63,25","62,45","64,00","61,00","240,58K","2,35%"
"06.10.2021","61,80","61,10","61,80","59,50","306,75K","1,23%"
"05.10.2021","61,05","60,00","61,20","59,20","198,28K","1,75%"
"04.10.2021","60,00","62,00","62,15","59,30","436,04K","-0,83%"
"01.10.2021","60,50","62,00","62,00","59,60","96,22K","-0,66%"
"30.09.2021","60,90","60,90","61,80","59,10","259,91K","0,16%"
"29.09.2021","60,80","59,50","60,90","59,00","283,73K","2,27%"
"28.09.2021","59,45","59,00","59,45","58,40","473,87K","-2,54%"
"27.09.2021","61,00","60,65","61,00","59,00","271,09K","2,35%"
"24.09.2021","59,60","60,40","60,80","58,30","292,12K","-1,00%"
"23.09.2021","60,20","61,60","63,55","60,00","2,42M","-1,71%"
"22.09.2021","61,25","55,85","61,45","55,50","1,28M","9,96%"
"21.09.2021","55,70","56,00","56,70","54,80","453,91K","1,83%"
"20.09.2021","54,70","58,90","59,25","54,00","930,57K","-11,70%"
"17.09.2021","61,95","62,00","62,75","59,70","1,60M","1,72%"
"16.09.2021","60,90","54,50","61,65","53,60","1,32M","6,28%"
"15.09.2021","57,30","57,00","58,90","55,00","935,30K","-0,17%"
"14.09.2021","57,40","57,80","58,00","54,50","1,08M","-0,35%"
"13.09.2021","57,60","56,05","58,00","55,10","2,83M","18,15%"
"10.09.2021","48,75","50,65","51,20","48,50","677,62K","-3,66%"
"09.09.2021","50,60","52,00","53,50","49,20","612,31K","-2,69%"
"08.09.2021","52,00","52,80","52,80","50,00","945,20K","-1,52%"
"07.09.2021","52,80","49,30","53,20","49,30","994,06K","9,77%"
"06.09.2021","48,10","48,00","48,50","47,35","322,41K","1,05%"
"03.09.2021","47,60","48,90","49,80","47,15","472,43K","-2,66%"
"02.09.2021","48,90","50,50","50,70","48,35","656,86K","-3,17%"
"01.09.2021","50,50","52,30","53,90","50,15","702,82K","-3,81%"
"31.08.2021","52,50","52,00","52,60","50,45","568,39K","2,54%"
"30.08.2021","51,20","47,90","52,40","47,65","1,29M","8,25%"
"27.08.2021","47,30","48,00","49,40","47,30","445,66K","0,96%"
"26.08.2021","46,85","46,80","48,20","45,00","506,76K","0,11%"
"25.08.2021","46,80","46,95","47,60","46,60","475,32K","-0,53%"
"24.08.2021","47,05","45,80","47,10","45,80","569,99K","4,32%"
"23.08.2021","45,10","44,45","45,50","43,75","211,07K","1,35%"
"20.08.2021","44,50","44,40","44,90","43,00","100,94K","0,56%"
"19.08.2021","44,25","44,00","45,15","41,75","97,08K","-0,34%"
"18.08.2021","44,40","44,00","44,50","43,00","207,97K","0,45%"
"17.08.2021","44,20","45,40","45,40","42,70","170,10K","-2,64%"
"13.08.2021","45,40","46,70","46,70","45,10","190,20K","-1,63%"
"12.08.2021","46,15","45,60","46,75","44,50","368,49K","-0,75%"
"11.08.2021","46,50","45,55","46,55","44,10","271,72K","1,97%"
"10.08.2021","45,60","43,00","45,60","42,60","447,43K","5,31%"
"09.08.2021","43,30","43,20","43,65","42,55","136,52K","0,70%"
"06.08.2021","43,00","43,40","44,45","42,60","201,11K","-0,69%"
"05.08.2021","43,30","43,05","43,75","42,70","214,89K","1,88%"
"04.08.2021","42,50","44,70","44,70","42,50","616,19K","-4,82%"
"03.08.2021","44,65","45,75","45,75","44,40","354,21K","-2,72%"
"02.08.2021","45,90","44,50","46,25","43,50","1,00M","2,34%"
"30.07.2021","44,85","45,25","45,30","44,40","633,16K","-0,77%"
"29.07.2021","45,20","44,40","45,70","44,40","429,08K","1,57%"
"28.07.2021","44,50","43,05","44,50","42,90","527,90K","3,73%"
"27.07.2021","42,90","42,00","42,95","41,35","371,48K","2,63%"
"26.07.2021","41,80","40,15","41,95","40,15","278,12K","1,95%"
"23.07.2021","41,00","41,60","41,95","40,40","135,59K","-0,97%"
"22.07.2021","41,40","42,05","42,05","40,80","382,74K","-0,24%"
"21.07.2021","41,50","41,50","41,70","40,80","803,20K","1,22%"
"20.07.2021","41,00","40,10","41,60","39,60","455,14K","0,99%"
"19.07.2021","40,60","40,15","40,95","38,70","373,97K","-0,25%"
"16.07.2021","40,70","41,30","41,75","40,55","174,83K","-1,69%"
"15.07.2021","41,40","42,00","42,00","41,00","308,36K","-1,08%"
"14.07.2021","41,85","42,95","43,20","41,80","265,47K","-0,24%"
"13.07.2021","41,95","41,95","42,40","41,15","120,04K","1,33%"
"12.07.2021","41,40","41,00","42,00","40,40","150,89K","2,86%"
"08.07.2021","40,25","42,00","42,00","40,25","216,77K","-4,62%"
"07.07.2021","42,20","43,20","43,40","41,30","386,74K","-1,06%"
"06.07.2021","42,65","42,60","43,00","41,70","328,40K","0,24%"
"05.07.2021","42,55","42,60","42,90","41,70","98,26K","-0,35%"
"02.07.2021","42,70","42,00","42,80","41,30","144,87K","3,77%"
"01.07.2021","41,15","42,50","43,00","40,55","590,78K","-3,40%"
"30.06.2021","42,60","41,70","42,90","41,15","936,77K","4,93%"
"29.06.2021","40,60","40,50","41,30","39,50","857,46K","0,12%"
"28.06.2021","40,55","42,10","42,10","40,55","366,00K","-4,14%"
"25.06.2021","42,30","40,75","42,40","39,80","715,10K","-1,63%"
"24.06.2021","43,00","42,80","43,45","42,10","567,64K","0,47%"
"23.06.2021","42,80","42,65","43,60","42,00","435,28K","0,47%"
"22.06.2021","42,60","41,05","42,80","39,00","1,16M","-1,39%"
"18.06.2021","43,20","44,10","44,10","42,50","629,70K","-4,85%"
"17.06.2021","45,40","45,00","45,50","44,50","518,91K","0,44%"
"16.06.2021","45,20","45,00","45,50","44,00","698,65K","0,44%"
"15.06.2021","45,00","45,15","45,20","43,60","415,37K","-0,55%"
"14.06.2021","45,25","45,50","45,50","43,65","632,36K","1,12%"
"11.06.2021","44,75","46,60","46,60","42,50","918,50K","-3,66%"
"10.06.2021","46,45","47,50","47,50","45,00","1,83M","-0,32%"
"09.06.2021","46,60","44,10","47,80","43,95","741,42K","5,43%"
"08.06.2021","44,20","46,00","46,00","43,75","1,23M","-2,32%"
"07.06.2021","45,25","44,20","46,95","44,20","1,80M","4,75%"
"04.06.2021","43,20","42,00","43,50","41,25","1,38M","4,73%"
"03.06.2021","41,25","39,95","42,20","38,95","597,07K","2,61%"
"02.06.2021","40,20","38,80","40,50","38,80","820,25K","3,61%"
"01.06.2021","38,80","37,25","39,10","37,20","1,85M","6,59%"
"31.05.2021","36,40","36,15","36,85","36,15","564,28K","1,39%"
"28.05.2021","35,90","35,75","35,95","34,70","2,02M","1,56%"
"27.05.2021","35,35","34,70","36,15","34,20","1,36M","3,36%"
"26.05.2021","34,20","32,10","34,40","32,10","652,31K","5,23%"
"21.05.2021","32,50","32,65","33,20","32,30","246,44K","-0,31%"
"20.05.2021","32,60","32,40","33,30","32,40","286,16K","0,62%"
"19.05.2021","32,40","32,00","32,40","31,40","343,38K","1,25%"
"18.05.2021","32,00","33,20","33,20","31,60","288,79K","-2,59%"
"17.05.2021","32,85","32,60","33,35","32,20","465,82K","0,77%"
"14.05.2021","32,60","32,30","32,80","31,80","378,11K","3,16%"
"13.05.2021","31,60","32,00","32,30","31,50","337,54K","0,48%"
"12.05.2021","31,45","32,75","32,75","31,05","746,47K","-2,63%"
"11.05.2021","32,30","32,00","32,90","31,90","425,14K","-0,62%"
"10.05.2021","32,50","32,45","33,00","32,00","588,44K","0,62%"
"07.05.2021","32,30","31,55","32,40","31,55","420,39K","2,22%"
"06.05.2021","31,60","31,50","31,95","31,15","224,95K","0,16%"
"05.05.2021","31,55","31,15","32,00","31,15","213,03K","0,00%"
"04.05.2021","31,55","32,15","32,25","31,20","577,41K","-2,47%"
"03.05.2021","32,35","32,45","33,15","32,00","565,77K","0,15%"
"30.04.2021","32,30","32,50","32,60","32,20","294,75K","-0,62%"
"29.04.2021","32,50","32,10","32,90","32,00","446,69K","0,62%"
"28.04.2021","32,30","31,65","32,70","31,65","608,09K","3,03%"
"27.04.2021","31,35","31,45","32,00","31,00","412,87K","0,00%"
"26.04.2021","31,35","31,30","31,50","30,80","417,73K","1,13%"
"23.04.2021","31,00","31,60","32,00","30,80","424,95K","-1,90%"
"22.04.2021","31,60","31,80","32,10","31,35","128,78K","-0,47%"
"21.04.2021","31,75","30,95","31,95","30,95","1,26M","1,28%"
"20.04.2021","31,35","31,75","32,25","31,00","1,17M","-1,42%"
"19.04.2021","31,80","31,00","32,30","31,00","589,92K","1,60%"
"16.04.2021","31,30","30,70","32,00","30,30","319,54K","0,64%"
"15.04.2021","31,10","31,10","32,00","30,60","262,12K","0,32%"
"14.04.2021","31,00","31,15","31,95","31,00","294,53K","-1,74%"
"13.04.2021","31,55","31,30","31,80","31,00","203,65K","-0,79%"
"12.04.2021","31,80","32,20","32,20","31,15","654,63K","-2,60%"
"09.04.2021","32,65","33,50","33,60","32,30","158,85K","-2,25%"
"08.04.2021","33,40","33,25","33,85","32,65","136,92K","0,60%"
"07.04.2021","33,20","33,80","34,00","33,15","211,09K","-1,78%"
"06.04.2021","33,80","32,90","34,20","32,60","468,01K","2,74%"
"05.04.2021","32,90","32,30","33,45","32,30","359,33K","2,81%"
"31.03.2021","32,00","30,40","32,40","30,40","1,13M","3,90%"
"30.03.2021","30,80","30,60","31,75","30,40","415,55K","1,65%"
"29.03.2021","30,30","30,00","30,50","29,50","138,52K","1,17%"
"26.03.2021","29,95","30,00","30,90","29,75","392,79K","-0,33%"
"25.03.2021","30,05","30,50","30,95","30,00","558,86K","-4,15%"
"23.03.2021","31,35","31,25","31,90","30,85","351,14K","0,32%"
"22.03.2021","31,25","31,40","32,00","31,20","588,05K","-2,34%"
"19.03.2021","32,00","31,85","32,40","31,40","583,45K","0,31%"
"18.03.2021","31,90","32,20","32,65","31,65","725,42K","-1,85%"
"17.03.2021","32,50","33,25","33,45","32,20","711,93K","-2,26%"
"16.03.2021","33,25","34,70","34,95","33,20","550,83K","-3,34%"
"15.03.2021","34,40","33,20","35,00","33,20","694,68K","5,68%"
"12.03.2021","32,55","32,90","33,00","32,00","521,98K","-1,21%"
"11.03.2021","32,95","32,50","33,00","32,00","277,81K","2,17%"
"10.03.2021","32,25","32,00","32,90","31,60","545,85K","0,78%"
"09.03.2021","32,00","32,00","32,35","31,35","380,10K","0,16%"
"08.03.2021","31,95","32,00","32,00","31,00","460,34K","1,59%"
"05.03.2021","31,45","31,50","32,40","30,60","277,27K","0,48%"
"04.03.2021","31,30","31,40","32,45","30,10","755,08K","-0,32%"
"03.03.2021","31,40","32,35","32,90","31,20","295,33K","-3,09%"
"02.03.2021","32,40","33,00","33,00","31,75","291,15K","-1,22%"
"01.03.2021","32,80","32,10","33,00","31,85","466,09K","1,71%"
"26.02.2021","32,25","32,50","32,55","31,30","140,10K","-0,31%"
"25.02.2021","32,35","32,95","33,30","31,60","318,70K","0,47%"
"24.02.2021","32,20","31,90","33,00","31,60","486,37K","1,26%"
"23.02.2021","31,80","33,00","33,30","31,50","118,55K","-3,64%"
"22.02.2021","33,00","34,30","34,30","32,75","150,26K","-3,79%"
"19.02.2021","34,30","34,00","35,25","33,15","310,21K","0,88%"
"18.02.2021","34,00","35,25","35,50","33,65","347,05K","-2,02%"
"17.02.2021","34,70","36,30","36,90","34,10","392,41K","-0,57%"
"12.02.2021","34,90","36,35","36,35","34,85","191,28K","-3,86%"
"11.02.2021","36,30","36,60","37,00","35,80","211,87K","-0,41%"
"10.02.2021","36,45","37,60","37,90","36,40","411,01K","-2,54%"
"09.02.2021","37,40","37,45","38,20","37,00","506,94K","-0,27%"
"08.02.2021","37,50","36,50","37,50","36,45","293,55K","3,02%"
"05.02.2021","36,40","35,45","36,60","35,45","135,72K","2,10%"
"04.02.2021","35,65","35,25","35,90","35,00","255,90K","1,13%"
"03.02.2021","35,25","35,20","36,30","35,10","309,75K","-0,70%"
"02.02.2021","35,50","35,90","36,30","35,20","169,69K","0,57%"
"01.02.2021","35,30","33,75","35,80","33,75","554,35K","4,13%"
"29.01.2021","33,90","35,00","36,00","33,80","185,58K","-3,14%"
"28.01.2021","35,00","36,00","36,50","34,90","116,31K","-2,23%"
"27.01.2021","35,80","34,65","36,00","34,65","377,22K","1,27%"
"26.01.2021","35,35","34,45","36,30","34,20","654,53K","2,76%"
"25.01.2021","34,40","34,35","35,90","34,00","453,68K","-1,15%"
"22.01.2021","34,80","35,65","36,00","34,70","315,40K","-2,38%"
"21.01.2021","35,65","36,30","36,55","35,00","298,61K","-1,79%"
"20.01.2021","36,30","36,55","37,00","35,50","368,94K","0,83%"
"19.01.2021","36,00","35,30","36,60","35,30","589,65K","2,86%"
"18.01.2021","35,00","36,20","36,30","34,30","303,60K","-4,37%"
"15.01.2021","36,60","37,50","37,50","36,00","180,08K","-2,14%"
"14.01.2021","37,40","37,40","37,60","36,55","605,87K","0,40%"
"13.01.2021","37,25","36,50","37,70","36,40","405,74K","2,05%"
"12.01.2021","36,50","35,40","37,15","35,40","400,50K","1,39%"
"11.01.2021","36,00","36,70","37,40","35,70","337,12K","-1,91%"
"08.01.2021","36,70","36,00","37,40","36,00","465,65K","-1,08%"
"07.01.2021","37,10","37,90","38,00","36,50","607,56K","-0,27%"
"06.01.2021","37,20","39,00","39,00","37,20","150,81K","-2,87%"
"05.01.2021","38,30","36,90","38,50","36,80","425,99K","3,79%"
"04.01.2021","36,90","36,05","37,45","35,80","328,89K","2,22%"
"30.12.2020","36,10","36,30","38,15","35,30","991,94K","-0,28%"
"29.12.2020","36,20","36,25","36,95","35,75","298,69K","-0,82%"
"28.12.2020","36,50","37,40","37,40","35,85","249,60K","-3,31%"
"23.12.2020","37,75","36,80","37,90","36,60","380,26K","3,14%"
"22.12.2020","36,60","36,00","37,45","36,00","271,47K","0,14%"
"21.12.2020","36,55","37,55","37,55","34,70","301,54K","-2,66%"
"18.12.2020","37,55","39,00","39,00","37,50","418,23K","-0,40%"
"17.12.2020","37,70","36,55","38,65","36,55","221,21K","2,17%"
"16.12.2020","36,90","37,45","37,65","36,55","187,72K","-0,81%"
"15.12.2020","37,20","37,90","37,90","36,70","213,97K","-2,49%"
"14.12.2020","38,15","38,90","40,60","37,20","209,43K","-1,55%"
"11.12.2020","38,75","38,50","39,20","37,90","170,34K","0,65%"
"10.12.2020","38,50","37,05","39,00","37,05","333,86K","2,12%"
"09.12.2020","37,70","39,70","40,50","37,30","210,96K","-5,75%"
"04.12.2020","40,00","41,00","41,00","39,50","218,51K","-1,48%"
"03.12.2020","40,60","40,55","41,00","40,10","505,88K","0,12%"
"02.12.2020","40,55","38,10","40,55","38,10","545,47K","3,71%"
"01.12.2020","39,10","39,15","40,25","38,35","745,89K","-1,01%"
"30.11.2020","39,50","39,70","39,70","38,45","276,36K","1,28%"
"27.11.2020","39,00","38,90","39,35","38,50","186,65K","1,30%"
"26.11.2020","38,50","39,70","39,75","38,10","175,59K","-1,28%"
"25.11.2020","39,00","38,00","39,50","37,80","238,96K","2,23%"
"24.11.2020","38,15","37,15","38,50","37,15","336,76K","2,55%"
"20.11.2020","37,20","38,00","38,55","37,00","211,75K","-2,87%"
"19.11.2020","38,30","37,50","38,60","37,15","272,80K","3,37%"
"18.11.2020","37,05","38,00","38,90","37,00","253,53K","-3,01%"
"17.11.2020","38,20","37,95","38,30","36,50","487,91K","1,06%"
"16.11.2020","37,80","36,80","37,80","35,80","763,67K","4,28%"
"13.11.2020","36,25","36,30","36,95","35,00","461,14K","0,97%"
"12.11.2020","35,90","37,75","38,10","34,20","478,62K","-4,90%"
"11.11.2020","37,75","38,65","39,50","37,00","369,83K","-1,95%"
"10.11.2020","38,50","38,30","39,20","36,80","668,36K","1,45%"
"09.11.2020","37,95","39,00","39,95","37,60","636,88K","-1,68%"
"06.11.2020","38,60","37,50","38,60","36,30","373,39K","5,32%"
"05.11.2020","36,65","35,90","37,25","35,30","1,51M","4,27%"
"04.11.2020","35,15","36,70","37,10","35,00","413,27K","-4,09%"
"03.11.2020","36,65","35,95","36,75","34,85","328,63K","4,56%"
"02.11.2020","35,05","34,45","35,75","33,10","297,21K","1,74%"
"30.10.2020","34,45","36,90","36,90","33,95","384,44K","-5,36%"
"29.10.2020","36,40","33,70","36,50","33,00","504,02K","8,01%"
"28.10.2020","33,70","36,05","36,75","33,50","438,48K","-8,92%"
"27.10.2020","37,00","39,30","39,70","36,45","428,60K","-6,09%"
"26.10.2020","39,40","40,90","41,00","39,40","440,78K","-3,90%"
"23.10.2020","41,00","41,00","41,10","39,00","449,95K","0,24%"
"22.10.2020","40,90","40,00","40,90","39,40","751,80K","4,60%"
"21.10.2020","39,10","39,10","40,00","38,75","638,10K","0,00%"
"20.10.2020","39,10","37,40","39,20","36,40","468,52K","5,25%"
"19.10.2020","37,15","36,00","38,15","36,00","703,11K","5,09%"
"16.10.2020","35,35","36,60","36,60","33,50","619,60K","-0,98%"
"14.10.2020","35,70","35,20","36,75","34,80","774,10K","2,59%"
"13.10.2020","34,80","33,75","35,00","33,75","825,37K","3,88%"
"09.10.2020","33,50","34,20","34,50","33,50","260,92K","-2,19%"
"08.10.2020","34,25","33,00","35,00","32,90","660,42K","2,85%"
"07.10.2020","33,30","32,45","34,15","31,50","817,55K","3,74%"
"06.10.2020","32,10","32,00","32,80","31,00","615,27K","1,58%"
"05.10.2020","31,60","32,00","32,25","31,30","292,47K","0,00%"
"02.10.2020","31,60","31,00","32,00","30,60","315,21K","0,96%"
"01.10.2020","31,30","30,30","31,70","30,30","534,94K","3,81%"
"30.09.2020","30,15","31,10","31,30","29,85","982,75K","-2,43%"
"29.09.2020","30,90","30,50","31,35","29,30","537,51K","2,32%"
"28.09.2020","30,20","30,80","32,00","29,50","362,89K","-1,63%"
"25.09.2020","30,70","29,80","31,15","29,60","415,42K","4,07%"
"24.09.2020","29,50","28,90","29,85","28,55","411,61K","2,79%"
"23.09.2020","28,70","28,95","29,90","28,65","447,92K","0,53%"
"22.09.2020","28,55","27,65","28,70","27,55","530,76K","3,25%"
"21.09.2020","27,65","28,00","28,40","27,20","461,59K","-0,36%"
"18.09.2020","27,75","26,50","28,35","26,50","904,60K","6,32%"
"17.09.2020","26,10","27,80","28,00","25,90","808,02K","-6,45%"
"16.09.2020","27,90","28,70","29,50","27,00","438,14K","-6,38%"
"15.09.2020","29,80","29,60","29,85","28,20","610,91K","0,17%"
"14.09.2020","29,75","30,50","30,70","29,40","343,35K","-2,62%"
"11.09.2020","30,55","30,70","31,05","30,10","473,38K","-0,33%"
"10.09.2020","30,65","30,35","31,40","30,05","252,82K","-0,16%"
"09.09.2020","30,70","31,50","31,50","30,30","203,24K","0,66%"
"08.09.2020","30,50","30,40","31,25","30,00","672,21K","0,33%"
"07.09.2020","30,40","30,50","31,60","30,05","149,90K","1,33%"
"04.09.2020","30,00","30,00","30,80","29,50","213,01K","-0,50%"
"03.09.2020","30,15","31,50","31,80","29,90","260,03K","-3,67%"
"02.09.2020","31,30","31,70","31,90","30,60","269,29K","-1,88%"
"01.09.2020","31,90","32,00","33,00","31,50","629,84K","1,27%"
"31.08.2020","31,50","33,40","33,60","31,50","419,82K","-4,40%"
"28.08.2020","32,95","31,20","33,25","31,00","927,02K","5,27%"
"27.08.2020","31,30","32,05","32,70","30,50","748,73K","-0,63%"
"26.08.2020","31,50","31,40","32,20","31,20","368,24K","1,94%"
"25.08.2020","30,90","31,50","32,20","30,50","443,71K","-1,90%"
"24.08.2020","31,50","32,00","32,40","30,60","546,05K","-1,41%"
"21.08.2020","31,95","32,75","34,00","31,75","483,24K","-2,29%"
"20.08.2020","32,70","32,50","33,30","32,50","309,17K","-0,46%"
"19.08.2020","32,85","32,55","33,35","32,55","476,98K","1,39%"
"18.08.2020","32,40","34,50","34,70","31,00","901,64K","-6,90%"
"14.08.2020","34,80","34,90","35,30","34,50","780,84K","0,72%"
"13.08.2020","34,55","34,00","34,85","34,00","313,42K","1,62%"
"12.08.2020","34,00","35,10","35,40","33,05","555,95K","-2,86%"
"11.08.2020","35,00","35,95","35,95","35,00","490,08K","-1,27%"
"10.08.2020","35,45","35,30","35,70","34,85","637,50K","2,16%"
"07.08.2020","34,70","33,90","34,90","33,75","668,11K","2,06%"
"06.08.2020","34,00","33,20","34,10","32,70","529,54K","1,04%"
"05.08.2020","33,65","35,50","36,00","32,85","1,25M","-3,86%"
"04.08.2020","35,00","36,70","37,50","33,50","1,76M","1,45%"
"03.08.2020","34,50","32,00","36,30","31,05","1,28M","4,70%"
"31.07.2020","32,95","33,00","33,25","32,10","364,94K","0,00%"
"30.07.2020","32,95","32,70","33,20","30,45","585,98K","0,76%"
"29.07.2020","32,70","34,60","34,60","32,00","549,42K","-1,65%"
"28.07.2020","33,25","34,00","35,00","32,85","508,28K","-2,21%"
"27.07.2020","34,00","34,00","35,00","33,70","1,10M","0,59%"
"24.07.2020","33,80","33,90","34,50","32,15","680,24K","0,90%"
"23.07.2020","33,50","33,50","34,50","32,50","1,00M","-0,89%"
"22.07.2020","33,80","32,10","33,90","31,45","731,40K","5,96%"
"21.07.2020","31,90","31,95","32,50","31,45","841,60K","2,90%"
"20.07.2020","31,00","31,35","32,00","30,30","347,87K","-0,96%"
"17.07.2020","31,30","31,80","31,90","30,85","421,59K","0,48%"
"16.07.2020","31,15","30,95","31,45","29,60","328,36K","1,80%"
"15.07.2020","30,60","30,55","31,00","29,25","1,59M","2,17%"
"14.07.2020","29,95","30,10","30,45","29,15","407,20K","0,50%"
"13.07.2020","29,80","30,50","31,10","29,60","739,23K","-1,32%"
"08.07.2020","30,20","30,80","31,15","30,00","895,75K","-0,33%"
"07.07.2020","30,30","30,70","30,95","29,60","810,37K","-0,66%"
"06.07.2020","30,50","28,35","30,50","28,35","1,15M","12,55%"
"03.07.2020","27,10","27,30","27,75","27,00","119,57K","-0,73%"
"02.07.2020","27,30","27,25","28,15","26,60","395,51K","1,30%"
"01.07.2020","26,95","26,55","27,35","26,30","523,27K","1,13%"
"30.06.2020","26,65","27,95","27,95","25,50","754,56K","-4,82%"
"29.06.2020","28,00","28,35","29,10","27,80","472,86K","-0,88%"
"26.06.2020","28,25","28,85","28,90","27,80","155,25K","-2,25%"
"25.06.2020","28,90","29,00","29,05","28,50","377,17K","2,85%"
"24.06.2020","28,10","29,80","29,80","27,75","1,57M","-5,70%"
"23.06.2020","29,80","29,50","30,50","27,20","2,11M","3,11%"
"22.06.2020","28,90","28,40","29,10","26,50","1,46M","3,21%"
"19.06.2020","28,00","26,00","28,50","26,00","987,68K","9,80%"
"18.06.2020","25,50","27,00","27,55","25,00","897,64K","-8,93%"
"17.06.2020","28,00","29,40","29,90","27,80","407,57K","-4,11%"
"16.06.2020","29,20","30,40","31,50","28,80","518,29K","-2,67%"
"12.06.2020","30,00","32,30","32,30","29,10","754,52K","-0,66%"
"11.06.2020","30,20","32,60","32,80","30,20","790,62K","-9,04%"
"10.06.2020","33,20","33,05","34,00","30,95","719,26K","0,30%"
"09.06.2020","33,10","35,00","35,00","32,60","1,10M","-7,28%"
"08.06.2020","35,70","32,50","36,00","32,50","1,45M","10,87%"
"05.06.2020","32,20","32,60","33,45","32,00","1,02M","1,42%"
"04.06.2020","31,75","33,00","33,55","31,15","520,88K","-3,20%"
"03.06.2020","32,80","33,20","34,00","32,75","644,13K","-0,15%"
"02.06.2020","32,85","33,20","34,40","32,60","720,11K","3,14%"
"01.06.2020","31,85","30,10","31,90","30,10","324,05K","4,77%"
"29.05.2020","30,40","32,50","33,10","29,80","632,35K","-5,00%"
"28.05.2020","32,00","35,90","36,00","31,60","526,14K","-8,83%"
"27.05.2020","35,10","35,50","35,90","34,35","283,16K","-0,85%"
"26.05.2020","35,40","36,60","37,00","35,35","375,90K","-2,34%"
"22.05.2020","36,25","35,50","36,65","34,25","1,42M","1,54%"
"21.05.2020","35,70","34,80","36,25","34,35","798,65K","2,73%"
"20.05.2020","34,75","35,95","36,20","33,60","637,51K","-2,39%"
"19.05.2020","35,60","35,45","35,85","32,90","520,31K","-0,42%"
"18.05.2020","35,75","35,75","36,95","35,00","875,81K","0,99%"
"15.05.2020","35,40","34,10","35,80","33,75","1,06M","4,73%"
"14.05.2020","33,80","31,00","34,00","29,90","984,33K","6,29%"
"13.05.2020","31,80","30,90","32,00","29,05","907,36K","2,58%"
"12.05.2020","31,00","29,30","33,50","29,30","1,56M","6,53%"
"11.05.2020","29,10","29,00","29,80","26,55","1,16M","1,93%"
"08.05.2020","28,55","28,70","29,50","27,75","1,58M","2,70%"
"07.05.2020","27,80","27,10","28,10","27,10","1,21M","4,71%"
"06.05.2020","26,55","26,10","26,90","25,50","1,13M","2,51%"
"05.05.2020","25,90","25,70","26,55","25,00","883,13K","1,37%"
"04.05.2020","25,55","26,30","26,30","24,85","390,73K","-4,13%"
"30.04.2020","26,65","27,00","27,40","26,10","435,95K","-0,19%"
"29.04.2020","26,70","27,20","28,00","25,90","1,28M","4,71%"
"28.04.2020","25,50","24,50","26,80","23,80","964,16K","8,05%"
"27.04.2020","23,60","23,80","23,95","23,00","690,13K","-0,63%"
"24.04.2020","23,75","24,20","24,20","22,00","278,25K","-3,46%"
"23.04.2020","24,60","25,45","25,50","24,05","330,15K","-0,61%"
"22.04.2020","24,75","25,45","26,00","24,55","251,57K","-1,00%"
"21.04.2020","25,00","24,90","25,30","24,25","254,29K","1,21%"
"20.04.2020","24,70","24,90","25,60","24,00","558,21K","-0,20%"
"17.04.2020","24,75","24,90","25,70","24,10","580,17K","2,48%"
"16.04.2020","24,15","26,00","26,00","22,80","366,49K","-6,40%"
"15.04.2020","25,80","26,05","26,55","24,55","1,16M","-1,15%"
"14.04.2020","26,10","24,40","26,40","24,00","764,77K","10,13%"
"13.04.2020","23,70","23,35","23,80","22,55","788,14K","4,64%"
"08.04.2020","22,65","21,85","22,90","21,50","674,29K","5,84%"
"07.04.2020","21,40","22,00","22,40","21,15","396,14K","0,94%"
"06.04.2020","21,20","21,65","22,50","20,85","277,15K","-1,85%"
"03.04.2020","21,60","21,00","22,00","20,50","452,67K","2,86%"
"02.04.2020","21,00","20,00","21,00","19,45","349,09K","5,79%"
"01.04.2020","19,85","19,75","20,40","19,30","370,83K","0,51%"
"30.03.2020","19,75","20,00","20,70","19,50","527,08K","0,00%"
"27.03.2020","19,75","19,75","20,50","18,90","245,04K","-3,19%"
"26.03.2020","20,40","22,05","22,80","19,80","469,71K","-5,56%"
"25.03.2020","21,60","21,15","22,05","20,40","726,63K","8,27%"
"20.03.2020","19,95","19,00","20,50","19,00","431,51K","8,13%"
"19.03.2020","18,45","17,50","19,15","17,50","592,05K","3,65%"
"18.03.2020","17,80","19,80","19,80","17,20","585,36K","-13,59%"
"17.03.2020","20,60","21,00","21,80","19,20","486,49K","-1,90%"
"16.03.2020","21,00","20,50","21,35","18,25","1,64M","-2,55%"
"13.03.2020","21,55","22,10","22,10","20,20","916,10K","0,23%"
"12.03.2020","21,50","22,90","22,90","19,70","708,06K","-8,51%"
"11.03.2020","23,50","24,70","24,70","22,15","611,02K","-5,81%"
"10.03.2020","24,95","25,15","25,70","23,65","653,83K","7,78%"
"09.03.2020","23,15","25,70","25,75","21,75","513,74K","-14,42%"
"06.03.2020","27,05","27,75","27,75","26,55","369,03K","-4,08%"
"05.03.2020","28,20","28,15","28,75","27,00","474,20K","0,71%"
"04.03.2020","28,00","27,30","28,65","27,00","619,12K","2,94%"
"03.03.2020","27,20","28,30","28,90","26,85","498,17K","-1,81%"
"02.03.2020","27,70","26,30","27,80","26,00","468,85K","5,73%"
"28.02.2020","26,20","24,85","26,35","24,30","734,70K","5,22%"
"27.02.2020","24,90","26,50","26,60","24,90","514,07K","-4,23%"
"26.02.2020","26,00","26,90","27,20","26,00","519,78K","-9,25%"
"21.02.2020","28,65","29,80","29,80","28,50","275,06K","-0,87%"
"20.02.2020","28,90","29,20","30,00","28,80","350,92K","0,00%"
"19.02.2020","28,90","29,00","29,85","28,60","146,35K","-0,34%"
"18.02.2020","29,00","29,70","29,90","28,70","346,62K","-1,69%"
"17.02.2020","29,50","29,60","29,90","28,80","186,48K","0,00%"
"14.02.2020","29,50","30,50","30,50","29,00","450,49K","-1,17%"
"13.02.2020","29,85","30,75","30,80","29,15","326,97K","-3,08%"
"12.02.2020","30,80","30,00","31,20","30,00","208,15K","1,15%"
"11.02.2020","30,45","31,20","31,30","29,50","249,78K","-2,72%"
"10.02.2020","31,30","30,75","31,85","30,75","224,07K","0,97%"
"07.02.2020","31,00","30,85","31,40","30,15","512,08K","0,65%"
"06.02.2020","30,80","31,40","31,80","30,40","492,81K","-1,91%"
"05.02.2020","31,40","32,00","32,10","30,90","388,85K","-1,72%"
"04.02.2020","31,95","33,10","33,75","31,50","466,14K","-2,59%"
"03.02.2020","32,80","32,00","32,95","31,60","390,78K","3,63%"
"31.01.2020","31,65","32,75","32,80","30,95","228,72K","-1,71%"
"30.01.2020","32,20","32,45","32,45","30,30","460,60K","-0,77%"
"29.01.2020","32,45","33,50","34,00","32,05","320,82K","-1,96%"
"28.01.2020","33,10","32,40","33,35","32,00","624,85K","3,76%"
"27.01.2020","31,90","30,30","32,20","28,00","801,36K","3,24%"
"24.01.2020","30,90","31,80","32,00","30,15","547,36K","-2,68%"
"23.01.2020","31,75","32,85","32,95","31,60","544,15K","-4,37%"
"22.01.2020","33,20","31,90","33,30","31,40","740,51K","2,79%"
"21.01.2020","32,30","34,60","34,60","31,50","604,48K","-5,42%"
"20.01.2020","34,15","34,00","34,40","33,70","177,28K","2,86%"
"17.01.2020","33,20","34,00","34,90","33,10","412,15K","-0,60%"
"16.01.2020","33,40","32,50","33,75","32,30","454,32K","3,41%"
"15.01.2020","32,30","33,60","34,85","32,20","541,91K","-4,15%"
"14.01.2020","33,70","35,00","35,25","33,30","609,89K","-3,71%"
"13.01.2020","35,00","35,70","36,30","34,90","337,70K","-1,41%"
"10.01.2020","35,50","35,80","36,50","35,00","635,15K","1,00%"
"09.01.2020","35,15","33,45","35,20","33,00","1,46M","6,52%"
"08.01.2020","33,00","33,50","33,65","32,55","817,32K","-1,20%"
"07.01.2020","33,40","34,10","35,40","33,40","297,85K","-1,76%"
"06.01.2020","34,00","32,75","34,15","32,15","550,83K","4,62%"
"03.01.2020","32,50","34,65","36,00","32,20","1,07M","-6,34%"
"02.01.2020","34,70","35,80","37,30","34,30","348,18K","-3,07%"
"30.12.2019","35,80","36,70","37,45","34,00","590,79K","-2,72%"
"27.12.2019","36,80","39,75","40,80","36,10","984,90K","-7,19%"
"26.12.2019","39,65","36,50","39,65","36,00","1,50M","11,22%"
"23.12.2019","35,65","35,40","36,50","34,70","522,68K","0,71%"
"20.12.2019","35,40","34,00","35,50","34,00","747,50K","4,12%"
"19.12.2019","34,00","33,00","34,00","32,55","613,26K","5,26%"
"18.12.2019","32,30","32,80","33,50","31,80","1,06M","-0,92%"
"17.12.2019","32,60","34,40","34,40","31,80","760,47K","-5,23%"
"16.12.2019","34,40","32,90","34,50","32,90","789,55K","5,04%"
"13.12.2019","32,75","31,10","33,10","30,40","629,00K","9,17%"
"12.12.2019","30,00","29,85","30,95","29,30","397,35K","0,17%"
"11.12.2019","29,95","30,00","31,00","29,00","908,83K","-0,17%"
"10.12.2019","30,00","31,70","32,50","29,80","778,53K","-5,81%"
"09.12.2019","31,85","31,35","32,85","31,00","785,00K","2,08%"
"06.12.2019","31,20","29,40","31,50","29,00","781,03K","6,30%"
"05.12.2019","29,35","29,05","29,65","28,15","420,52K","0,86%"
"04.12.2019","29,10","28,00","29,20","27,80","720,23K","4,49%"
"03.12.2019","27,85","28,70","29,45","27,60","460,85K","-2,96%"
"02.12.2019","28,70","29,75","30,95","28,25","613,20K","-2,05%"
"29.11.2019","29,30","29,00","29,75","28,00","379,70K","2,84%"
"28.11.2019","28,49","28,59","29,12","27,51","232,04K","-0,18%"
"27.11.2019","28,54","25,66","28,64","25,66","858,14K","11,44%"
"26.11.2019","25,61","26,73","26,73","24,88","362,67K","-4,37%"
"25.11.2019","26,78","27,46","28,00","26,78","528,65K","-1,62%"
"22.11.2019","27,22","26,73","27,90","26,54","807,24K","-0,66%"
"21.11.2019","27,40","27,10","27,90","26,70","1,09M","1,11%"
"20.11.2019","27,10","25,00","27,10","25,00","1,56M","7,75%"
"19.11.2019","25,15","24,50","25,20","23,30","573,00K","0,40%"
"15.11.2019","25,05","24,85","25,05","23,40","649,76K","4,37%"
"14.11.2019","24,00","25,30","26,10","23,20","1,11M","-5,33%"
"13.11.2019","25,35","27,25","27,60","25,00","998,28K","-7,48%"
"12.11.2019","27,40","25,10","27,40","24,30","832,54K","8,51%"
"11.11.2019","25,25","26,10","26,70","24,30","458,20K","-1,75%"
"08.11.2019","25,70","27,15","27,15","25,35","351,40K","-5,34%"
"07.11.2019","27,15","27,75","27,75","26,80","419,19K","-1,99%"
"06.11.2019","27,70","28,20","28,20","26,50","232,97K","-1,77%"
"05.11.2019","28,20","28,25","29,00","26,85","1,01M","2,17%"
"04.11.2019","27,60","27,00","28,35","26,40","1,40M","2,41%"
"01.11.2019","26,95","26,00","27,00","24,60","811,11K","5,27%"
"31.10.2019","25,60","22,45","26,00","22,45","1,16M","14,29%"
"30.10.2019","22,40","21,00","22,45","20,70","340,90K","6,16%"
"29.10.2019","21,10","21,70","22,30","20,70","699,75K","-2,31%"
"28.10.2019","21,60","22,00","24,75","21,10","464,08K","-1,82%"
"25.10.2019","22,00","21,30","22,60","21,00","1,26M","3,29%"
"24.10.2019","21,30","21,50","21,95","20,70","607,07K","-0,47%"
"23.10.2019","21,40","21,30","22,00","20,30","1,50M","-1,83%"
"22.10.2019","21,80","20,80","21,85","20,80","894,88K","4,81%"
"21.10.2019","20,80","20,35","20,90","20,35","289,65K","0,00%"
"18.10.2019","20,80","21,90","21,90","20,60","445,98K","-0,95%"
"17.10.2019","21,00","20,00","21,20","20,00","643,48K","4,22%"
"16.10.2019","20,15","20,40","20,50","19,80","356,74K","-2,18%"
"15.10.2019","20,60","21,15","21,15","20,45","227,48K","-2,14%"
"11.10.2019","21,05","21,55","21,85","21,00","576,77K","-1,17%"
"10.10.2019","21,30","21,10","21,40","20,90","333,51K","3,40%"
"09.10.2019","20,60","20,50","21,35","19,75","337,06K","0,98%"
"08.10.2019","20,40","20,90","20,90","19,85","259,49K","-0,49%"
"07.10.2019","20,50","21,50","21,90","20,15","622,63K","-2,38%"
"04.10.2019","21,00","19,70","21,20","18,50","611,89K","7,14%"
"03.10.2019","19,60","19,85","19,85","18,90","397,19K","-0,51%"
"02.10.2019","19,70","19,00","19,80","18,80","478,16K","2,87%"
"01.10.2019","19,15","19,00","19,60","19,00","342,97K","1,06%"
"30.09.2019","18,95","18,50","18,95","17,95","805,80K","2,16%"
"27.09.2019","18,55","18,80","19,45","18,10","589,82K","-0,80%"
"26.09.2019","18,70","19,65","19,65","18,15","990,93K","-2,86%"
"25.09.2019","19,25","19,15","19,45","18,20","1,17M","-0,52%"
"24.09.2019","19,35","20,50","20,50","18,95","554,15K","-6,52%"
"23.09.2019","20,70","21,05","21,50","20,20","798,93K","-6,33%"
"20.09.2019","22,10","23,00","23,50","21,85","227,34K","-3,91%"
"19.09.2019","23,00","21,50","23,00","21,50","453,67K","5,50%"
"18.09.2019","21,80","22,10","22,20","21,05","112,61K","1,87%"
"17.09.2019","21,40","22,40","22,40","21,20","215,98K","-2,28%"
"16.09.2019","21,90","22,20","23,00","20,30","442,96K","-0,45%"
"13.09.2019","22,00","22,00","22,00","21,20","346,15K","5,01%"
"12.09.2019","20,95","21,00","21,80","20,60","476,43K","1,70%"
"11.09.2019","20,60","20,25","20,70","20,20","284,88K","1,48%"
"10.09.2019","20,30","19,35","20,30","19,10","405,99K","4,91%"
"09.09.2019","19,35","20,00","20,30","18,80","524,17K","1,57%"
"06.09.2019","19,05","19,00","19,65","18,80","974,61K","2,14%"
"05.09.2019","18,65","17,65","18,95","17,65","695,11K","11,01%"
"04.09.2019","16,80","16,50","17,90","16,05","696,44K","5,00%"
"03.09.2019","16,00","18,00","18,00","15,35","892,86K","-8,83%"
"02.09.2019","17,55","16,50","17,90","16,50","279,72K","3,85%"
"30.08.2019","16,90","17,20","18,25","16,80","1,08M","-3,43%"
"29.08.2019","17,50","18,60","19,00","17,05","471,21K","-7,89%"
"28.08.2019","19,00","17,65","19,00","17,65","738,80K","5,26%"
"27.08.2019","18,05","19,00","19,20","17,60","881,84K","-7,91%"
"26.08.2019","19,60","20,50","20,65","19,45","139,24K","-4,39%"
"23.08.2019","20,50","22,00","22,00","20,30","349,78K","-5,09%"
"22.08.2019","21,60","21,40","22,25","21,25","299,63K","1,89%"
"21.08.2019","21,20","20,00","21,40","20,00","889,06K","1,92%"
"20.08.2019","20,80","22,20","22,20","19,50","937,20K","-7,96%"
"16.08.2019","22,60","24,00","24,75","22,00","1,03M","-2,80%"
"15.08.2019","23,25","22,65","24,00","21,70","1,28M","9,15%"
"14.08.2019","21,30","22,20","22,35","19,50","1,95M","-3,18%"
"13.08.2019","22,00","23,00","23,05","20,15","3,52M","2,33%"
"12.08.2019","21,50","31,00","31,00","20,00","2,87M","-46,78%"
"09.08.2019","40,40","37,50","40,80","37,30","2,19M","6,88%"
"08.08.2019","37,80","37,00","38,20","37,00","839,67K","1,48%"
"07.08.2019","37,25","37,85","37,90","36,70","486,01K","-1,72%"
"06.08.2019","37,90","39,40","39,40","37,70","295,06K","-1,94%"
"05.08.2019","38,65","39,55","39,55","37,70","536,95K","-3,01%"
"02.08.2019","39,85","38,95","39,85","38,60","205,93K","0,76%"
"01.08.2019","39,55","40,00","40,95","39,55","398,43K","-2,35%"
"31.07.2019","40,50","39,90","40,65","39,20","500,31K","1,50%"
"30.07.2019","39,90","40,10","40,30","39,00","841,44K","-0,50%"
"29.07.2019","40,10","39,50","41,20","39,25","598,57K","1,26%"
"26.07.2019","39,60","37,75","39,85","37,75","990,99K","5,46%"
"25.07.2019","37,55","38,45","38,45","36,85","1,35M","-2,21%"
"24.07.2019","38,40","38,25","38,80","38,20","580,17K","0,26%"
"23.07.2019","38,30","38,50","38,50","37,85","928,66K","0,79%"
"22.07.2019","38,00","39,30","39,30","37,75","880,33K","-1,94%"
"19.07.2019","38,75","39,35","39,35","38,20","393,11K","-1,40%"
"18.07.2019","39,30","39,70","39,95","37,95","589,15K","-1,13%"
"17.07.2019","39,75","39,45","40,00","39,40","771,61K","1,53%"
"16.07.2019","39,15","39,50","39,70","37,85","900,89K","0,51%"
"15.07.2019","38,95","40,70","40,70","38,85","1,08M","-4,53%"
"12.07.2019","40,80","41,00","41,50","40,65","648,52K","-0,24%"
"11.07.2019","40,90","41,20","41,50","40,30","864,32K","0,37%"
"10.07.2019","40,75","39,55","41,00","39,00","1,24M","3,95%"
"05.07.2019","39,20","38,00","39,30","37,80","1,54M","5,66%"
"04.07.2019","37,10","37,20","37,65","36,70","300,99K","0,00%"
"03.07.2019","37,10","38,25","38,85","37,10","795,20K","-2,88%"
"02.07.2019","38,20","38,90","38,90","37,50","812,74K","-1,16%"
"01.07.2019","38,65","39,50","40,00","38,50","408,82K","-1,90%"
"28.06.2019","39,40","39,00","39,40","38,70","1,16M","1,03%"
"27.06.2019","39,00","37,35","39,15","37,30","1,31M","4,14%"
"26.06.2019","37,45","36,80","37,75","36,65","1,07M","2,32%"
"25.06.2019","36,60","36,30","36,90","36,10","505,09K","0,00%"
"24.06.2019","36,60","37,00","37,00","35,70","645,83K","-0,54%"
"21.06.2019","36,80","36,60","37,00","36,30","389,82K","0,82%"
"19.06.2019","36,50","37,65","38,45","36,40","421,65K","-3,05%"
"18.06.2019","37,65","38,60","39,50","37,55","546,51K","-3,46%"
"14.06.2019","39,00","38,45","40,00","38,40","735,95K","1,43%"
"13.06.2019","38,45","38,90","39,30","37,40","428,91K","-2,41%"
"12.06.2019","39,40","39,30","40,30","39,00","1,54M","5,07%"
"11.06.2019","37,50","36,15","37,50","35,35","1,13M","5,19%"
"10.06.2019","35,65","36,00","36,25","35,25","289,55K","-0,42%"
"07.06.2019","35,80","37,00","37,50","35,65","324,22K","-3,24%"
"06.06.2019","37,00","35,90","37,00","35,85","432,04K","3,06%"
"05.06.2019","35,90","35,80","36,30","35,50","597,63K","0,42%"
"04.06.2019","35,75","35,50","35,75","34,40","326,24K","3,92%"
"03.06.2019","34,40","35,20","36,00","34,30","344,07K","-4,04%"
"31.05.2019","35,85","35,65","36,05","34,80","406,79K","0,70%"
"30.05.2019","35,60","35,65","35,95","35,05","388,09K","3,34%"
"29.05.2019","34,45","34,50","35,35","34,10","395,33K","0,44%"
"28.05.2019","34,30","36,25","36,70","34,30","960,17K","-4,46%"
"27.05.2019","35,90","35,70","36,40","35,15","156,98K","1,56%"
"24.05.2019","35,35","34,25","36,30","34,20","927,46K","3,36%"
"23.05.2019","34,20","34,50","34,80","33,70","494,00K","0,00%"
"22.05.2019","34,20","35,70","36,05","34,15","1,28M","-3,25%"
"21.05.2019","35,35","34,00","35,35","34,00","1,71M","6,16%"
"20.05.2019","33,30","34,00","34,70","33,10","883,86K","-1,91%"
"17.05.2019","33,95","34,50","35,80","33,95","640,90K","-1,74%"
"16.05.2019","34,55","35,50","35,90","34,55","514,40K","-2,54%"
"15.05.2019","35,45","36,20","36,40","35,00","508,65K","-1,25%"
"14.05.2019","35,90","37,40","37,50","35,40","1,12M","-6,39%"
"13.05.2019","38,35","39,50","39,50","37,65","243,59K","-3,28%"
"10.05.2019","39,65","41,90","42,30","39,25","411,09K","-5,60%"
"09.05.2019","42,00","39,75","42,00","39,50","889,49K","4,74%"
"08.05.2019","40,10","39,15","40,45","39,15","620,44K","2,43%"
"07.05.2019","39,15","39,00","39,40","38,00","597,93K","1,69%"
"06.05.2019","38,50","38,55","39,60","38,40","870,89K","-2,04%"
"03.05.2019","39,30","37,90","39,30","37,90","916,95K","4,80%"
"02.05.2019","37,50","36,50","38,00","35,65","985,06K","5,34%"
"30.04.2019","35,60","34,00","35,90","33,15","934,38K","6,43%"
"29.04.2019","33,45","34,85","34,90","33,30","453,37K","-4,02%"
"26.04.2019","34,85","34,50","35,50","33,05","671,28K","3,57%"
"25.04.2019","33,65","33,80","34,75","32,40","1,50M","-2,75%"
"24.04.2019","34,60","35,45","35,45","34,00","1,04M","-1,98%"
"23.04.2019","35,30","35,50","35,90","35,00","427,90K","-0,56%"
"22.04.2019","35,50","36,00","36,90","34,60","583,40K","-5,33%"
"17.04.2019","37,50","37,00","37,50","36,00","784,84K","1,35%"
"16.04.2019","37,00","35,90","37,30","35,55","766,72K","4,23%"
"15.04.2019","35,50","34,50","36,00","34,20","504,89K","2,01%"
"12.04.2019","34,80","34,85","35,40","34,10","472,67K","-0,14%"
"11.04.2019","34,85","36,50","36,50","34,40","1,58M","-1,97%"
"10.04.2019","35,55","35,05","36,45","35,00","334,50K","-1,25%"
"09.04.2019","36,00","38,80","38,80","35,60","822,01K","-5,76%"
"08.04.2019","38,20","38,50","39,90","37,85","818,92K","-0,78%"
"05.04.2019","38,50","37,60","38,50","37,55","838,92K","2,53%"
"04.04.2019","37,55","37,00","38,15","37,00","594,18K","0,40%"
"03.04.2019","37,40","38,25","39,20","36,90","1,94M","-4,83%"
"01.04.2019","39,30","39,85","40,00","39,00","362,46K","-1,38%"
"29.03.2019","39,85","39,50","39,90","38,85","884,07K","2,05%"
"28.03.2019","39,05","38,50","39,45","38,20","782,53K","1,43%"
"27.03.2019","38,50","38,95","39,70","37,55","963,31K","-3,75%"
"26.03.2019","40,00","40,00","40,70","38,55","1,58M","0,50%"
"25.03.2019","39,80","38,45","39,85","38,15","939,76K","3,51%"
"22.03.2019","38,45","39,90","40,00","38,45","1,10M","-1,91%"
"21.03.2019","39,20","40,70","41,00","39,20","758,39K","-3,33%"
"20.03.2019","40,55","41,00","42,25","40,40","1,09M","-1,10%"
"19.03.2019","41,00","42,65","43,30","40,70","1,09M","-3,76%"
"18.03.2019","42,60","40,45","42,70","40,45","1,55M","5,32%"
"15.03.2019","40,45","39,30","40,45","39,00","524,09K","3,45%"
"14.03.2019","39,10","39,30","39,80","39,10","537,32K","-0,51%"
"13.03.2019","39,30","40,00","40,35","39,30","548,07K","-1,75%"
"12.03.2019","40,00","39,20","40,50","38,65","767,21K","2,70%"
"11.03.2019","38,95","40,00","40,20","38,80","462,31K","-2,62%"
"08.03.2019","40,00","40,00","40,20","38,80","1,15M","0,00%"
"07.03.2019","40,00","38,90","40,75","38,00","808,05K","2,56%"
"06.03.2019","39,00","39,30","39,40","37,30","1,36M","-0,51%"
"01.03.2019","39,20","39,90","41,00","38,50","547,47K","-1,63%"
"28.02.2019","39,85","39,95","39,95","38,00","1,24M","0,00%"
"27.02.2019","39,85","41,00","41,00","39,00","387,40K","-2,09%"
"26.02.2019","40,70","41,00","41,45","40,20","404,40K","-1,69%"
"25.02.2019","41,40","41,60","42,50","40,75","598,51K","-0,24%"
"22.02.2019","41,50","40,10","41,80","40,10","646,33K","3,49%"
"21.02.2019","40,10","40,00","41,00","39,80","517,90K","0,25%"
"20.02.2019","40,00","40,50","42,20","39,80","833,48K","-1,23%"
"19.02.2019","40,50","40,90","41,70","40,00","766,35K","-1,22%"
"18.02.2019","41,00","41,10","41,60","40,65","178,76K","-1,32%"
"15.02.2019","41,55","42,90","42,90","41,40","378,18K","-1,77%"
"14.02.2019","42,30","42,55","42,55","41,10","464,90K","0,36%"
"13.02.2019","42,15","42,90","43,00","42,00","659,39K","-1,40%"
"12.02.2019","42,75","42,00","42,75","42,00","554,49K","1,79%"
"11.02.2019","42,00","40,55","42,30","40,55","674,95K","3,96%"
"08.02.2019","40,40","40,25","40,90","39,65","719,74K","-0,12%"
"07.02.2019","40,45","41,95","41,95","39,80","1,16M","-4,26%"
"06.02.2019","42,25","41,90","42,35","41,50","1,30M","1,08%"
"05.02.2019","41,80","42,00","42,50","41,20","1,21M","0,12%"
"04.02.2019","41,75","39,80","41,90","39,80","1,02M","5,16%"
"01.02.2019","39,70","38,30","39,80","38,30","1,19M","3,12%"
"31.01.2019","38,50","38,10","39,85","38,10","841,72K","0,79%"
"30.01.2019","38,20","38,00","38,40","37,55","639,02K","0,26%"
"29.01.2019","38,10","37,30","38,10","37,30","931,60K","3,53%"
"28.01.2019","36,80","37,50","38,00","36,30","466,97K","-1,87%"
"25.01.2019","37,50","37,90","38,50","37,00","292,94K","-0,66%"
"24.01.2019","37,75","37,05","38,00","37,05","630,48K","2,03%"
"23.01.2019","37,00","36,40","37,25","36,40","628,86K","1,65%"
"22.01.2019","36,40","38,35","38,35","36,00","456,49K","-4,46%"
"21.01.2019","38,10","38,80","39,00","37,60","118,39K","-1,04%"
"18.01.2019","38,50","38,00","39,20","38,00","300,55K","0,65%"
"17.01.2019","38,25","38,00","38,50","37,80","250,38K","0,39%"
"16.01.2019","38,10","38,00","38,70","37,65","377,06K","1,33%"
"15.01.2019","37,60","38,35","38,35","37,00","520,24K","0,00%"
"14.01.2019","37,60","37,10","37,75","36,50","277,76K","1,08%"
"11.01.2019","37,20","37,40","37,90","36,65","622,36K","-1,59%"
"10.01.2019","37,80","36,40","38,00","35,60","659,06K","3,85%"
"09.01.2019","36,40","34,45","37,00","34,45","1,08M","7,06%"
"08.01.2019","34,00","35,10","35,65","33,95","1,15M","-2,16%"
"07.01.2019","34,75","34,90","35,55","34,40","570,24K","-0,43%"
"04.01.2019","34,90","34,00","35,45","34,00","836,69K","2,65%"
"03.01.2019","34,00","34,50","35,00","33,55","304,20K","-1,02%"
"02.01.2019","34,35","33,70","35,50","32,70","416,85K","1,93%"