"Fecha","Último","Apertura","Máximo","Mínimo","Vol.","% var."
"30.06.2025","118,500","124,250","126,500","117,750","7,74M","-4,63%"
"27.06.2025","124,250","122,750","125,500","122,000","1,82M","0,20%"
"26.06.2025","124,000","123,750","126,750","122,500","3,08M","0,20%"
"25.06.2025","123,750","126,000","127,500","122,250","3,52M","-2,56%"
"24.06.2025","127,000","123,250","129,500","123,250","4,86M","4,10%"
"23.06.2025","122,000","130,000","130,000","121,000","5,82M","-6,15%"
"19.06.2025","130,000","130,000","132,250","128,000","2,73M","0,00%"
"18.06.2025","130,000","132,000","134,000","128,250","3,08M","-1,89%"
"17.06.2025","132,500","138,000","138,250","131,750","5,61M","-4,16%"
"13.06.2025","138,250","146,000","148,500","137,750","3,32M","-5,15%"
"12.06.2025","145,750","146,500","150,000","142,500","2,77M","1,22%"
"11.06.2025","144,000","148,500","150,000","143,000","2,34M","-1,54%"
"10.06.2025","146,250","143,500","149,750","139,750","3,29M","1,92%"
"09.06.2025","143,500","148,750","148,750","143,000","1,71M","-3,20%"
"06.06.2025","148,250","145,250","151,000","143,000","3,50M","2,07%"
"05.06.2025","145,250","150,000","151,750","144,000","2,79M","-3,01%"
"04.06.2025","149,750","147,750","153,000","144,000","6,05M","1,35%"
"03.06.2025","147,750","143,000","151,500","136,000","6,20M","3,14%"
"02.06.2025","143,250","155,000","156,500","142,750","7,39M","-7,58%"
"30.05.2025","155,000","159,000","159,000","153,750","3,81M","-2,67%"
"29.05.2025","159,250","166,750","167,500","158,000","6,08M","-4,50%"
"28.05.2025","166,750","168,500","169,750","165,250","6,05M","-2,49%"
"27.05.2025","171,000","167,000","172,000","163,500","4,15M","2,09%"
"26.05.2025","167,500","169,000","169,000","164,750","2,41M","1,52%"
"23.05.2025","165,000","164,000","170,000","162,000","3,28M","0,76%"
"22.05.2025","163,750","163,000","166,250","161,500","4,22M","0,61%"
"21.05.2025","162,750","174,500","177,000","161,250","5,19M","-5,79%"
"20.05.2025","172,750","173,250","175,500","169,250","4,29M","0,00%"
"19.05.2025","172,750","172,000","178,500","168,000","4,85M","1,62%"
"16.05.2025","170,000","175,000","179,750","169,000","4,90M","-2,44%"
"15.05.2025","174,250","173,500","182,750","168,500","8,84M","0,29%"
"14.05.2025","173,750","166,000","179,000","161,000","19,02M","8,93%"
"13.05.2025","159,500","143,250","160,000","142,000","11,36M","11,34%"
"12.05.2025","143,250","138,500","145,000","137,000","4,20M","6,08%"
"09.05.2025","135,045","133,552","138,278","132,558","3,41M","1,12%"
"08.05.2025","133,552","136,288","137,532","131,065","5,39M","-1,83%"
"07.05.2025","136,039","143,252","144,247","134,547","3,59M","-4,87%"
"06.05.2025","143,003","135,045","143,749","132,806","4,92M","6,88%"
"05.05.2025","133,801","127,335","135,293","124,848","9,73M","2,87%"
"30.04.2025","130,071","135,045","135,293","129,076","3,34M","-3,86%"
"29.04.2025","135,293","134,796","142,754","133,304","3,98M","-1,45%"
"28.04.2025","137,283","139,273","139,273","134,299","2,45M","-1,25%"
"25.04.2025","139,024","145,490","145,739","137,780","3,43M","-4,44%"
"24.04.2025","145,490","148,723","154,443","145,241","3,32M","-2,17%"
"23.04.2025","148,723","144,744","150,464","142,754","7,79M","4,91%"
"22.04.2025","141,760","133,304","143,003","133,304","3,31M","7,55%"
"21.04.2025","131,812","143,252","143,252","131,314","3,46M","-7,83%"
"16.04.2025","143,003","157,925","160,163","142,008","6,23M","-9,16%"
"15.04.2025","157,428","161,656","166,132","154,195","3,93M","-2,76%"
"14.04.2025","161,904","168,122","168,619","158,174","3,58M","4,33%"
"11.04.2025","155,189","156,682","166,132","153,200","4,80M","1,13%"
"10.04.2025","153,449","149,221","164,143","141,262","3,50M","3,52%"
"09.04.2025","148,226","134,299","150,215","124,351","5,57M","8,36%"
"08.04.2025","136,786","152,205","158,174","134,299","4,02M","-6,46%"
"07.04.2025","146,236","143,749","152,205","143,749","4,88M","-4,23%"
"04.04.2025","152,702","163,397","163,397","151,708","4,85M","-9,97%"
"03.04.2025","169,614","177,075","178,070","169,117","2,39M","-6,19%"
"01.04.2025","180,806","181,054","190,008","178,070","1,08M","1,11%"
"31.03.2025","178,816","182,049","183,790","172,847","2,77M","-2,44%"
"28.03.2025","183,293","187,769","187,769","181,303","1,50M","-2,51%"
"27.03.2025","188,018","189,261","194,982","185,034","3,16M","-0,26%"
"26.03.2025","188,515","193,738","195,479","184,039","3,19M","-2,07%"
"25.03.2025","192,495","183,044","195,976","183,044","5,48M","4,88%"
"21.03.2025","183,541","174,091","185,034","171,604","4,16M","6,03%"
"20.03.2025","173,096","170,111","176,080","166,630","4,94M","1,90%"
"19.03.2025","169,863","164,143","171,604","163,148","2,38M","4,59%"
"18.03.2025","162,402","167,127","167,127","161,407","2,85M","-3,55%"
"17.03.2025","168,371","162,402","170,858","159,666","2,84M","3,68%"
"14.03.2025","162,402","156,184","162,899","156,184","4,02M","5,15%"
"13.03.2025","154,443","158,920","160,661","152,951","5,58M","-3,27%"
"12.03.2025","159,666","158,174","162,650","154,941","5,45M","2,23%"
"11.03.2025","156,184","164,143","165,137","151,210","10,64M","-3,53%"
"10.03.2025","161,904","170,111","172,101","160,412","3,34M","-5,92%"
"07.03.2025","172,101","172,350","176,578","169,365","3,90M","-0,14%"
"06.03.2025","172,350","172,847","177,573","171,106","2,74M","0,14%"
"05.03.2025","172,101","168,868","174,588","164,143","5,12M","1,91%"
"28.02.2025","168,868","172,847","176,578","164,143","4,92M","-0,59%"
"27.02.2025","169,863","181,054","183,044","166,381","7,61M","-6,05%"
"26.02.2025","180,806","189,013","189,013","179,065","3,30M","-3,20%"
"25.02.2025","186,774","194,484","195,728","184,039","5,68M","-4,21%"
"24.02.2025","194,982","201,199","201,199","192,992","2,12M","-1,26%"
"21.02.2025","197,469","202,443","205,924","196,971","4,63M","-2,22%"
"20.02.2025","201,945","201,448","203,935","196,971","3,20M","0,37%"
"19.02.2025","201,199","204,930","204,930","199,956","4,09M","-0,25%"
"18.02.2025","201,697","199,956","208,909","199,210","6,72M","0,75%"
"17.02.2025","200,204","208,660","208,660","198,961","5,06M","-6,94%"
"14.02.2025","215,126","217,862","218,608","208,909","2,58M","1,05%"
"13.02.2025","212,888","198,961","213,385","198,961","3,29M","7,00%"
"12.02.2025","198,961","198,961","201,945","185,034","5,74M","0,50%"
"11.02.2025","197,966","209,158","211,396","197,469","6,41M","-5,80%"
"10.02.2025","210,152","216,867","217,365","209,158","3,78M","-3,21%"
"07.02.2025","217,116","222,836","224,826","213,883","2,82M","-2,24%"
"06.02.2025","222,090","225,821","227,313","221,344","2,41M","-0,89%"
"05.02.2025","224,080","227,313","228,308","222,836","1,64M","-0,99%"
"04.02.2025","226,318","225,821","230,546","224,080","2,27M","0,66%"
"03.02.2025","224,826","231,789","231,789","223,085","2,41M","-3,62%"
"31.01.2025","233,282","237,758","240,494","232,784","1,32M","-1,88%"
"30.01.2025","237,758","236,763","241,489","233,779","2,12M","0,53%"
"29.01.2025","236,515","229,054","238,753","229,054","1,48M","2,04%"
"28.01.2025","231,789","225,821","232,287","224,826","2,48M","2,53%"
"27.01.2025","226,069","232,784","236,763","222,836","2,33M","-2,26%"
"24.01.2025","231,292","239,748","245,717","229,551","3,18M","-3,43%"
"23.01.2025","239,499","243,727","249,696","237,509","1,60M","-2,63%"
"22.01.2025","245,965","250,193","258,649","243,727","3,31M","-1,69%"
"21.01.2025","250,193","238,504","251,685","238,256","2,97M","5,23%"
"20.01.2025","237,758","225,821","241,737","225,821","3,26M","5,75%"
"17.01.2025","224,826","232,784","236,763","221,841","4,36M","-3,00%"
"16.01.2025","231,789","239,748","246,463","231,043","3,39M","-4,80%"
"15.01.2025","243,478","251,685","255,167","239,250","3,74M","-3,26%"
"14.01.2025","251,685","251,188","258,649","247,706","2,98M","2,22%"
"13.01.2025","246,214","275,063","275,063","240,245","4,51M","-9,34%"
"10.01.2025","271,581","282,027","284,514","270,587","2,01M","-2,85%"
"09.01.2025","279,540","276,556","282,524","272,576","2,02M","1,26%"
"08.01.2025","276,058","282,524","283,022","270,587","3,82M","-1,60%"
"07.01.2025","280,535","272,576","283,519","270,089","6,49M","3,11%"
"06.01.2025","272,079","271,581","277,550","270,587","4,10M","0,37%"
"03.01.2025","271,084","259,146","272,079","258,649","7,76M","4,61%"
"02.01.2025","259,146","248,204","259,644","245,717","4,66M","4,28%"
"31.12.2024","248,500","256,000","264,000","246,750","2,57M","0,52%"
"30.12.2024","247,209","254,670","262,628","245,468","2,57M","-3,50%"
"27.12.2024","256,162","261,633","263,623","252,680","3,37M","-2,09%"
"26.12.2024","261,633","256,659","262,628","249,198","6,37M","1,94%"
"24.12.2024","256,659","248,452","258,152","244,970","2,88M","4,03%"
"23.12.2024","246,711","245,717","248,452","239,748","3,47M","1,12%"
"20.12.2024","243,976","247,955","248,204","237,758","3,75M","-1,01%"
"19.12.2024","246,463","248,701","254,172","238,753","4,66M","-0,90%"
"18.12.2024","248,701","254,670","258,649","248,701","4,47M","-1,77%"
"17.12.2024","253,178","250,193","254,172","248,701","5,43M","1,19%"
"16.12.2024","250,193","244,722","251,685","244,722","6,10M","2,44%"
"13.12.2024","244,224","237,758","245,717","234,774","8,62M","4,03%"
"12.12.2024","234,774","225,323","235,520","221,841","6,99M","4,42%"
"11.12.2024","224,826","227,313","228,556","211,893","7,11M","-1,42%"
"10.12.2024","228,059","230,795","230,795","224,826","2,65M","-0,11%"
"09.12.2024","228,308","228,556","230,297","222,339","4,81M","1,44%"
"06.12.2024","225,074","229,800","230,546","222,339","3,64M","-0,88%"
"05.12.2024","227,064","222,836","228,805","220,349","5,21M","2,13%"
"04.12.2024","222,339","233,779","233,779","220,349","9,19M","-4,28%"
"03.12.2024","232,287","237,758","238,753","220,349","8,48M","-1,68%"
"02.12.2024","236,266","241,737","245,468","232,287","8,37M","-2,46%"
"29.11.2024","242,235","244,722","248,204","238,753","5,47M","-1,02%"
"28.11.2024","244,722","248,701","250,691","238,753","5,71M","-1,50%"
"27.11.2024","248,452","263,623","266,607","246,463","7,35M","-6,46%"
"26.11.2024","265,613","265,613","271,581","260,639","4,95M","0,00%"
"25.11.2024","265,613","262,628","268,100","255,167","3,77M","1,14%"
"22.11.2024","262,628","243,727","263,126","241,240","6,06M","7,21%"
"21.11.2024","244,970","247,209","251,188","243,727","3,35M","-1,01%"
"20.11.2024","247,457","251,685","252,680","244,722","3,27M","-0,90%"
"19.11.2024","249,696","256,659","262,628","247,706","3,22M","-1,18%"
"15.11.2024","252,680","250,691","253,178","248,701","4,27M","1,91%"
"14.11.2024","247,955","244,722","250,691","241,737","3,92M","1,32%"
"13.11.2024","244,722","248,701","252,680","240,991","4,33M","-1,80%"
"12.11.2024","249,198","259,644","260,639","239,748","7,27M","-4,02%"
"11.11.2024","259,644","263,623","263,623","255,665","1,93M","-1,32%"
"08.11.2024","263,126","270,587","274,566","251,685","3,70M","-2,40%"
"07.11.2024","269,592","262,628","271,581","260,639","4,98M","3,83%"
"06.11.2024","259,644","253,675","261,633","251,685","5,90M","3,98%"
"05.11.2024","249,696","250,691","255,665","246,960","2,76M","-0,40%"
"04.11.2024","250,691","246,711","251,188","243,727","2,38M","1,92%"
"01.11.2024","245,965","243,230","247,457","240,245","2,61M","2,70%"
"31.10.2024","239,499","243,727","243,727","238,007","1,45M","-0,52%"
"30.10.2024","240,743","239,748","243,230","237,012","1,21M","0,62%"
"29.10.2024","239,250","240,743","243,478","238,256","2,28M","-0,31%"
"28.10.2024","239,996","251,685","254,670","239,002","3,73M","-4,08%"
"25.10.2024","250,193","238,504","251,685","235,769","4,72M","5,67%"
"24.10.2024","236,763","234,774","239,748","230,795","4,80M","0,85%"
"23.10.2024","234,774","233,779","237,261","220,100","3,79M","-1,46%"
"22.10.2024","238,256","243,727","246,711","234,028","4,27M","-3,13%"
"21.10.2024","245,965","244,722","249,696","240,743","2,89M","0,82%"
"18.10.2024","243,976","248,701","250,691","239,250","2,78M","-1,31%"
"17.10.2024","247,209","246,711","252,680","240,743","3,08M","1,12%"
"16.10.2024","244,473","250,691","252,183","243,727","3,22M","-2,48%"
"15.10.2024","250,691","253,675","256,659","249,696","3,13M","-2,14%"
"14.10.2024","256,162","256,162","258,649","251,685","2,15M","0,98%"
"10.10.2024","253,675","254,172","259,644","250,193","2,54M","-0,39%"
"09.10.2024","254,670","258,649","266,110","252,680","3,80M","-1,92%"
"08.10.2024","259,644","262,628","265,115","256,162","1,50M","-0,95%"
"07.10.2024","262,131","265,613","271,084","257,654","1,96M","-2,04%"
"04.10.2024","267,602","266,607","268,597","259,644","2,25M","0,37%"
"03.10.2024","266,607","267,602","267,602","259,146","1,75M","1,90%"
"02.10.2024","261,633","260,639","262,628","246,463","1,75M","1,35%"
"01.10.2024","258,152","252,680","259,644","244,224","6,19M","2,37%"
"30.09.2024","252,183","263,126","267,602","251,188","4,21M","-3,98%"
"27.09.2024","262,628","251,685","263,126","245,717","4,21M","5,18%"
"26.09.2024","249,696","259,644","260,639","246,711","5,94M","-3,65%"
"25.09.2024","259,146","264,618","267,105","256,659","5,48M","-2,98%"
"24.09.2024","267,105","276,556","276,556","255,665","3,87M","-3,42%"
"23.09.2024","276,556","280,535","282,524","274,069","1,55M","-1,24%"
"20.09.2024","280,037","281,032","281,530","277,550","1,50M","0,18%"
"19.09.2024","279,540","278,545","284,514","277,550","2,52M","0,36%"
"18.09.2024","278,545","279,540","282,524","274,069","4,21M","-0,36%"
"17.09.2024","279,540","281,032","281,530","272,576","2,06M","0,18%"
"16.09.2024","279,043","281,032","283,519","276,556","2,96M","0,00%"
"13.09.2024","279,043","280,535","282,524","275,561","2,31M","0,36%"
"12.09.2024","278,048","280,037","283,519","272,576","3,36M","-0,53%"
"11.09.2024","279,540","278,545","285,509","278,545","3,45M","0,00%"
"10.09.2024","279,540","288,493","288,493","276,556","2,78M","-2,26%"
"09.09.2024","286,006","280,535","289,985","280,535","2,96M","1,95%"
"06.09.2024","280,535","288,493","291,478","276,556","3,08M","-2,08%"
"05.09.2024","286,504","281,530","290,980","276,556","3,91M","0,88%"
"04.09.2024","284,017","285,011","296,452","279,540","6,53M","-0,35%"
"03.09.2024","285,011","290,980","299,933","275,561","6,08M","-2,05%"
"02.09.2024","290,980","278,545","293,467","277,053","4,81M","4,09%"
"30.08.2024","279,540","282,524","286,006","268,597","3,91M","1,08%"
"29.08.2024","276,556","265,613","277,550","265,613","7,17M","4,51%"
"28.08.2024","264,618","263,623","270,089","261,633","4,89M","1,14%"
"27.08.2024","261,633","254,172","262,131","247,706","3,52M","2,94%"
"26.08.2024","254,172","252,680","256,162","251,188","2,73M","1,19%"
"23.08.2024","251,188","245,717","251,685","245,717","2,94M","2,12%"
"22.08.2024","245,965","244,722","248,452","237,758","4,11M","1,54%"
"21.08.2024","242,235","244,722","245,717","239,002","2,75M","-0,71%"
"20.08.2024","243,976","238,753","244,473","235,022","3,45M","2,19%"
"19.08.2024","238,753","239,002","241,737","235,769","3,36M","0,21%"
"16.08.2024","238,256","230,795","238,753","230,297","3,53M","3,57%"
"15.08.2024","230,048","219,852","234,028","219,852","3,78M","1,98%"
"14.08.2024","225,572","230,795","235,271","223,831","3,72M","-1,73%"
"13.08.2024","229,551","236,515","240,743","224,826","3,51M","-2,94%"
"12.08.2024","236,515","229,800","239,250","229,800","4,65M","4,28%"
"09.08.2024","226,815","218,857","229,302","213,883","4,48M","4,11%"
"08.08.2024","217,862","211,893","218,359","211,893","2,86M","4,29%"
"07.08.2024","208,909","213,883","216,867","203,935","3,06M","-0,94%"
"06.08.2024","210,898","203,935","212,142","203,935","3,31M","6,27%"
"05.08.2024","198,463","199,210","208,411","179,065","6,42M","-5,56%"
"02.08.2024","210,152","223,831","223,831","208,909","2,71M","-6,32%"
"01.08.2024","224,328","226,069","231,789","215,872","3,44M","-0,44%"
"31.07.2024","225,323","213,883","225,821","211,396","4,17M","7,86%"
"30.07.2024","208,909","226,815","228,805","207,417","8,07M","-9,48%"
"29.07.2024","230,795","244,970","250,193","229,054","3,69M","-5,79%"
"26.07.2024","244,970","238,753","245,717","238,753","2,49M","3,03%"
"25.07.2024","237,758","235,769","242,732","219,852","3,64M","1,81%"
"24.07.2024","233,530","249,696","253,178","231,043","4,19M","-6,47%"
"23.07.2024","249,696","246,711","258,649","242,732","5,22M","2,76%"
"22.07.2024","242,981","235,769","243,727","231,789","4,73M","3,61%"
"19.07.2024","234,525","231,789","235,520","229,800","3,91M","2,61%"
"18.07.2024","228,556","228,059","230,795","220,846","3,11M","1,77%"
"17.07.2024","224,577","223,582","227,810","215,872","3,32M","1,57%"
"16.07.2024","221,095","205,924","222,836","189,013","4,94M","7,50%"
"15.07.2024","205,676","228,059","228,059","201,199","4,29M","-9,81%"
"12.07.2024","228,059","219,852","229,302","218,111","3,44M","3,73%"
"11.07.2024","219,852","222,836","222,836","213,883","3,73M","-1,67%"
"10.07.2024","223,582","223,831","227,810","213,883","3,38M","1,19%"
"08.07.2024","220,946","221,841","231,789","217,862","4,51M","0,45%"
"05.07.2024","219,951","209,904","223,831","208,909","5,04M","5,44%"
"04.07.2024","208,610","200,950","211,495","198,961","3,70M","4,56%"
"03.07.2024","199,508","196,971","200,453","191,997","3,87M","2,45%"
"02.07.2024","194,733","193,987","195,678","185,034","3,61M","0,77%"
"01.07.2024","193,241","191,997","195,976","187,023","4,08M","1,81%"
"28.06.2024","189,809","192,992","194,484","186,028","2,93M","-0,65%"
"27.06.2024","191,052","195,976","203,935","180,060","6,13M","-2,19%"
"26.06.2024","195,330","187,123","196,971","181,552","4,59M","4,25%"
"25.06.2024","187,371","177,821","192,097","177,821","6,70M","5,52%"
"24.06.2024","177,573","167,873","178,816","166,132","4,25M","5,84%"
"19.06.2024","167,774","164,143","169,117","156,682","2,93M","2,84%"
"18.06.2024","163,148","164,143","167,028","159,268","1,89M","-0,97%"
"14.06.2024","164,740","167,823","169,117","159,417","2,54M","-1,25%"
"13.06.2024","166,829","168,619","173,096","162,501","5,12M","2,07%"
"12.06.2024","163,446","159,169","163,993","157,179","4,69M","3,11%"
"11.06.2024","158,522","156,134","159,169","154,891","3,99M","2,57%"
"10.06.2024","154,543","149,718","155,189","149,221","1,98M","3,46%"
"07.06.2024","149,370","144,694","150,215","143,252","3,04M","3,62%"
"06.06.2024","144,147","150,713","151,111","141,760","4,06M","-4,36%"
"05.06.2024","150,713","149,221","153,598","147,231","4,37M","-1,97%"
"04.06.2024","153,747","160,760","163,148","153,200","2,70M","-4,36%"
"03.06.2024","160,760","161,954","161,954","156,881","2,33M","-0,34%"
"31.05.2024","161,307","164,292","166,580","157,179","6,48M","-2,17%"
"30.05.2024","164,889","162,103","168,122","161,208","5,30M","2,13%"
"29.05.2024","161,457","163,148","163,148","157,179","2,96M","-0,46%"
"28.05.2024","162,203","160,163","163,148","152,951","6,15M","2,35%"
"27.05.2024","158,472","152,205","169,117","149,022","5,79M","6,88%"
"24.05.2024","148,276","140,267","148,972","139,571","5,45M","6,01%"
"23.05.2024","139,869","138,278","141,163","136,935","2,52M","1,33%"
"22.05.2024","138,029","141,262","141,262","137,780","2,68M","-0,11%"
"21.05.2024","138,178","136,288","139,223","136,288","5,25M","1,98%"
"20.05.2024","135,492","132,309","135,691","130,518","3,12M","1,68%"
"17.05.2024","133,254","134,597","135,194","131,414","1,96M","-0,81%"
"16.05.2024","134,348","134,299","136,288","130,319","2,83M","0,07%"
"15.05.2024","134,249","133,304","137,034","129,325","8,47M","-0,26%"
"14.05.2024","134,597","130,817","138,775","128,330","14,57M","4,40%"
"13.05.2024","128,927","121,366","133,254","112,413","4,00M","8,05%"
"10.05.2024","119,327","120,869","122,361","118,382","2,42M","-0,99%"
"09.05.2024","120,521","118,382","121,068","115,895","5,22M","2,63%"
"08.05.2024","117,437","116,392","117,785","114,104","5,64M","2,83%"
"07.05.2024","114,203","116,392","117,685","112,413","3,89M","-0,78%"
"06.05.2024","115,099","116,293","116,392","108,682","2,93M","0,17%"
"03.05.2024","114,900","112,413","115,546","112,413","3,24M","1,76%"
"02.05.2024","112,910","110,374","114,402","108,235","4,87M","2,85%"
"30.04.2024","109,777","111,915","112,413","109,428","2,62M","-0,23%"
"29.04.2024","110,025","109,180","110,871","106,941","1,91M","1,14%"
"26.04.2024","108,782","108,185","109,926","108,185","1,84M","0,55%"
"25.04.2024","108,185","104,952","109,428","102,465","1,44M","4,57%"
"24.04.2024","103,460","106,444","106,941","102,316","1,70M","-3,17%"
"23.04.2024","106,842","111,418","113,408","104,454","2,20M","-3,37%"
"22.04.2024","110,572","108,434","111,269","106,941","2,70M","4,02%"
"19.04.2024","106,295","102,465","108,235","102,266","2,79M","3,99%"
"18.04.2024","102,216","103,907","105,399","101,719","2,11M","-0,05%"
"17.04.2024","102,266","106,941","107,439","100,475","1,72M","-4,28%"
"16.04.2024","106,842","109,379","109,379","104,504","2,57M","-2,32%"
"15.04.2024","109,379","112,413","115,149","103,957","2,75M","-4,27%"
"12.04.2024","114,253","118,382","118,879","113,408","1,81M","-1,67%"
"11.04.2024","116,193","110,324","116,641","110,025","3,76M","5,08%"
"10.04.2024","110,572","114,402","114,402","108,732","2,20M","-2,93%"
"09.04.2024","113,905","107,439","115,895","106,941","6,00M","6,26%"
"08.04.2024","107,190","105,947","107,439","103,460","2,73M","1,32%"
"05.04.2024","105,797","106,146","108,434","103,460","3,97M","0,05%"
"04.04.2024","105,748","101,918","108,334","101,918","5,35M","4,88%"
"03.04.2024","100,823","104,454","104,952","99,480","4,89M","-4,02%"
"27.03.2024","105,051","107,439","108,334","103,211","862,00K","-0,28%"
"26.03.2024","105,350","104,952","107,439","102,017","1,78M","1,19%"
"25.03.2024","104,106","107,190","107,936","103,460","1,97M","-2,79%"
"22.03.2024","107,091","107,439","109,428","104,454","2,51M","-1,42%"
"21.03.2024","108,633","105,449","108,832","102,465","3,73M","3,56%"
"20.03.2024","104,902","103,460","105,250","101,470","3,71M","2,28%"
"19.03.2024","102,564","100,077","105,698","99,829","3,40M","2,43%"
"18.03.2024","100,127","99,480","103,062","97,491","1,95M","1,72%"
"15.03.2024","98,436","95,501","101,371","93,611","2,98M","2,01%"
"14.03.2024","96,496","100,425","100,475","94,506","2,05M","-3,72%"
"13.03.2024","100,227","99,480","101,768","94,506","2,28M","3,17%"
"12.03.2024","97,143","90,527","97,938","90,328","3,08M","7,37%"
"11.03.2024","90,477","93,611","95,004","89,731","1,76M","-3,30%"
"08.03.2024","93,561","93,512","95,402","91,721","950,88K","-0,37%"
"07.03.2024","93,910","97,690","100,475","88,538","2,01M","-3,87%"
"06.03.2024","97,690","98,486","101,470","95,004","1,35M","-0,20%"
"05.03.2024","97,889","106,444","106,444","96,496","1,95M","-6,29%"
"04.03.2024","104,454","108,434","110,423","101,470","2,33M","-0,85%"
"01.03.2024","105,350","101,967","105,449","100,475","3,80M","4,59%"
"29.02.2024","100,724","98,585","102,365","98,038","3,34M","2,12%"
"28.02.2024","98,635","101,967","103,957","94,506","2,78M","-3,27%"
"27.02.2024","101,967","104,653","108,633","101,470","3,89M","-5,00%"
"26.02.2024","107,339","110,871","111,368","103,460","1,77M","-1,55%"
"23.02.2024","109,031","109,478","110,821","104,753","2,22M","-0,32%"
"22.02.2024","109,379","109,478","113,408","106,444","5,25M","-0,18%"
"21.02.2024","109,578","115,895","117,387","107,688","5,37M","-5,85%"
"20.02.2024","116,392","116,840","117,884","113,109","3,29M","-0,21%"
"19.02.2024","116,641","117,437","119,376","112,413","2,68M","-0,68%"
"16.02.2024","117,437","113,408","119,376","108,036","4,05M","3,60%"
"15.02.2024","113,358","117,337","120,371","109,428","5,64M","-1,17%"
"14.02.2024","114,701","110,921","115,895","108,434","3,88M","3,22%"
"09.02.2024","111,120","109,180","113,408","105,449","4,23M","5,63%"
"08.02.2024","105,201","114,303","114,303","99,480","5,01M","-6,58%"
"07.02.2024","112,612","114,402","115,397","112,413","5,90M","-5,86%"
"06.02.2024","119,625","116,691","121,565","115,696","10,73M","3,98%"
"05.02.2024","115,049","109,428","115,397","106,941","5,43M","5,52%"
"02.02.2024","109,031","105,698","113,408","104,703","7,38M","4,23%"
"01.02.2024","104,604","92,517","104,952","91,522","6,77M","13,25%"
"31.01.2024","92,368","89,731","92,517","89,134","5,14M","2,82%"
"30.01.2024","89,831","89,831","90,328","87,543","3,19M","1,23%"
"29.01.2024","88,737","88,637","90,129","88,040","1,86M","-1,49%"
"26.01.2024","90,080","92,019","92,865","88,538","3,85M","-2,53%"
"25.01.2024","92,417","91,025","94,705","91,025","4,58M","0,65%"
"24.01.2024","91,820","90,129","92,019","90,030","2,42M","2,21%"
"23.01.2024","89,831","88,836","91,323","85,951","2,40M","1,12%"
"22.01.2024","88,836","87,543","90,527","87,344","3,71M","1,65%"
"19.01.2024","87,394","87,543","88,836","86,051","4,47M","0,46%"
"18.01.2024","86,996","90,527","91,522","86,647","6,96M","-3,21%"
"17.01.2024","89,881","88,040","91,224","87,543","3,53M","2,09%"
"16.01.2024","88,040","85,951","88,239","84,359","1,82M","2,49%"
"15.01.2024","85,901","86,946","89,532","85,105","2,02M","-1,20%"
"12.01.2024","86,946","88,637","91,124","85,553","2,36M","-1,96%"
"11.01.2024","88,687","90,030","91,323","88,339","4,33M","0,91%"
"10.01.2024","87,891","80,579","88,040","79,684","5,30M","9,89%"
"09.01.2024","79,982","82,569","84,160","79,684","2,35M","-3,19%"
"08.01.2024","82,618","79,087","84,061","78,192","4,63M","4,73%"
"05.01.2024","78,888","77,893","79,087","76,600","2,74M","1,73%"
"04.01.2024","77,545","75,307","77,794","72,621","3,07M","3,04%"
"03.01.2024","75,257","73,417","75,406","72,123","2,99M","2,37%"
"02.01.2024","73,516","73,019","73,665","71,825","1,27M","0,68%"
"29.12.2023","73,019","72,621","73,417","70,183","2,04M","1,38%"
"28.12.2023","72,024","68,741","72,571","66,652","1,86M","3,35%"
"27.12.2023","69,686","72,621","73,417","68,244","2,54M","-3,91%"
"26.12.2023","72,521","72,322","74,461","70,134","3,08M","0,28%"
"22.12.2023","72,322","68,641","73,118","66,652","5,06M","6,99%"
"21.12.2023","67,597","67,945","69,288","66,403","4,30M","1,49%"
"20.12.2023","66,602","67,647","67,647","66,254","2,36M","-0,22%"
"19.12.2023","66,751","65,657","67,647","65,657","4,47M","0,30%"
"18.12.2023","66,552","65,657","67,647","64,165","3,30M","-0,89%"
"15.12.2023","67,149","70,134","70,134","66,154","5,35M","-3,50%"
"14.12.2023","69,587","70,631","71,128","68,641","5,27M","-0,99%"
"13.12.2023","70,283","72,372","73,615","67,647","4,56M","0,43%"
"12.12.2023","69,984","69,636","71,725","67,249","7,30M","1,37%"
"11.12.2023","69,039","68,144","70,631","65,657","5,27M","1,17%"
"07.12.2023","68,244","63,419","68,641","63,419","4,15M","7,61%"
"06.12.2023","63,419","65,657","66,552","62,971","3,18M","-1,39%"
"05.12.2023","64,314","61,678","65,657","61,379","4,35M","4,02%"
"04.12.2023","61,827","63,966","64,613","60,932","2,84M","-2,89%"
"01.12.2023","63,667","63,319","63,866","61,180","3,42M","3,16%"
"30.11.2023","61,716","61,716","62,304","57,797","3,12M","1,61%"
"29.11.2023","60,736","57,797","61,128","57,406","4,15M","6,16%"
"28.11.2023","57,210","60,148","60,736","55,054","4,67M","-4,96%"
"27.11.2023","60,197","62,695","64,655","59,757","7,67M","-5,90%"
"24.11.2023","63,969","63,675","67,104","62,304","4,12M","-0,31%"
"23.11.2023","64,165","62,206","64,410","60,246","1,76M","4,05%"
"22.11.2023","61,667","58,287","64,165","58,287","6,35M","5,89%"
"21.11.2023","58,238","55,838","58,532","53,928","8,71M","20,47%"
"17.11.2023","48,344","48,001","48,883","47,022","2,04M","1,96%"
"16.11.2023","47,413","50,940","50,940","47,022","1,65M","-5,56%"
"15.11.2023","50,205","51,038","51,920","50,156","766,54K","-1,63%"
"14.11.2023","51,038","51,430","51,773","50,254","902,68K","-0,86%"
"13.11.2023","51,479","51,528","52,312","48,736","2,37M","1,25%"
"10.11.2023","50,842","50,940","52,409","49,960","2,06M","1,27%"
"09.11.2023","50,205","48,883","51,136","46,042","682,26K","3,85%"
"08.11.2023","48,344","49,667","50,842","46,434","851,97K","-3,05%"
"07.11.2023","49,862","50,842","50,842","49,471","708,04K","-1,83%"
"03.11.2023","50,793","52,507","52,507","48,981","1,76M","-1,80%"
"02.11.2023","51,724","48,344","51,724","48,344","1,46M","7,10%"
"01.11.2023","48,295","45,552","48,442","45,552","2,04M","6,25%"
"31.10.2023","45,454","43,789","46,924","43,789","2,46M","-0,22%"
"30.10.2023","45,552","47,609","48,393","44,083","2,07M","-4,12%"
"27.10.2023","47,511","49,960","50,254","47,511","1,59M","-4,90%"
"26.10.2023","49,960","50,548","51,920","49,373","1,96M","-1,16%"
"25.10.2023","50,548","48,491","51,332","46,042","1,98M","4,24%"
"24.10.2023","48,491","51,724","53,389","47,413","4,00M","-6,07%"
"23.10.2023","51,626","51,920","53,683","50,940","3,39M","-6,97%"
"20.10.2023","55,495","54,956","56,279","52,899","7,37M","4,81%"
"19.10.2023","52,948","55,838","55,838","51,136","5,62M","-3,57%"
"18.10.2023","54,907","57,210","57,797","53,389","5,47M","-3,94%"
"17.10.2023","57,161","55,642","58,042","55,593","5,80M","3,46%"
"12.10.2023","55,250","54,859","56,867","53,879","9,29M","0,36%"
"11.10.2023","55,054","53,389","56,132","48,981","4,81M","5,54%"
"10.10.2023","52,165","47,805","52,507","47,805","5,58M","10,25%"
"09.10.2023","47,315","45,160","47,413","45,160","3,59M","5,00%"
"06.10.2023","45,062","43,446","45,552","43,005","4,29M","4,90%"
"05.10.2023","42,956","43,103","43,985","42,172","3,85M","2,10%"
"04.10.2023","42,075","41,144","43,299","39,625","7,29M","3,12%"
"03.10.2023","40,801","41,634","42,075","40,066","3,97M","-3,03%"
"02.10.2023","42,075","41,634","43,005","41,193","2,67M","0,47%"
"29.09.2023","41,879","42,809","43,005","40,605","3,68M","-1,50%"
"28.09.2023","42,515","42,124","42,662","41,683","6,07M","2,60%"
"27.09.2023","41,438","41,242","42,368","40,458","3,58M","0,71%"
"26.09.2023","41,144","42,124","43,054","40,850","2,95M","-2,44%"
"25.09.2023","42,172","43,593","43,691","41,389","3,80M","-1,60%"
"22.09.2023","42,858","42,124","43,103","42,124","5,58M","1,63%"
"21.09.2023","42,172","44,083","44,083","41,340","3,92M","-4,76%"
"20.09.2023","44,279","46,630","46,630","43,887","2,73M","-4,64%"
"19.09.2023","46,434","47,022","48,393","45,650","2,93M","-2,57%"
"18.09.2023","47,658","47,022","47,707","46,287","3,00M","1,46%"
"15.09.2023","46,973","47,658","47,658","46,385","1,48M","-0,42%"
"14.09.2023","47,169","47,609","47,903","46,581","2,95M","0,63%"
"13.09.2023","46,875","45,748","47,022","45,062","3,48M","4,25%"
"12.09.2023","44,964","44,279","45,797","43,544","4,08M","2,34%"
"11.09.2023","43,936","45,307","45,552","43,103","3,31M","-2,71%"
"08.09.2023","45,160","46,434","47,903","44,083","2,11M","-2,02%"
"07.09.2023","46,091","49,079","49,862","45,552","2,52M","-6,18%"
"06.09.2023","49,128","50,940","52,067","47,511","2,53M","-2,62%"
"05.09.2023","50,450","52,801","53,193","49,471","3,43M","-4,36%"
"04.09.2023","52,752","51,332","52,801","50,695","1,57M","2,87%"
"01.09.2023","51,283","51,430","52,067","48,491","3,00M","-0,10%"
"31.08.2023","51,332","54,467","54,467","51,087","3,41M","-4,38%"
"30.08.2023","53,683","53,977","54,075","52,409","2,46M","-0,27%"
"29.08.2023","53,830","52,116","54,369","51,920","3,71M","3,29%"
"28.08.2023","52,116","48,981","52,263","48,001","4,91M","7,15%"
"25.08.2023","48,638","47,756","48,883","47,413","3,13M","1,64%"
"24.08.2023","47,854","48,295","48,393","47,413","3,87M","-1,11%"
"23.08.2023","48,393","48,295","48,834","47,560","3,14M","0,51%"
"22.08.2023","48,148","48,393","49,471","47,120","4,36M","-0,71%"
"18.08.2023","48,491","48,001","48,883","46,042","4,46M","-1,30%"
"17.08.2023","49,128","47,022","49,324","46,532","7,52M","6,48%"
"16.08.2023","46,140","43,005","46,483","42,711","10,12M","8,40%"
"15.08.2023","42,564","41,193","42,760","41,144","5,09M","3,33%"
"14.08.2023","41,193","39,136","43,103","37,225","4,34M","5,12%"
"11.08.2023","39,185","39,185","39,479","37,617","5,59M","1,14%"
"10.08.2023","38,744","38,205","39,038","37,470","2,06M","1,54%"
"09.08.2023","38,156","39,087","39,919","37,715","8,04M","-2,14%"
"08.08.2023","38,989","39,185","40,458","38,793","4,98M","0,38%"
"07.08.2023","38,842","40,605","40,605","38,009","8,81M","-3,65%"
"04.08.2023","40,311","41,683","42,124","39,919","3,96M","-2,49%"
"03.08.2023","41,340","42,124","42,417","41,144","2,27M","-1,86%"
"02.08.2023","42,124","43,495","43,495","41,291","2,54M","-3,26%"
"01.08.2023","43,544","44,328","45,062","43,397","2,77M","-2,84%"
"31.07.2023","44,817","45,062","45,356","44,622","1,81M","-0,87%"
"28.07.2023","45,209","44,230","45,258","44,230","1,97M","2,44%"
"27.07.2023","44,132","44,573","44,671","43,103","2,40M","-1,21%"
"26.07.2023","44,671","44,964","44,964","43,887","1,03M","0,11%"
"25.07.2023","44,622","44,181","44,768","43,642","1,81M","0,89%"
"24.07.2023","44,230","44,964","45,454","44,083","2,44M","-1,63%"
"21.07.2023","44,964","44,083","45,650","43,103","4,04M","2,11%"
"20.07.2023","44,034","44,573","45,013","43,936","1,12M","-0,22%"
"19.07.2023","44,132","44,083","45,552","43,593","1,31M","-0,77%"
"18.07.2023","44,475","45,699","46,287","44,132","3,59M","-2,68%"
"17.07.2023","45,699","42,613","45,797","42,319","5,35M","9,12%"
"14.07.2023","41,879","42,124","42,417","40,899","3,02M","-0,35%"
"13.07.2023","42,026","39,625","42,319","39,381","8,02M","7,52%"
"12.07.2023","39,087","37,274","39,576","37,274","7,74M","5,28%"
"11.07.2023","37,127","37,519","37,911","36,834","3,08M","-1,43%"
"10.07.2023","37,666","38,009","38,499","37,225","2,84M","0,26%"
"07.07.2023","37,568","36,344","37,911","36,344","5,47M","3,51%"
"06.07.2023","36,295","36,736","36,736","35,707","3,12M","-0,94%"
"05.07.2023","36,638","35,511","36,687","34,776","4,17M","3,17%"
"04.07.2023","35,511","34,189","36,050","34,042","3,65M","4,17%"
"03.07.2023","34,091","33,307","34,189","33,111","2,83M","2,81%"
"30.06.2023","33,160","32,964","33,307","32,425","1,71M","0,89%"
"29.06.2023","32,866","32,621","33,111","32,376","858,96K","0,75%"
"28.06.2023","32,621","32,964","33,503","32,278","2,99M","-1,04%"
"27.06.2023","32,964","34,531","34,678","32,327","2,80M","-4,54%"
"26.06.2023","34,531","34,287","34,678","33,895","7,41M","3,07%"
"23.06.2023","33,503","33,405","33,699","33,209","3,33M","0,15%"
"22.06.2023","33,454","33,356","33,846","32,915","4,84M","0,29%"
"21.06.2023","33,356","32,817","33,650","32,817","6,49M","1,19%"
"16.06.2023","32,964","32,376","33,062","32,327","7,20M","1,36%"
"15.06.2023","32,523","31,935","32,621","31,740","3,76M","2,47%"
"14.06.2023","31,740","31,740","31,887","30,662","1,59M","0,47%"
"13.06.2023","31,593","31,642","32,082","31,201","2,60M","0,62%"
"12.06.2023","31,397","31,789","31,789","30,956","1,62M","-0,16%"
"09.06.2023","31,446","31,642","31,838","31,152","2,88M","-0,31%"
"08.06.2023","31,544","31,397","31,789","30,907","2,64M","0,47%"
"07.06.2023","31,397","31,593","31,838","31,152","1,88M","-0,62%"
"06.06.2023","31,593","30,760","31,642","30,270","3,75M","3,20%"
"05.06.2023","30,613","30,662","30,858","30,123","2,79M","1,46%"
"02.06.2023","30,172","30,564","31,054","30,074","1,68M","-1,44%"
"01.06.2023","30,613","30,025","30,711","29,682","1,27M","3,14%"
"31.05.2023","29,682","29,682","29,878","29,291","765,78K","0,33%"
"30.05.2023","29,584","29,878","30,172","29,486","892,40K","-1,95%"
"29.05.2023","30,172","30,319","30,319","29,731","507,09K","0,33%"
"24.05.2023","30,074","30,417","30,417","29,780","1,27M","-0,97%"
"23.05.2023","30,368","30,270","30,662","29,927","3,07M","1,47%"
"22.05.2023","29,927","31,201","31,250","29,829","2,63M","-3,17%"
"19.05.2023","30,907","31,054","31,299","30,711","3,31M","-0,47%"
"18.05.2023","31,054","31,299","31,446","30,858","5,97M","1,60%"
"17.05.2023","30,564","29,193","30,662","28,801","4,34M","5,41%"
"16.05.2023","28,997","28,752","29,193","28,262","3,47M","1,54%"
"15.05.2023","28,556","28,605","28,899","27,429","2,59M","0,17%"
"12.05.2023","28,507","29,340","29,388","28,262","6,06M","-1,19%"
"11.05.2023","28,850","29,193","30,074","28,311","7,25M","-1,01%"
"10.05.2023","29,144","28,654","29,291","28,115","4,79M","3,30%"
"09.05.2023","28,213","27,821","28,556","27,723","1,74M","1,59%"
"08.05.2023","27,772","28,115","28,311","27,527","818,32K","-0,18%"
"05.05.2023","27,821","27,625","27,870","27,331","1,92M","2,16%"
"04.05.2023","27,233","27,429","27,625","27,135","1,04M","0,11%"
"03.05.2023","27,203","27,444","27,492","26,914","1,28M","-0,70%"
"02.05.2023","27,396","27,829","27,829","27,010","999,65K","-1,73%"
"28.04.2023","27,877","27,540","28,022","26,481","4,10M","1,22%"
"27.04.2023","27,540","28,166","28,503","27,396","4,36M","-2,05%"
"26.04.2023","28,118","27,059","28,792","26,722","4,85M","3,18%"
"25.04.2023","27,251","27,059","27,588","26,577","3,67M","0,71%"
"24.04.2023","27,059","25,951","27,396","25,566","3,56M","4,07%"
"21.04.2023","25,999","25,181","26,144","24,892","6,16M","3,05%"
"20.04.2023","25,229","24,844","25,518","24,651","2,38M","1,55%"
"19.04.2023","24,844","25,518","25,903","24,603","2,72M","-2,64%"
"18.04.2023","25,518","25,036","25,759","24,603","3,79M","1,92%"
"17.04.2023","25,036","24,940","25,181","24,555","2,62M","0,97%"
"14.04.2023","24,796","24,170","24,892","23,977","4,10M","2,59%"
"13.04.2023","24,170","23,207","24,459","23,207","3,42M","1,41%"
"12.04.2023","23,833","23,014","23,833","22,725","4,56M","5,77%"
"11.04.2023","22,533","21,955","22,629","21,185","2,81M","3,08%"
"10.04.2023","21,859","21,762","22,533","21,618","2,44M","0,44%"
"05.04.2023","21,762","22,629","22,629","21,040","12,94M","-3,83%"
"04.04.2023","22,629","22,822","23,303","22,196","1,21M","-0,42%"
"03.04.2023","22,725","22,292","22,774","21,762","2,76M","1,94%"
"31.03.2023","22,292","22,774","23,014","21,955","3,06M","-0,64%"
"30.03.2023","22,436","22,244","23,111","22,244","2,94M","0,87%"
"29.03.2023","22,244","21,907","22,533","21,859","2,30M","2,21%"
"28.03.2023","21,762","21,185","21,811","20,848","3,02M","2,26%"
"27.03.2023","21,281","20,799","21,377","20,270","1,36M","4,74%"
"23.03.2023","20,318","20,607","21,088","19,548","2,56M","-0,94%"
"22.03.2023","20,511","21,666","22,051","20,414","4,94M","-5,33%"
"21.03.2023","21,666","22,148","22,340","21,281","3,17M","-0,44%"
"20.03.2023","21,762","21,714","21,811","21,185","712,72K","1,57%"
"17.03.2023","21,425","21,762","21,811","21,040","1,01M","-1,55%"
"16.03.2023","21,762","20,848","21,859","20,848","1,48M","4,39%"
"15.03.2023","20,848","21,859","21,859","20,462","3,62M","-5,04%"
"14.03.2023","21,955","22,533","22,870","21,714","3,04M","-1,94%"
"13.03.2023","22,388","22,725","23,544","21,666","2,85M","-5,87%"
"10.03.2023","23,785","25,036","25,229","23,399","3,14M","-4,26%"
"09.03.2023","24,844","25,999","26,385","24,844","2,39M","-5,15%"
"08.03.2023","26,192","25,518","26,288","25,518","3,30M","3,42%"
"07.03.2023","25,325","25,036","25,807","24,507","2,32M","1,35%"
"06.03.2023","24,988","24,892","25,999","24,603","2,63M","1,57%"
"03.03.2023","24,603","24,025","24,844","23,833","2,19M","3,23%"
"02.03.2023","23,833","24,025","24,699","23,785","1,79M","-0,80%"
"01.03.2023","24,025","23,399","24,073","23,111","2,38M","3,53%"
"28.02.2023","23,207","23,062","23,207","22,485","1,34M","1,47%"
"27.02.2023","22,870","23,111","23,111","22,436","1,92M","1,06%"
"24.02.2023","22,629","23,111","23,111","22,485","1,21M","-0,63%"
"23.02.2023","22,774","23,062","24,170","22,388","5,08M","-1,05%"
"22.02.2023","23,014","21,955","23,062","21,233","3,53M","7,66%"
"17.02.2023","21,377","21,762","22,051","20,703","2,60M","-1,99%"
"16.02.2023","21,811","21,907","22,244","21,666","2,49M","-0,44%"
"15.02.2023","21,907","22,051","22,148","21,714","865,30K","-0,66%"
"14.02.2023","22,051","22,148","22,388","21,666","1,38M","0,44%"
"13.02.2023","21,955","22,340","22,533","21,425","1,57M","-0,87%"
"10.02.2023","22,148","21,859","22,629","21,762","2,18M","2,22%"
"09.02.2023","21,666","20,799","21,907","20,462","5,04M","4,65%"
"08.02.2023","20,703","20,799","21,040","20,318","605,33K","-0,46%"
"07.02.2023","20,799","20,607","21,137","20,462","1,08M","1,17%"
"06.02.2023","20,559","20,414","20,703","20,077","545,17K","0,71%"
"03.02.2023","20,414","20,896","21,040","20,270","691,46K","-2,08%"
"02.02.2023","20,848","20,944","21,040","20,414","2,18M","1,17%"
"01.02.2023","20,607","20,559","21,185","19,981","1,05M","0,47%"
"31.01.2023","20,511","19,837","20,703","19,788","1,13M","3,65%"
"30.01.2023","19,788","20,222","20,607","19,692","1,75M","-2,14%"
"27.01.2023","20,222","20,751","21,185","20,077","2,30M","-1,87%"
"26.01.2023","20,607","20,944","20,992","20,511","1,99M","0,23%"
"25.01.2023","20,559","20,077","20,655","19,837","1,76M","2,15%"
"24.01.2023","20,125","20,896","20,896","19,981","1,72M","-2,34%"
"23.01.2023","20,607","20,655","20,944","19,981","2,55M","0,94%"
"20.01.2023","20,414","19,451","20,607","19,451","2,52M","4,69%"
"19.01.2023","19,500","20,222","20,222","18,777","4,62M","-2,17%"
"18.01.2023","19,933","21,666","22,051","18,777","4,59M","-6,55%"
"17.01.2023","21,329","21,137","21,859","20,799","4,83M","2,78%"
"16.01.2023","20,751","20,751","21,137","20,414","3,03M","2,62%"
"13.01.2023","20,222","20,222","21,281","19,885","8,11M","1,69%"
"12.01.2023","19,885","19,018","20,029","18,296","6,25M","5,09%"
"11.01.2023","18,922","19,211","19,355","18,585","5,55M","-0,76%"
"10.01.2023","19,066","19,066","19,307","19,018","1,38M","-0,25%"
"09.01.2023","19,114","18,922","19,355","18,874","2,85M","1,02%"
"06.01.2023","18,922","18,922","19,114","18,537","2,65M","0,77%"
"05.01.2023","18,777","19,066","19,451","18,296","2,69M","-1,52%"
"04.01.2023","19,066","19,211","19,307","18,825","1,38M","1,02%"
"03.01.2023","18,874","19,307","19,451","18,585","1,38M","-2,24%"
"02.01.2023","19,307","19,596","19,596","19,211","1,76M","0,50%"
"30.12.2022","19,211","19,018","19,451","18,103","2,23M","0,76%"
"29.12.2022","19,066","19,788","19,788","19,018","4,52M","-2,22%"
"28.12.2022","19,500","20,029","20,029","19,259","4,06M","-1,22%"
"27.12.2022","19,740","19,644","20,077","19,355","3,62M","1,49%"
"26.12.2022","19,451","19,596","19,788","19,355","1,83M","-0,49%"
"23.12.2022","19,548","19,259","19,644","19,018","2,27M","2,01%"
"22.12.2022","19,162","20,174","20,174","18,970","4,23M","-4,62%"
"21.12.2022","20,092","19,635","20,274","19,270","1,74M","4,51%"
"20.12.2022","19,224","18,950","19,270","18,722","217,55K","1,69%"
"19.12.2022","18,904","18,722","19,315","18,539","3,30M","3,50%"
"16.12.2022","18,265","18,265","18,539","17,991","5,98M","0,50%"
"15.12.2022","18,174","18,083","18,265","17,809","1,43M","1,27%"
"14.12.2022","17,946","17,991","18,265","17,580","2,46M","0,51%"
"13.12.2022","17,854","17,078","17,900","17,078","1,72M","3,99%"
"12.12.2022","17,169","17,215","17,261","16,895","1,69M","-0,27%"
"07.12.2022","17,215","16,530","17,306","16,484","2,47M","3,86%"
"06.12.2022","16,576","16,621","16,621","15,982","1,02M","2,25%"
"05.12.2022","16,210","16,439","16,713","16,073","1,24M","-0,84%"
"02.12.2022","16,347","16,256","16,713","16,165","3,57M","0,00%"
"01.12.2022","16,347","16,576","16,850","16,073","3,27M","-1,38%"
"30.11.2022","16,576","16,895","17,169","16,302","5,08M","-2,42%"
"29.11.2022","16,987","17,078","17,626","16,895","2,25M","-0,53%"
"28.11.2022","17,078","16,804","17,261","16,667","2,33M","1,08%"
"25.11.2022","16,895","16,987","16,987","16,621","804,25K","0,00%"
"24.11.2022","16,895","16,393","16,941","16,347","1,84M","3,06%"
"23.11.2022","16,393","16,073","16,667","15,708","2,92M","2,28%"
"22.11.2022","16,028","15,160","16,028","14,886","5,74M","6,69%"
"18.11.2022","15,023","14,612","15,114","14,612","1,10M","1,23%"
"17.11.2022","14,840","14,749","14,886","14,475","1,49M","0,62%"
"16.11.2022","14,749","14,612","14,840","14,384","2,68M","0,94%"
"15.11.2022","14,612","14,293","14,749","14,247","9,07M","3,56%"
"14.11.2022","14,110","13,836","14,156","13,425","2,99M","3,00%"
"11.11.2022","13,699","13,425","13,836","13,151","2,00M","3,45%"
"10.11.2022","13,242","12,786","13,288","12,603","1,83M","3,57%"
"09.11.2022","12,786","13,151","13,197","12,740","1,04M","-2,44%"
"08.11.2022","13,105","13,060","13,288","12,831","921,46K","-0,69%"
"07.11.2022","13,197","13,425","13,516","13,060","563,48K","-1,03%"
"04.11.2022","13,334","13,516","13,562","13,151","1,18M","0,69%"
"03.11.2022","13,242","13,425","13,425","13,060","2,71M","-0,68%"
"02.11.2022","13,334","13,653","13,699","13,334","743,22K","-2,99%"
"01.11.2022","13,745","13,653","13,882","13,379","2,28M","1,01%"
"31.10.2022","13,608","13,242","13,699","13,014","1,65M","2,41%"
"28.10.2022","13,288","12,968","13,471","12,968","1,48M","1,04%"
"27.10.2022","13,151","13,197","13,471","12,968","1,80M","0,00%"
"26.10.2022","13,151","12,877","13,334","12,649","2,44M","2,49%"
"25.10.2022","12,831","12,649","12,877","12,101","2,95M","3,31%"
"24.10.2022","12,420","12,557","12,740","12,101","1,32M","-1,09%"
"21.10.2022","12,557","12,603","12,740","12,375","1,14M","-0,36%"
"20.10.2022","12,603","12,740","12,923","12,420","2,07M","-1,08%"
"19.10.2022","12,740","12,786","12,968","12,649","717,72K","-0,36%"
"18.10.2022","12,786","13,151","13,334","12,512","816,85K","-2,10%"
"17.10.2022","13,060","12,923","13,151","12,694","789,30K","2,14%"
"14.10.2022","12,786","12,923","13,197","12,740","730,21K","-2,78%"
"13.10.2022","13,151","12,877","13,242","12,694","1,43M","2,13%"
"12.10.2022","12,877","13,105","13,242","12,694","1,07M","-1,74%"
"11.10.2022","13,105","13,790","13,790","13,014","1,37M","-4,97%"
"06.10.2022","13,790","13,882","14,064","13,562","1,57M","0,67%"
"05.10.2022","13,699","13,653","13,790","13,151","2,33M","2,04%"
"04.10.2022","13,425","13,882","13,927","13,288","2,43M","-1,67%"
"03.10.2022","13,653","13,334","13,927","12,968","4,25M","5,28%"
"30.09.2022","12,968","12,603","13,060","12,603","1,60M","3,27%"
"29.09.2022","12,557","12,283","12,740","11,781","2,05M","2,61%"
"28.09.2022","12,238","11,872","12,694","11,872","2,88M","3,08%"
"27.09.2022","11,872","12,603","12,694","11,690","5,55M","-4,76%"
"26.09.2022","12,466","13,608","13,608","12,420","3,00M","-7,46%"
"23.09.2022","13,471","13,790","13,790","13,379","1,66M","-2,96%"
"22.09.2022","13,882","13,653","13,927","13,471","1,54M","2,01%"
"21.09.2022","13,608","13,699","13,882","13,562","1,58M","-0,67%"
"20.09.2022","13,699","14,019","14,019","13,653","1,97M","-1,64%"
"19.09.2022","13,927","14,156","14,247","13,882","2,95M","-1,93%"
"16.09.2022","14,201","14,338","14,338","13,882","1,84M","-0,96%"
"15.09.2022","14,338","14,019","14,521","13,973","2,18M","1,62%"
"14.09.2022","14,110","13,882","14,156","13,745","1,70M","1,64%"
"13.09.2022","13,882","13,927","14,156","13,790","1,41M","-2,25%"
"12.09.2022","14,201","14,567","14,612","14,156","1,18M","-1,27%"
"09.09.2022","14,384","14,247","14,658","14,110","2,04M","0,96%"
"08.09.2022","14,247","14,567","14,703","14,156","2,28M","-2,19%"
"07.09.2022","14,567","14,977","15,023","14,521","3,16M","-2,45%"
"06.09.2022","14,932","14,932","15,069","14,703","1,30M","0,00%"
"05.09.2022","14,932","14,977","15,069","14,612","1,35M","0,31%"
"01.09.2022","14,886","14,795","14,932","14,612","1,68M","1,24%"
"31.08.2022","14,703","14,658","15,023","14,521","2,76M","0,62%"
"30.08.2022","14,612","14,567","14,840","14,384","3,11M","0,00%"
"29.08.2022","14,612","14,201","14,703","13,973","3,76M","3,23%"
"26.08.2022","14,156","14,293","14,338","13,927","1,71M","-0,96%"
"25.08.2022","14,293","14,156","14,475","13,882","4,36M","0,97%"
"24.08.2022","14,156","14,293","14,384","13,790","3,78M","-0,96%"
"23.08.2022","14,293","14,612","14,703","14,247","3,01M","-0,95%"
"22.08.2022","14,430","14,247","14,521","14,201","3,43M","1,61%"
"19.08.2022","14,201","13,836","14,567","13,608","6,15M","2,30%"
"18.08.2022","13,882","13,790","13,973","13,516","4,24M","1,00%"
"17.08.2022","13,745","13,927","13,927","13,516","2,82M","-1,31%"
"16.08.2022","13,927","14,384","14,521","13,562","2,81M","-3,17%"
"12.08.2022","14,384","14,886","14,932","14,156","1,76M","-1,56%"
"11.08.2022","14,612","14,840","14,886","14,521","1,01M","-1,23%"
"10.08.2022","14,795","14,703","14,840","13,790","3,08M","2,21%"
"09.08.2022","14,475","14,612","14,795","14,338","351,53K","-0,94%"
"08.08.2022","14,612","14,840","14,977","14,521","1,86M","0,00%"
"05.08.2022","14,612","14,430","14,703","14,247","1,99M","2,89%"
"04.08.2022","14,201","13,790","14,430","13,608","3,05M","2,98%"
"03.08.2022","13,790","13,699","14,064","13,242","1,49M","0,00%"
"02.08.2022","13,790","14,019","14,293","13,471","3,08M","-1,63%"
"01.08.2022","14,019","14,430","14,430","13,790","2,15M","-2,85%"
"29.07.2022","14,430","15,160","15,160","14,247","2,68M","-2,77%"
"28.07.2022","14,840","15,023","15,251","14,612","2,48M","0,00%"
"27.07.2022","14,840","13,973","14,977","13,699","4,58M","6,21%"
"26.07.2022","13,973","14,658","14,658","13,790","2,63M","-2,86%"
"25.07.2022","14,384","14,612","14,840","14,293","2,80M","-0,63%"
"22.07.2022","14,475","14,840","14,840","14,384","1,95M","1,28%"
"21.07.2022","14,293","13,927","14,612","13,699","5,05M","2,62%"
"20.07.2022","13,927","13,516","14,019","13,288","2,57M","4,10%"
"19.07.2022","13,379","13,653","13,882","13,151","2,97M","0,00%"
"18.07.2022","13,379","12,877","13,608","12,877","3,61M","5,02%"
"15.07.2022","12,740","12,283","12,923","12,146","1,53M","4,89%"
"14.07.2022","12,146","12,466","12,466","11,964","2,54M","-2,56%"
"13.07.2022","12,466","12,877","12,877","12,329","2,25M","-3,19%"
"12.07.2022","12,877","12,786","13,060","12,557","1,71M","0,36%"
"11.07.2022","12,831","12,420","13,014","12,101","3,37M","2,93%"
"08.07.2022","12,466","12,055","12,512","11,644","5,76M","4,20%"
"07.07.2022","11,964","11,690","12,055","11,690","6,16M","3,56%"
"06.07.2022","11,553","11,233","11,735","11,142","5,82M","5,42%"
"05.07.2022","10,959","10,457","11,142","10,274","3,45M","2,13%"
"04.07.2022","10,731","10,411","10,868","9,818","4,07M","2,17%"
"01.07.2022","10,502","9,863","10,731","9,818","3,11M","6,48%"
"30.06.2022","9,863","9,589","10,046","9,133","1,97M","3,85%"
"29.06.2022","9,498","9,863","9,863","9,452","810,35K","-1,42%"
"28.06.2022","9,635","9,315","9,909","9,178","1,70M","1,93%"
"27.06.2022","9,452","9,105","9,498","8,813","2,84M","3,81%"
"24.06.2022","9,105","9,407","9,544","8,986","2,92M","-3,20%"
"23.06.2022","9,407","10,046","10,229","9,133","3,74M","-5,94%"
"22.06.2022","10,000","10,229","10,731","9,681","5,29M","-1,79%"
"21.06.2022","10,183","9,407","10,320","9,407","5,06M","4,69%"
"16.06.2022","9,726","9,589","9,818","9,133","4,28M","0,95%"
"15.06.2022","9,635","9,498","9,681","9,133","2,71M","1,93%"
"14.06.2022","9,452","9,178","9,498","9,114","6,35M","3,50%"
"13.06.2022","9,133","8,941","9,315","8,722","3,54M","2,35%"
"10.06.2022","8,923","8,996","8,996","8,795","403,41K","-0,20%"
"09.06.2022","8,941","8,877","9,023","8,676","2,44M","0,51%"
"08.06.2022","8,895","8,941","8,996","8,795","1,37M","-0,41%"
"07.06.2022","8,932","8,950","9,032","8,795","585,07K","-0,20%"
"06.06.2022","8,950","8,767","8,986","8,767","2,28M","1,45%"
"03.06.2022","8,822","8,859","9,041","8,639","1,58M","-2,62%"
"02.06.2022","9,060","9,060","9,114","8,986","1,78M","0,40%"
"01.06.2022","9,023","9,023","9,087","8,959","1,32M","0,30%"
"31.05.2022","8,996","8,950","9,050","8,859","2,00M","0,31%"
"30.05.2022","8,968","8,868","9,041","8,767","1,80M","1,66%"
"27.05.2022","8,822","8,758","8,859","8,639","1,12M","0,84%"
"26.05.2022","8,749","8,813","8,849","8,639","2,41M","1,48%"
"24.05.2022","8,621","8,311","8,630","8,174","1,78M","2,83%"
"23.05.2022","8,384","8,302","8,439","8,082","1,16M","1,44%"
"20.05.2022","8,265","8,338","8,411","8,238","554,41K","-0,44%"
"19.05.2022","8,302","8,393","8,393","8,219","702,26K","-1,20%"
"17.05.2022","8,402","8,356","8,466","8,347","1,11M","0,66%"
"16.05.2022","8,347","8,265","8,365","8,037","2,21M","1,90%"
"13.05.2022","8,192","8,384","8,402","8,064","2,25M","-1,75%"
"12.05.2022","8,338","8,137","8,448","8,037","2,37M","2,47%"
"11.05.2022","8,137","8,028","8,174","7,964","1,03M","2,65%"
"10.05.2022","7,927","7,900","7,991","7,891","749,47K","0,70%"
"09.05.2022","7,872","8,210","8,210","7,854","836,35K","-3,90%"
"06.05.2022","8,192","8,201","8,256","8,128","1,35M","-0,11%"
"05.05.2022","8,201","8,411","8,484","8,082","1,20M","-2,29%"
"04.05.2022","8,393","8,439","8,439","8,219","2,20M","2,68%"
"03.05.2022","8,174","7,978","8,209","7,916","1,75M","2,45%"
"02.05.2022","7,978","7,934","8,174","7,836","1,54M","0,11%"
"29.04.2022","7,969","8,129","8,174","7,836","1,25M","-0,99%"
"28.04.2022","8,049","8,005","8,147","7,880","1,23M","0,55%"
"27.04.2022","8,005","7,880","8,085","7,783","1,97M","1,58%"
"26.04.2022","7,880","7,605","8,085","7,463","3,92M","3,74%"
"25.04.2022","7,596","7,161","7,729","7,019","3,24M","5,69%"
"22.04.2022","7,188","7,152","7,259","7,152","1,06M","-0,49%"
"21.04.2022","7,223","7,188","7,267","7,152","533,78K","0,00%"
"20.04.2022","7,223","7,188","7,250","7,152","896,67K","0,49%"
"19.04.2022","7,188","7,294","7,294","7,161","756,10K","-0,74%"
"18.04.2022","7,241","7,223","7,347","7,152","1,30M","0,25%"
"13.04.2022","7,223","7,365","7,365","7,152","2,25M","-0,73%"
"12.04.2022","7,276","7,196","7,374","7,152","3,97M","0,86%"
"11.04.2022","7,214","7,241","7,285","7,108","858,91K","-0,37%"
"08.04.2022","7,241","7,125","7,392","7,108","1,15M","1,62%"
"07.04.2022","7,125","6,957","7,152","6,957","1,33M","1,78%"
"06.04.2022","7,001","7,054","7,063","6,930","754,89K","0,25%"
"05.04.2022","6,983","7,188","7,241","6,965","3,34M","-2,72%"
"04.04.2022","7,179","7,125","7,312","7,125","2,06M","0,62%"
"01.04.2022","7,134","7,188","7,250","7,116","2,12M","-0,50%"
"31.03.2022","7,170","7,241","7,374","7,152","1,74M","-0,98%"
"30.03.2022","7,241","7,205","7,303","7,196","1,77M","-0,37%"
"29.03.2022","7,267","7,534","7,703","7,241","1,88M","-3,65%"
"28.03.2022","7,543","7,641","7,729","7,516","1,39M","-0,82%"
"25.03.2022","7,605","7,721","7,721","7,516","1,77M","1,06%"
"23.03.2022","7,525","7,507","7,703","7,472","2,72M","0,95%"
"22.03.2022","7,454","7,276","7,481","7,214","1,71M","3,33%"
"21.03.2022","7,214","7,303","7,427","7,196","1,84M","-1,81%"
"18.03.2022","7,347","7,463","7,490","7,196","2,07M","-1,19%"
"17.03.2022","7,436","7,490","7,596","7,365","3,28M","-0,12%"
"16.03.2022","7,445","6,663","7,472","6,663","10,61M","10,99%"
"15.03.2022","6,708","6,841","6,841","6,654","2,58M","-0,40%"
"14.03.2022","6,734","6,841","6,859","6,681","4,44M","-1,69%"
"11.03.2022","6,850","6,619","6,885","6,592","4,92M","3,91%"
"10.03.2022","6,592","6,450","6,601","6,352","3,13M","2,20%"
"09.03.2022","6,450","6,308","6,486","6,308","4,93M","3,42%"
"08.03.2022","6,237","6,486","6,486","6,139","9,73M","-1,54%"
"07.03.2022","6,335","6,388","6,468","6,219","2,45M","-0,83%"
"04.03.2022","6,388","6,530","6,610","6,281","1,94M","-2,57%"
"03.03.2022","6,557","6,370","6,601","6,281","3,22M","2,93%"
"02.03.2022","6,370","6,352","6,477","6,290","1,69M","0,84%"
"25.02.2022","6,317","6,059","6,335","6,050","2,57M","3,95%"
"24.02.2022","6,077","6,050","6,175","5,908","1,64M","-2,15%"
"23.02.2022","6,210","6,210","6,308","6,086","1,93M","1,01%"
"22.02.2022","6,148","6,175","6,264","6,077","3,15M","1,17%"
"21.02.2022","6,077","5,784","6,175","5,784","4,86M","3,32%"
"18.02.2022","5,881","5,855","5,899","5,695","2,56M","0,30%"
"17.02.2022","5,864","5,944","5,953","5,775","1,86M","0,15%"
"16.02.2022","5,855","5,677","5,926","5,597","3,07M","3,94%"
"15.02.2022","5,633","5,615","5,704","5,597","843,79K","-0,47%"
"14.02.2022","5,659","5,722","5,722","5,571","345,95K","-0,62%"
"11.02.2022","5,695","5,677","5,713","5,650","1,63M","0,79%"
"10.02.2022","5,650","5,650","5,739","5,642","327,75K","-0,93%"
"09.02.2022","5,704","5,784","5,784","5,659","1,17M","-0,77%"
"08.02.2022","5,748","5,819","5,837","5,730","2,74M","-0,61%"
"07.02.2022","5,784","5,730","5,802","5,730","1,92M","1,72%"
"04.02.2022","5,686","5,650","5,739","5,597","1,58M","0,63%"
"03.02.2022","5,650","5,615","5,766","5,597","1,54M","-1,55%"
"02.02.2022","5,739","5,775","5,819","5,597","804,21K","-0,46%"
"01.02.2022","5,766","5,686","5,864","5,588","1,46M","1,09%"
"31.01.2022","5,704","5,642","5,713","5,579","1,72M","2,23%"
"28.01.2022","5,579","5,491","5,686","5,491","2,27M","2,11%"
"27.01.2022","5,464","5,420","5,544","5,393","1,72M","0,99%"
"26.01.2022","5,411","5,508","5,562","5,384","1,49M","-0,81%"
"25.01.2022","5,455","5,251","5,464","5,251","1,77M","3,37%"
"24.01.2022","5,277","5,508","5,544","5,260","1,61M","-4,81%"
"21.01.2022","5,544","5,659","5,730","5,526","2,10M","-2,04%"
"20.01.2022","5,659","5,722","5,757","5,597","993,45K","-1,09%"
"19.01.2022","5,722","5,775","5,775","5,579","2,08M","1,58%"
"18.01.2022","5,633","5,775","5,864","5,597","640,82K","-1,40%"
"17.01.2022","5,713","5,775","5,784","5,686","1,09M","-0,16%"
"14.01.2022","5,722","5,686","5,730","5,597","407,61K","0,78%"
"13.01.2022","5,677","5,642","5,757","5,571","493,95K","0,63%"
"12.01.2022","5,642","5,579","5,650","5,508","1,32M","0,95%"
"11.01.2022","5,588","5,633","5,633","5,579","1,42M","-0,47%"
"10.01.2022","5,615","5,677","5,722","5,508","1,87M","-1,10%"
"07.01.2022","5,677","5,730","5,802","5,677","561,90K","-0,47%"
"06.01.2022","5,704","5,722","5,810","5,677","1,90M","-1,68%"
"05.01.2022","5,802","5,766","5,917","5,766","986,44K","-1,80%"
"04.01.2022","5,908","5,908","5,970","5,837","1,75M","0,30%"
"03.01.2022","5,890","5,748","5,926","5,642","3,28M","3,43%"
"30.12.2021","5,695","5,562","5,722","5,491","3,10M","2,56%"
"29.12.2021","5,553","5,473","5,571","5,366","2,61M","1,79%"
"28.12.2021","5,455","5,455","5,553","5,420","2,63M","0,16%"
"27.12.2021","5,446","5,331","5,464","5,224","1,52M","2,85%"
"23.12.2021","5,295","5,304","5,411","5,286","771,41K","0,17%"
"22.12.2021","5,286","5,331","5,375","5,233","727,77K","-1,00%"
"21.12.2021","5,340","5,331","5,411","5,268","1,49M","0,00%"
"20.12.2021","5,340","5,331","5,348","5,189","1,45M","-0,17%"
"17.12.2021","5,348","5,242","5,384","5,153","4,33M","2,03%"
"16.12.2021","5,242","5,109","5,251","5,109","2,06M","1,90%"
"15.12.2021","5,144","5,153","5,286","4,958","2,16M","0,87%"
"14.12.2021","5,100","4,913","5,109","4,913","1,16M","2,87%"
"13.12.2021","4,958","5,100","5,153","4,949","1,32M","-3,29%"
"10.12.2021","5,126","5,242","5,340","5,109","1,77M","-2,20%"
"09.12.2021","5,242","5,313","5,366","5,215","1,33M","-1,34%"
"07.12.2021","5,313","5,233","5,331","5,189","2,39M","1,53%"
"06.12.2021","5,233","5,029","5,242","4,984","2,68M","4,06%"
"03.12.2021","5,029","5,109","5,153","4,958","1,05M","-1,39%"
"02.12.2021","5,100","5,144","5,144","5,011","2,91M","0,53%"
"01.12.2021","5,073","4,860","5,117","4,842","2,98M","4,39%"
"30.11.2021","4,860","4,709","4,878","4,629","2,13M","2,82%"
"29.11.2021","4,727","4,753","4,958","4,673","2,40M","-2,92%"
"26.11.2021","4,869","5,037","5,037","4,780","2,28M","-3,69%"
"25.11.2021","5,055","4,940","5,109","4,886","1,65M","2,34%"
"24.11.2021","4,940","4,975","5,064","4,878","2,09M","-0,54%"
"23.11.2021","4,966","5,064","5,064","4,869","1,69M","-2,27%"
"19.11.2021","5,082","5,153","5,197","5,029","954,66K","-0,87%"
"18.11.2021","5,126","5,153","5,180","5,046","2,60M","-0,35%"
"17.11.2021","5,144","5,153","5,242","4,931","2,07M","-0,69%"
"16.11.2021","5,180","5,242","5,420","5,002","4,10M","-0,68%"
"15.11.2021","5,215","5,322","5,340","5,082","2,70M","-2,00%"
"12.11.2021","5,322","5,375","5,508","5,286","4,65M","-0,33%"
"11.11.2021","5,340","5,331","5,437","5,286","3,12M","1,18%"
"10.11.2021","5,277","5,384","5,464","5,215","2,94M","-1,66%"
"09.11.2021","5,366","5,242","5,571","5,197","8,57M","0,33%"
"08.11.2021","5,348","4,815","5,420","4,815","8,55M","11,28%"
"05.11.2021","4,806","4,824","4,842","4,727","1,86M","0,74%"
"04.11.2021","4,771","4,824","4,824","4,673","1,65M","-0,74%"
"03.11.2021","4,806","4,753","4,860","4,753","3,21M","0,19%"
"02.11.2021","4,798","4,700","4,815","4,629","3,44M","2,47%"
"01.11.2021","4,682","4,602","4,718","4,575","1,23M","2,93%"
"29.10.2021","4,549","4,753","4,753","4,540","2,69M","-4,83%"
"28.10.2021","4,780","4,727","4,789","4,647","2,13M","1,32%"
"27.10.2021","4,718","4,744","4,886","4,709","2,43M","-1,85%"
"26.10.2021","4,806","4,833","4,842","4,735","3,62M","0,56%"
"25.10.2021","4,780","4,806","4,878","4,762","2,16M","-0,19%"
"22.10.2021","4,789","4,904","4,904","4,780","2,50M","-1,64%"
"21.10.2021","4,869","4,931","4,949","4,727","3,38M","-1,26%"
"20.10.2021","4,931","4,949","4,984","4,869","7,99M","0,36%"
"19.10.2021","4,913","4,913","4,949","4,833","4,22M","0,73%"
"18.10.2021","4,878","4,851","4,895","4,798","3,20M","0,92%"
"15.10.2021","4,833","4,798","4,851","4,664","4,10M","0,74%"
"14.10.2021","4,798","4,798","4,824","4,727","3,71M","0,19%"
"13.10.2021","4,789","4,798","4,869","4,762","1,09M","-0,92%"
"12.10.2021","4,833","4,753","4,869","4,735","3,40M","1,49%"
"07.10.2021","4,762","4,753","4,824","4,620","4,04M","0,19%"
"06.10.2021","4,753","4,602","4,789","4,504","4,92M","3,48%"
"05.10.2021","4,593","4,380","4,620","4,353","4,75M","5,08%"
"04.10.2021","4,371","4,424","4,424","4,353","3,31M","-0,61%"
"01.10.2021","4,398","4,407","4,433","4,362","1,85M","-0,20%"
"30.09.2021","4,407","4,442","4,469","4,389","3,09M","-0,60%"
"29.09.2021","4,433","4,469","4,478","4,407","2,02M","-0,20%"
"28.09.2021","4,442","4,504","4,513","4,433","1,02M","-1,38%"
"27.09.2021","4,504","4,487","4,540","4,398","3,31M","2,01%"
"24.09.2021","4,416","4,513","4,513","4,371","1,26M","-0,40%"
"23.09.2021","4,433","4,407","4,469","4,291","3,13M","1,63%"
"22.09.2021","4,362","4,442","4,460","4,336","4,01M","-0,81%"
"21.09.2021","4,398","4,442","4,567","4,371","1,74M","-0,80%"
"20.09.2021","4,433","4,522","4,522","4,353","5,34M","-2,92%"
"17.09.2021","4,567","4,504","4,584","4,416","2,54M","1,38%"
"16.09.2021","4,504","4,442","4,620","4,265","1,99M","-0,20%"
"15.09.2021","4,513","4,540","4,620","4,362","2,73M","-1,36%"
"14.09.2021","4,575","4,638","4,709","4,487","2,26M","-0,96%"
"13.09.2021","4,620","4,753","4,931","4,611","6,46M","2,16%"
"10.09.2021","4,522","4,620","4,647","4,487","2,83M","-2,12%"
"09.09.2021","4,620","4,691","4,753","4,584","3,90M","-0,76%"
"08.09.2021","4,655","4,798","4,798","4,575","5,00M","-2,24%"
"07.09.2021","4,762","4,727","4,824","4,691","4,74M","0,94%"
"06.09.2021","4,718","4,709","4,789","4,620","5,32M","2,31%"
"03.09.2021","4,611","4,318","4,620","4,265","6,49M","6,57%"
"02.09.2021","4,327","4,531","4,558","4,291","3,46M","-2,40%"
"01.09.2021","4,433","4,549","4,709","4,380","5,68M","-3,11%"
"31.08.2021","4,575","4,496","4,647","4,398","7,27M","1,98%"
"30.08.2021","4,487","4,309","4,487","4,247","7,86M","5,43%"
"27.08.2021","4,256","4,220","4,291","4,211","3,01M","0,84%"
"26.08.2021","4,220","4,176","4,256","4,087","4,49M","0,85%"
"25.08.2021","4,185","4,220","4,273","4,131","4,46M","-1,05%"
"24.08.2021","4,229","4,140","4,238","3,909","4,60M","2,59%"
"23.08.2021","4,122","4,087","4,167","4,042","4,41M","1,98%"
"20.08.2021","4,042","3,927","4,060","3,909","4,29M","2,94%"
"19.08.2021","3,927","3,980","3,980","3,882","2,30M","-0,67%"
"18.08.2021","3,954","3,971","3,980","3,909","1,95M","-0,45%"
"17.08.2021","3,971","4,060","4,060","3,962","1,25M","-2,19%"
"13.08.2021","4,060","4,167","4,167","4,016","2,56M","-1,72%"
"12.08.2021","4,131","4,265","4,265","4,105","5,44M","-3,73%"
"11.08.2021","4,291","4,211","4,318","4,176","2,39M","3,21%"
"10.08.2021","4,158","4,282","4,282","4,140","1,28M","-2,90%"
"09.08.2021","4,282","4,318","4,380","4,256","1,35M","-1,83%"
"06.08.2021","4,362","4,291","4,362","4,220","2,93M","2,29%"
"05.08.2021","4,265","4,096","4,273","4,060","4,93M","4,35%"
"04.08.2021","4,087","4,051","4,087","3,918","2,43M","2,22%"
"03.08.2021","3,998","3,980","4,087","3,927","2,28M","0,00%"
"02.08.2021","3,998","3,900","4,007","3,714","4,32M","3,93%"
"30.07.2021","3,847","3,909","3,971","3,811","1,86M","-1,59%"
"29.07.2021","3,909","3,998","4,025","3,909","6,12M","-2,44%"
"28.07.2021","4,007","4,069","4,113","3,980","2,15M","-1,74%"
"27.07.2021","4,078","4,193","4,193","4,069","1,58M","-2,34%"
"26.07.2021","4,176","4,256","4,318","4,158","2,32M","-0,84%"
"23.07.2021","4,211","4,167","4,273","4,131","1,70M","1,28%"
"22.07.2021","4,158","4,185","4,185","4,042","2,53M","0,65%"
"21.07.2021","4,131","3,945","4,158","3,945","4,29M","5,92%"
"20.07.2021","3,900","3,625","3,909","3,625","4,29M","7,86%"
"19.07.2021","3,616","3,696","3,723","3,607","5,57M","-3,78%"
"16.07.2021","3,758","3,900","3,909","3,749","5,51M","-3,64%"
"15.07.2021","3,900","3,998","4,087","3,891","7,05M","-3,52%"
"14.07.2021","4,042","4,193","4,211","4,016","4,49M","-3,40%"
"13.07.2021","4,185","4,318","4,344","4,176","4,15M","-2,69%"
"12.07.2021","4,300","4,265","4,389","4,202","2,21M","0,62%"
"08.07.2021","4,273","4,327","4,327","4,202","5,87M","-1,43%"
"07.07.2021","4,336","4,460","4,593","4,309","11,07M","-2,40%"
"06.07.2021","4,442","4,309","4,549","4,202","14,79M","3,52%"
"05.07.2021","4,291","3,998","4,416","3,998","18,58M","9,77%"
"02.07.2021","3,909","3,545","3,971","3,545","10,85M","10,55%"
"01.07.2021","3,536","3,376","3,563","3,376","6,23M","5,57%"
"30.06.2021","3,349","3,465","3,536","3,287","10,10M","-2,33%"
"29.06.2021","3,429","3,465","3,678","3,412","13,78M","-1,03%"
"28.06.2021","3,465","3,234","3,474","3,234","10,13M","7,14%"
"25.06.2021","3,234","2,994","3,243","2,932","8,84M","4,30%"
"24.06.2021","3,101","2,994","3,127","2,950","8,26M","3,56%"
"23.06.2021","2,994","2,941","3,003","2,932","3,75M","1,81%"
"22.06.2021","2,941","2,825","2,950","2,754","8,42M","3,76%"
"18.06.2021","2,834","2,923","2,923","2,816","13,19M","-3,04%"
"17.06.2021","2,923","2,950","2,994","2,905","19,03M","-2,08%"
"16.06.2021","2,985","3,003","3,012","2,896","22,53M","0,00%"
"15.06.2021","2,985","2,985","3,012","2,870","15,53M","0,30%"
"14.06.2021","2,976","2,932","3,021","2,887","11,39M","2,45%"
"11.06.2021","2,905","2,932","2,959","2,852","15,52M","-0,91%"
"10.06.2021","2,932","2,825","2,941","2,816","15,93M","5,77%"
"09.06.2021","2,772","2,728","2,781","2,710","10,26M","1,30%"
"08.06.2021","2,736","2,816","2,843","2,710","6,05M","-2,84%"
"07.06.2021","2,816","2,861","2,896","2,807","6,21M","-0,63%"
"04.06.2021","2,834","2,825","2,843","2,754","6,96M","1,27%"
"03.06.2021","2,799","2,825","2,825","2,736","13,26M","-0,63%"
"02.06.2021","2,816","2,843","2,843","2,772","8,28M","0,63%"
"01.06.2021","2,799","2,710","2,816","2,701","13,12M","3,62%"
"31.05.2021","2,701","2,683","2,736","2,665","6,32M","0,66%"
"28.05.2021","2,683","2,648","2,710","2,630","16,66M","2,03%"
"27.05.2021","2,630","2,568","2,639","2,541","6,85M","3,14%"
"26.05.2021","2,550","2,568","2,568","2,470","5,50M","1,77%"
"21.05.2021","2,505","2,523","2,523","2,463","5,32M","-0,68%"
"20.05.2021","2,523","2,446","2,548","2,437","5,89M","3,15%"
"19.05.2021","2,446","2,428","2,471","2,326","6,54M","0,35%"
"18.05.2021","2,437","2,446","2,471","2,369","7,46M","-0,70%"
"17.05.2021","2,454","2,411","2,480","2,351","7,79M","2,14%"
"14.05.2021","2,403","2,403","2,437","2,377","9,12M","1,08%"
"13.05.2021","2,377","2,275","2,386","2,275","14,96M","5,70%"
"12.05.2021","2,249","2,198","2,257","2,155","4,16M","2,33%"
"11.05.2021","2,198","2,138","2,206","2,121","1,36M","1,18%"
"10.05.2021","2,172","2,223","2,232","2,138","3,86M","-1,17%"
"07.05.2021","2,198","2,155","2,206","2,146","5,41M","1,98%"
"06.05.2021","2,155","2,078","2,172","2,069","4,93M","3,28%"
"05.05.2021","2,086","2,086","2,095","2,061","1,24M","0,41%"
"04.05.2021","2,078","2,061","2,078","2,035","960,38K","0,83%"
"03.05.2021","2,061","2,078","2,112","2,052","1,42M","-0,82%"
"30.04.2021","2,078","2,052","2,095","2,035","2,11M","0,00%"
"29.04.2021","2,078","2,121","2,121","2,052","1,69M","-1,62%"
"28.04.2021","2,112","2,078","2,112","2,061","4,05M","1,65%"
"27.04.2021","2,078","2,078","2,086","2,052","2,96M","0,00%"
"26.04.2021","2,078","2,052","2,086","2,009","2,73M","1,67%"
"23.04.2021","2,044","2,052","2,061","2,018","526,63K","0,00%"
"22.04.2021","2,044","2,018","2,044","1,984","2,40M","1,70%"
"21.04.2021","2,009","2,018","2,018","1,967","1,47M","0,43%"
"20.04.2021","2,001","2,035","2,035","1,967","3,91M","-1,27%"
"19.04.2021","2,027","2,027","2,052","2,001","1,45M","0,42%"
"16.04.2021","2,018","1,984","2,018","1,933","683,42K","1,72%"
"15.04.2021","1,984","1,975","1,984","1,924","1,17M","0,43%"
"14.04.2021","1,975","2,035","2,035","1,975","1,82M","-2,53%"
"13.04.2021","2,027","2,035","2,035","1,958","2,40M","-0,42%"
"12.04.2021","2,035","2,078","2,078","2,009","2,08M","-2,06%"
"09.04.2021","2,078","2,078","2,086","2,044","481,05K","-0,41%"
"08.04.2021","2,086","2,112","2,138","2,061","1,76M","-1,21%"
"07.04.2021","2,112","2,095","2,121","2,052","3,43M","0,82%"
"06.04.2021","2,095","2,035","2,104","2,035","5,94M","2,94%"
"05.04.2021","2,035","2,035","2,095","2,009","1,69M","0,00%"
"31.03.2021","2,035","2,069","2,078","2,009","2,03M","-0,42%"
"30.03.2021","2,044","1,975","2,052","1,975","1,42M","3,46%"
"29.03.2021","1,975","1,984","2,052","1,941","3,93M","0,43%"
"26.03.2021","1,967","1,992","2,052","1,941","1,69M","-1,71%"
"25.03.2021","2,001","2,009","2,035","1,967","1,02M","-2,50%"
"23.03.2021","2,052","2,061","2,086","2,018","1,29M","-0,41%"
"22.03.2021","2,061","2,121","2,129","2,009","2,29M","-2,82%"
"19.03.2021","2,121","2,078","2,129","2,009","912,73K","2,90%"
"18.03.2021","2,061","2,172","2,172","2,061","1,52M","-4,74%"
"17.03.2021","2,163","2,180","2,180","2,121","669,15K","-0,39%"
"16.03.2021","2,172","2,172","2,172","2,129","2,22M","0,79%"
"15.03.2021","2,155","2,069","2,163","2,061","4,43M","5,44%"
"12.03.2021","2,044","2,027","2,061","1,984","3,54M","1,27%"
"11.03.2021","2,018","1,975","2,035","1,941","4,45M","3,51%"
"10.03.2021","1,950","1,992","1,992","1,941","4,53M","-0,87%"
"09.03.2021","1,967","2,018","2,027","1,941","3,22M","-1,29%"
"08.03.2021","1,992","2,052","2,069","1,967","1,95M","-2,51%"
"05.03.2021","2,044","2,078","2,129","2,035","2,17M","-2,45%"
"04.03.2021","2,095","2,104","2,129","2,069","977,75K","0,82%"
"03.03.2021","2,078","2,078","2,138","2,052","1,67M","-0,82%"
"02.03.2021","2,095","2,155","2,155","2,069","1,88M","-2,00%"
"01.03.2021","2,138","2,180","2,215","2,112","1,74M","-1,96%"
"26.02.2021","2,180","2,206","2,215","2,112","803,73K","-0,78%"
"25.02.2021","2,198","2,223","2,232","2,172","1,40M","0,00%"
"24.02.2021","2,198","2,104","2,249","2,104","2,38M","4,47%"
"23.02.2021","2,104","2,172","2,172","2,052","1,73M","-1,60%"
"22.02.2021","2,138","2,223","2,240","2,052","2,92M","-3,85%"
"19.02.2021","2,223","2,223","2,266","2,180","2,25M","0,00%"
"18.02.2021","2,223","2,206","2,240","2,180","3,51M","0,39%"
"17.02.2021","2,215","2,275","2,292","2,198","2,48M","-2,63%"
"12.02.2021","2,275","2,257","2,283","2,223","1,62M","1,53%"
"11.02.2021","2,240","2,309","2,334","2,223","2,36M","-2,24%"
"10.02.2021","2,292","2,326","2,351","2,283","1,71M","-1,83%"
"09.02.2021","2,334","2,326","2,377","2,266","5,15M","0,74%"
"08.02.2021","2,317","2,240","2,377","2,180","6,17M","3,44%"
"05.02.2021","2,240","2,326","2,326","2,223","4,21M","-3,32%"
"04.02.2021","2,317","2,283","2,326","2,266","5,96M","1,88%"
"03.02.2021","2,275","2,180","2,309","2,121","9,54M","5,56%"
"02.02.2021","2,155","2,104","2,180","2,078","6,56M","2,86%"
"01.02.2021","2,095","2,069","2,121","2,052","3,14M","1,24%"
"29.01.2021","2,069","2,061","2,129","2,052","7,03M","2,11%"
"28.01.2021","2,027","2,044","2,044","1,984","1,60M","0,42%"
"27.01.2021","2,018","2,018","2,035","1,958","1,93M","0,00%"
"26.01.2021","2,018","1,958","2,061","1,933","5,48M","3,51%"
"25.01.2021","1,950","1,950","1,992","1,898","2,09M","1,33%"
"22.01.2021","1,924","1,924","1,975","1,924","1,63M","0,00%"
"21.01.2021","1,924","2,009","2,018","1,907","2,64M","-3,43%"
"20.01.2021","1,992","2,044","2,044","1,967","1,43M","-0,85%"
"19.01.2021","2,009","2,001","2,027","1,992","1,03M","0,43%"
"18.01.2021","2,001","2,035","2,035","1,967","913,86K","-1,68%"
"15.01.2021","2,035","2,044","2,044","1,967","1,86M","0,00%"
"14.01.2021","2,035","2,035","2,052","1,984","2,13M","-0,42%"
"13.01.2021","2,044","2,069","2,069","2,027","1,68M","-0,42%"
"12.01.2021","2,052","2,052","2,069","1,924","3,03M","0,00%"
"11.01.2021","2,052","2,095","2,095","2,018","1,99M","-0,41%"
"08.01.2021","2,061","2,112","2,121","2,044","2,97M","-1,23%"
"07.01.2021","2,086","2,095","2,112","2,061","1,66M","-0,41%"
"06.01.2021","2,095","2,121","2,121","2,061","1,17M","0,82%"
"05.01.2021","2,078","2,104","2,104","2,009","1,94M","0,41%"
"04.01.2021","2,069","2,155","2,155","1,950","3,49M","-2,81%"
"30.12.2020","2,129","2,163","2,172","2,112","1,75M","-0,40%"
"29.12.2020","2,138","2,163","2,163","2,112","1,53M","-0,40%"
"28.12.2020","2,146","2,180","2,180","2,121","1,28M","-1,18%"
"23.12.2020","2,172","2,138","2,189","2,078","2,45M","3,25%"
"22.12.2020","2,104","2,086","2,129","2,078","2,67M","0,82%"
"21.12.2020","2,086","2,163","2,163","2,052","2,28M","-3,94%"
"18.12.2020","2,172","2,180","2,215","2,155","2,60M","-0,39%"
"17.12.2020","2,180","2,198","2,198","2,155","1,13M","-0,39%"
"16.12.2020","2,189","2,206","2,215","2,138","2,26M","0,00%"
"15.12.2020","2,189","2,172","2,189","2,129","4,10M","1,59%"
"14.12.2020","2,155","2,198","2,215","2,146","3,27M","-3,08%"
"11.12.2020","2,223","2,249","2,249","2,189","2,56M","-1,14%"
"10.12.2020","2,249","2,198","2,266","2,198","2,42M","1,54%"
"09.12.2020","2,215","2,317","2,317","2,215","3,04M","-4,07%"
"04.12.2020","2,309","2,334","2,369","2,309","2,87M","-1,10%"
"03.12.2020","2,334","2,351","2,386","2,317","3,54M","0,37%"
"02.12.2020","2,326","2,283","2,386","2,240","4,75M","2,64%"
"01.12.2020","2,266","2,266","2,275","2,215","2,88M","2,71%"
"30.11.2020","2,206","2,266","2,266","2,198","2,06M","-1,53%"
"27.11.2020","2,240","2,266","2,266","2,206","4,97M","0,00%"
"26.11.2020","2,240","2,249","2,266","2,198","1,98M","1,16%"
"25.11.2020","2,215","2,257","2,257","2,180","2,39M","-0,77%"
"24.11.2020","2,232","2,198","2,300","2,189","3,45M","2,35%"
"20.11.2020","2,180","2,206","2,223","2,172","1,39M","-1,16%"
"19.11.2020","2,206","2,240","2,240","2,172","1,89M","0,00%"
"18.11.2020","2,206","2,292","2,292","2,180","3,11M","-2,64%"
"17.11.2020","2,266","2,223","2,300","2,223","1,82M","-0,75%"
"16.11.2020","2,283","2,343","2,351","2,275","1,30M","-1,48%"
"13.11.2020","2,317","2,309","2,326","2,257","2,03M","1,50%"
"12.11.2020","2,283","2,309","2,309","2,223","2,72M","-1,48%"
"11.11.2020","2,317","2,411","2,420","2,275","3,47M","-2,87%"
"10.11.2020","2,386","2,377","2,411","2,309","3,32M","1,45%"
"09.11.2020","2,351","2,300","2,403","2,300","2,58M","3,77%"
"06.11.2020","2,266","2,249","2,275","2,189","1,63M","1,53%"
"05.11.2020","2,232","2,206","2,249","2,146","1,47M","2,35%"
"04.11.2020","2,180","2,249","2,257","2,180","1,37M","-1,54%"
"03.11.2020","2,215","2,155","2,266","2,155","3,23M","3,60%"
"02.11.2020","2,138","2,069","2,155","2,018","3,58M","5,04%"
"30.10.2020","2,035","2,121","2,138","2,027","4,52M","-2,46%"
"29.10.2020","2,086","2,052","2,146","2,035","3,82M","0,83%"
"28.10.2020","2,069","2,223","2,223","2,044","8,28M","-8,68%"
"27.10.2020","2,266","2,403","2,420","2,189","3,95M","-4,68%"
"26.10.2020","2,377","2,454","2,471","2,369","3,31M","-3,14%"
"23.10.2020","2,454","2,420","2,480","2,343","6,80M","1,41%"
"22.10.2020","2,420","2,471","2,471","2,386","3,96M","-0,70%"
"21.10.2020","2,437","2,420","2,480","2,394","5,10M","0,71%"
"20.10.2020","2,420","2,428","2,437","2,369","4,36M","1,07%"
"19.10.2020","2,394","2,317","2,437","2,317","6,81M","2,94%"
"16.10.2020","2,326","2,369","2,377","2,317","4,97M","-1,45%"
"15.10.2020","2,360","2,343","2,369","2,300","6,51M","1,47%"
"14.10.2020","2,326","2,309","2,360","2,309","4,20M","0,74%"
"13.10.2020","2,309","2,257","2,343","2,189","7,05M","3,05%"
"09.10.2020","2,240","2,283","2,300","2,198","5,17M","-0,76%"
"08.10.2020","2,257","2,232","2,292","2,180","4,30M","3,12%"
"07.10.2020","2,189","2,292","2,292","2,155","21,28M","-1,92%"
"06.10.2020","2,232","2,377","2,403","2,138","5,72M","-4,74%"
"05.10.2020","2,343","2,343","2,377","2,317","1,72M","1,11%"
"02.10.2020","2,317","2,283","2,334","2,223","1,85M","1,50%"
"01.10.2020","2,283","2,138","2,292","2,138","1,66M","5,53%"
"30.09.2020","2,163","2,223","2,300","2,138","2,60M","-2,32%"
"29.09.2020","2,215","2,292","2,343","2,163","3,79M","-3,00%"
"28.09.2020","2,283","2,351","2,394","2,266","2,33M","-2,91%"
"25.09.2020","2,351","2,369","2,377","2,309","930,45K","-0,36%"
"24.09.2020","2,360","2,326","2,394","2,309","1,88M","2,60%"
"23.09.2020","2,300","2,266","2,317","2,249","2,02M","0,75%"
"22.09.2020","2,283","2,240","2,309","2,240","2,28M","2,69%"
"21.09.2020","2,223","2,240","2,257","2,138","2,80M","-1,89%"
"18.09.2020","2,266","2,155","2,309","2,155","3,70M","2,71%"
"17.09.2020","2,206","2,275","2,292","2,129","4,23M","-5,49%"
"16.09.2020","2,334","2,437","2,437","2,309","6,65M","-6,19%"
"15.09.2020","2,488","2,557","2,557","2,446","3,61M","-2,35%"
"14.09.2020","2,548","2,642","2,642","2,531","2,86M","-3,56%"
"11.09.2020","2,642","2,676","2,676","2,565","3,94M","-1,28%"
"10.09.2020","2,676","2,676","2,702","2,651","3,13M","1,29%"
"09.09.2020","2,642","2,634","2,659","2,574","5,87M","0,32%"
"08.09.2020","2,634","2,651","2,651","2,540","4,19M","-0,65%"
"07.09.2020","2,651","2,608","2,676","2,582","4,94M","2,65%"
"04.09.2020","2,582","2,548","2,591","2,497","2,65M","1,34%"
"03.09.2020","2,548","2,599","2,634","2,480","3,38M","0,68%"
"02.09.2020","2,531","2,651","2,651","2,471","2,90M","-3,58%"
"01.09.2020","2,625","2,651","2,762","2,617","4,81M","-0,97%"
"31.08.2020","2,651","2,557","2,702","2,548","7,08M","4,38%"
"28.08.2020","2,540","2,343","2,565","2,309","8,39M","9,19%"
"27.08.2020","2,326","2,386","2,394","2,317","3,48M","-1,45%"
"26.08.2020","2,360","2,428","2,428","2,223","2,83M","-1,43%"
"25.08.2020","2,394","2,437","2,446","2,360","3,79M","-2,10%"
"24.08.2020","2,446","2,480","2,497","2,334","8,42M","3,87%"
"21.08.2020","2,355","2,348","2,479","2,320","17,19M","1,19%"
"20.08.2020","2,327","2,127","2,341","2,085","8,88M","9,77%"
"19.08.2020","2,120","2,071","2,127","2,065","8,24M","2,68%"
"18.08.2020","2,065","2,127","2,140","2,051","9,00M","-2,92%"
"14.08.2020","2,127","2,203","2,203","2,065","6,32M","-3,45%"
"13.08.2020","2,203","2,182","2,230","2,182","2,28M","1,59%"
"12.08.2020","2,168","2,299","2,320","2,071","7,21M","-5,99%"
"11.08.2020","2,306","2,361","2,396","2,279","4,81M","-2,62%"
"10.08.2020","2,368","2,348","2,451","2,348","8,95M","1,48%"
"07.08.2020","2,334","2,175","2,361","2,140","8,65M","7,30%"
"06.08.2020","2,175","2,189","2,189","2,154","2,60M","-0,94%"
"05.08.2020","2,196","2,237","2,244","2,161","3,83M","-1,24%"
"04.08.2020","2,223","2,258","2,306","2,168","12,07M","2,88%"
"03.08.2020","2,161","2,140","2,175","2,099","10,36M","3,30%"
"31.07.2020","2,092","2,078","2,099","2,044","4,43M","0,00%"
"30.07.2020","2,092","2,106","2,106","2,009","7,89M","-0,33%"
"29.07.2020","2,099","2,030","2,113","2,023","15,72M","3,75%"
"28.07.2020","2,023","1,940","2,134","1,899","19,65M","5,40%"
"27.07.2020","1,920","1,892","1,933","1,885","10,68M","2,21%"
"24.07.2020","1,878","1,816","1,885","1,816","5,79M","0,74%"
"23.07.2020","1,864","1,899","1,933","1,816","12,17M","-1,82%"
"22.07.2020","1,899","1,844","1,920","1,816","4,97M","3,00%"
"21.07.2020","1,844","1,830","1,864","1,823","4,13M","1,14%"
"20.07.2020","1,823","1,885","1,892","1,795","4,40M","-3,30%"
"17.07.2020","1,885","1,913","1,920","1,837","4,13M","-0,36%"
"16.07.2020","1,892","1,850","1,920","1,788","6,05M","2,24%"
"15.07.2020","1,850","1,795","1,871","1,761","10,74M","3,88%"
"14.07.2020","1,781","1,768","1,788","1,726","2,36M","1,57%"
"13.07.2020","1,754","1,761","1,781","1,733","6,28M","1,20%"
"08.07.2020","1,733","1,630","1,775","1,609","16,00M","7,73%"
"07.07.2020","1,609","1,602","1,623","1,574","5,82M","0,43%"
"06.07.2020","1,602","1,560","1,623","1,560","20,17M","4,04%"
"03.07.2020","1,540","1,547","1,547","1,505","2,03M","0,45%"
"02.07.2020","1,533","1,560","1,567","1,519","2,38M","0,00%"
"01.07.2020","1,533","1,526","1,554","1,498","4,23M","0,45%"
"30.06.2020","1,526","1,602","1,602","1,519","4,84M","-4,33%"
"29.06.2020","1,595","1,609","1,657","1,581","2,95M","-0,86%"
"26.06.2020","1,609","1,685","1,685","1,602","2,47M","-2,92%"
"25.06.2020","1,657","1,643","1,685","1,630","6,50M","2,56%"
"24.06.2020","1,616","1,636","1,636","1,574","4,74M","0,00%"
"23.06.2020","1,616","1,554","1,636","1,554","11,84M","4,46%"
"22.06.2020","1,547","1,560","1,588","1,512","6,09M","-0,88%"
"19.06.2020","1,560","1,498","1,567","1,498","8,58M","4,63%"
"18.06.2020","1,491","1,547","1,554","1,402","7,44M","-5,26%"
"17.06.2020","1,574","1,630","1,636","1,547","7,88M","0,88%"
"16.06.2020","1,560","1,587","1,653","1,554","4,19M","-4,84%"
"12.06.2020","1,640","1,646","1,686","1,627","10,59M","0,00%"
"11.06.2020","1,640","1,726","1,726","1,620","6,89M","-4,98%"
"10.06.2020","1,726","1,732","1,732","1,666","5,13M","0,38%"
"09.06.2020","1,719","1,765","1,765","1,693","8,64M","-1,89%"
"08.06.2020","1,752","1,719","1,765","1,706","17,09M","3,11%"
"05.06.2020","1,699","1,693","1,719","1,686","5,78M","1,98%"
"04.06.2020","1,666","1,746","1,746","1,640","6,30M","-3,45%"
"03.06.2020","1,726","1,746","1,772","1,713","4,86M","-0,38%"
"02.06.2020","1,732","1,719","1,759","1,706","5,30M","2,34%"
"01.06.2020","1,693","1,620","1,719","1,620","4,19M","3,64%"
"29.05.2020","1,633","1,653","1,686","1,620","5,05M","-2,37%"
"28.05.2020","1,673","1,726","1,726","1,653","8,81M","-3,07%"
"27.05.2020","1,726","1,805","1,805","1,686","11,09M","-4,04%"
"26.05.2020","1,799","1,865","1,884","1,779","7,15M","-3,20%"
"22.05.2020","1,858","1,871","1,891","1,832","8,01M","-0,71%"
"21.05.2020","1,871","1,871","1,918","1,785","10,57M","1,43%"
"20.05.2020","1,845","1,719","1,871","1,719","12,68M","7,72%"
"19.05.2020","1,713","1,600","1,732","1,594","15,27M","6,58%"
"18.05.2020","1,607","1,574","1,613","1,567","4,81M","3,40%"
"15.05.2020","1,554","1,554","1,567","1,521","3,96M","1,29%"
"14.05.2020","1,534","1,514","1,554","1,494","4,10M","0,87%"
"13.05.2020","1,521","1,574","1,580","1,501","5,88M","-4,56%"
"12.05.2020","1,594","1,600","1,633","1,580","6,74M","0,42%"
"11.05.2020","1,587","1,560","1,594","1,521","7,08M","2,56%"
"08.05.2020","1,547","1,527","1,580","1,527","7,81M","0,43%"
"07.05.2020","1,541","1,508","1,567","1,508","5,06M","2,64%"
"06.05.2020","1,501","1,435","1,521","1,428","7,44M","4,61%"
"05.05.2020","1,435","1,369","1,455","1,342","6,62M","6,90%"
"04.05.2020","1,342","1,322","1,349","1,217","3,67M","-0,49%"
"30.04.2020","1,349","1,408","1,422","1,342","4,88M","-3,32%"
"29.04.2020","1,395","1,415","1,455","1,322","7,23M","-0,47%"
"28.04.2020","1,402","1,289","1,408","1,289","10,25M","9,28%"
"27.04.2020","1,283","1,210","1,296","1,197","8,05M","6,59%"
"24.04.2020","1,203","1,223","1,223","1,184","6,52M","-1,62%"
"23.04.2020","1,223","1,217","1,230","1,177","6,83M","1,65%"
"22.04.2020","1,203","1,197","1,230","1,190","7,70M","1,68%"
"21.04.2020","1,184","1,111","1,190","1,098","7,95M","6,55%"
"20.04.2020","1,111","1,058","1,117","1,051","4,47M","4,35%"
"17.04.2020","1,065","1,031","1,071","1,012","6,44M","3,21%"
"16.04.2020","1,031","1,091","1,098","1,025","5,46M","-4,29%"
"15.04.2020","1,078","1,038","1,111","0,979","4,85M","3,16%"
"14.04.2020","1,045","1,012","1,058","1,005","7,65M","5,33%"
"13.04.2020","0,992","1,018","1,018","0,959","4,63M","-0,66%"
"08.04.2020","0,998","0,959","1,012","0,952","8,20M","5,59%"
"07.04.2020","0,946","0,959","0,985","0,926","4,41M","0,00%"
"06.04.2020","0,946","0,946","0,946","0,919","4,60M","2,88%"
"03.04.2020","0,919","0,939","0,952","0,906","2,86M","0,00%"
"02.04.2020","0,919","0,873","0,926","0,873","5,16M","5,30%"
"01.04.2020","0,873","0,846","0,873","0,827","2,88M","5,60%"
"30.03.2020","0,827","0,846","0,846","0,820","2,38M","0,00%"
"27.03.2020","0,827","0,860","0,860","0,813","4,14M","-4,58%"
"26.03.2020","0,866","0,893","0,899","0,846","8,64M","-0,76%"
"25.03.2020","0,873","0,893","0,912","0,846","14,41M","2,33%"
"20.03.2020","0,853","0,820","0,879","0,820","5,37M","3,20%"
"19.03.2020","0,827","0,807","0,860","0,793","6,45M","0,81%"
"18.03.2020","0,820","0,946","0,946","0,767","11,32M","-13,89%"
"17.03.2020","0,952","0,965","0,992","0,899","6,41M","0,00%"
"16.03.2020","0,952","1,051","1,051","0,939","5,28M","-13,77%"
"13.03.2020","1,104","1,157","1,177","1,084","5,26M","0,60%"
"12.03.2020","1,098","1,124","1,124","1,071","7,00M","-6,21%"
"11.03.2020","1,170","1,217","1,223","1,144","8,28M","-2,75%"
"10.03.2020","1,203","1,190","1,223","1,164","15,44M","7,69%"
"09.03.2020","1,117","1,223","1,230","1,098","14,85M","-17,16%"
"06.03.2020","1,349","1,402","1,402","1,342","5,00M","-3,77%"
"05.03.2020","1,402","1,428","1,455","1,389","2,43M","-1,85%"
"04.03.2020","1,428","1,408","1,435","1,389","1,79M","2,37%"
"03.03.2020","1,395","1,435","1,475","1,375","4,14M","-1,86%"
"02.03.2020","1,422","1,362","1,435","1,362","2,68M","3,37%"
"28.02.2020","1,375","1,422","1,422","1,329","3,49M","-3,26%"
"27.02.2020","1,422","1,422","1,441","1,402","3,11M","-1,38%"
"26.02.2020","1,441","1,468","1,494","1,422","7,30M","-6,84%"
"21.02.2020","1,547","1,514","1,560","1,494","5,11M","3,08%"
"20.02.2020","1,501","1,475","1,508","1,461","3,04M","1,79%"
"19.02.2020","1,475","1,468","1,494","1,455","3,71M","0,90%"
"18.02.2020","1,461","1,501","1,508","1,455","2,20M","-2,21%"
"17.02.2020","1,494","1,475","1,521","1,468","3,18M","2,73%"
"14.02.2020","1,455","1,448","1,508","1,428","3,41M","0,00%"
"13.02.2020","1,455","1,521","1,521","1,422","2,82M","-4,35%"
"12.02.2020","1,521","1,494","1,527","1,494","2,00M","1,32%"
"11.02.2020","1,501","1,547","1,547","1,488","2,60M","-2,99%"
"10.02.2020","1,547","1,587","1,587","1,527","2,64M","-1,68%"
"07.02.2020","1,574","1,580","1,594","1,567","1,66M","-0,42%"
"06.02.2020","1,580","1,600","1,607","1,560","1,82M","-0,42%"
"05.02.2020","1,587","1,587","1,600","1,567","2,45M","0,00%"
"04.02.2020","1,587","1,594","1,620","1,554","3,46M","0,42%"
"03.02.2020","1,580","1,574","1,620","1,554","3,23M","0,42%"
"31.01.2020","1,574","1,587","1,607","1,527","2,36M","0,00%"
"30.01.2020","1,574","1,620","1,620","1,554","2,93M","-1,24%"
"29.01.2020","1,594","1,633","1,633","1,594","5,25M","0,42%"
"28.01.2020","1,587","1,547","1,646","1,547","3,45M","2,56%"
"27.01.2020","1,547","1,607","1,607","1,508","5,90M","-4,10%"
"24.01.2020","1,613","1,673","1,686","1,594","6,35M","-3,17%"
"23.01.2020","1,666","1,699","1,719","1,653","2,60M","-1,56%"
"22.01.2020","1,693","1,679","1,699","1,646","4,05M","0,39%"
"21.01.2020","1,686","1,746","1,746","1,666","4,71M","-2,67%"
"20.01.2020","1,732","1,679","1,746","1,660","3,24M","2,75%"
"17.01.2020","1,686","1,746","1,785","1,646","9,43M","-3,41%"
"16.01.2020","1,746","1,719","1,752","1,699","7,32M","3,94%"
"15.01.2020","1,679","1,653","1,706","1,646","9,73M","2,01%"
"14.01.2020","1,646","1,653","1,686","1,587","8,13M","0,40%"
"13.01.2020","1,640","1,534","1,673","1,534","14,87M","5,08%"
"10.01.2020","1,560","1,488","1,574","1,475","9,38M","6,31%"
"09.01.2020","1,468","1,448","1,475","1,422","5,89M","3,26%"
"08.01.2020","1,422","1,441","1,475","1,415","6,49M","-2,27%"
"07.01.2020","1,455","1,508","1,514","1,455","5,70M","-2,22%"
"06.01.2020","1,488","1,435","1,501","1,415","7,28M","3,69%"
"03.01.2020","1,435","1,521","1,534","1,428","10,48M","-3,98%"
"02.01.2020","1,494","1,455","1,541","1,455","14,65M","2,73%"
"30.12.2019","1,455","1,422","1,455","1,389","13,71M","6,28%"
"27.12.2019","1,369","1,342","1,422","1,316","13,91M","4,55%"
"26.12.2019","1,309","1,256","1,316","1,256","10,13M","4,21%"
"23.12.2019","1,256","1,236","1,303","1,223","12,77M","1,06%"
"20.12.2019","1,243","1,256","1,276","1,223","6,83M","-0,53%"
"19.12.2019","1,250","1,210","1,263","1,210","7,17M","3,28%"
"18.12.2019","1,210","1,190","1,236","1,184","11,48M","1,67%"
"17.12.2019","1,190","1,217","1,243","1,137","7,29M","-1,64%"
"16.12.2019","1,210","1,203","1,230","1,197","4,75M","0,00%"
"13.12.2019","1,210","1,203","1,223","1,170","4,30M","1,67%"
"12.12.2019","1,190","1,190","1,210","1,170","885,03K","0,00%"
"11.12.2019","1,190","1,203","1,203","1,164","1,78M","0,00%"
"10.12.2019","1,190","1,236","1,250","1,164","2,33M","-3,23%"
"09.12.2019","1,230","1,236","1,256","1,217","4,81M","1,09%"
"06.12.2019","1,217","1,217","1,256","1,210","6,34M","1,10%"
"05.12.2019","1,203","1,197","1,210","1,170","3,31M","2,25%"
"04.12.2019","1,177","1,144","1,190","1,137","7,43M","2,89%"
"03.12.2019","1,144","1,131","1,151","1,111","2,33M","0,58%"
"02.12.2019","1,137","1,164","1,164","1,124","2,91M","-0,58%"
"29.11.2019","1,144","1,144","1,164","1,131","1,56M","0,00%"
"28.11.2019","1,144","1,144","1,164","1,131","873,17K","0,00%"
"27.11.2019","1,144","1,111","1,151","1,084","1,99M","4,22%"
"26.11.2019","1,098","1,124","1,151","1,084","1,96M","-2,35%"
"25.11.2019","1,124","1,124","1,151","1,104","2,71M","-1,16%"
"22.11.2019","1,137","1,170","1,170","1,111","2,13M","-1,15%"
"21.11.2019","1,151","1,157","1,184","1,124","1,59M","0,58%"
"20.11.2019","1,144","1,124","1,170","1,124","3,41M","3,59%"
"19.11.2019","1,104","1,131","1,137","1,084","2,39M","-1,76%"
"15.11.2019","1,124","1,144","1,151","1,078","2,38M","0,00%"
"14.11.2019","1,124","1,137","1,190","1,091","2,37M","-1,16%"
"13.11.2019","1,137","1,131","1,203","1,131","2,71M","-2,82%"
"12.11.2019","1,170","1,203","1,223","1,144","3,05M","-2,75%"
"11.11.2019","1,203","1,223","1,230","1,131","3,08M","-1,62%"
"08.11.2019","1,223","1,256","1,296","1,210","2,98M","-2,63%"
"07.11.2019","1,256","1,223","1,276","1,203","2,69M","2,70%"
"06.11.2019","1,223","1,256","1,276","1,190","1,72M","-2,63%"
"05.11.2019","1,256","1,289","1,316","1,210","4,20M","-2,06%"
"04.11.2019","1,283","1,256","1,296","1,230","5,15M","6,01%"
"01.11.2019","1,210","1,190","1,236","1,177","9,63M","3,39%"
"31.10.2019","1,170","1,144","1,217","1,144","8,52M","2,31%"
"30.10.2019","1,144","1,051","1,157","1,051","7,54M","10,19%"
"29.10.2019","1,038","0,998","1,045","0,992","4,05M","6,08%"
"28.10.2019","0,979","1,031","1,084","0,959","6,62M","-4,52%"
"25.10.2019","1,025","1,012","1,065","1,012","8,77M","1,31%"
"24.10.2019","1,012","1,038","1,038","0,992","6,74M","-2,55%"
"23.10.2019","1,038","1,084","1,084","1,018","5,63M","-3,09%"
"22.10.2019","1,071","1,098","1,104","1,058","7,15M","-1,82%"
"21.10.2019","1,091","1,124","1,124","1,084","8,21M","-2,94%"
"18.10.2019","1,124","1,124","1,131","1,071","4,78M","-0,58%"
"17.10.2019","1,131","1,117","1,137","1,104","5,82M","1,18%"
"16.10.2019","1,117","1,045","1,144","1,045","15,86M","6,96%"
"15.10.2019","1,045","1,058","1,058","1,018","1,94M","-0,63%"
"11.10.2019","1,051","1,071","1,078","1,045","3,54M","-1,24%"
"10.10.2019","1,065","1,058","1,078","1,045","5,13M","0,63%"
"09.10.2019","1,058","1,071","1,084","1,045","1,62M","0,00%"
"08.10.2019","1,058","1,058","1,078","1,025","5,02M","1,91%"
"07.10.2019","1,038","1,058","1,065","1,031","4,48M","-0,63%"
"04.10.2019","1,045","1,058","1,058","1,031","1,96M","0,00%"
"03.10.2019","1,045","1,045","1,065","1,038","1,63M","0,00%"
"02.10.2019","1,045","1,058","1,071","1,038","3,25M","-1,25%"
"01.10.2019","1,058","1,078","1,091","1,038","2,23M","-0,62%"
"30.09.2019","1,065","1,065","1,078","1,038","1,16M","0,63%"
"27.09.2019","1,058","1,071","1,078","1,038","3,44M","1,27%"
"26.09.2019","1,045","1,065","1,084","1,038","7,34M","-1,25%"
"25.09.2019","1,058","1,025","1,071","0,998","4,13M","1,91%"
"24.09.2019","1,038","1,091","1,091","1,025","5,32M","-5,99%"
"23.09.2019","1,104","1,151","1,164","1,084","3,72M","-3,47%"
"20.09.2019","1,144","1,190","1,203","1,137","4,68M","-2,81%"
"19.09.2019","1,177","1,124","1,184","1,124","9,24M","4,09%"
"18.09.2019","1,131","1,098","1,144","1,038","5,57M","4,27%"
"17.09.2019","1,084","1,084","1,104","1,058","6,62M","1,23%"
"16.09.2019","1,071","1,038","1,111","1,038","12,37M","3,85%"
"13.09.2019","1,031","0,926","1,038","0,912","21,88M","13,04%"
"12.09.2019","0,912","0,879","0,919","0,873","4,09M","3,76%"
"11.09.2019","0,879","0,873","0,893","0,853","3,40M","0,76%"
"10.09.2019","0,873","0,853","0,886","0,840","2,76M","2,33%"
"09.09.2019","0,853","0,846","0,866","0,833","4,14M","1,57%"
"06.09.2019","0,840","0,860","0,886","0,820","13,79M","-0,78%"
"05.09.2019","0,846","0,780","0,873","0,780","6,95M","9,40%"
"04.09.2019","0,774","0,774","0,807","0,760","17,19M","0,86%"
"03.09.2019","0,767","0,767","0,800","0,741","6,34M","-3,33%"
"02.09.2019","0,793","0,780","0,827","0,760","8,30M","6,19%"
"30.08.2019","0,747","0,754","0,767","0,714","9,12M","2,73%"
"29.08.2019","0,727","0,734","0,760","0,721","4,67M","-4,35%"
"28.08.2019","0,760","0,774","0,787","0,734","5,80M","-0,86%"
"27.08.2019","0,767","0,800","0,813","0,741","4,93M","-6,45%"
"26.08.2019","0,820","0,820","0,840","0,807","1,87M","-0,80%"
"23.08.2019","0,827","0,866","0,879","0,820","3,55M","-4,58%"
"22.08.2019","0,866","0,879","0,906","0,866","4,18M","-0,76%"
"21.08.2019","0,873","0,893","0,906","0,860","5,24M","-0,75%"
"20.08.2019","0,879","0,873","0,899","0,833","5,77M","-3,62%"
"16.08.2019","0,912","0,919","0,946","0,893","11,22M","4,55%"
"15.08.2019","0,873","0,840","0,893","0,833","12,65M","9,09%"
"14.08.2019","0,800","0,893","0,926","0,760","12,77M","-8,33%"
"13.08.2019","0,873","0,919","0,992","0,846","11,06M","0,76%"
"12.08.2019","0,866","1,058","1,058","0,860","14,74M","-28,02%"
"09.08.2019","1,203","1,190","1,236","1,137","5,01M","2,25%"
"08.08.2019","1,177","1,230","1,243","1,151","3,92M","-2,73%"
"07.08.2019","1,210","1,256","1,256","1,203","4,88M","-3,68%"
"06.08.2019","1,256","1,289","1,303","1,256","2,89M","-1,04%"
"05.08.2019","1,270","1,223","1,296","1,190","7,60M","3,62%"
"02.08.2019","1,225","1,206","1,229","1,175","3,74M","1,94%"
"01.08.2019","1,202","1,210","1,245","1,194","8,44M","0,98%"
"31.07.2019","1,190","1,147","1,210","1,144","12,51M","5,52%"
"30.07.2019","1,128","1,132","1,163","1,124","4,18M","0,00%"
"29.07.2019","1,128","1,132","1,147","1,109","4,94M","0,69%"
"26.07.2019","1,120","1,112","1,144","1,109","5,39M","0,35%"
"25.07.2019","1,116","1,147","1,147","1,105","2,60M","-1,03%"
"24.07.2019","1,128","1,147","1,163","1,128","1,71M","-1,36%"
"23.07.2019","1,144","1,109","1,147","1,097","12,66M","2,80%"
"22.07.2019","1,112","1,128","1,132","1,105","6,14M","-1,72%"
"19.07.2019","1,132","1,151","1,155","1,128","2,19M","-1,69%"
"18.07.2019","1,151","1,167","1,186","1,136","4,69M","-2,31%"
"17.07.2019","1,179","1,190","1,210","1,175","3,34M","-0,98%"
"16.07.2019","1,190","1,206","1,206","1,182","7,05M","-0,33%"
"15.07.2019","1,194","1,229","1,237","1,190","5,46M","-2,54%"
"12.07.2019","1,225","1,245","1,252","1,214","4,87M","0,32%"
"11.07.2019","1,221","1,206","1,225","1,198","5,08M","0,96%"
"10.07.2019","1,210","1,225","1,229","1,190","1,27M","0,00%"
"05.07.2019","1,210","1,217","1,229","1,202","1,45M","-0,64%"
"04.07.2019","1,217","1,229","1,229","1,206","1,09M","0,97%"
"03.07.2019","1,206","1,225","1,229","1,194","3,15M","-1,59%"
"02.07.2019","1,225","1,233","1,237","1,217","1,79M","0,00%"
"01.07.2019","1,225","1,252","1,252","1,221","4,61M","0,64%"
"28.06.2019","1,217","1,221","1,237","1,206","5,49M","1,62%"
"27.06.2019","1,198","1,202","1,225","1,194","4,56M","0,00%"
"26.06.2019","1,198","1,206","1,221","1,190","5,55M","0,33%"
"25.06.2019","1,194","1,186","1,206","1,167","6,85M","0,33%"
"24.06.2019","1,190","1,221","1,221","1,182","2,53M","-1,61%"
"21.06.2019","1,210","1,225","1,225","1,202","4,31M","0,32%"
"19.06.2019","1,206","1,245","1,249","1,206","4,90M","-3,12%"
"18.06.2019","1,245","1,252","1,260","1,225","7,43M","0,00%"
"14.06.2019","1,245","1,245","1,272","1,214","9,52M","1,27%"
"13.06.2019","1,229","1,167","1,252","1,147","16,61M","5,69%"
"12.06.2019","1,163","1,167","1,179","1,147","9,21M","2,40%"
"11.06.2019","1,136","1,136","1,147","1,112","6,49M","2,46%"
"10.06.2019","1,109","1,109","1,140","1,105","1,19M","0,00%"
"07.06.2019","1,109","1,112","1,136","1,097","1,78M","0,00%"
"06.06.2019","1,109","1,147","1,147","1,101","4,15M","-0,35%"
"05.06.2019","1,112","1,147","1,167","1,105","7,09M","-1,72%"
"04.06.2019","1,132","1,147","1,147","1,128","1,33M","0,34%"
"03.06.2019","1,128","1,128","1,151","1,109","3,04M","-0,68%"
"31.05.2019","1,136","1,167","1,171","1,124","1,61M","-0,34%"
"30.05.2019","1,140","1,147","1,179","1,136","1,10M","-0,68%"
"29.05.2019","1,147","1,167","1,167","1,144","1,73M","-2,64%"
"28.05.2019","1,179","1,194","1,198","1,167","3,43M","-0,98%"
"27.05.2019","1,190","1,194","1,202","1,175","3,37M","1,32%"
"24.05.2019","1,175","1,140","1,182","1,128","4,08M","4,14%"
"23.05.2019","1,128","1,128","1,132","1,109","1,20M","-0,34%"
"22.05.2019","1,132","1,179","1,179","1,120","3,70M","-1,36%"
"21.05.2019","1,147","1,155","1,162","1,136","5,43M","1,67%"
"20.05.2019","1,129","1,136","1,147","1,117","2,48M","-0,33%"
"17.05.2019","1,132","1,147","1,174","1,110","3,96M","-1,31%"
"16.05.2019","1,147","1,166","1,181","1,144","5,34M","0,99%"
"15.05.2019","1,136","1,106","1,162","1,098","4,59M","4,14%"
"14.05.2019","1,091","1,098","1,110","1,083","2,07M","1,05%"
"13.05.2019","1,080","1,091","1,106","1,072","2,52M","-1,37%"
"10.05.2019","1,095","1,117","1,140","1,095","1,03M","-2,02%"
"09.05.2019","1,117","1,121","1,151","1,095","2,09M","-0,67%"
"08.05.2019","1,125","1,098","1,166","1,098","5,14M","2,75%"
"07.05.2019","1,095","1,091","1,106","1,072","1,98M","-0,68%"
"06.05.2019","1,102","1,083","1,114","1,076","3,87M","1,03%"
"03.05.2019","1,091","1,076","1,102","1,068","4,77M","2,47%"
"02.05.2019","1,065","1,065","1,072","1,042","1,76M","0,35%"
"30.04.2019","1,061","1,027","1,072","1,012","1,25M","4,06%"
"29.04.2019","1,019","1,031","1,053","1,004","2,47M","-1,45%"
"26.04.2019","1,035","1,098","1,110","1,023","2,30M","-1,43%"
"25.04.2019","1,050","0,997","1,091","0,959","4,57M","4,10%"
"24.04.2019","1,008","1,053","1,053","1,001","4,51M","-4,96%"
"23.04.2019","1,061","1,068","1,091","1,053","1,43M","0,36%"
"22.04.2019","1,057","1,087","1,087","1,019","5,77M","-3,10%"
"17.04.2019","1,091","1,129","1,147","1,087","2,17M","-2,68%"
"16.04.2019","1,121","1,129","1,147","1,110","2,71M","1,36%"
"15.04.2019","1,106","1,129","1,129","1,091","1,69M","0,00%"
"12.04.2019","1,106","1,129","1,129","1,091","1,55M","-1,01%"
"11.04.2019","1,117","1,132","1,147","1,106","2,63M","-1,33%"
"10.04.2019","1,132","1,140","1,151","1,129","1,37M","0,00%"
"09.04.2019","1,132","1,174","1,174","1,102","10,10M","-2,27%"
"08.04.2019","1,159","1,166","1,170","1,155","3,19M","0,00%"
"05.04.2019","1,159","1,181","1,189","1,155","3,25M","-0,65%"
"04.04.2019","1,166","1,174","1,193","1,159","3,36M","-0,96%"
"03.04.2019","1,177","1,189","1,223","1,162","3,22M","-2,80%"
"01.04.2019","1,211","1,260","1,272","1,204","1,51M","-3,01%"
"29.03.2019","1,249","1,241","1,283","1,238","4,07M","1,22%"
"28.03.2019","1,234","1,166","1,238","1,166","2,78M","6,15%"
"27.03.2019","1,162","1,170","1,170","1,140","2,57M","-0,96%"
"26.03.2019","1,174","1,193","1,200","1,162","3,62M","-1,27%"
"25.03.2019","1,189","1,200","1,219","1,189","1,55M","-0,94%"
"22.03.2019","1,200","1,230","1,238","1,196","4,92M","-3,92%"
"21.03.2019","1,249","1,290","1,294","1,241","2,70M","-2,35%"
"20.03.2019","1,279","1,328","1,335","1,279","4,81M","-2,86%"
"19.03.2019","1,317","1,283","1,335","1,283","17,14M","5,42%"
"18.03.2019","1,249","1,253","1,287","1,249","5,42M","-0,30%"
"15.03.2019","1,253","1,260","1,272","1,226","3,25M","0,30%"
"14.03.2019","1,249","1,272","1,272","1,241","1,28M","-0,60%"
"13.03.2019","1,256","1,226","1,272","1,215","2,89M","2,45%"
"12.03.2019","1,226","1,196","1,290","1,196","3,16M","2,52%"
"11.03.2019","1,196","1,174","1,230","1,174","1,62M","-0,31%"
"08.03.2019","1,200","1,196","1,230","1,193","2,61M","0,31%"
"07.03.2019","1,196","1,200","1,200","1,147","2,74M","0,63%"
"06.03.2019","1,189","1,226","1,238","1,174","4,44M","-2,77%"
"01.03.2019","1,223","1,241","1,253","1,215","2,02M","-1,22%"
"28.02.2019","1,238","1,275","1,275","1,226","2,63M","-1,79%"
"27.02.2019","1,260","1,268","1,287","1,249","2,52M","-0,59%"
"26.02.2019","1,268","1,298","1,298","1,260","2,08M","-0,30%"
"25.02.2019","1,272","1,287","1,302","1,272","1,32M","-0,88%"
"22.02.2019","1,283","1,287","1,290","1,268","2,45M","0,59%"
"21.02.2019","1,275","1,298","1,298","1,272","2,90M","-0,29%"
"20.02.2019","1,279","1,275","1,313","1,275","4,63M","-0,87%"
"19.02.2019","1,290","1,332","1,332","1,287","7,04M","-2,28%"
"18.02.2019","1,320","1,328","1,335","1,309","6,79M","0,29%"
"15.02.2019","1,317","1,339","1,373","1,309","5,74M","-1,96%"
"14.02.2019","1,343","1,294","1,347","1,287","8,77M","3,78%"
"13.02.2019","1,294","1,313","1,313","1,287","3,48M","-0,29%"
"12.02.2019","1,298","1,302","1,317","1,290","5,12M","0,29%"
"11.02.2019","1,294","1,287","1,309","1,287","2,18M","0,58%"
"08.02.2019","1,287","1,279","1,294","1,260","5,94M","1,48%"
"07.02.2019","1,268","1,287","1,298","1,260","4,74M","-1,75%"
"06.02.2019","1,290","1,324","1,332","1,287","5,23M","-2,28%"
"05.02.2019","1,320","1,309","1,343","1,302","4,14M","-0,57%"
"04.02.2019","1,328","1,339","1,358","1,324","6,22M","-0,56%"
"01.02.2019","1,335","1,313","1,366","1,309","7,38M","2,31%"
"31.01.2019","1,305","1,283","1,354","1,264","43,46M","2,36%"
"30.01.2019","1,275","1,279","1,317","1,272","8,64M","-0,29%"
"29.01.2019","1,279","1,272","1,298","1,264","3,69M","0,89%"
"28.01.2019","1,268","1,279","1,294","1,260","4,41M","-2,88%"
"25.01.2019","1,305","1,358","1,366","1,305","4,21M","-2,25%"
"24.01.2019","1,335","1,320","1,366","1,320","3,31M","-0,56%"
"23.01.2019","1,343","1,332","1,384","1,302","4,36M","0,56%"
"22.01.2019","1,335","1,396","1,396","1,317","2,38M","-4,31%"
"21.01.2019","1,396","1,396","1,418","1,388","3,51M","0,54%"
"18.01.2019","1,388","1,366","1,399","1,358","8,58M","3,07%"
"17.01.2019","1,347","1,272","1,351","1,272","5,06M","5,29%"
"16.01.2019","1,279","1,279","1,294","1,275","2,46M","1,49%"
"15.01.2019","1,260","1,298","1,302","1,249","2,56M","-2,33%"
"14.01.2019","1,290","1,320","1,320","1,279","2,82M","-2,00%"
"11.01.2019","1,317","1,287","1,320","1,287","1,50M","0,00%"
"10.01.2019","1,317","1,328","1,328","1,294","2,79M","-0,28%"
"09.01.2019","1,320","1,320","1,343","1,317","2,61M","0,00%"
"08.01.2019","1,320","1,317","1,335","1,290","3,35M","0,29%"
"07.01.2019","1,317","1,313","1,324","1,302","3,72M","1,16%"
"04.01.2019","1,302","1,279","1,305","1,264","6,92M","4,53%"
"03.01.2019","1,245","1,279","1,279","1,241","3,50M","-2,65%"
"02.01.2019","1,279","1,256","1,290","1,226","2,66M","1,80%"