"Fecha","Último","Apertura","Máximo","Mínimo","Vol.","% var."
"30.06.2025","191,75","198,00","199,00","190,50","7,68M","-3,28%"
"27.06.2025","198,25","199,00","200,75","196,00","4,19M","-0,38%"
"26.06.2025","199,00","200,00","202,00","197,50","5,34M","-0,50%"
"25.06.2025","200,00","202,50","202,50","195,00","1,78M","-1,48%"
"24.06.2025","203,00","196,50","204,25","196,50","6,68M","3,70%"
"23.06.2025","195,75","198,00","200,00","190,00","5,93M","-2,37%"
"19.06.2025","200,50","198,00","203,00","196,00","3,95M","1,13%"
"18.06.2025","198,25","204,00","205,00","197,00","3,87M","-2,34%"
"17.06.2025","203,00","202,00","204,00","193,00","7,52M","0,62%"
"13.06.2025","201,75","212,25","213,75","200,00","10,36M","-4,95%"
"12.06.2025","212,25","209,00","215,00","201,00","12,73M","1,80%"
"11.06.2025","208,50","208,75","210,75","206,50","7,40M","-0,12%"
"10.06.2025","208,75","203,00","212,00","203,00","5,70M","2,96%"
"09.06.2025","202,75","208,50","210,00","202,00","3,04M","-3,45%"
"06.06.2025","210,00","206,75","212,00","203,00","2,67M","1,69%"
"05.06.2025","206,50","202,50","207,50","201,00","7,15M","0,98%"
"04.06.2025","204,50","208,50","213,50","203,00","8,35M","-1,92%"
"03.06.2025","208,50","211,00","220,00","204,00","3,87M","-1,18%"
"02.06.2025","211,00","220,00","222,00","209,50","5,09M","-3,98%"
"30.05.2025","219,75","222,00","222,00","215,50","5,65M","-1,01%"
"29.05.2025","222,00","219,00","223,00","216,00","21,33M","1,60%"
"28.05.2025","218,50","220,00","223,75","203,00","14,73M","-1,02%"
"27.05.2025","220,75","222,00","225,00","217,00","19,21M","1,15%"
"26.05.2025","218,25","213,25","220,00","211,50","13,38M","3,80%"
"23.05.2025","210,25","201,00","211,50","199,50","18,98M","4,21%"
"22.05.2025","201,75","198,00","205,25","197,00","12,21M","1,89%"
"21.05.2025","198,00","203,50","206,00","194,25","10,33M","-2,58%"
"20.05.2025","203,25","204,50","206,00","202,25","9,66M","-0,37%"
"19.05.2025","204,00","205,50","208,50","203,50","11,86M","0,49%"
"16.05.2025","203,00","204,50","207,00","201,75","11,49M","0,00%"
"15.05.2025","203,00","200,00","205,00","199,00","24,94M","-0,12%"
"14.05.2025","203,25","197,75","205,00","195,75","42,01M","3,44%"
"13.05.2025","196,50","194,50","198,75","192,75","15,25M","0,90%"
"12.05.2025","194,75","192,00","196,25","190,50","10,55M","2,91%"
"09.05.2025","189,25","194,50","195,00","187,50","10,98M","-1,05%"
"08.05.2025","191,25","198,50","198,50","189,50","5,11M","-3,53%"
"07.05.2025","198,25","202,50","202,50","195,25","2,99M","-0,75%"
"06.05.2025","199,75","196,00","200,75","194,00","3,74M","2,30%"
"05.05.2025","195,25","199,00","199,00","194,25","2,64M","-1,88%"
"30.04.2025","199,00","204,50","210,50","197,00","4,06M","-3,40%"
"29.04.2025","206,00","203,00","210,50","197,50","6,05M","1,60%"
"28.04.2025","202,75","205,00","209,00","202,00","4,03M","-1,46%"
"25.04.2025","205,75","210,00","211,75","200,75","3,82M","-1,08%"
"24.04.2025","208,00","215,75","215,75","205,00","10,57M","-1,30%"
"23.04.2025","210,75","205,00","213,00","205,00","13,61M","2,93%"
"22.04.2025","204,75","195,50","207,25","195,50","37,91M","4,33%"
"21.04.2025","196,25","202,00","202,00","190,50","9,55M","-4,15%"
"16.04.2025","204,75","220,00","222,50","203,00","5,46M","-5,32%"
"15.04.2025","216,25","221,00","224,50","215,00","4,31M","-2,26%"
"14.04.2025","221,25","234,00","235,00","212,50","25,87M","-5,54%"
"11.04.2025","234,23","234,98","237,48","228,48","16,03M","3,54%"
"10.04.2025","226,23","228,48","239,73","212,48","11,36M","-1,84%"
"09.04.2025","230,48","207,48","223,98","192,98","10,15M","10,95%"
"08.04.2025","207,73","220,98","230,48","199,48","10,34M","-3,03%"
"07.04.2025","214,23","202,98","217,98","199,98","7,13M","0,12%"
"04.04.2025","213,98","211,98","214,98","201,23","6,41M","-1,50%"
"03.04.2025","217,23","218,98","220,48","213,98","1,78M","-1,59%"
"01.04.2025","220,73","223,48","226,98","219,98","2,92M","-1,12%"
"31.03.2025","223,23","219,98","229,48","215,48","9,97M","0,00%"
"28.03.2025","223,23","224,48","224,48","218,23","9,13M","0,45%"
"27.03.2025","222,23","218,48","224,73","218,48","17,60M","2,89%"
"26.03.2025","215,98","219,98","222,98","213,48","4,95M","-1,82%"
"25.03.2025","219,98","220,23","222,98","218,98","6,10M","0,57%"
"21.03.2025","218,73","217,98","219,98","212,48","11,72M","0,57%"
"20.03.2025","217,48","220,98","224,98","215,48","4,20M","-2,03%"
"19.03.2025","221,98","220,48","222,98","214,98","6,27M","1,49%"
"18.03.2025","218,73","221,98","224,73","216,73","7,04M","-2,67%"
"17.03.2025","224,73","222,98","228,23","222,48","5,65M","0,33%"
"14.03.2025","223,98","220,73","227,48","220,73","5,11M","1,70%"
"13.03.2025","220,23","224,23","232,48","217,98","7,17M","-2,00%"
"12.03.2025","224,73","222,98","226,98","222,48","9,28M","1,01%"
"11.03.2025","222,48","224,98","233,48","217,98","2,93M","-1,22%"
"10.03.2025","225,23","233,23","234,23","220,48","3,79M","-4,15%"
"07.03.2025","234,98","244,98","248,48","232,48","4,79M","-1,98%"
"06.03.2025","239,73","239,98","247,48","237,98","6,92M","0,74%"
"05.03.2025","237,98","217,98","241,48","212,48","3,84M","9,93%"
"28.02.2025","216,48","218,48","225,98","212,98","3,75M","-1,59%"
"27.02.2025","219,98","234,48","236,98","219,98","5,15M","-5,78%"
"26.02.2025","233,48","235,73","238,98","231,98","3,44M","-0,74%"
"25.02.2025","235,23","243,98","244,48","226,98","4,42M","-3,19%"
"24.02.2025","242,98","232,73","244,48","227,48","6,91M","4,63%"
"21.02.2025","232,23","222,73","233,23","222,73","7,71M","4,97%"
"20.02.2025","221,23","217,73","223,23","216,73","3,96M","1,61%"
"19.02.2025","217,73","219,98","221,98","215,48","6,36M","-0,80%"
"18.02.2025","219,48","212,48","220,48","212,48","16,19M","2,09%"
"17.02.2025","214,98","221,48","224,48","212,48","11,10M","-4,66%"
"14.02.2025","225,48","225,73","231,48","220,48","4,89M","0,22%"
"13.02.2025","224,98","217,98","225,98","217,98","7,14M","2,86%"
"12.02.2025","218,73","218,73","224,98","211,98","11,50M","0,00%"
"11.02.2025","218,73","230,73","232,48","211,23","15,39M","-5,20%"
"10.02.2025","230,73","232,48","232,48","222,48","7,28M","0,33%"
"07.02.2025","229,98","240,23","240,98","223,48","9,30M","-4,17%"
"06.02.2025","239,98","237,48","241,73","235,98","4,65M","0,52%"
"05.02.2025","238,73","243,48","243,48","236,48","4,36M","-1,44%"
"04.02.2025","242,23","239,23","242,73","235,98","5,09M","1,47%"
"03.02.2025","238,73","245,98","245,98","234,98","4,57M","-3,44%"
"31.01.2025","247,23","250,48","250,98","244,98","3,33M","-0,20%"
"30.01.2025","247,73","247,48","250,98","245,23","6,34M","0,30%"
"29.01.2025","246,98","247,98","249,48","242,48","5,58M","0,30%"
"28.01.2025","246,23","244,98","256,98","241,48","11,56M","-0,81%"
"27.01.2025","248,23","249,98","259,48","242,48","4,68M","-4,52%"
"24.01.2025","259,98","262,98","264,48","247,48","14,98M","0,19%"
"23.01.2025","259,48","259,98","261,48","252,98","16,48M","0,39%"
"22.01.2025","258,48","252,48","260,48","246,48","9,93M","3,40%"
"21.01.2025","249,98","242,48","254,98","234,98","7,81M","5,15%"
"20.01.2025","237,73","234,98","239,98","234,48","3,46M","2,70%"
"17.01.2025","231,48","237,48","241,98","229,98","7,69M","-2,63%"
"16.01.2025","237,73","244,98","244,98","234,98","5,16M","-2,86%"
"15.01.2025","244,73","248,98","249,98","237,98","10,58M","-0,81%"
"14.01.2025","246,73","245,73","251,98","242,73","10,82M","0,82%"
"13.01.2025","244,73","254,98","259,98","242,73","4,83M","-4,77%"
"10.01.2025","256,98","254,98","258,48","248,73","9,75M","0,00%"
"09.01.2025","256,98","259,98","261,48","254,98","6,54M","-0,39%"
"08.01.2025","257,98","261,98","264,48","244,98","13,86M","-1,34%"
"07.01.2025","261,48","266,98","270,98","257,48","17,15M","-1,69%"
"06.01.2025","265,98","252,48","267,48","252,48","18,44M","3,70%"
"03.01.2025","256,48","259,98","262,48","251,98","20,85M","-0,58%"
"02.01.2025","257,98","249,98","269,98","249,98","27,11M","-45,29%"
"31.12.2024","471,50","483,00","492,00","460,50","2,38M","100,02%"
"30.12.2024","235,73","241,48","245,98","230,23","4,77M","-2,28%"
"27.12.2024","241,23","249,73","254,48","237,48","16,17M","-2,82%"
"26.12.2024","248,23","240,48","251,98","240,48","13,36M","3,87%"
"24.12.2024","238,98","230,48","244,98","230,48","5,65M","3,46%"
"23.12.2024","230,98","216,98","244,98","211,98","10,91M","7,82%"
"20.12.2024","214,23","213,23","215,48","203,98","11,00M","1,06%"
"19.12.2024","211,98","217,73","219,48","204,98","12,65M","-2,64%"
"18.12.2024","217,73","219,48","223,98","215,98","16,46M","1,04%"
"17.12.2024","215,48","214,98","224,98","211,73","18,53M","1,89%"
"16.12.2024","211,48","199,48","217,48","199,48","22,79M","6,95%"
"13.12.2024","197,73","190,99","198,48","187,74","13,35M","4,90%"
"12.12.2024","188,49","184,99","189,74","184,49","12,10M","2,45%"
"11.12.2024","183,99","180,99","184,99","179,74","19,92M","2,08%"
"10.12.2024","180,24","181,99","184,49","179,99","5,54M","-0,55%"
"09.12.2024","181,24","184,49","185,99","177,49","7,88M","-0,96%"
"06.12.2024","182,99","186,49","186,49","180,99","6,66M","-0,27%"
"05.12.2024","183,49","184,99","187,99","180,99","8,28M","-0,68%"
"04.12.2024","184,74","188,99","192,48","181,24","12,82M","-2,12%"
"03.12.2024","188,74","186,24","193,98","185,99","38,15M","2,03%"
"02.12.2024","184,99","181,99","189,49","180,99","13,87M","1,93%"
"29.11.2024","181,49","179,99","183,99","178,99","12,50M","1,26%"
"28.11.2024","179,24","179,99","181,99","176,74","7,93M","-0,42%"
"27.11.2024","179,99","183,99","184,99","176,49","17,88M","-1,23%"
"26.11.2024","182,24","182,49","185,49","180,24","21,53M","0,28%"
"25.11.2024","181,74","184,99","188,24","173,49","49,37M","-0,55%"
"22.11.2024","182,74","175,24","187,49","172,49","8,83M","4,28%"
"21.11.2024","175,24","177,49","184,49","173,49","8,58M","-0,99%"
"20.11.2024","176,99","177,49","179,49","172,49","10,53M","0,43%"
"19.11.2024","176,24","179,99","179,99","171,49","10,21M","2,47%"
"15.11.2024","171,99","173,99","183,49","167,99","24,78M","0,58%"
"14.11.2024","170,99","167,99","172,24","162,49","9,11M","2,09%"
"13.11.2024","167,49","168,49","170,99","165,49","7,26M","-0,45%"
"12.11.2024","168,24","164,99","169,49","160,49","5,73M","2,75%"
"11.11.2024","163,74","162,74","167,24","154,99","3,19M","0,92%"
"08.11.2024","162,24","171,99","174,49","159,99","5,89M","-5,39%"
"07.11.2024","171,49","167,74","177,99","166,49","10,78M","3,16%"
"06.11.2024","166,24","169,99","172,24","165,99","6,01M","0,30%"
"05.11.2024","165,74","166,99","170,49","164,49","6,92M","-0,75%"
"04.11.2024","166,99","157,49","168,49","156,74","7,58M","5,36%"
"01.11.2024","158,49","153,99","161,99","153,99","4,25M","2,09%"
"31.10.2024","155,24","151,99","156,49","151,24","2,30M","2,14%"
"30.10.2024","151,99","154,99","157,99","151,24","3,90M","-1,62%"
"29.10.2024","154,49","157,74","157,74","152,99","4,88M","-0,32%"
"28.10.2024","154,99","159,49","160,99","153,99","4,55M","-2,82%"
"25.10.2024","159,49","157,99","162,24","157,99","5,67M","0,79%"
"24.10.2024","158,24","154,99","159,49","152,99","3,77M","3,60%"
"23.10.2024","152,74","151,99","154,99","151,24","4,53M","-1,45%"
"22.10.2024","154,99","157,49","158,99","150,99","3,75M","-1,43%"
"21.10.2024","157,24","159,99","160,74","156,74","1,89M","-1,10%"
"18.10.2024","158,99","160,99","160,99","157,99","1,91M","-0,16%"
"17.10.2024","159,24","156,99","160,74","156,99","5,25M","1,59%"
"16.10.2024","156,74","162,24","163,74","153,99","4,11M","-3,09%"
"15.10.2024","161,74","157,99","162,24","155,99","8,61M","2,54%"
"14.10.2024","157,74","159,99","163,49","156,99","4,42M","-1,41%"
"10.10.2024","159,99","160,99","163,49","159,99","6,41M","-0,47%"
"09.10.2024","160,74","157,99","162,99","157,24","7,26M","1,42%"
"08.10.2024","158,49","162,49","162,99","157,24","2,88M","-0,94%"
"07.10.2024","159,99","160,49","163,49","157,49","2,39M","-0,47%"
"04.10.2024","160,74","155,49","161,24","154,49","3,99M","3,71%"
"03.10.2024","154,99","153,49","155,99","153,49","2,97M","0,98%"
"02.10.2024","153,49","154,99","154,99","151,99","3,57M","-0,16%"
"01.10.2024","153,74","154,49","156,49","150,49","5,40M","-0,32%"
"30.09.2024","154,24","157,49","159,24","151,49","3,43M","-2,06%"
"27.09.2024","157,49","152,49","160,24","151,24","4,12M","2,61%"
"26.09.2024","153,49","155,74","159,74","149,99","4,66M","-2,07%"
"25.09.2024","156,74","157,49","161,24","150,99","6,73M","0,64%"
"24.09.2024","155,74","160,74","160,74","154,99","3,82M","-2,20%"
"23.09.2024","159,24","164,49","164,49","157,74","4,68M","-2,00%"
"20.09.2024","162,49","171,24","171,24","161,99","5,19M","-3,85%"
"19.09.2024","168,99","168,99","172,74","166,49","5,94M","1,65%"
"18.09.2024","166,24","163,24","167,24","161,24","3,15M","1,99%"
"17.09.2024","162,99","166,49","167,24","162,49","5,36M","-2,40%"
"16.09.2024","166,99","171,24","173,99","166,24","7,08M","-1,91%"
"13.09.2024","170,24","172,49","173,24","165,49","3,60M","0,44%"
"12.09.2024","169,49","165,99","171,99","163,99","5,19M","2,11%"
"11.09.2024","165,99","167,49","170,49","162,49","4,95M","0,15%"
"10.09.2024","165,74","164,99","167,24","160,49","4,19M","0,61%"
"09.09.2024","164,74","161,49","168,99","159,99","6,20M","1,85%"
"06.09.2024","161,74","165,74","168,99","156,49","5,81M","-2,41%"
"05.09.2024","165,74","172,99","177,24","163,99","9,62M","-4,19%"
"04.09.2024","172,99","158,99","175,24","158,49","12,53M","9,32%"
"03.09.2024","158,24","161,49","161,49","157,49","5,27M","-1,56%"
"02.09.2024","160,74","157,99","162,49","157,74","4,91M","2,39%"
"30.08.2024","156,99","153,99","159,24","151,49","7,27M","5,72%"
"29.08.2024","148,49","148,24","151,49","147,49","3,71M","0,34%"
"28.08.2024","147,99","149,99","150,49","145,99","2,44M","-1,66%"
"27.08.2024","150,49","151,49","152,99","148,74","1,40M","0,00%"
"26.08.2024","150,49","153,49","155,24","147,49","2,09M","-1,31%"
"23.08.2024","152,49","148,49","154,24","148,49","2,26M","3,39%"
"22.08.2024","147,49","154,99","156,24","146,49","2,17M","-4,84%"
"21.08.2024","154,99","161,24","161,99","153,99","2,22M","-3,28%"
"20.08.2024","160,24","159,99","162,74","157,99","1,72M","0,31%"
"19.08.2024","159,74","162,24","162,74","156,49","3,16M","-0,31%"
"16.08.2024","160,24","162,24","167,49","158,99","5,76M","0,31%"
"15.08.2024","159,74","154,49","163,49","152,99","4,90M","3,40%"
"14.08.2024","154,49","146,24","154,99","144,99","6,99M","7,29%"
"13.08.2024","143,99","143,49","148,49","140,49","4,68M","0,17%"
"12.08.2024","143,74","143,49","147,99","142,24","5,12M","0,00%"
"09.08.2024","143,74","142,99","144,99","135,99","4,33M","1,05%"
"08.08.2024","142,24","140,99","144,99","140,99","2,57M","3,45%"
"07.08.2024","137,49","142,49","144,49","135,99","3,12M","-2,14%"
"06.08.2024","140,49","140,49","142,74","136,49","2,18M","2,18%"
"05.08.2024","137,49","138,99","143,99","132,49","6,31M","-5,66%"
"02.08.2024","145,74","152,99","152,99","144,99","1,66M","-5,97%"
"01.08.2024","154,99","153,99","157,49","148,49","3,36M","1,31%"
"31.07.2024","152,99","145,99","153,99","144,99","1,54M","5,52%"
"30.07.2024","144,99","157,24","159,49","142,49","2,86M","-7,94%"
"29.07.2024","157,49","159,99","162,24","152,49","789,06K","-1,56%"
"26.07.2024","159,99","161,99","161,99","158,24","1,72M","1,11%"
"25.07.2024","158,24","162,49","162,49","153,99","2,11M","-2,16%"
"24.07.2024","161,74","163,74","163,99","159,99","1,28M","-0,77%"
"23.07.2024","162,99","163,99","164,24","162,24","3,59M","0,00%"
"22.07.2024","162,99","164,74","166,74","160,99","2,52M","-1,06%"
"19.07.2024","164,74","163,24","167,24","162,74","1,87M","1,07%"
"18.07.2024","162,99","160,49","169,99","160,49","4,90M","0,62%"
"17.07.2024","161,99","159,99","166,49","155,49","7,81M","1,89%"
"16.07.2024","158,99","160,49","163,49","144,99","4,78M","-0,31%"
"15.07.2024","159,49","180,99","181,74","155,49","2,84M","-11,63%"
"12.07.2024","180,49","183,24","186,24","179,49","1,80M","-1,37%"
"11.07.2024","182,99","184,99","186,99","179,99","2,23M","-0,14%"
"10.07.2024","183,24","176,49","186,24","176,49","4,75M","1,95%"
"08.07.2024","179,74","180,49","181,24","175,24","3,67M","0,00%"
"05.07.2024","179,74","181,49","181,49","174,49","4,00M","0,42%"
"04.07.2024","178,99","180,99","183,74","174,99","1,36M","-0,28%"
"03.07.2024","179,49","180,99","185,49","175,99","1,95M","-0,14%"
"02.07.2024","179,74","173,99","184,99","173,99","3,95M","2,42%"
"01.07.2024","175,49","171,49","176,99","165,74","3,97M","2,18%"
"28.06.2024","171,74","172,74","172,74","167,49","3,21M","1,48%"
"27.06.2024","169,24","166,49","169,74","164,49","3,03M","1,96%"
"26.06.2024","165,99","167,49","167,99","161,49","1,85M","0,30%"
"25.06.2024","165,49","160,99","168,74","158,99","5,37M","2,48%"
"24.06.2024","161,49","161,99","162,99","153,99","2,00M","-0,77%"
"19.06.2024","162,74","164,99","166,49","160,24","2,30M","-0,46%"
"18.06.2024","163,49","164,99","169,74","162,74","1,85M","-3,40%"
"14.06.2024","169,24","173,49","174,49","163,74","3,78M","-1,60%"
"13.06.2024","171,99","169,99","175,24","163,74","7,06M","5,20%"
"12.06.2024","163,49","159,99","164,99","158,99","2,93M","2,03%"
"11.06.2024","160,24","159,99","162,24","158,49","1,87M","-0,31%"
"10.06.2024","160,74","158,49","161,99","155,99","4,20M","1,26%"
"07.06.2024","158,74","157,24","159,99","156,24","1,72M","0,95%"
"06.06.2024","157,24","163,99","168,74","154,49","3,66M","-4,12%"
"05.06.2024","163,99","163,99","167,24","152,49","6,29M","-1,50%"
"04.06.2024","166,49","167,99","167,99","161,49","4,34M","-1,62%"
"03.06.2024","169,24","171,74","171,74","167,49","3,42M","-0,73%"
"31.05.2024","170,49","174,99","174,99","167,24","4,13M","-0,44%"
"30.05.2024","171,24","164,99","173,99","163,24","4,86M","5,71%"
"29.05.2024","161,99","162,49","165,49","160,74","3,06M","-1,07%"
"28.05.2024","163,74","166,49","167,49","159,49","5,27M","-0,61%"
"27.05.2024","164,74","161,74","166,49","157,49","2,69M","2,49%"
"24.05.2024","160,74","160,99","164,74","156,49","3,92M","-0,31%"
"23.05.2024","161,24","164,99","166,49","160,24","2,62M","-2,42%"
"22.05.2024","165,24","165,24","172,49","158,24","11,89M","0,46%"
"21.05.2024","164,49","164,99","166,49","159,99","6,99M","0,15%"
"20.05.2024","164,24","163,99","166,49","160,24","7,63M","0,00%"
"17.05.2024","164,24","167,49","173,74","158,99","4,04M","-1,65%"
"16.05.2024","166,99","166,49","169,99","162,74","6,26M","0,75%"
"15.05.2024","165,74","162,49","166,74","160,24","5,75M","3,92%"
"14.05.2024","159,49","163,99","165,99","154,49","4,22M","-0,62%"
"13.05.2024","160,49","174,99","175,99","158,99","6,41M","-5,59%"
"10.05.2024","169,99","166,49","176,99","160,99","9,37M","4,91%"
"09.05.2024","162,04","164,99","165,49","158,59","5,77M","-2,23%"
"08.05.2024","165,74","171,39","174,49","163,39","4,69M","-1,87%"
"07.05.2024","168,89","170,99","171,59","165,89","6,10M","0,69%"
"06.05.2024","167,74","163,29","169,99","158,99","5,96M","2,79%"
"03.05.2024","163,19","153,19","164,99","153,19","6,45M","6,42%"
"02.05.2024","153,34","150,99","154,99","149,99","4,20M","2,17%"
"30.04.2024","150,09","151,99","157,49","144,99","6,29M","0,27%"
"29.04.2024","149,69","146,89","150,89","146,59","5,12M","1,94%"
"26.04.2024","146,84","141,79","149,39","141,04","10,76M","4,04%"
"25.04.2024","141,14","138,49","143,99","137,99","2,53M","1,77%"
"24.04.2024","138,69","147,84","147,84","137,99","4,10M","-5,10%"
"23.04.2024","146,14","146,39","147,99","142,49","4,34M","-0,07%"
"22.04.2024","146,24","146,79","146,99","143,79","5,90M","1,85%"
"19.04.2024","143,59","143,99","147,49","142,49","3,67M","0,49%"
"18.04.2024","142,89","145,99","148,89","138,99","6,31M","-0,03%"
"17.04.2024","142,94","140,79","143,89","135,49","3,10M","1,78%"
"16.04.2024","140,44","137,49","141,89","130,54","8,93M","0,32%"
"15.04.2024","139,99","159,59","159,59","138,39","7,52M","-10,11%"
"12.04.2024","155,74","149,99","158,49","149,99","9,48M","5,74%"
"11.04.2024","147,29","144,69","147,99","140,19","3,53M","1,87%"
"10.04.2024","144,59","149,49","154,49","143,99","3,80M","-3,28%"
"09.04.2024","149,49","143,99","156,99","137,49","3,79M","6,22%"
"08.04.2024","140,74","138,19","143,49","136,89","2,34M","1,37%"
"05.04.2024","138,84","140,54","143,99","137,84","2,78M","-1,21%"
"04.04.2024","140,54","144,34","144,99","137,49","4,30M","-0,64%"
"03.04.2024","141,44","137,99","149,49","133,99","3,02M","4,20%"
"27.03.2024","135,74","134,29","136,79","132,69","7,04M","2,34%"
"26.03.2024","132,64","135,49","139,99","131,99","3,79M","-2,57%"
"25.03.2024","136,14","139,99","144,49","135,09","4,39M","-1,20%"
"22.03.2024","137,79","135,99","138,99","130,09","4,80M","2,30%"
"21.03.2024","134,69","133,14","134,99","126,89","10,87M","3,78%"
"20.03.2024","129,79","123,99","132,99","123,59","2,52M","4,97%"
"19.03.2024","123,64","128,74","134,59","123,04","11,21M","-3,96%"
"18.03.2024","128,74","119,99","131,99","115,99","3,38M","8,38%"
"15.03.2024","118,79","115,39","119,59","112,19","3,25M","2,28%"
"14.03.2024","116,14","119,49","119,49","112,09","8,96M","-1,98%"
"13.03.2024","118,49","107,99","118,99","107,79","9,94M","9,88%"
"12.03.2024","107,84","100,99","108,99","100,99","4,10M","7,21%"
"11.03.2024","100,59","104,99","106,44","100,14","2,31M","-3,82%"
"08.03.2024","104,59","109,99","110,99","102,74","4,30M","-3,06%"
"07.03.2024","107,89","106,99","108,99","101,69","5,45M","3,75%"
"06.03.2024","103,99","101,39","104,99","100,19","2,90M","2,56%"
"05.03.2024","101,39","109,99","112,89","100,09","3,09M","-6,89%"
"04.03.2024","108,89","107,99","113,29","107,99","7,05M","4,71%"
"01.03.2024","103,99","96,59","104,99","96,59","3,27M","7,72%"
"29.02.2024","96,54","96,04","99,39","94,99","2,07M","0,52%"
"28.02.2024","96,04","98,99","100,89","95,49","4,45M","-2,93%"
"27.02.2024","98,94","99,89","100,19","96,99","2,56M","-0,95%"
"26.02.2024","99,89","100,19","102,49","95,29","2,92M","-0,94%"
"23.02.2024","100,84","100,79","102,39","98,09","5,75M","0,20%"
"22.02.2024","100,64","98,49","101,89","95,99","3,94M","2,18%"
"21.02.2024","98,49","102,49","103,94","99,99","1,82M","-3,86%"
"20.02.2024","102,44","111,84","111,84","101,49","3,21M","-4,70%"
"19.02.2024","107,49","107,29","111,69","104,19","1,66M","0,37%"
"16.02.2024","107,09","110,39","112,19","103,79","2,10M","-2,64%"
"15.02.2024","109,99","109,99","112,49","108,99","1,77M","0,18%"
"14.02.2024","109,79","114,99","119,99","108,09","2,41M","-4,44%"
"09.02.2024","114,89","113,69","115,49","111,19","2,90M","0,75%"
"08.02.2024","114,04","117,89","119,99","113,14","3,69M","-3,31%"
"07.02.2024","117,94","118,44","121,49","114,99","3,81M","-4,38%"
"06.02.2024","123,34","125,49","127,59","122,39","2,81M","-1,44%"
"05.02.2024","125,14","127,19","134,99","121,49","3,64M","-1,61%"
"02.02.2024","127,19","119,94","127,49","118,29","3,79M","6,85%"
"01.02.2024","119,04","115,29","120,44","115,19","4,25M","3,25%"
"31.01.2024","115,29","116,34","118,99","113,04","2,54M","-0,90%"
"30.01.2024","116,34","119,49","119,49","112,49","2,10M","0,13%"
"29.01.2024","116,19","118,99","121,59","115,09","3,57M","-3,01%"
"26.01.2024","119,79","128,79","128,79","116,99","6,72M","-3,47%"
"25.01.2024","124,09","129,89","129,89","120,99","4,68M","-0,60%"
"24.01.2024","124,84","119,99","125,69","119,59","5,03M","4,70%"
"23.01.2024","119,24","114,99","119,99","112,99","6,09M","4,38%"
"22.01.2024","114,24","112,49","114,99","109,49","3,89M","4,39%"
"19.01.2024","109,44","105,99","110,89","104,99","5,54M","2,87%"
"18.01.2024","106,39","107,99","109,99","106,29","4,08M","0,09%"
"17.01.2024","106,29","104,89","109,39","103,99","3,65M","1,43%"
"16.01.2024","104,79","103,49","106,99","100,49","4,01M","2,44%"
"15.01.2024","102,29","104,99","106,49","101,49","1,46M","-1,73%"
"12.01.2024","104,09","101,99","105,89","99,99","2,18M","1,36%"
"11.01.2024","102,69","102,29","105,79","101,19","1,58M","0,39%"
"10.01.2024","102,29","101,49","105,29","98,99","3,57M","1,64%"
"09.01.2024","100,64","106,99","107,79","100,39","2,49M","-5,09%"
"08.01.2024","106,04","97,49","106,69","95,79","5,16M","8,88%"
"05.01.2024","97,39","90,79","97,89","90,79","3,00M","5,13%"
"04.01.2024","92,64","90,49","92,99","87,99","3,62M","2,94%"
"03.01.2024","89,99","87,19","90,74","86,09","1,83M","3,03%"
"02.01.2024","87,34","84,49","88,19","83,19","3,25M","3,56%"
"29.12.2023","84,34","81,59","84,89","81,59","1,78M","3,43%"
"28.12.2023","81,54","80,69","84,89","79,99","3,53M","-0,24%"
"27.12.2023","81,74","87,49","89,49","80,89","3,83M","-6,25%"
"26.12.2023","87,19","89,09","89,99","86,49","4,35M","-2,19%"
"22.12.2023","89,14","88,79","91,94","85,99","3,85M","0,34%"
"21.12.2023","88,84","84,49","88,99","84,49","5,25M","6,34%"
"20.12.2023","83,54","81,74","87,99","80,99","4,25M","2,20%"
"19.12.2023","81,74","80,79","83,99","79,99","2,36M","1,43%"
"18.12.2023","80,59","82,49","86,94","79,04","3,61M","-2,36%"
"15.12.2023","82,54","86,34","88,69","80,99","3,52M","-4,40%"
"14.12.2023","86,34","89,49","90,89","84,99","2,71M","-2,04%"
"13.12.2023","88,14","97,99","99,99","84,99","3,68M","-6,52%"
"12.12.2023","94,29","89,39","94,99","88,99","2,54M","5,84%"
"11.12.2023","89,09","83,09","93,79","79,99","2,30M","7,35%"
"07.12.2023","82,99","78,79","83,89","74,99","5,96M","7,58%"
"06.12.2023","77,14","79,89","79,89","74,49","3,22M","1,11%"
"05.12.2023","76,29","72,99","78,49","72,94","6,90M","4,74%"
"04.12.2023","72,84","71,09","73,49","71,09","3,09M","2,39%"
"01.12.2023","71,14","67,54","71,79","67,54","3,40M","5,33%"
"30.11.2023","67,54","64,49","67,99","62,20","1,50M","5,14%"
"29.11.2023","64,24","64,00","66,49","63,10","6,50M","0,77%"
"28.11.2023","63,75","68,44","68,94","61,20","3,88M","-4,34%"
"27.11.2023","66,64","75,09","76,24","65,19","3,67M","-10,06%"
"24.11.2023","74,09","76,39","78,99","72,24","4,93M","-2,82%"
"23.11.2023","76,24","76,99","76,99","71,64","3,34M","2,62%"
"22.11.2023","74,29","71,99","78,99","68,59","7,11M","2,70%"
"21.11.2023","72,34","66,49","73,49","59,00","8,39M","21,38%"
"17.11.2023","59,60","59,50","60,00","57,00","3,66M","2,94%"
"16.11.2023","57,90","56,90","59,00","55,40","8,18M","1,76%"
"15.11.2023","56,90","57,20","57,50","56,60","2,60M","-0,26%"
"14.11.2023","57,05","56,70","59,40","56,25","1,31M","0,53%"
"13.11.2023","56,75","58,85","61,80","55,80","682,04K","-3,57%"
"10.11.2023","58,85","56,80","59,10","55,70","2,05M","6,61%"
"09.11.2023","55,20","55,00","58,40","53,00","3,29M","0,64%"
"08.11.2023","54,85","58,10","59,50","53,10","1,50M","-5,51%"
"07.11.2023","58,05","62,30","62,70","57,60","561,97K","-6,75%"
"03.11.2023","62,25","66,99","68,99","61,80","1,54M","-6,09%"
"02.11.2023","66,29","62,40","66,99","60,30","2,29M","10,30%"
"01.11.2023","60,10","54,00","61,45","52,70","1,87M","11,61%"
"31.10.2023","53,85","50,00","54,00","50,00","3,14M","4,46%"
"30.10.2023","51,55","55,20","56,00","50,20","2,50M","-6,53%"
"27.10.2023","55,15","56,50","58,00","53,50","2,11M","-1,43%"
"26.10.2023","55,95","59,25","61,30","55,30","2,95M","-5,73%"
"25.10.2023","59,35","59,15","62,00","56,00","4,07M","2,15%"
"24.10.2023","58,10","63,25","64,79","57,50","10,78M","-7,63%"
"23.10.2023","62,90","66,59","69,34","62,60","10,37M","-10,26%"
"20.10.2023","70,09","68,89","70,89","65,49","5,81M","3,16%"
"19.10.2023","67,94","68,49","68,49","64,49","7,62M","0,15%"
"18.10.2023","67,84","67,99","68,49","64,49","6,61M","-0,37%"
"17.10.2023","68,09","63,00","68,29","62,80","8,18M","8,51%"
"12.10.2023","62,75","57,00","64,79","55,80","14,11M","9,61%"
"11.10.2023","57,25","59,50","60,80","55,00","4,18M","-2,39%"
"10.10.2023","58,65","51,55","60,00","51,55","7,29M","14,11%"
"09.10.2023","51,40","51,40","52,45","50,30","5,47M","2,39%"
"06.10.2023","50,20","49,60","50,70","48,50","3,40M","2,45%"
"05.10.2023","49,00","48,80","49,85","48,10","4,87M","1,24%"
"04.10.2023","48,40","47,30","48,90","46,50","4,14M","2,54%"
"03.10.2023","47,20","47,85","48,30","46,30","3,47M","-1,26%"
"02.10.2023","47,80","49,70","49,70","46,75","1,74M","-2,45%"
"29.09.2023","49,00","49,90","50,50","48,00","2,27M","-0,31%"
"28.09.2023","49,15","48,90","49,40","47,90","4,30M","2,08%"
"27.09.2023","48,15","50,00","50,40","48,00","3,13M","-1,83%"
"26.09.2023","49,05","49,95","51,20","49,00","1,53M","-2,58%"
"25.09.2023","50,35","52,00","52,35","49,55","1,68M","-2,04%"
"22.09.2023","51,40","50,00","52,20","48,30","2,24M","4,15%"
"21.09.2023","49,35","51,55","51,60","49,00","2,71M","-6,53%"
"20.09.2023","52,80","52,60","54,50","51,00","4,79M","-1,12%"
"19.09.2023","53,40","54,50","54,60","51,80","1,84M","-1,39%"
"18.09.2023","54,15","54,90","55,00","53,15","4,31M","0,28%"
"15.09.2023","54,00","52,40","54,70","50,05","3,81M","3,15%"
"14.09.2023","52,35","50,50","53,20","47,65","5,40M","7,49%"
"13.09.2023","48,70","44,90","49,50","43,50","4,54M","9,56%"
"12.09.2023","44,45","41,40","45,00","41,40","2,53M","6,21%"
"11.09.2023","41,85","42,70","43,00","41,10","4,06M","-1,30%"
"08.09.2023","42,40","43,70","45,00","41,20","3,59M","-2,97%"
"07.09.2023","43,70","46,55","47,50","43,50","3,01M","-6,12%"
"06.09.2023","46,55","47,50","48,75","46,45","3,10M","-3,52%"
"05.09.2023","48,25","52,20","52,30","48,00","3,53M","-7,57%"
"04.09.2023","52,20","53,00","54,65","51,75","1,98M","-1,51%"
"01.09.2023","53,00","55,50","55,50","50,85","4,12M","-1,85%"
"31.08.2023","54,00","57,00","58,20","53,20","3,92M","-3,66%"
"30.08.2023","56,05","54,10","56,90","53,00","5,13M","2,28%"
"29.08.2023","54,80","55,50","58,95","52,70","4,77M","0,09%"
"28.08.2023","54,75","53,15","55,05","53,15","2,30M","3,01%"
"25.08.2023","53,15","50,45","53,60","50,00","3,14M","5,35%"
"24.08.2023","50,45","49,00","51,30","48,15","2,25M","2,33%"
"23.08.2023","49,30","47,00","49,50","46,50","4,95M","5,91%"
"22.08.2023","46,55","45,80","47,00","44,20","2,37M","2,76%"
"18.08.2023","45,30","47,00","47,00","44,00","5,86M","-2,27%"
"17.08.2023","46,35","45,10","46,80","45,10","5,68M","2,89%"
"16.08.2023","45,05","42,40","45,35","42,40","7,17M","5,50%"
"15.08.2023","42,70","40,35","42,90","40,00","2,87M","5,82%"
"14.08.2023","40,35","37,70","41,00","35,00","5,87M","6,04%"
"11.08.2023","38,05","37,00","38,60","36,40","8,63M","4,97%"
"10.08.2023","36,25","36,90","37,40","36,00","5,83M","0,83%"
"09.08.2023","35,95","36,00","36,55","35,40","3,31M","0,84%"
"08.08.2023","35,65","34,75","35,95","34,60","6,47M","2,59%"
"07.08.2023","34,75","35,60","36,00","34,50","2,73M","-2,39%"
"04.08.2023","35,60","35,50","36,40","35,10","4,17M","0,00%"
"03.08.2023","35,60","35,95","36,60","34,70","2,79M","0,14%"
"02.08.2023","35,55","36,90","37,20","35,20","1,87M","-2,34%"
"01.08.2023","36,40","36,70","37,00","36,20","924,58K","-0,82%"
"31.07.2023","36,70","36,90","37,25","36,10","2,31M","-0,54%"
"28.07.2023","36,90","37,20","37,30","36,70","1,49M","0,54%"
"27.07.2023","36,70","37,05","37,20","36,20","957,65K","-0,94%"
"26.07.2023","37,05","37,85","38,00","36,55","2,32M","-2,11%"
"25.07.2023","37,85","38,00","38,20","37,40","2,62M","-0,26%"
"24.07.2023","37,95","38,65","38,65","37,90","3,15M","-0,78%"
"21.07.2023","38,25","38,30","38,40","37,80","2,47M","0,00%"
"20.07.2023","38,25","38,20","38,60","37,20","2,44M","0,92%"
"19.07.2023","37,90","38,10","38,65","37,20","1,29M","-0,52%"
"18.07.2023","38,10","37,95","38,30","37,35","1,84M","0,53%"
"17.07.2023","37,90","37,15","38,35","37,15","3,56M","2,57%"
"14.07.2023","36,95","36,30","37,05","36,10","3,19M","2,07%"
"13.07.2023","36,20","36,35","36,80","36,00","7,04M","0,56%"
"12.07.2023","36,00","36,10","36,85","35,90","2,75M","-0,14%"
"11.07.2023","36,05","35,65","36,70","35,20","2,52M","-0,28%"
"10.07.2023","36,15","36,60","37,20","35,80","3,06M","-1,23%"
"07.07.2023","36,60","37,00","37,50","36,10","2,04M","-0,27%"
"06.07.2023","36,70","38,10","38,10","35,00","4,45M","-4,92%"
"05.07.2023","38,60","40,00","40,00","37,80","6,03M","-2,53%"
"04.07.2023","39,60","40,00","40,20","39,10","4,24M","-0,50%"
"03.07.2023","39,80","39,55","40,00","38,25","6,54M","2,18%"
"30.06.2023","38,95","37,00","39,20","36,85","7,92M","5,99%"
"29.06.2023","36,75","36,30","38,70","36,00","11,07M","3,38%"
"28.06.2023","35,55","36,50","37,20","35,00","13,62M","-1,25%"
"27.06.2023","36,00","37,20","37,50","35,50","2,30M","-2,70%"
"26.06.2023","37,00","37,70","38,90","36,70","4,33M","-0,54%"
"23.06.2023","37,20","36,70","37,80","36,50","3,00M","0,81%"
"22.06.2023","36,90","37,80","38,20","36,60","4,31M","-1,99%"
"21.06.2023","37,65","38,45","39,20","37,30","5,44M","-1,44%"
"16.06.2023","38,20","37,80","38,90","37,75","2,69M","1,33%"
"15.06.2023","37,70","36,80","38,35","36,70","1,96M","0,67%"
"14.06.2023","37,45","38,00","38,20","36,95","1,19M","-1,58%"
"13.06.2023","38,05","38,20","39,40","37,50","1,07M","-0,65%"
"12.06.2023","38,30","39,40","39,40","37,75","1,16M","-1,03%"
"09.06.2023","38,70","38,90","39,50","37,60","2,24M","-0,26%"
"08.06.2023","38,80","39,00","40,30","38,70","1,13M","-1,77%"
"07.06.2023","39,50","40,40","42,00","39,00","1,32M","-1,25%"
"06.06.2023","40,00","39,70","40,40","38,10","4,33M","2,83%"
"05.06.2023","38,90","38,60","39,40","37,40","1,54M","0,91%"
"02.06.2023","38,55","38,70","39,45","38,15","888,37K","-0,39%"
"01.06.2023","38,70","38,70","39,30","37,70","3,09M","0,78%"
"31.05.2023","38,40","38,40","38,55","37,60","2,46M","-0,39%"
"30.05.2023","38,55","38,90","38,90","37,65","1,91M","-0,90%"
"29.05.2023","38,90","37,00","39,00","37,00","1,79M","3,32%"
"24.05.2023","37,65","38,40","38,40","37,10","2,07M","-0,66%"
"23.05.2023","37,90","37,80","39,80","37,40","2,11M","-0,39%"
"22.05.2023","38,05","37,30","38,80","36,60","4,47M","2,01%"
"19.05.2023","37,30","34,50","37,90","34,10","10,53M","8,75%"
"18.05.2023","34,30","33,60","34,70","32,60","2,92M","3,16%"
"17.05.2023","33,25","33,80","34,40","33,00","5,68M","-0,30%"
"16.05.2023","33,35","34,05","34,80","33,20","2,39M","-2,06%"
"15.05.2023","34,05","35,00","35,00","33,30","1,55M","-1,45%"
"12.05.2023","34,55","34,00","34,90","33,10","3,25M","2,98%"
"11.05.2023","33,55","33,90","33,95","33,10","1,42M","-0,30%"
"10.05.2023","33,65","33,60","34,15","33,20","1,89M","0,15%"
"09.05.2023","33,60","33,70","33,95","32,60","2,36M","-0,59%"
"08.05.2023","33,80","33,55","33,95","33,30","2,19M","0,75%"
"05.05.2023","33,55","32,45","33,70","32,30","1,72M","3,39%"
"04.05.2023","32,45","33,60","34,00","32,00","1,44M","-2,41%"
"03.05.2023","33,25","34,65","35,20","33,00","1,34M","-4,04%"
"02.05.2023","34,65","35,45","35,95","34,00","1,13M","-1,84%"
"28.04.2023","35,30","36,00","36,00","34,65","2,31M","-1,53%"
"27.04.2023","35,85","35,50","36,25","34,65","2,62M","1,13%"
"26.04.2023","35,45","35,30","35,90","34,80","2,51M","0,71%"
"25.04.2023","35,20","35,05","35,40","34,50","4,26M","1,44%"
"24.04.2023","34,70","36,00","36,80","34,60","5,57M","-2,53%"
"21.04.2023","35,60","33,60","36,50","33,00","2,11M","5,95%"
"20.04.2023","33,60","32,50","33,90","30,70","3,12M","5,00%"
"19.04.2023","32,00","32,90","33,40","31,00","2,21M","-2,74%"
"18.04.2023","32,90","32,20","32,95","31,80","4,77M","2,65%"
"17.04.2023","32,05","31,90","32,30","31,35","1,47M","1,42%"
"14.04.2023","31,60","30,50","31,70","30,10","7,51M","2,76%"
"13.04.2023","30,75","31,15","31,30","30,55","1,98M","-0,16%"
"12.04.2023","30,80","30,25","31,20","30,25","2,54M","0,00%"
"11.04.2023","30,80","32,00","32,00","30,00","2,42M","-0,81%"
"10.04.2023","31,05","32,00","32,00","30,45","1,21M","-1,90%"
"05.04.2023","31,65","32,00","32,50","30,00","2,91M","-0,94%"
"04.04.2023","31,95","30,80","32,10","29,65","1,44M","4,24%"
"03.04.2023","30,65","29,90","30,75","28,80","1,52M","2,68%"
"31.03.2023","29,85","29,05","30,60","29,05","1,72M","0,00%"
"30.03.2023","29,85","30,30","30,90","29,40","2,20M","-0,50%"
"29.03.2023","30,00","29,10","30,50","28,40","2,35M","3,09%"
"28.03.2023","29,10","27,50","29,30","27,00","2,25M","5,82%"
"27.03.2023","27,50","26,50","27,70","25,80","1,32M","5,36%"
"23.03.2023","26,10","25,70","26,25","25,35","2,61M","1,56%"
"22.03.2023","25,70","25,50","26,20","25,20","2,15M","0,78%"
"21.03.2023","25,50","25,85","26,00","24,40","14,65M","1,19%"
"20.03.2023","25,20","27,00","27,20","25,00","2,29M","-3,08%"
"17.03.2023","26,00","26,00","27,10","25,00","2,04M","0,58%"
"16.03.2023","25,85","24,10","27,00","24,10","1,81M","7,40%"
"15.03.2023","24,07","26,40","26,40","24,00","8,29M","-7,42%"
"14.03.2023","26,00","26,90","28,00","25,00","4,66M","-2,44%"
"13.03.2023","26,65","28,95","28,95","26,00","1,12M","-6,16%"
"10.03.2023","28,40","29,05","29,50","27,40","983,92K","-2,24%"
"09.03.2023","29,05","29,55","29,85","28,45","968,73K","-1,36%"
"08.03.2023","29,45","29,15","29,55","28,70","3,30M","0,86%"
"07.03.2023","29,20","29,75","29,90","28,90","1,57M","-1,85%"
"06.03.2023","29,75","30,10","30,50","29,30","2,19M","-0,83%"
"03.03.2023","30,00","30,20","30,50","29,50","578,39K","0,00%"
"02.03.2023","30,00","29,70","30,15","29,35","2,06M","0,33%"
"01.03.2023","29,90","30,05","30,50","29,05","3,45M","-0,50%"
"28.02.2023","30,05","30,55","30,70","29,85","1,30M","-1,64%"
"27.02.2023","30,55","31,20","31,40","30,35","1,13M","-1,45%"
"24.02.2023","31,00","31,00","31,40","30,10","2,06M","0,98%"
"23.02.2023","30,70","30,80","31,00","30,20","1,33M","-0,32%"
"22.02.2023","30,80","30,70","31,60","30,50","837,43K","-0,65%"
"17.02.2023","31,00","32,30","32,30","30,70","1,15M","-3,13%"
"16.02.2023","32,00","32,00","32,10","31,40","1,24M","0,79%"
"15.02.2023","31,75","32,20","32,20","30,60","958,81K","0,79%"
"14.02.2023","31,50","31,50","31,90","30,95","1,02M","0,00%"
"13.02.2023","31,50","31,40","31,75","30,40","1,28M","1,12%"
"10.02.2023","31,15","32,40","32,45","30,50","2,47M","-2,35%"
"09.02.2023","31,90","31,20","32,00","30,10","2,07M","2,90%"
"08.02.2023","31,00","31,30","31,90","30,60","2,00M","-0,64%"
"07.02.2023","31,20","31,45","32,45","30,50","2,38M","0,48%"
"06.02.2023","31,05","30,00","31,10","28,50","1,29M","4,37%"
"03.02.2023","29,75","30,25","30,25","28,50","2,69M","-0,83%"
"02.02.2023","30,00","29,35","30,35","29,35","2,42M","0,50%"
"01.02.2023","29,85","30,10","30,20","29,70","818,94K","-0,33%"
"31.01.2023","29,95","30,00","30,40","29,50","987,32K","0,34%"
"30.01.2023","29,85","29,50","30,00","28,75","2,18M","0,67%"
"27.01.2023","29,65","29,30","29,75","28,75","2,39M","2,07%"
"26.01.2023","29,05","28,95","29,60","28,50","2,75M","1,57%"
"25.01.2023","28,60","28,60","29,05","27,55","2,40M","0,00%"
"24.01.2023","28,60","27,40","29,00","27,30","1,41M","4,19%"
"23.01.2023","27,45","27,15","27,80","26,60","2,25M","1,67%"
"20.01.2023","27,00","26,00","27,10","25,55","2,75M","3,65%"
"19.01.2023","26,05","26,90","27,30","25,00","6,72M","-3,87%"
"18.01.2023","27,10","28,50","29,10","26,00","4,58M","-4,07%"
"17.01.2023","28,25","28,00","29,00","27,30","4,88M","2,36%"
"16.01.2023","27,60","26,30","27,95","26,20","3,89M","5,54%"
"13.01.2023","26,15","25,00","26,20","24,70","3,47M","4,94%"
"12.01.2023","24,92","24,90","25,00","24,50","2,01M","0,89%"
"11.01.2023","24,70","23,80","25,00","23,80","2,05M","3,78%"
"10.01.2023","23,80","24,60","25,00","23,67","3,03M","-2,46%"
"09.01.2023","24,40","24,00","24,70","23,20","2,20M","3,30%"
"06.01.2023","23,62","23,40","24,00","23,27","4,69M","1,50%"
"05.01.2023","23,27","22,45","23,47","22,20","3,09M","2,74%"
"04.01.2023","22,65","22,40","22,70","22,12","3,00M","2,49%"
"03.01.2023","22,10","22,10","22,15","21,10","4,18M","0,45%"
"02.01.2023","22,00","22,30","22,30","21,80","3,12M","1,15%"
"30.12.2022","21,75","21,97","22,20","21,60","965,16K","-0,68%"
"29.12.2022","21,90","22,50","22,80","21,50","1,61M","-2,10%"
"28.12.2022","22,37","21,70","22,90","21,70","2,47M","2,99%"
"27.12.2022","21,72","20,92","21,80","20,72","2,39M","3,92%"
"26.12.2022","20,90","20,70","20,95","20,20","1,14M","1,70%"
"23.12.2022","20,55","20,67","20,70","20,10","2,37M","0,15%"
"22.12.2022","20,52","20,40","20,70","20,30","1,53M","0,10%"
"21.12.2022","20,50","19,90","20,50","19,80","12,03M","2,65%"
"20.12.2022","19,97","19,70","20,50","19,60","102,69K","0,25%"
"19.12.2022","19,92","20,60","20,60","19,80","3,44M","-0,90%"
"16.12.2022","20,10","19,90","20,35","19,80","2,85M","1,01%"
"15.12.2022","19,90","20,30","20,30","19,80","1,23M","-0,60%"
"14.12.2022","20,02","20,27","20,30","19,82","4,39M","-0,25%"
"13.12.2022","20,07","19,85","20,70","19,80","1,79M","-1,38%"
"12.12.2022","20,35","20,60","20,70","19,87","547,65K","-0,73%"
"07.12.2022","20,50","20,50","20,55","19,70","1,47M","0,49%"
"06.12.2022","20,40","19,80","20,40","19,50","1,16M","2,93%"
"05.12.2022","19,82","20,57","20,57","19,80","1,15M","-2,94%"
"02.12.2022","20,42","20,70","20,90","20,00","731,15K","-1,21%"
"01.12.2022","20,67","20,50","20,75","20,00","2,71M","0,83%"
"30.11.2022","20,50","19,50","21,00","19,30","2,59M","5,40%"
"29.11.2022","19,45","18,60","19,47","18,60","797,63K","3,18%"
"28.11.2022","18,85","19,15","19,15","18,30","1,00M","-0,53%"
"25.11.2022","18,95","19,00","19,50","18,85","1,39M","-1,30%"
"24.11.2022","19,20","19,00","19,30","18,70","701,51K","1,21%"
"23.11.2022","18,97","19,35","19,35","18,50","1,47M","-0,42%"
"22.11.2022","19,05","19,50","19,50","18,92","1,79M","-2,16%"
"18.11.2022","19,47","19,00","19,50","18,80","872,41K","2,20%"
"17.11.2022","19,05","19,05","19,25","18,80","936,09K","-0,88%"
"16.11.2022","19,22","18,80","19,25","18,60","2,12M","3,33%"
"15.11.2022","18,60","18,20","18,70","18,00","1,93M","2,65%"
"14.11.2022","18,12","17,40","18,52","17,05","3,01M","2,95%"
"11.11.2022","17,60","17,00","17,60","16,90","2,08M","2,92%"
"10.11.2022","17,10","16,45","17,20","16,45","1,35M","2,40%"
"09.11.2022","16,70","16,70","17,10","16,50","2,09M","-0,89%"
"08.11.2022","16,85","17,00","17,05","16,72","682,77K","-1,00%"
"07.11.2022","17,02","17,35","17,35","16,85","1,42M","-0,76%"
"04.11.2022","17,15","17,20","17,40","17,05","2,27M","0,47%"
"03.11.2022","17,07","17,30","17,50","16,87","3,67M","-1,04%"
"02.11.2022","17,25","17,20","17,40","16,90","537,12K","-0,29%"
"01.11.2022","17,30","17,22","17,60","17,20","2,57M","0,00%"
"31.10.2022","17,30","17,90","17,90","17,00","1,13M","-0,86%"
"28.10.2022","17,45","17,20","17,80","16,75","1,91M","2,35%"
"27.10.2022","17,05","17,00","17,25","16,72","2,14M","0,47%"
"26.10.2022","16,97","17,15","17,45","16,90","1,85M","-0,88%"
"25.10.2022","17,12","16,90","17,50","16,90","2,29M","0,88%"
"24.10.2022","16,97","17,00","17,00","16,52","816,41K","-0,18%"
"21.10.2022","17,00","16,50","17,30","16,50","1,58M","0,47%"
"20.10.2022","16,92","17,50","17,50","16,55","3,86M","-0,59%"
"19.10.2022","17,02","17,55","17,70","16,92","2,65M","-2,30%"
"18.10.2022","17,42","18,20","18,20","17,40","1,04M","-1,58%"
"17.10.2022","17,70","17,80","18,20","17,55","1,15M","-0,84%"
"14.10.2022","17,85","18,45","18,45","17,80","892,33K","-0,56%"
"13.10.2022","17,95","17,80","18,10","17,52","1,03M","0,73%"
"12.10.2022","17,82","17,70","18,00","17,50","616,41K","0,96%"
"11.10.2022","17,65","18,15","18,15","17,50","1,16M","-2,75%"
"06.10.2022","18,15","18,15","18,65","17,55","609,85K","-0,11%"
"05.10.2022","18,17","18,47","18,67","18,15","849,21K","-1,52%"
"04.10.2022","18,45","18,50","18,80","17,97","1,69M","2,67%"
"03.10.2022","17,97","17,30","18,05","17,25","1,66M","4,96%"
"30.09.2022","17,12","17,50","17,80","17,00","1,06M","-1,33%"
"29.09.2022","17,35","17,90","17,90","17,00","1,45M","-1,98%"
"28.09.2022","17,70","18,20","18,45","17,60","1,45M","-0,95%"
"27.09.2022","17,87","18,50","18,90","17,50","1,77M","-3,92%"
"26.09.2022","18,60","19,15","19,30","18,40","2,79M","-2,87%"
"23.09.2022","19,15","18,90","19,27","18,50","3,01M","-0,10%"
"22.09.2022","19,17","18,87","19,40","18,50","1,84M","2,13%"
"21.09.2022","18,77","18,65","19,00","18,40","1,11M","0,81%"
"20.09.2022","18,62","18,80","18,95","18,50","1,66M","0,00%"
"19.09.2022","18,62","19,00","19,10","18,50","2,86M","0,11%"
"16.09.2022","18,60","19,20","19,60","18,30","2,24M","-3,48%"
"15.09.2022","19,27","19,50","20,05","18,75","4,02M","0,26%"
"14.09.2022","19,22","18,12","19,50","18,12","1,81M","3,78%"
"13.09.2022","18,52","18,40","18,60","18,30","1,44M","0,54%"
"12.09.2022","18,42","18,20","18,55","17,90","2,02M","1,49%"
"09.09.2022","18,15","17,90","18,20","17,80","1,98M","1,00%"
"08.09.2022","17,97","18,17","18,57","17,70","2,04M","-1,10%"
"07.09.2022","18,17","18,50","18,92","18,10","2,40M","-3,96%"
"06.09.2022","18,92","19,50","19,50","18,60","1,18M","0,64%"
"05.09.2022","18,80","19,50","19,65","18,60","1,87M","-2,59%"
"01.09.2022","19,30","19,25","19,55","19,20","854,84K","0,42%"
"31.08.2022","19,22","19,90","19,95","19,17","1,30M","-4,00%"
"30.08.2022","20,02","19,90","20,10","19,25","1,42M","0,75%"
"29.08.2022","19,87","19,42","19,95","19,30","1,69M","2,95%"
"26.08.2022","19,30","19,30","19,57","19,10","3,26M","0,16%"
"25.08.2022","19,27","20,00","20,17","19,17","3,75M","-2,77%"
"24.08.2022","19,82","20,50","20,75","19,75","3,45M","-2,94%"
"23.08.2022","20,42","20,20","21,15","20,17","2,30M","-0,73%"
"22.08.2022","20,57","20,00","20,70","19,60","2,27M","3,00%"
"19.08.2022","19,97","20,00","20,17","19,55","1,77M","-0,89%"
"18.08.2022","20,15","20,30","20,50","18,97","1,24M","1,15%"
"17.08.2022","19,92","19,92","20,02","19,50","677,51K","0,00%"
"16.08.2022","19,92","20,40","20,50","19,32","2,81M","-1,97%"
"12.08.2022","20,32","20,50","20,70","20,00","760,18K","-0,88%"
"11.08.2022","20,50","19,97","20,60","19,60","915,30K","2,65%"
"10.08.2022","19,97","19,50","20,00","19,25","1,34M","2,83%"
"09.08.2022","19,42","20,02","20,40","19,30","942,50K","-3,00%"
"08.08.2022","20,02","20,02","20,60","19,25","991,56K","0,00%"
"05.08.2022","20,02","19,80","20,20","19,40","2,35M","1,11%"
"04.08.2022","19,80","19,95","20,30","19,60","2,33M","1,02%"
"03.08.2022","19,60","19,30","19,80","19,15","1,66M","1,19%"
"02.08.2022","19,37","20,00","20,52","19,20","2,68M","-2,17%"
"01.08.2022","19,80","22,00","22,00","19,50","2,07M","-5,80%"
"29.07.2022","21,02","22,20","23,40","21,00","2,97M","-3,80%"
"28.07.2022","21,85","23,00","24,00","21,00","2,41M","-1,58%"
"27.07.2022","22,20","20,40","23,80","20,17","3,01M","8,03%"
"26.07.2022","20,55","20,60","21,50","20,50","2,16M","0,49%"
"25.07.2022","20,45","19,90","20,90","19,90","1,01M","3,97%"
"22.07.2022","19,67","18,35","19,90","18,10","1,84M","7,37%"
"21.07.2022","18,32","17,55","18,50","17,40","1,32M","4,39%"
"20.07.2022","17,55","17,60","17,90","17,35","843,68K","-0,57%"
"19.07.2022","17,65","17,90","17,97","17,50","1,68M","1,03%"
"18.07.2022","17,47","17,50","18,30","17,02","1,42M","-1,85%"
"15.07.2022","17,80","17,00","17,85","17,00","1,24M","6,27%"
"14.07.2022","16,75","16,00","17,42","15,80","932,47K","3,91%"
"13.07.2022","16,12","17,10","17,10","16,00","1,69M","-5,01%"
"12.07.2022","16,97","17,77","17,80","16,75","1,48M","-4,50%"
"11.07.2022","17,77","18,90","19,00","17,60","2,32M","-4,05%"
"08.07.2022","18,52","17,80","19,50","17,30","6,64M","7,24%"
"07.07.2022","17,27","15,10","17,50","15,10","3,24M","-88,16%"
"06.07.2022","145,84","133,74","149,99","133,74","295,03K","9,05%"
"05.07.2022","133,74","131,14","135,29","130,49","54,74K","1,98%"
"04.07.2022","131,14","123,99","131,89","120,99","187,43K","4,67%"
"01.07.2022","125,29","121,99","126,49","121,99","154,60K","0,60%"
"30.06.2022","124,54","124,49","125,49","120,19","271,90K","1,80%"
"29.06.2022","122,34","122,99","124,39","120,49","139,19K","-0,97%"
"28.06.2022","123,54","120,59","125,39","120,14","163,23K","1,60%"
"27.06.2022","121,59","120,09","122,19","119,09","94,94K","-0,33%"
"24.06.2022","121,99","125,39","125,39","119,99","248,59K","-0,85%"
"23.06.2022","123,04","124,99","125,39","121,49","438,48K","-0,53%"
"22.06.2022","123,69","123,99","125,09","121,99","160,88K","-0,24%"
"21.06.2022","123,99","122,49","124,69","120,99","72,08K","1,22%"
"16.06.2022","122,49","118,14","122,49","118,14","128,95K","2,00%"
"15.06.2022","120,09","117,09","121,99","116,99","229,92K","1,44%"
"14.06.2022","118,39","116,59","118,99","116,59","141,64K","-0,08%"
"13.06.2022","118,49","119,99","120,29","117,49","109,61K","-3,11%"
"10.06.2022","122,29","118,99","123,89","118,99","75,46K","-0,24%"
"09.06.2022","122,59","124,99","125,84","120,99","78,05K","-0,97%"
"08.06.2022","123,79","124,59","124,59","123,49","114,53K","-0,72%"
"07.06.2022","124,69","123,99","124,99","121,89","77,59K","-0,12%"
"06.06.2022","124,84","126,09","126,09","122,29","160,72K","-0,72%"
"03.06.2022","125,74","125,59","125,99","123,99","244,13K","0,64%"
"02.06.2022","124,94","121,09","125,19","121,09","194,82K","1,46%"
"01.06.2022","123,14","120,59","123,69","120,59","256,72K","0,98%"
"31.05.2022","121,94","122,99","123,99","119,99","284,30K","-0,85%"
"30.05.2022","122,99","125,59","125,59","118,59","52,60K","-1,52%"
"27.05.2022","124,89","124,09","124,89","122,99","288,50K","0,89%"
"26.05.2022","123,79","121,59","124,79","120,39","272,11K","1,73%"
"24.05.2022","121,69","120,49","122,59","118,59","142,40K","0,21%"
"23.05.2022","121,44","119,19","121,49","119,19","285,10K","1,17%"
"20.05.2022","120,04","120,99","120,99","119,24","2,81M","0,67%"
"19.05.2022","119,24","120,04","120,04","118,99","113,56K","-0,71%"
"17.05.2022","120,09","122,19","122,19","118,99","65,66K","0,46%"
"16.05.2022","119,54","119,19","121,99","119,19","95,81K","-0,91%"
"13.05.2022","120,64","118,99","121,19","118,99","143,37K","1,17%"
"12.05.2022","119,24","119,99","120,99","118,79","72,11K","-0,71%"
"11.05.2022","120,09","119,89","122,09","118,49","7,66M","1,87%"
"10.05.2022","117,89","117,39","121,49","116,49","61,18K","0,38%"
"09.05.2022","117,44","121,99","121,99","116,79","101,58K","-3,73%"
"06.05.2022","121,99","119,99","122,19","115,59","48,34K","1,67%"
"05.05.2022","119,99","122,64","123,39","118,64","38,72K","-2,12%"
"04.05.2022","122,59","120,59","122,79","114,99","98,17K","1,91%"
"03.05.2022","120,29","120,59","122,39","119,99","100,81K","-0,25%"
"02.05.2022","120,59","119,29","121,99","119,29","50,21K","0,33%"
"29.04.2022","120,19","123,94","123,99","119,99","113,21K","-2,24%"
"28.04.2022","122,94","120,49","122,99","117,99","128,10K","2,20%"
"27.04.2022","120,29","122,29","122,29","118,99","114,12K","-1,39%"
"26.04.2022","121,99","122,99","122,99","120,79","165,82K","-0,08%"
"25.04.2022","122,09","123,29","124,99","121,59","334,98K","-2,86%"
"22.04.2022","125,69","122,99","126,49","121,89","157,12K","2,82%"
"21.04.2022","122,24","126,09","126,69","122,24","203,31K","-1,17%"
"20.04.2022","123,69","123,49","126,09","120,99","98,61K","0,24%"
"19.04.2022","123,39","122,09","123,79","122,09","232,54K","1,15%"
"18.04.2022","121,99","122,79","125,99","121,99","80,03K","-0,53%"
"13.04.2022","122,64","123,29","123,79","122,29","91,97K","-0,41%"
"12.04.2022","123,14","122,94","124,39","122,54","127,65K","0,16%"
"11.04.2022","122,94","126,09","127,79","122,49","77,51K","-0,89%"
"08.04.2022","124,04","126,64","126,99","122,99","202,50K","-2,05%"
"07.04.2022","126,64","123,99","127,99","121,14","194,04K","2,93%"
"06.04.2022","123,04","122,99","123,29","119,44","193,14K","0,37%"
"05.04.2022","122,59","123,49","123,49","121,19","143,08K","0,62%"
"04.04.2022","121,84","122,29","123,99","121,49","466,92K","-0,37%"
"01.04.2022","122,29","125,99","125,99","120,99","239,69K","-0,73%"
"31.03.2022","123,19","122,49","127,84","121,99","110,77K","-1,08%"
"30.03.2022","124,54","123,79","126,99","122,99","109,73K","0,61%"
"29.03.2022","123,79","131,89","131,89","122,04","112,77K","-2,37%"
"28.03.2022","126,79","128,59","131,94","122,09","94,87K","-1,40%"
"25.03.2022","128,59","121,99","129,99","121,99","452,11K","5,50%"
"23.03.2022","121,89","121,09","126,89","121,09","117,21K","-0,97%"
"22.03.2022","123,09","125,49","125,69","121,59","115,75K","-1,20%"
"21.03.2022","124,59","127,29","127,49","121,09","123,95K","1,30%"
"18.03.2022","122,99","126,99","127,79","120,99","246,70K","-3,23%"
"17.03.2022","127,09","119,99","127,99","119,49","178,72K","5,83%"
"16.03.2022","120,09","119,79","120,79","118,99","155,99K","0,17%"
"15.03.2022","119,89","118,19","120,99","116,99","161,37K","1,61%"
"14.03.2022","117,99","120,99","120,99","114,99","64,51K","-1,46%"
"11.03.2022","119,74","117,29","120,99","116,99","182,76K","0,71%"
"10.03.2022","118,89","101,99","118,99","101,99","297,99K","11,43%"
"09.03.2022","106,69","106,49","110,99","106,09","190,80K","-1,30%"
"08.03.2022","108,09","111,59","113,99","104,99","251,97K","-2,96%"
"07.03.2022","111,39","112,49","112,99","109,99","427,85K","-1,42%"
"04.03.2022","112,99","116,89","119,99","111,99","98,94K","-3,38%"
"03.03.2022","116,94","121,69","122,99","114,29","189,46K","-2,42%"
"02.03.2022","119,84","116,39","120,49","116,39","130,83K","2,92%"
"25.02.2022","116,44","112,99","117,69","112,99","111,73K","2,60%"
"24.02.2022","113,49","115,99","115,99","110,29","95,27K","-2,58%"
"23.02.2022","116,49","117,99","117,99","114,39","53,39K","-0,30%"
"22.02.2022","116,84","116,99","119,39","114,99","48,04K","0,26%"
"21.02.2022","116,54","112,99","117,99","112,99","66,64K","-1,98%"
"18.02.2022","118,89","120,19","121,49","116,99","77,12K","-1,04%"
"17.02.2022","120,14","119,49","120,49","117,49","78,43K","0,80%"
"16.02.2022","119,19","117,19","119,19","116,99","67,64K","1,71%"
"15.02.2022","117,19","117,99","117,99","115,99","47,81K","-0,09%"
"14.02.2022","117,29","118,99","118,99","116,49","26,89K","-1,84%"
"11.02.2022","119,49","119,99","119,99","118,29","40,84K","1,19%"
"10.02.2022","118,09","119,24","119,99","116,49","69,55K","-0,96%"
"09.02.2022","119,24","118,24","119,99","116,99","24,93K","1,32%"
"08.02.2022","117,69","116,49","117,99","111,29","107,49K","2,97%"
"07.02.2022","114,29","109,49","114,69","108,99","163,41K","2,42%"
"04.02.2022","111,59","111,79","112,84","110,59","237,13K","-0,13%"
"03.02.2022","111,74","113,99","115,99","110,49","145,08K","-2,44%"
"02.02.2022","114,54","120,59","123,79","113,09","216,27K","-3,90%"
"01.02.2022","119,19","115,99","120,69","114,99","122,71K","-0,50%"
"31.01.2022","119,79","116,39","119,99","113,99","92,18K","6,49%"
"28.01.2022","112,49","111,99","113,99","109,69","150,70K","4,65%"
"27.01.2022","107,49","108,89","109,79","107,19","155,67K","-1,29%"
"26.01.2022","108,89","107,39","108,89","105,99","81,95K","1,40%"
"25.01.2022","107,39","108,89","108,89","105,99","42,69K","1,42%"
"24.01.2022","105,89","106,49","106,49","103,99","298,16K","-0,52%"
"21.01.2022","106,44","107,99","108,89","104,79","40,76K","-0,37%"
"20.01.2022","106,84","106,89","107,49","105,69","149,49K","-0,05%"
"19.01.2022","106,89","109,39","109,59","105,49","159,73K","0,05%"
"18.01.2022","106,84","106,09","109,99","106,09","280,67K","0,71%"
"17.01.2022","106,09","105,99","106,79","105,99","32,29K","-0,75%"
"14.01.2022","106,89","106,39","106,99","104,99","615,88K","0,52%"
"13.01.2022","106,34","106,79","107,49","105,99","160,76K","-0,51%"
"12.01.2022","106,89","105,99","106,99","101,99","321,68K","0,90%"
"11.01.2022","105,94","104,29","107,99","104,29","131,03K","0,81%"
"10.01.2022","105,09","104,69","107,19","104,49","76,53K","-1,55%"
"07.01.2022","106,74","106,49","109,49","104,99","62,52K","-0,14%"
"06.01.2022","106,89","109,99","109,99","103,99","294,00K","-1,06%"
"05.01.2022","108,04","106,99","108,89","105,99","174,08K","1,79%"
"04.01.2022","106,14","107,49","107,49","104,04","135,68K","-0,42%"
"03.01.2022","106,59","104,09","107,09","102,49","195,39K","2,50%"
"30.12.2021","103,99","100,99","104,99","100,99","495,06K","1,12%"
"29.12.2021","102,84","102,09","104,09","101,99","54,07K","0,73%"
"28.12.2021","102,09","106,19","106,94","101,99","131,06K","-3,22%"
"27.12.2021","105,49","104,49","113,39","102,99","261,51K","-1,77%"
"23.12.2021","107,39","104,49","111,59","104,49","164,46K","3,12%"
"22.12.2021","104,14","108,99","111,99","103,69","181,54K","-4,32%"
"21.12.2021","108,84","102,09","109,49","102,09","231,11K","5,68%"
"20.12.2021","102,99","99,29","103,99","99,29","296,12K","-0,72%"
"17.12.2021","103,74","102,99","103,79","99,04","415,27K","1,67%"
"16.12.2021","102,04","96,99","102,49","96,99","425,08K","2,05%"
"15.12.2021","99,99","101,09","101,09","97,99","190,92K","-1,09%"
"14.12.2021","101,09","103,29","103,29","97,19","79,22K","0,05%"
"13.12.2021","101,04","103,89","104,29","100,04","111,34K","-2,08%"
"10.12.2021","103,19","99,99","103,89","98,29","141,40K","2,64%"
"09.12.2021","100,54","101,99","102,49","99,99","102,05K","-3,73%"
"07.12.2021","104,44","104,59","106,69","102,39","165,03K","-0,14%"
"06.12.2021","104,59","105,49","107,99","103,09","107,97K","-0,52%"
"03.12.2021","105,14","100,89","110,99","100,89","258,87K","-4,02%"
"02.12.2021","109,54","99,59","110,99","97,29","631,06K","12,19%"
"01.12.2021","97,64","89,99","99,79","88,89","297,05K","8,56%"
"30.11.2021","89,94","88,99","90,44","88,69","278,89K","1,01%"
"29.11.2021","89,04","89,99","94,99","87,99","111,84K","-2,09%"
"26.11.2021","90,94","90,39","92,19","86,09","243,74K","0,50%"
"25.11.2021","90,49","84,79","90,99","84,79","153,95K","3,02%"
"24.11.2021","87,84","86,59","89,99","85,49","123,64K","-0,57%"
"23.11.2021","88,34","85,94","90,99","83,54","232,49K","2,91%"
"19.11.2021","85,84","89,59","89,59","84,59","130,24K","-4,19%"
"18.11.2021","89,59","82,74","90,39","82,74","142,07K","4,31%"
"17.11.2021","85,89","86,79","86,89","83,69","218,28K","-0,87%"
"16.11.2021","86,64","86,79","86,99","83,49","294,81K","-0,23%"
"15.11.2021","86,84","89,69","89,69","84,99","173,51K","0,40%"
"12.11.2021","86,49","87,79","87,99","84,89","96,19K","-1,59%"
"11.11.2021","87,89","85,29","88,49","84,79","178,62K","3,66%"
"10.11.2021","84,79","87,39","87,39","83,59","110,36K","-0,29%"
"09.11.2021","85,04","85,99","87,49","83,99","393,74K","-1,22%"
"08.11.2021","86,09","82,99","86,29","82,69","243,25K","4,24%"
"05.11.2021","82,59","80,49","83,49","80,49","136,84K","-0,48%"
"04.11.2021","82,99","82,94","83,29","80,19","87,25K","0,06%"
"03.11.2021","82,94","82,99","83,49","79,49","180,38K","0,00%"
"02.11.2021","82,94","80,39","82,99","79,09","183,39K","3,88%"
"01.11.2021","79,84","77,79","80,99","77,69","183,14K","3,70%"
"29.10.2021","76,99","81,69","81,69","75,09","606,71K","-5,52%"
"28.10.2021","81,49","79,59","81,69","79,59","92,84K","0,93%"
"27.10.2021","80,74","82,49","82,49","80,29","150,60K","-1,40%"
"26.10.2021","81,89","81,49","82,99","81,24","165,34K","0,99%"
"25.10.2021","81,09","79,49","81,29","77,99","342,17K","2,40%"
"22.10.2021","79,19","80,19","80,39","79,09","177,87K","-1,31%"
"21.10.2021","80,24","81,09","81,09","80,19","250,80K","-0,93%"
"20.10.2021","80,99","80,99","81,99","80,39","372,79K","0,68%"
"19.10.2021","80,44","79,99","80,49","78,79","392,73K","0,19%"
"18.10.2021","80,29","79,59","80,99","78,39","245,30K","0,69%"
"15.10.2021","79,74","79,69","79,99","78,89","269,57K","1,59%"
"14.10.2021","78,49","79,79","79,89","77,04","134,28K","-0,19%"
"13.10.2021","78,64","78,64","78,79","76,99","183,88K","0,00%"
"12.10.2021","78,64","78,64","79,19","78,39","191,95K","0,00%"
"07.10.2021","78,64","78,99","80,49","78,59","359,30K","-0,94%"
"06.10.2021","79,39","80,89","80,89","79,29","335,57K","-0,56%"
"05.10.2021","79,84","80,79","80,79","79,29","469,78K","-0,44%"
"04.10.2021","80,19","79,99","80,89","78,89","473,77K","0,25%"
"01.10.2021","79,99","79,99","81,79","79,59","193,94K","-0,31%"
"30.09.2021","80,24","83,29","83,29","80,19","433,56K","-0,99%"
"29.09.2021","81,04","81,79","83,49","80,09","188,68K","-0,80%"
"28.09.2021","81,69","81,69","82,39","80,69","195,43K","0,00%"
"27.09.2021","81,69","82,49","82,49","80,99","237,22K","-0,24%"
"24.09.2021","81,89","82,79","82,79","81,19","58,24K","0,43%"
"23.09.2021","81,54","80,79","81,94","80,19","544,98K","0,87%"
"22.09.2021","80,84","80,49","80,99","79,49","148,04K","1,89%"
"21.09.2021","79,34","80,49","81,89","78,49","199,06K","-1,37%"
"20.09.2021","80,44","82,14","82,14","79,79","157,73K","-2,78%"
"17.09.2021","82,74","84,99","85,49","81,99","79,89K","-2,65%"
"16.09.2021","84,99","79,99","85,49","79,99","268,11K","1,25%"
"15.09.2021","83,94","84,19","84,59","81,59","278,42K","-0,06%"
"14.09.2021","83,99","83,99","84,49","83,09","239,08K","0,18%"
"13.09.2021","83,84","83,69","85,89","82,49","546,33K","5,67%"
"10.09.2021","79,34","82,19","82,19","78,49","197,87K","-3,17%"
"09.09.2021","81,94","81,49","82,19","81,09","258,71K","1,05%"
"08.09.2021","81,09","82,04","82,49","80,69","159,32K","-1,16%"
"07.09.2021","82,04","81,99","82,59","81,79","274,28K","0,12%"
"06.09.2021","81,94","81,99","82,09","80,49","76,37K","-0,12%"
"03.09.2021","82,04","82,69","82,69","81,19","115,12K","-0,67%"
"02.09.2021","82,59","82,19","83,89","81,24","138,94K","0,67%"
"01.09.2021","82,04","83,49","83,99","81,64","352,98K","-1,74%"
"31.08.2021","83,49","78,79","84,49","77,99","623,36K","5,56%"
"30.08.2021","79,09","76,79","79,79","76,49","644,80K","3,74%"
"27.08.2021","76,24","75,89","76,64","73,99","378,63K","2,01%"
"26.08.2021","74,74","75,49","75,94","74,14","338,67K","0,13%"
"25.08.2021","74,64","74,99","76,49","73,89","196,62K","-0,80%"
"24.08.2021","75,24","77,99","77,99","74,49","264,85K","0,80%"
"23.08.2021","74,64","73,84","74,99","72,84","178,38K","1,08%"
"20.08.2021","73,84","75,79","75,79","73,29","85,41K","-1,66%"
"19.08.2021","75,09","76,49","76,69","74,59","99,07K","-1,89%"
"18.08.2021","76,54","77,09","77,79","76,49","106,68K","-0,58%"
"17.08.2021","76,99","76,69","77,69","76,49","124,27K","0,65%"
"13.08.2021","76,49","79,99","79,99","76,09","196,27K","-4,14%"
"12.08.2021","79,79","81,49","81,59","79,69","120,41K","-2,15%"
"11.08.2021","81,54","80,39","82,49","80,19","202,64K","1,56%"
"10.08.2021","80,29","80,29","80,44","79,79","112,10K","0,50%"
"09.08.2021","79,89","80,09","80,49","79,49","77,77K","-0,19%"
"06.08.2021","80,04","79,94","80,19","79,24","145,98K","0,13%"
"05.08.2021","79,94","76,89","79,99","76,89","237,50K","1,20%"
"04.08.2021","78,99","79,09","79,39","77,99","426,39K","0,00%"
"03.08.2021","78,99","78,49","78,99","78,34","266,40K","0,64%"
"02.08.2021","78,49","78,09","78,49","77,49","511,57K","0,64%"
"30.07.2021","77,99","78,49","78,49","77,49","552,38K","0,00%"
"29.07.2021","77,99","78,19","78,39","77,49","406,18K","0,13%"
"28.07.2021","77,89","77,99","77,99","77,19","424,14K","0,78%"
"27.07.2021","77,29","77,39","77,49","77,14","317,51K","0,00%"
"26.07.2021","77,29","76,99","77,29","75,79","60,11K","0,91%"
"23.07.2021","76,59","76,59","76,89","76,19","41,35K","-0,26%"
"22.07.2021","76,79","77,29","77,44","76,29","102,10K","-0,84%"
"21.07.2021","77,44","77,29","77,44","76,09","349,47K","0,72%"
"20.07.2021","76,89","76,89","76,99","76,49","182,36K","0,20%"
"19.07.2021","76,74","75,99","76,99","73,64","353,08K","1,39%"
"16.07.2021","75,69","75,34","75,79","73,34","179,71K","0,93%"
"15.07.2021","74,99","76,49","76,49","74,89","198,05K","-0,92%"
"14.07.2021","75,69","75,99","75,99","74,99","167,06K","0,40%"
"13.07.2021","75,39","75,49","75,69","74,89","162,63K","0,60%"
"12.07.2021","74,94","74,89","75,09","71,99","80,96K","1,01%"
"08.07.2021","74,19","74,19","74,49","73,19","95,17K","-0,40%"
"07.07.2021","74,49","74,59","74,89","73,69","194,95K","0,00%"
"06.07.2021","74,49","72,99","74,49","72,89","107,31K","1,22%"
"05.07.2021","73,59","72,99","73,99","72,69","87,41K","1,24%"
"02.07.2021","72,69","71,99","72,74","71,59","106,88K","1,68%"
"01.07.2021","71,49","71,99","71,99","70,99","113,83K","0,07%"
"30.06.2021","71,44","71,89","72,39","70,99","301,35K","-1,31%"
"29.06.2021","72,39","72,34","72,84","71,49","265,25K","0,07%"
"28.06.2021","72,34","73,39","73,39","71,89","493,13K","-1,63%"
"25.06.2021","73,54","72,89","74,29","69,49","483,41K","-3,79%"
"24.06.2021","76,44","77,04","77,04","75,09","236,89K","0,66%"
"23.06.2021","75,94","76,89","77,09","75,54","184,33K","-0,85%"
"22.06.2021","76,59","77,34","77,34","74,79","157,40K","-0,33%"
"18.06.2021","76,84","77,19","77,29","76,49","153,31K","-0,07%"
"17.06.2021","76,89","76,04","77,14","75,19","265,49K","2,06%"
"16.06.2021","75,34","76,19","76,19","74,59","145,07K","0,47%"
"15.06.2021","74,99","75,79","75,79","73,54","161,26K","0,20%"
"14.06.2021","74,84","74,69","76,04","73,44","428,68K","0,27%"
"11.06.2021","74,64","74,19","75,44","72,99","194,73K","0,34%"
"10.06.2021","74,39","75,69","76,84","74,14","567,08K","-1,72%"
"09.06.2021","75,69","75,99","77,49","75,19","658,88K","-0,79%"
"08.06.2021","76,29","78,84","78,84","75,99","658,99K","-3,11%"
"07.06.2021","78,74","76,14","78,99","75,99","726,65K","3,82%"
"04.06.2021","75,84","76,89","76,89","74,54","455,85K","1,20%"
"03.06.2021","74,94","75,39","76,29","73,94","516,18K","-0,46%"
"02.06.2021","75,29","73,64","75,59","72,49","519,55K","2,24%"
"01.06.2021","73,64","74,09","74,49","73,49","188,81K","0,00%"
"31.05.2021","73,64","74,99","75,99","73,09","204,18K","-1,01%"
"28.05.2021","74,39","76,29","76,99","73,74","823,66K","-2,30%"
"27.05.2021","76,14","71,29","76,99","70,14","436,34K","6,88%"
"26.05.2021","71,24","70,99","71,49","69,89","104,52K","1,21%"
"21.05.2021","70,39","69,99","71,44","68,49","302,76K","1,00%"
"20.05.2021","69,69","68,54","70,19","67,89","524,82K","1,68%"
"19.05.2021","68,54","67,49","68,69","66,49","403,38K","0,73%"
"18.05.2021","68,04","68,84","68,89","67,69","440,31K","-0,44%"
"17.05.2021","68,34","69,69","69,99","68,09","250,05K","-1,80%"
"14.05.2021","69,59","69,79","70,99","67,99","558,99K","0,00%"
"13.05.2021","69,59","71,79","73,34","66,39","438,86K","-2,59%"
"12.05.2021","71,44","71,89","72,44","70,49","239,85K","-0,21%"
"11.05.2021","71,59","72,39","72,39","69,99","406,55K","-1,17%"
"10.05.2021","72,44","70,99","72,49","70,69","684,52K","2,11%"
"07.05.2021","70,94","68,99","71,84","68,99","909,30K","3,50%"
"06.05.2021","68,54","65,69","69,99","65,19","737,09K","5,46%"
"05.05.2021","64,99","64,05","65,99","64,00","425,50K","0,46%"
"04.05.2021","64,69","63,90","65,49","63,50","701,05K","1,24%"
"03.05.2021","63,90","64,00","64,05","63,50","253,83K","-0,23%"
"30.04.2021","64,05","64,00","65,19","63,40","377,79K","0,08%"
"29.04.2021","64,00","65,04","65,39","63,85","366,96K","-1,60%"
"28.04.2021","65,04","64,10","65,19","64,10","660,92K","1,63%"
"27.04.2021","64,00","63,50","64,79","63,20","335,63K","-0,16%"
"26.04.2021","64,10","63,10","64,29","63,10","158,11K","0,00%"
"23.04.2021","64,10","64,10","64,29","63,20","334,15K","0,16%"
"22.04.2021","64,00","63,10","64,29","63,10","1,07M","0,00%"
"21.04.2021","64,00","63,10","64,00","62,20","496,12K","1,59%"
"20.04.2021","63,00","62,50","63,30","62,50","908,52K","0,16%"
"19.04.2021","62,90","63,50","63,50","62,20","495,59K","0,00%"
"16.04.2021","62,90","62,90","63,10","62,55","430,56K","0,00%"
"15.04.2021","62,90","63,90","63,90","62,50","402,39K","-0,32%"
"14.04.2021","63,10","63,50","63,50","62,60","389,14K","0,00%"
"13.04.2021","63,10","63,25","63,25","61,95","348,27K","0,32%"
"12.04.2021","62,90","63,20","63,20","61,90","156,54K","-0,47%"
"09.04.2021","63,20","63,40","63,40","62,95","262,97K","0,40%"
"08.04.2021","62,95","63,30","63,80","62,80","118,33K","-0,63%"
"07.04.2021","63,35","63,25","64,99","62,60","172,07K","0,08%"
"06.04.2021","63,30","63,00","63,40","62,50","515,28K","0,80%"
"05.04.2021","62,80","63,00","63,75","61,85","169,67K","0,00%"
"31.03.2021","62,80","63,90","63,90","61,80","406,64K","-0,32%"
"30.03.2021","63,00","61,70","63,00","61,70","634,14K","1,04%"
"29.03.2021","62,35","62,50","63,00","61,50","715,32K","-0,32%"
"26.03.2021","62,55","61,50","62,85","61,10","566,08K","0,64%"
"25.03.2021","62,15","63,60","63,80","61,60","191,56K","-2,28%"
"23.03.2021","63,60","63,45","63,95","62,25","380,56K","0,87%"
"22.03.2021","63,05","63,45","63,70","62,05","253,65K","0,08%"
"19.03.2021","63,00","62,60","63,00","62,20","147,02K","0,64%"
"18.03.2021","62,60","63,30","63,60","62,50","126,82K","-1,65%"
"17.03.2021","63,65","62,80","63,80","62,80","344,97K","-0,70%"
"16.03.2021","64,10","64,05","64,24","62,75","442,65K","0,08%"
"15.03.2021","64,05","63,95","64,14","62,90","194,89K","1,91%"
"12.03.2021","62,85","63,95","63,95","62,75","328,16K","-1,72%"
"11.03.2021","63,95","65,29","65,29","62,60","513,04K","-1,45%"
"10.03.2021","64,89","63,40","65,19","63,25","316,28K","-0,38%"
"09.03.2021","65,14","63,10","65,49","62,30","655,23K","3,56%"
"08.03.2021","62,90","63,40","63,50","62,10","183,77K","-1,02%"
"05.03.2021","63,55","64,99","64,99","62,80","516,46K","-1,53%"
"04.03.2021","64,54","64,49","64,79","63,00","623,17K","0,00%"
"03.03.2021","64,54","64,79","65,09","64,00","279,80K","0,08%"
"02.03.2021","64,49","63,30","64,59","63,30","589,90K","2,45%"
"01.03.2021","62,95","62,00","63,30","61,50","5,61M","2,11%"
"26.02.2021","61,65","62,65","64,00","61,50","8,22M","-1,52%"
"25.02.2021","62,60","62,00","62,65","61,80","199,81K","1,13%"
"24.02.2021","61,90","60,90","62,10","60,30","293,41K","2,15%"
"23.02.2021","60,60","62,50","62,50","60,05","94,22K","-2,73%"
"22.02.2021","62,30","62,50","62,50","61,80","580,61K","0,00%"
"19.02.2021","62,30","62,40","62,40","61,05","168,16K","0,32%"
"18.02.2021","62,10","62,00","62,30","60,55","487,40K","-0,16%"
"17.02.2021","62,20","62,00","62,40","59,90","835,28K","0,89%"
"12.02.2021","61,65","60,20","62,00","60,05","501,99K","1,99%"
"11.02.2021","60,45","60,30","60,50","59,10","318,87K","1,51%"
"10.02.2021","59,55","61,50","61,70","59,50","219,66K","-1,33%"
"09.02.2021","60,35","60,50","62,55","60,10","248,68K","-0,74%"
"08.02.2021","60,80","60,70","61,40","59,80","190,66K","0,50%"
"05.02.2021","60,50","60,50","61,00","59,55","291,97K","0,83%"
"04.02.2021","60,00","60,70","60,70","59,80","75,83K","-0,99%"
"03.02.2021","60,60","59,40","61,00","59,00","413,71K","1,00%"
"02.02.2021","60,00","60,40","60,55","59,20","167,13K","-0,17%"
"01.02.2021","60,10","59,50","60,35","59,50","150,88K","0,92%"
"29.01.2021","59,55","58,90","60,20","58,90","308,43K","-0,75%"
"28.01.2021","60,00","60,10","60,30","59,15","59,75K","0,00%"
"27.01.2021","60,00","60,20","60,20","58,85","60,23K","-0,17%"
"26.01.2021","60,10","58,40","60,20","58,40","145,58K","1,26%"
"25.01.2021","59,35","58,70","60,10","58,20","258,53K","1,28%"
"22.01.2021","58,60","57,90","60,20","57,00","377,71K","0,86%"
"21.01.2021","58,10","60,20","60,35","58,00","226,49K","-3,01%"
"20.01.2021","59,90","59,00","60,00","58,90","86,67K","0,67%"
"19.01.2021","59,50","59,00","59,80","58,60","357,62K","0,42%"
"18.01.2021","59,25","59,10","60,70","58,90","88,02K","-0,67%"
"15.01.2021","59,65","59,85","61,00","59,50","115,09K","-1,73%"
"14.01.2021","60,70","60,60","61,00","60,35","106,69K","0,41%"
"13.01.2021","60,45","60,60","61,40","59,70","88,49K","-0,25%"
"12.01.2021","60,60","60,00","61,00","60,00","307,52K","1,00%"
"11.01.2021","60,00","60,20","60,80","59,00","490,18K","-0,41%"
"08.01.2021","60,25","60,30","60,65","60,00","124,42K","-0,08%"
"07.01.2021","60,30","60,50","60,95","60,00","126,99K","-0,08%"
"06.01.2021","60,35","60,20","60,95","59,80","105,08K","0,84%"
"05.01.2021","59,85","60,20","61,40","59,00","237,47K","-0,33%"
"04.01.2021","60,05","60,30","61,50","59,65","183,72K","-2,52%"
"30.12.2020","61,60","62,30","62,50","60,00","590,47K","0,08%"
"29.12.2020","61,55","60,30","62,50","60,30","178,65K","0,90%"
"28.12.2020","61,00","62,40","62,60","60,80","316,76K","-2,24%"
"23.12.2020","62,40","61,00","62,60","59,25","397,30K","2,38%"
"22.12.2020","60,95","59,10","61,50","59,10","166,86K","1,58%"
"21.12.2020","60,00","59,50","60,30","59,50","285,28K","-1,80%"
"18.12.2020","61,10","60,60","61,50","60,00","183,81K","0,91%"
"17.12.2020","60,55","60,00","60,70","59,30","423,08K","0,75%"
"16.12.2020","60,10","60,50","60,80","59,50","341,58K","-0,41%"
"15.12.2020","60,35","59,50","60,50","59,20","203,82K","1,26%"
"14.12.2020","59,60","60,20","60,45","59,30","329,47K","-1,24%"
"11.12.2020","60,35","60,60","61,00","59,50","253,15K","-0,25%"
"10.12.2020","60,50","59,40","60,90","57,10","229,30K","1,85%"
"09.12.2020","59,40","61,80","61,80","57,00","419,87K","-2,70%"
"04.12.2020","61,05","60,40","61,30","60,00","232,57K","0,25%"
"03.12.2020","60,90","60,70","61,10","60,10","480,63K","0,33%"
"02.12.2020","60,70","61,20","61,20","59,00","286,08K","0,33%"
"01.12.2020","60,50","60,50","61,20","60,10","275,98K","-0,25%"
"30.11.2020","60,65","60,80","61,00","60,00","242,00K","-0,25%"
"27.11.2020","60,80","60,00","61,05","59,70","195,78K","0,75%"
"26.11.2020","60,35","61,20","61,20","60,20","91,29K","-1,07%"
"25.11.2020","61,00","61,25","61,60","60,30","549,68K","-0,08%"
"24.11.2020","61,05","60,50","61,20","59,50","474,98K","1,75%"
"20.11.2020","60,00","61,20","61,20","59,20","229,49K","0,00%"
"19.11.2020","60,00","62,00","62,00","59,95","332,90K","-2,52%"
"18.11.2020","61,55","61,50","62,20","60,20","817,99K","-0,08%"
"17.11.2020","61,60","59,90","62,40","58,30","826,15K","2,92%"
"16.11.2020","59,85","57,55","60,00","57,55","1,18M","3,28%"
"13.11.2020","57,95","58,50","59,55","57,50","227,77K","-0,52%"
"12.11.2020","58,25","59,80","60,00","57,95","317,34K","-2,75%"
"11.11.2020","59,90","58,00","59,90","56,75","1,21M","3,81%"
"10.11.2020","57,70","56,70","57,90","55,25","736,08K","3,96%"
"09.11.2020","55,50","56,00","56,70","54,50","344,80K","1,00%"
"06.11.2020","54,95","55,60","55,60","54,60","69,11K","-1,26%"
"05.11.2020","55,65","54,00","55,95","53,30","414,80K","4,61%"
"04.11.2020","53,20","56,00","56,50","53,15","293,02K","-4,57%"
"03.11.2020","55,75","54,70","56,40","54,00","690,52K","2,29%"
"02.11.2020","54,50","52,40","55,00","52,00","3,72M","4,01%"
"30.10.2020","52,40","51,80","52,80","50,50","405,38K","0,96%"
"29.10.2020","51,90","51,20","52,30","49,90","313,62K","3,90%"
"28.10.2020","49,95","52,90","53,00","48,50","594,54K","-5,93%"
"27.10.2020","53,10","53,10","55,90","52,60","906,31K","0,19%"
"26.10.2020","53,00","55,60","57,50","52,00","8,50M","-4,76%"
"23.10.2020","55,65","54,00","56,00","53,20","6,68M","3,15%"
"22.10.2020","53,95","55,10","55,10","53,80","344,14K","-1,55%"
"21.10.2020","54,80","54,50","55,30","53,20","421,25K","1,39%"
"20.10.2020","54,05","53,20","54,75","52,35","578,63K","1,89%"
"19.10.2020","53,05","52,70","55,50","52,70","681,98K","0,66%"
"16.10.2020","52,70","53,70","54,50","50,00","885,95K","-1,68%"
"15.10.2020","53,60","53,20","54,20","52,35","517,07K","0,75%"
"14.10.2020","53,20","53,00","55,00","52,35","1,34M","0,57%"
"13.10.2020","52,90","53,65","53,70","52,15","397,93K","-1,31%"
"09.10.2020","53,60","52,15","53,85","52,15","328,70K","1,23%"
"08.10.2020","52,95","54,00","54,00","52,50","509,99K","-0,09%"
"07.10.2020","53,00","51,70","54,00","51,50","326,00K","0,28%"
"06.10.2020","52,85","54,00","54,50","52,05","1,02M","-1,95%"
"05.10.2020","53,90","52,40","54,00","52,40","203,90K","2,57%"
"02.10.2020","52,55","52,40","53,20","50,25","323,60K","0,29%"
"01.10.2020","52,40","50,20","52,90","50,20","456,27K","4,59%"
"30.09.2020","50,10","52,65","54,00","49,10","634,79K","-4,84%"
"29.09.2020","52,65","54,00","54,50","47,50","311,46K","-0,19%"
"28.09.2020","52,75","53,50","54,00","52,30","554,87K","-0,28%"
"25.09.2020","52,90","51,85","53,10","51,00","294,79K","1,05%"
"24.09.2020","52,35","51,50","52,50","50,90","487,53K","3,36%"
"23.09.2020","50,65","49,00","51,10","47,20","572,27K","3,37%"
"22.09.2020","49,00","48,10","49,40","48,10","480,12K","2,19%"
"21.09.2020","47,95","49,60","49,60","47,00","409,93K","-3,33%"
"18.09.2020","49,60","50,10","51,90","47,40","1,61M","1,85%"
"17.09.2020","48,70","53,50","53,50","47,20","2,57M","-9,31%"
"16.09.2020","53,70","57,30","57,30","53,30","750,62K","-6,85%"
"15.09.2020","57,65","56,90","58,00","54,80","347,92K","1,05%"
"14.09.2020","57,05","59,30","59,30","57,00","306,89K","-3,79%"
"11.09.2020","59,30","62,50","62,50","57,30","1,03M","-4,05%"
"10.09.2020","61,80","61,80","62,80","61,40","568,65K","0,16%"
"09.09.2020","61,70","59,50","62,00","59,50","845,21K","3,01%"
"08.09.2020","59,90","57,20","60,00","55,80","377,91K","4,45%"
"07.09.2020","57,35","55,50","57,50","55,40","602,55K","3,52%"
"04.09.2020","55,40","53,00","55,50","51,50","270,57K","4,33%"
"03.09.2020","53,10","54,00","54,00","52,80","203,48K","0,66%"
"02.09.2020","52,75","55,50","55,50","52,30","571,69K","-5,30%"
"01.09.2020","55,70","56,05","56,50","55,50","365,58K","-0,45%"
"31.08.2020","55,95","56,80","57,00","55,50","530,90K","1,08%"
"28.08.2020","55,35","56,40","57,00","54,00","499,94K","-1,07%"
"27.08.2020","55,95","54,40","57,40","52,50","1,34M","2,38%"
"26.08.2020","54,65","52,05","55,00","51,70","1,05M","6,01%"
"25.08.2020","51,55","50,35","52,40","48,50","461,80K","4,14%"
"24.08.2020","49,50","49,40","50,10","48,00","797,67K","-0,20%"
"21.08.2020","49,60","48,20","49,95","48,00","921,58K","2,69%"
"20.08.2020","48,30","49,20","49,40","47,60","894,39K","-0,62%"
"19.08.2020","48,60","48,00","49,00","46,40","618,69K","1,25%"
"18.08.2020","48,00","48,50","48,50","47,20","1,28M","-3,23%"
"14.08.2020","49,60","51,00","52,00","49,55","927,87K","-3,60%"
"13.08.2020","51,45","51,00","52,10","50,95","446,81K","1,28%"
"12.08.2020","50,80","53,35","53,35","49,30","670,14K","-3,79%"
"11.08.2020","52,80","53,40","54,00","52,30","334,32K","-1,22%"
"10.08.2020","53,45","53,50","53,90","52,10","637,93K","0,38%"
"07.08.2020","53,25","52,70","53,50","52,50","707,02K","1,14%"
"06.08.2020","52,65","54,90","55,10","51,95","529,29K","-3,92%"
"05.08.2020","54,80","53,80","55,00","52,00","1,17M","2,81%"
"04.08.2020","53,30","52,10","54,00","51,10","1,79M","4,72%"
"03.08.2020","50,90","47,00","51,20","46,50","1,04M","6,71%"
"31.07.2020","47,70","47,50","47,80","46,70","673,32K","1,49%"
"30.07.2020","47,00","46,40","47,10","45,00","440,70K","0,97%"
"29.07.2020","46,55","46,30","46,70","45,00","452,59K","0,76%"
"28.07.2020","46,20","44,80","46,30","44,10","991,58K","3,13%"
"27.07.2020","44,80","46,80","46,80","44,75","1,04M","-1,32%"
"24.07.2020","45,40","47,80","48,10","45,10","1,84M","-3,61%"
"23.07.2020","47,10","47,00","49,20","43,90","1,37M","0,64%"
"22.07.2020","46,80","44,90","46,90","44,00","893,13K","5,41%"
"21.07.2020","44,40","44,60","45,45","43,20","505,06K","-0,56%"
"20.07.2020","44,65","45,00","45,00","44,00","509,00K","1,48%"
"17.07.2020","44,00","43,55","45,70","41,50","846,95K","1,85%"
"16.07.2020","43,20","43,75","43,75","42,90","362,16K","-0,23%"
"15.07.2020","43,30","43,10","43,90","43,00","605,81K","1,17%"
"14.07.2020","42,80","42,50","43,00","41,15","485,27K","0,94%"
"13.07.2020","42,40","42,20","42,90","42,20","517,77K","1,44%"
"08.07.2020","41,80","41,50","42,50","40,70","2,00M","1,09%"
"07.07.2020","41,35","41,40","41,60","39,00","565,46K","2,10%"
"06.07.2020","40,50","38,45","42,35","38,45","2,62M","7,86%"
"03.07.2020","37,55","38,30","38,80","37,00","245,36K","-1,83%"
"02.07.2020","38,25","38,30","38,80","37,10","195,71K","-0,13%"
"01.07.2020","38,30","38,00","38,40","37,35","376,79K","0,92%"
"30.06.2020","37,95","39,40","39,40","37,00","513,63K","-2,69%"
"29.06.2020","39,00","39,40","39,90","38,50","140,34K","-0,64%"
"26.06.2020","39,25","39,80","39,95","38,50","344,43K","-1,63%"
"25.06.2020","39,90","39,30","40,00","38,60","254,72K","1,79%"
"24.06.2020","39,20","39,30","39,30","38,50","291,07K","-0,13%"
"23.06.2020","39,25","38,80","39,60","38,50","314,27K","1,82%"
"22.06.2020","38,55","38,90","39,35","37,80","705,35K","-0,64%"
"19.06.2020","38,80","37,40","39,10","37,40","934,20K","3,88%"
"18.06.2020","37,35","38,60","38,60","37,00","570,64K","-4,23%"
"17.06.2020","39,00","39,50","39,50","37,00","380,87K","-0,26%"
"16.06.2020","39,10","39,50","39,50","38,70","178,34K","0,90%"
"12.06.2020","38,75","37,70","39,00","37,20","407,37K","2,24%"
"11.06.2020","37,90","39,50","39,50","37,20","764,71K","-3,93%"
"10.06.2020","39,45","39,00","39,55","36,90","376,40K","1,54%"
"09.06.2020","38,85","39,90","39,90","38,40","857,19K","-3,24%"
"08.06.2020","40,15","40,15","40,50","39,80","1,76M","0,25%"
"05.06.2020","40,05","39,90","40,20","39,10","1,02M","1,65%"
"04.06.2020","39,40","40,55","40,70","39,05","453,44K","-2,60%"
"03.06.2020","40,45","40,00","41,10","39,00","1,44M","2,15%"
"02.06.2020","39,60","39,50","40,00","39,00","685,49K","2,19%"
"01.06.2020","38,75","39,90","39,90","37,80","701,77K","1,57%"
"29.05.2020","38,15","38,50","38,50","36,40","574,94K","-1,29%"
"28.05.2020","38,65","39,00","39,70","38,20","636,98K","-0,64%"
"27.05.2020","38,90","39,80","39,80","38,40","704,01K","-0,51%"
"26.05.2020","39,10","40,00","40,40","39,00","527,33K","-1,88%"
"22.05.2020","39,85","39,20","40,50","38,20","1,45M","1,14%"
"21.05.2020","39,40","40,00","40,50","39,00","4,45M","-1,25%"
"20.05.2020","39,90","40,30","40,60","38,20","782,41K","2,05%"
"19.05.2020","39,10","38,20","40,10","36,50","1,40M","4,13%"
"18.05.2020","37,55","36,90","38,80","36,80","1,10M","3,02%"
"15.05.2020","36,45","34,50","36,70","33,50","1,91M","5,65%"
"14.05.2020","34,50","31,35","34,80","31,00","1,34M","9,87%"
"13.05.2020","31,40","31,30","32,00","30,50","759,90K","-0,16%"
"12.05.2020","31,45","30,70","31,95","30,70","3,35M","3,45%"
"11.05.2020","30,40","29,80","31,10","29,30","3,16M","3,05%"
"08.05.2020","29,50","29,45","30,20","29,10","2,12M","1,20%"
"07.05.2020","29,15","28,70","29,30","28,20","1,63M","3,00%"
"06.05.2020","28,30","27,65","28,55","27,60","1,64M","2,91%"
"05.05.2020","27,50","27,30","28,35","27,20","817,88K","1,29%"
"04.05.2020","27,15","27,95","27,95","26,80","383,17K","-3,04%"
"30.04.2020","28,00","29,00","29,20","27,00","742,15K","-2,27%"
"29.04.2020","28,65","29,20","29,80","27,60","735,07K","-0,87%"
"28.04.2020","28,90","27,40","29,10","27,40","1,19M","6,25%"
"27.04.2020","27,20","27,85","27,85","27,00","716,96K","0,74%"
"24.04.2020","27,00","28,20","28,20","26,25","517,99K","-4,26%"
"23.04.2020","28,20","28,50","28,65","27,90","717,38K","-1,05%"
"22.04.2020","28,50","28,80","29,20","28,20","766,04K","-0,70%"
"21.04.2020","28,70","27,50","28,75","27,30","883,01K","3,61%"
"20.04.2020","27,70","26,90","28,10","26,00","693,89K","4,73%"
"17.04.2020","26,45","27,00","27,20","26,00","366,19K","-0,19%"
"16.04.2020","26,50","27,95","27,95","26,30","624,64K","-5,02%"
"15.04.2020","27,90","26,05","28,30","25,10","1,61M","5,88%"
"14.04.2020","26,35","25,60","26,45","25,35","2,60M","4,15%"
"13.04.2020","25,30","23,65","25,75","22,80","2,34M","8,12%"
"08.04.2020","23,40","23,10","23,50","22,80","1,81M","1,74%"
"07.04.2020","23,00","23,10","23,55","22,90","1,74M","0,13%"
"06.04.2020","22,97","23,15","23,30","22,70","1,89M","1,19%"
"03.04.2020","22,70","23,50","23,50","22,50","2,17M","-1,60%"
"02.04.2020","23,07","23,35","23,90","23,00","1,51M","-1,41%"
"01.04.2020","23,40","23,80","23,90","23,20","1,59M","-0,43%"
"30.03.2020","23,50","24,75","24,75","23,25","1,14M","-3,37%"
"27.03.2020","24,32","24,35","24,50","22,80","1,36M","1,97%"
"26.03.2020","23,85","25,30","25,30","22,75","962,62K","-1,85%"
"25.03.2020","24,30","24,40","25,50","23,80","843,24K","1,25%"
"20.03.2020","24,00","24,80","25,90","23,85","1,06M","-3,61%"
"19.03.2020","24,90","23,25","25,10","23,25","579,11K","5,87%"
"18.03.2020","23,52","25,50","25,50","22,80","923,30K","-10,74%"
"17.03.2020","26,35","24,10","26,60","24,10","597,01K","1,93%"
"16.03.2020","25,85","25,85","25,95","23,20","964,58K","-2,64%"
"13.03.2020","26,55","26,90","28,40","26,20","978,92K","-3,10%"
"12.03.2020","27,40","28,00","28,00","26,00","1,25M","-3,35%"
"11.03.2020","28,35","27,50","28,50","27,00","781,05K","0,53%"
"10.03.2020","28,20","26,95","28,20","26,95","547,01K","5,03%"
"09.03.2020","26,85","27,00","27,70","26,00","1,45M","-6,77%"
"06.03.2020","28,80","29,00","29,40","27,85","491,72K","-0,69%"
"05.03.2020","29,00","29,60","29,80","28,90","422,08K","-2,03%"
"04.03.2020","29,60","29,50","30,20","29,45","247,11K","1,02%"
"03.03.2020","29,30","30,50","30,50","29,00","730,66K","-1,68%"
"02.03.2020","29,80","28,70","29,90","28,50","331,87K","4,38%"
"28.02.2020","28,55","28,00","28,90","26,40","399,46K","1,78%"
"27.02.2020","28,05","28,95","29,15","27,60","627,81K","-3,11%"
"26.02.2020","28,95","29,80","29,80","28,50","797,05K","-5,08%"
"21.02.2020","30,50","30,65","30,85","30,40","1,21M","0,49%"
"20.02.2020","30,35","29,50","30,60","28,90","821,05K","2,88%"
"19.02.2020","29,50","29,75","29,90","29,10","482,11K","-1,50%"
"18.02.2020","29,95","30,80","30,80","29,80","1,23M","-2,12%"
"17.02.2020","30,60","30,00","30,70","30,00","2,03M","2,34%"
"14.02.2020","29,90","29,00","30,30","29,00","2,41M","4,18%"
"13.02.2020","28,70","29,00","29,00","28,00","2,63M","-1,03%"
"12.02.2020","29,00","27,50","29,30","27,05","3,10M","6,42%"
"11.02.2020","27,25","27,40","27,45","25,70","1,86M","-1,27%"
"10.02.2020","27,60","28,00","28,00","27,20","1,09M","2,41%"
"07.02.2020","26,95","26,40","27,20","26,20","9,53M","3,65%"
"06.02.2020","26,00","26,30","26,70","26,00","894,57K","-0,76%"
"05.02.2020","26,20","26,50","26,90","25,95","547,53K","-0,95%"
"04.02.2020","26,45","27,20","27,30","26,35","826,05K","-0,94%"
"03.02.2020","26,70","26,80","27,25","26,35","990,97K","0,95%"
"31.01.2020","26,45","27,85","28,00","26,30","1,50M","-3,99%"
"30.01.2020","27,55","29,30","29,30","27,50","3,70M","-5,81%"
"29.01.2020","29,25","29,60","30,10","29,20","731,49K","-0,34%"
"28.01.2020","29,35","28,20","29,50","28,20","243,79K","3,89%"
"27.01.2020","28,25","29,20","29,20","28,00","458,79K","-3,58%"
"24.01.2020","29,30","30,00","30,20","29,00","408,63K","-1,68%"
"23.01.2020","29,80","30,50","30,70","29,70","247,09K","-1,65%"
"22.01.2020","30,30","30,20","30,45","30,10","538,51K","-0,82%"
"21.01.2020","30,55","30,50","31,00","30,10","985,31K","0,33%"
"20.01.2020","30,45","30,60","30,90","30,25","169,15K","0,00%"
"17.01.2020","30,45","29,90","30,70","29,90","523,97K","2,53%"
"16.01.2020","29,70","29,50","29,80","29,05","737,77K","2,41%"
"15.01.2020","29,00","29,30","29,80","28,50","1,04M","-0,85%"
"14.01.2020","29,25","30,00","30,00","29,00","536,66K","-2,50%"
"13.01.2020","30,00","30,60","31,05","29,60","536,84K","-1,32%"
"10.01.2020","30,40","30,20","31,00","30,05","495,35K","0,50%"
"09.01.2020","30,25","30,60","30,60","30,00","943,43K","1,17%"
"08.01.2020","29,90","30,50","30,90","29,80","694,99K","-3,55%"
"07.01.2020","31,00","31,10","31,40","30,35","266,88K","0,00%"
"06.01.2020","31,00","30,50","31,50","30,50","673,22K","-1,43%"
"03.01.2020","31,45","31,55","31,55","30,10","192,83K","-0,63%"
"02.01.2020","31,65","32,30","32,90","31,00","417,57K","-1,56%"
"30.12.2019","32,15","32,30","32,80","31,50","496,59K","-0,16%"
"27.12.2019","32,20","33,00","33,50","31,20","383,27K","-1,38%"
"26.12.2019","32,65","30,40","32,80","30,40","724,03K","7,40%"
"23.12.2019","30,40","28,95","30,45","28,50","253,87K","1,84%"
"20.12.2019","29,85","29,20","30,40","29,20","333,79K","-0,17%"
"19.12.2019","29,90","29,50","30,00","29,25","440,51K","2,75%"
"18.12.2019","29,10","29,70","30,10","28,80","396,01K","0,17%"
"17.12.2019","29,05","29,60","29,70","28,50","163,28K","-1,36%"
"16.12.2019","29,45","28,75","29,60","28,75","533,75K","2,43%"
"13.12.2019","28,75","28,00","29,50","27,90","299,90K","2,68%"
"12.12.2019","28,00","27,20","28,00","27,00","282,99K","4,09%"
"11.12.2019","26,90","26,90","27,30","26,50","162,54K","1,13%"
"10.12.2019","26,60","27,10","27,30","26,30","207,11K","-1,85%"
"09.12.2019","27,10","28,30","29,00","26,20","372,52K","-3,56%"
"06.12.2019","28,10","27,50","28,30","27,00","748,46K","3,31%"
"05.12.2019","27,20","27,20","27,35","26,30","514,76K","0,18%"
"04.12.2019","27,15","25,00","27,50","25,00","550,85K","4,62%"
"03.12.2019","25,95","24,50","26,10","24,50","178,23K","4,55%"
"02.12.2019","24,82","24,55","25,60","24,55","79,07K","-2,48%"
"29.11.2019","25,45","24,85","25,70","24,85","79,86K","2,41%"
"28.11.2019","24,85","25,50","25,70","24,30","2,84M","-0,60%"
"27.11.2019","25,00","24,05","25,70","24,05","2,35M","4,60%"
"26.11.2019","23,90","25,00","25,20","23,50","536,44K","-4,40%"
"25.11.2019","25,00","24,40","25,10","24,20","140,05K","2,46%"
"22.11.2019","24,40","24,50","25,10","24,20","263,73K","-0,41%"
"21.11.2019","24,50","25,20","25,95","24,05","338,68K","-2,58%"
"20.11.2019","25,15","25,50","26,60","24,90","255,11K","-0,59%"
"19.11.2019","25,30","24,90","25,50","24,15","3,98M","1,32%"
"15.11.2019","24,97","23,80","25,00","23,50","117,11K","4,92%"
"14.11.2019","23,80","25,20","27,00","23,40","707,11K","-8,81%"
"13.11.2019","26,10","26,80","27,00","25,80","208,36K","-2,61%"
"12.11.2019","26,80","28,00","29,00","26,75","252,17K","-4,96%"
"11.11.2019","28,20","27,50","28,80","27,40","130,56K","0,71%"
"08.11.2019","28,00","29,70","29,70","27,50","475,27K","-3,11%"
"07.11.2019","28,90","28,50","29,50","28,50","450,54K","1,58%"
"06.11.2019","28,45","29,00","29,50","28,35","169,20K","-1,73%"
"05.11.2019","28,95","28,90","29,10","26,50","812,54K","0,70%"
"04.11.2019","28,75","28,50","29,80","28,00","589,72K","0,88%"
"01.11.2019","28,50","27,60","29,90","27,60","1,10M","3,26%"
"31.10.2019","27,60","25,20","27,80","24,30","1,07M","11,29%"
"30.10.2019","24,80","23,00","24,82","22,50","547,51K","9,73%"
"29.10.2019","22,60","20,90","22,60","20,80","1,68M","8,13%"
"28.10.2019","20,90","21,95","23,50","20,50","1,54M","-5,00%"
"25.10.2019","22,00","21,80","22,70","21,80","629,88K","0,00%"
"24.10.2019","22,00","22,00","22,05","21,70","461,93K","0,00%"
"23.10.2019","22,00","21,32","22,05","21,20","497,98K","3,19%"
"22.10.2019","21,32","21,90","22,10","21,25","1,03M","-3,31%"
"21.10.2019","22,05","22,10","22,15","21,90","320,45K","-0,23%"
"18.10.2019","22,10","22,00","22,90","22,00","413,38K","-0,32%"
"17.10.2019","22,17","21,90","22,20","21,80","246,20K","0,77%"
"16.10.2019","22,00","22,05","22,30","21,65","534,33K","-0,45%"
"15.10.2019","22,10","22,20","22,35","21,90","441,34K","-0,45%"
"11.10.2019","22,20","22,15","22,35","22,00","903,02K","0,23%"
"10.10.2019","22,15","22,40","22,80","21,95","1,33M","-0,54%"
"09.10.2019","22,27","21,90","22,40","21,90","526,47K","1,00%"
"08.10.2019","22,05","22,30","22,30","22,00","392,13K","-1,12%"
"07.10.2019","22,30","22,02","22,40","22,02","996,82K","1,27%"
"04.10.2019","22,02","22,05","22,50","22,00","663,93K","-0,14%"
"03.10.2019","22,05","22,00","22,70","22,00","879,47K","-2,65%"
"02.10.2019","22,65","22,40","22,80","22,00","390,80K","1,12%"
"01.10.2019","22,40","22,40","22,50","21,95","725,03K","0,45%"
"30.09.2019","22,30","21,85","22,30","21,85","695,46K","0,90%"
"27.09.2019","22,10","21,75","22,25","21,75","676,61K","0,00%"
"26.09.2019","22,10","22,30","22,30","21,80","334,48K","0,45%"
"25.09.2019","22,00","21,00","22,05","20,90","1,49M","2,95%"
"24.09.2019","21,37","21,70","22,10","21,25","666,04K","-1,97%"
"23.09.2019","21,80","22,47","22,47","21,60","386,21K","-1,80%"
"20.09.2019","22,20","22,50","22,50","21,95","324,50K","-0,89%"
"19.09.2019","22,40","21,75","22,45","21,52","1,69M","2,99%"
"18.09.2019","21,75","22,10","22,10","21,40","1,36M","0,23%"
"17.09.2019","21,70","22,15","22,25","21,65","391,94K","-1,45%"
"16.09.2019","22,02","22,50","22,50","21,90","1,29M","1,15%"
"13.09.2019","21,77","21,95","22,50","21,50","1,65M","-0,68%"
"12.09.2019","21,92","22,10","22,45","21,70","816,57K","-0,14%"
"11.09.2019","21,95","22,00","22,20","21,80","379,96K","-0,32%"
"10.09.2019","22,02","22,00","22,45","21,80","546,07K","0,09%"
"09.09.2019","22,00","22,10","22,50","21,75","757,84K","-0,54%"
"06.09.2019","22,12","22,20","22,90","21,60","1,27M","-0,14%"
"05.09.2019","22,15","21,60","22,55","21,40","1,79M","4,88%"
"04.09.2019","21,12","19,00","21,50","19,00","10,49M","9,15%"
"03.09.2019","19,35","20,80","20,80","18,70","2,20M","-6,52%"
"02.09.2019","20,70","20,10","20,80","20,05","310,52K","3,24%"
"30.08.2019","20,05","20,00","20,20","19,00","6,07M","-0,10%"
"29.08.2019","20,07","20,60","20,60","19,30","1,95M","-2,90%"
"28.08.2019","20,67","20,60","21,50","20,35","1,74M","1,82%"
"27.08.2019","20,30","21,50","21,82","20,00","3,56M","-6,97%"
"26.08.2019","21,82","22,60","22,60","21,50","176,38K","-2,89%"
"23.08.2019","22,47","23,57","23,90","22,30","1,96M","-4,67%"
"22.08.2019","23,57","24,10","24,50","23,00","1,25M","-1,05%"
"21.08.2019","23,82","24,00","25,00","23,50","1,07M","0,42%"
"20.08.2019","23,72","24,30","24,30","23,00","1,94M","-6,25%"
"16.08.2019","25,30","23,00","25,60","23,00","1,33M","7,89%"
"15.08.2019","23,45","23,40","24,30","22,30","1,65M","5,39%"
"14.08.2019","22,25","22,60","23,50","21,40","8,18M","-0,98%"
"13.08.2019","22,47","21,00","24,00","20,10","6,37M","12,24%"
"12.08.2019","20,02","24,90","24,90","18,55","6,06M","-43,68%"
"09.08.2019","35,55","35,75","35,75","35,00","2,26M","0,85%"
"08.08.2019","35,25","35,90","36,15","34,80","1,66M","-0,56%"
"07.08.2019","35,45","36,20","36,20","34,90","3,52M","-1,94%"
"06.08.2019","36,15","36,50","36,80","35,80","52,01K","-0,55%"
"05.08.2019","36,35","37,00","37,00","36,00","116,53K","-2,68%"
"02.08.2019","37,35","36,85","37,40","35,25","416,92K","1,91%"
"01.08.2019","36,65","36,80","37,00","35,80","358,94K","-1,21%"
"31.07.2019","37,10","37,15","37,20","36,20","277,94K","-0,13%"
"30.07.2019","37,15","37,50","37,50","36,45","381,19K","-0,40%"
"29.07.2019","37,30","36,50","37,60","35,65","555,03K","1,08%"
"26.07.2019","36,90","34,90","37,00","34,90","1,84M","7,89%"
"25.07.2019","34,20","34,00","34,20","33,00","668,23K","0,74%"
"24.07.2019","33,95","32,50","34,10","32,50","970,06K","4,46%"
"23.07.2019","32,50","31,55","32,80","31,55","376,97K","3,50%"
"22.07.2019","31,40","32,00","32,20","30,70","390,40K","-2,03%"
"19.07.2019","32,05","32,20","32,30","31,50","387,80K","-1,08%"
"18.07.2019","32,40","32,40","33,15","31,25","269,09K","-0,15%"
"17.07.2019","32,45","33,40","33,50","32,00","689,02K","-2,26%"
"16.07.2019","33,20","34,00","34,45","33,10","548,15K","-2,35%"
"15.07.2019","34,00","35,75","35,75","33,90","252,27K","-4,90%"
"12.07.2019","35,75","36,00","36,35","35,50","438,66K","-0,14%"
"11.07.2019","35,80","36,35","37,00","35,60","848,52K","-2,32%"
"10.07.2019","36,65","36,80","37,50","35,80","647,82K","-0,41%"
"05.07.2019","36,80","36,85","36,90","36,00","584,75K","0,96%"
"04.07.2019","36,45","36,40","36,80","36,00","226,08K","0,28%"
"03.07.2019","36,35","37,00","37,00","36,20","270,12K","-1,36%"
"02.07.2019","36,85","36,30","37,15","36,00","596,79K","1,80%"
"01.07.2019","36,20","37,20","38,00","36,00","190,51K","-2,43%"
"28.06.2019","37,10","37,05","38,00","37,00","2,05M","0,13%"
"27.06.2019","37,05","36,00","37,50","36,00","274,99K","2,49%"
"26.06.2019","36,15","36,30","36,30","35,35","391,38K","0,28%"
"25.06.2019","36,05","36,85","36,85","35,25","570,56K","-0,14%"
"24.06.2019","36,10","36,90","37,00","35,10","472,34K","-0,14%"
"21.06.2019","36,15","36,30","36,90","35,50","371,45K","-0,55%"
"19.06.2019","36,35","37,50","37,65","36,10","249,84K","-3,45%"
"18.06.2019","37,65","36,80","37,85","36,80","399,32K","0,40%"
"14.06.2019","37,50","37,00","38,00","35,20","639,40K","0,67%"
"13.06.2019","37,25","37,30","37,40","34,75","883,32K","-0,13%"
"12.06.2019","37,30","33,80","37,35","33,80","3,20M","13,03%"
"11.06.2019","33,00","30,60","33,00","30,60","2,38M","8,02%"
"10.06.2019","30,55","28,80","30,90","28,40","1,43M","5,16%"
"07.06.2019","29,05","27,00","29,20","27,00","4,18M","8,19%"
"06.06.2019","26,85","25,80","26,90","25,80","1,68M","3,87%"
"05.06.2019","25,85","26,20","26,80","25,75","2,31M","-0,19%"
"04.06.2019","25,90","26,00","26,15","25,40","3,78M","-0,19%"
"03.06.2019","25,95","26,50","27,00","25,80","3,03M","-2,08%"
"31.05.2019","26,50","26,35","27,10","26,20","780,11K","0,38%"
"30.05.2019","26,40","26,95","27,50","25,90","827,44K","-1,86%"
"29.05.2019","26,90","27,10","27,70","26,90","657,00K","-2,71%"
"28.05.2019","27,65","28,00","28,35","27,05","105,46K","-1,25%"
"27.05.2019","28,00","28,05","28,50","27,80","340,33K","0,18%"
"24.05.2019","27,95","28,35","28,90","27,70","334,57K","-1,24%"
"23.05.2019","28,30","28,75","28,90","27,80","295,79K","-1,57%"
"22.05.2019","28,75","30,25","30,25","28,60","489,94K","-2,54%"
"21.05.2019","29,50","30,05","30,60","29,30","671,74K","-1,17%"
"20.05.2019","29,85","29,70","30,00","29,00","321,38K","0,51%"
"17.05.2019","29,70","30,00","30,50","29,40","179,77K","-0,83%"
"16.05.2019","29,95","29,70","30,30","29,20","360,18K","2,92%"
"15.05.2019","29,10","29,40","29,95","29,00","2,31M","-0,68%"
"14.05.2019","29,30","29,90","30,30","29,00","570,10K","-2,17%"
"13.05.2019","29,95","30,00","30,20","29,50","365,86K","-1,64%"
"10.05.2019","30,45","30,90","31,20","29,80","760,62K","-0,81%"
"09.05.2019","30,70","30,55","31,00","30,20","369,93K","0,16%"
"08.05.2019","30,65","31,00","31,00","30,30","758,00K","0,99%"
"07.05.2019","30,35","29,70","30,80","29,50","1,10M","0,33%"
"06.05.2019","30,25","29,25","30,70","29,25","1,24M","0,00%"
"03.05.2019","30,25","29,40","30,50","29,10","808,66K","3,07%"
"02.05.2019","29,35","29,00","29,90","28,70","466,89K","1,73%"
"30.04.2019","28,85","27,80","29,20","26,60","858,71K","7,65%"
"29.04.2019","26,80","27,00","27,50","26,50","638,51K","1,13%"
"26.04.2019","26,50","27,00","27,20","25,80","920,25K","0,57%"
"25.04.2019","26,35","26,00","27,00","24,60","2,59M","-2,41%"
"24.04.2019","27,00","29,00","29,00","26,90","1,71M","-7,22%"
"23.04.2019","29,10","29,05","29,50","29,00","178,90K","-0,85%"
"22.04.2019","29,35","29,50","29,60","29,00","302,72K","-1,01%"
"17.04.2019","29,65","29,90","30,20","29,25","448,98K","0,68%"
"16.04.2019","29,45","29,70","30,00","29,30","1,35M","-0,67%"
"15.04.2019","29,65","29,40","29,90","29,05","452,09K","-0,84%"
"12.04.2019","29,90","30,30","30,35","29,70","315,42K","-0,17%"
"11.04.2019","29,95","30,95","30,95","29,80","2,06M","-1,80%"
"10.04.2019","30,50","30,70","31,00","30,30","596,83K","0,49%"
"09.04.2019","30,35","31,30","31,30","30,20","319,87K","-2,25%"
"08.04.2019","31,05","30,90","31,50","30,60","236,30K","0,49%"
"05.04.2019","30,90","30,80","31,30","30,55","213,01K","0,82%"
"04.04.2019","30,65","31,60","31,60","30,45","176,60K","-0,81%"
"03.04.2019","30,90","32,10","32,10","30,80","456,98K","-3,59%"
"01.04.2019","32,05","32,50","32,80","31,30","287,79K","-0,47%"
"29.03.2019","32,20","31,90","32,40","31,65","428,76K","2,22%"
"28.03.2019","31,50","31,00","31,80","30,80","285,58K","2,94%"
"27.03.2019","30,60","31,35","31,40","30,05","658,99K","-2,24%"
"26.03.2019","31,30","32,75","33,20","30,95","713,48K","-4,43%"
"25.03.2019","32,75","32,60","32,95","32,40","185,38K","1,08%"
"22.03.2019","32,40","32,70","32,70","31,50","492,25K","-0,77%"
"21.03.2019","32,65","32,90","33,15","32,50","470,42K","0,00%"
"20.03.2019","32,65","33,50","33,50","32,50","792,23K","-1,21%"
"19.03.2019","33,05","33,35","33,85","33,00","395,08K","-0,90%"
"18.03.2019","33,35","33,30","33,80","33,00","662,15K","0,30%"
"15.03.2019","33,25","33,30","33,70","32,50","1,31M","0,00%"
"14.03.2019","33,25","34,25","34,25","33,00","1,82M","-0,89%"
"13.03.2019","33,55","33,30","33,90","33,00","562,69K","0,90%"
"12.03.2019","33,25","33,25","33,90","33,05","281,80K","0,00%"
"11.03.2019","33,25","33,90","34,60","33,10","481,80K","-1,92%"
"08.03.2019","33,90","32,95","34,20","32,90","3,15M","3,20%"
"07.03.2019","32,85","33,75","34,00","32,65","1,34M","-2,09%"
"06.03.2019","33,55","34,80","35,00","33,10","3,52M","-3,45%"
"01.03.2019","34,75","35,60","36,15","34,60","2,49M","-2,39%"
"28.02.2019","35,60","36,50","36,55","35,20","2,31M","-2,47%"
"27.02.2019","36,50","37,30","37,30","36,10","402,67K","-0,82%"
"26.02.2019","36,80","36,90","37,00","36,45","172,21K","-0,94%"
"25.02.2019","37,15","36,65","37,90","36,60","377,71K","1,36%"
"22.02.2019","36,65","37,10","37,40","36,45","164,55K","0,41%"
"21.02.2019","36,50","36,90","37,25","36,40","3,16M","-0,41%"
"20.02.2019","36,65","37,70","38,35","36,50","2,18M","-2,79%"
"19.02.2019","37,70","38,40","38,70","37,55","1,97M","-2,20%"
"18.02.2019","38,55","39,00","39,00","38,40","239,05K","-0,13%"
"15.02.2019","38,60","38,65","38,90","38,60","1,23M","-0,13%"
"14.02.2019","38,65","38,80","38,80","38,55","1,44M","0,00%"
"13.02.2019","38,65","38,90","38,90","38,25","224,24K","-0,26%"
"12.02.2019","38,75","38,50","38,80","38,20","1,78M","0,65%"
"11.02.2019","38,50","38,65","39,15","38,00","431,65K","-0,65%"
"08.02.2019","38,75","37,70","38,80","37,50","1,44M","2,79%"
"07.02.2019","37,70","38,00","38,25","37,10","357,57K","-0,66%"
"06.02.2019","37,95","38,80","38,80","37,50","510,96K","-1,30%"
"05.02.2019","38,45","37,75","38,50","37,40","595,63K","2,81%"
"04.02.2019","37,40","38,10","38,10","37,20","1,44M","-0,93%"
"01.02.2019","37,75","38,60","38,60","37,60","3,18M","-1,31%"
"31.01.2019","38,25","37,85","38,30","37,40","1,13M","0,39%"
"30.01.2019","38,10","37,40","38,15","37,20","292,87K","2,83%"
"29.01.2019","37,05","37,50","37,85","36,90","1,80M","-1,72%"
"28.01.2019","37,70","37,50","37,80","37,20","599,17K","-0,79%"
"25.01.2019","38,00","38,80","39,00","37,70","1,77M","-1,55%"
"24.01.2019","38,60","38,50","38,80","38,20","458,99K","0,65%"
"23.01.2019","38,35","38,10","38,70","38,10","289,60K","0,26%"
"22.01.2019","38,25","39,10","39,10","38,05","267,96K","-2,05%"
"21.01.2019","39,05","39,00","39,20","38,60","432,49K","1,17%"
"18.01.2019","38,60","38,10","39,00","37,70","1,09M","1,71%"
"17.01.2019","37,95","37,95","38,00","37,45","505,29K","0,00%"
"16.01.2019","37,95","37,80","38,20","37,25","1,58M","0,53%"
"15.01.2019","37,75","37,70","38,00","36,70","785,94K","1,75%"
"14.01.2019","37,10","36,25","38,10","35,70","543,94K","1,64%"
"11.01.2019","36,50","36,90","37,00","35,60","634,76K","-0,68%"
"10.01.2019","36,75","36,70","36,85","36,30","987,63K","-0,54%"
"09.01.2019","36,95","36,90","37,20","36,20","1,05M","0,96%"
"08.01.2019","36,60","37,20","37,40","36,00","614,04K","-1,74%"
"07.01.2019","37,25","36,90","37,30","36,20","530,58K","2,42%"
"04.01.2019","36,37","36,40","37,40","35,90","1,07M","-0,25%"
"03.01.2019","36,46","37,03","37,25","35,70","677,80K","-1,54%"
"02.01.2019","37,03","37,00","37,40","36,00","1,55M","-2,14%"